ISO-10303-21;
HEADER;
/* Generated by software containing ST-Developer
 * from STEP Tools, Inc. (www.steptools.com) 
 */
/* OPTION: using custom schema-name function */

FILE_DESCRIPTION(
/* description */ (''),
/* implementation_level */ '2;1');

FILE_NAME(
/* name */ 'DG301-5.0-02P-1Y-00A(H).stp',
/* time_stamp */ '2020-05-26T11:47:28+08:00',
/* author */ (''),
/* organization */ (''),
/* preprocessor_version */ 'ST-DEVELOPER v15',
/* originating_system */ 'SIEMENS PLM Software NX 8.5',
/* authorisation */ '');

FILE_SCHEMA (('AP203_CONFIGURATION_CONTROLLED_3D_DESIGN_OF_MECHANICAL_PARTS_AND_ASSEMBLIES_MIM_LF { 1 0 10303 403 2 1 2}'));
ENDSEC;

DATA;
#10=PROPERTY_DEFINITION_REPRESENTATION(#14,#12);
#11=PROPERTY_DEFINITION_REPRESENTATION(#15,#13);
#12=REPRESENTATION('',(#16),#13475);
#13=REPRESENTATION('',(#17),#13475);
#14=PROPERTY_DEFINITION('pmi validation property','',#89);
#15=PROPERTY_DEFINITION('pmi validation property','',#89);
#16=VALUE_REPRESENTATION_ITEM('number of annotations',COUNT_MEASURE(0.));
#17=VALUE_REPRESENTATION_ITEM('number of views',COUNT_MEASURE(0.));
#18=SHAPE_REPRESENTATION_RELATIONSHIP('None',
'relationship between FOB0BCC4F41wx7y-None and FOB0BCC4F41wx7y-None',#100,
#19);
#19=ADVANCED_BREP_SHAPE_REPRESENTATION('FOB0BCC4F41wx7y-None',(#110),#13475);
#20=CC_DESIGN_APPROVAL(#32,(#90));
#21=CC_DESIGN_APPROVAL(#33,(#92));
#22=CC_DESIGN_APPROVAL(#34,(#39));
#23=APPROVAL_PERSON_ORGANIZATION(#77,#32,#26);
#24=APPROVAL_PERSON_ORGANIZATION(#78,#33,#27);
#25=APPROVAL_PERSON_ORGANIZATION(#79,#34,#28);
#26=APPROVAL_ROLE('approver');
#27=APPROVAL_ROLE('approver');
#28=APPROVAL_ROLE('approver');
#29=APPROVAL_DATE_TIME(#47,#32);
#30=APPROVAL_DATE_TIME(#48,#33);
#31=APPROVAL_DATE_TIME(#49,#34);
#32=APPROVAL(#35,' ');
#33=APPROVAL(#36,' ');
#34=APPROVAL(#37,' ');
#35=APPROVAL_STATUS('not_yet_approved');
#36=APPROVAL_STATUS('not_yet_approved');
#37=APPROVAL_STATUS('not_yet_approved');
#38=CC_DESIGN_SECURITY_CLASSIFICATION(#39,(#92));
#39=SECURITY_CLASSIFICATION(' ',' ',#40);
#40=SECURITY_CLASSIFICATION_LEVEL('confidential');
#41=CC_DESIGN_DATE_AND_TIME_ASSIGNMENT(#45,#43,(#90));
#42=CC_DESIGN_DATE_AND_TIME_ASSIGNMENT(#46,#44,(#39));
#43=DATE_TIME_ROLE('creation_date');
#44=DATE_TIME_ROLE('classification_date');
#45=DATE_AND_TIME(#60,#50);
#46=DATE_AND_TIME(#61,#51);
#47=DATE_AND_TIME(#62,#52);
#48=DATE_AND_TIME(#63,#53);
#49=DATE_AND_TIME(#64,#54);
#50=LOCAL_TIME(0,0,0.,#55);
#51=LOCAL_TIME(0,0,0.,#56);
#52=LOCAL_TIME(0,0,0.,#57);
#53=LOCAL_TIME(0,0,0.,#58);
#54=LOCAL_TIME(0,0,0.,#59);
#55=COORDINATED_UNIVERSAL_TIME_OFFSET(0,0,.BEHIND.);
#56=COORDINATED_UNIVERSAL_TIME_OFFSET(0,0,.BEHIND.);
#57=COORDINATED_UNIVERSAL_TIME_OFFSET(0,0,.BEHIND.);
#58=COORDINATED_UNIVERSAL_TIME_OFFSET(0,0,.BEHIND.);
#59=COORDINATED_UNIVERSAL_TIME_OFFSET(0,0,.BEHIND.);
#60=CALENDAR_DATE(0,1,1);
#61=CALENDAR_DATE(0,1,1);
#62=CALENDAR_DATE(0,1,1);
#63=CALENDAR_DATE(0,1,1);
#64=CALENDAR_DATE(0,1,1);
#65=CC_DESIGN_PERSON_AND_ORGANIZATION_ASSIGNMENT(#73,#69,(#90,#92));
#66=CC_DESIGN_PERSON_AND_ORGANIZATION_ASSIGNMENT(#74,#70,(#94));
#67=CC_DESIGN_PERSON_AND_ORGANIZATION_ASSIGNMENT(#75,#71,(#92));
#68=CC_DESIGN_PERSON_AND_ORGANIZATION_ASSIGNMENT(#76,#72,(#39));
#69=PERSON_AND_ORGANIZATION_ROLE('creator');
#70=PERSON_AND_ORGANIZATION_ROLE('design_owner');
#71=PERSON_AND_ORGANIZATION_ROLE('design_supplier');
#72=PERSON_AND_ORGANIZATION_ROLE('classification_officer');
#73=PERSON_AND_ORGANIZATION(#87,#80);
#74=PERSON_AND_ORGANIZATION(#87,#81);
#75=PERSON_AND_ORGANIZATION(#87,#82);
#76=PERSON_AND_ORGANIZATION(#87,#83);
#77=PERSON_AND_ORGANIZATION(#87,#84);
#78=PERSON_AND_ORGANIZATION(#87,#85);
#79=PERSON_AND_ORGANIZATION(#87,#86);
#80=ORGANIZATION(' ',' ',' ');
#81=ORGANIZATION(' ',' ',' ');
#82=ORGANIZATION(' ',' ',' ');
#83=ORGANIZATION(' ',' ',' ');
#84=ORGANIZATION(' ',' ',' ');
#85=ORGANIZATION(' ',' ',' ');
#86=ORGANIZATION(' ',' ',' ');
#87=PERSON(' ',' ',' ',(' '),$,$);
#88=SHAPE_DEFINITION_REPRESENTATION(#89,#100);
#89=PRODUCT_DEFINITION_SHAPE('','',#90);
#90=PRODUCT_DEFINITION(' ','',#92,#91);
#91=DESIGN_CONTEXT('',#99,'design');
#92=PRODUCT_DEFINITION_FORMATION_WITH_SPECIFIED_SOURCE(' ',' ',#94,
 .NOT_KNOWN.);
#93=PRODUCT_RELATED_PRODUCT_CATEGORY('detail','',(#94));
#94=PRODUCT('FOB0BCC4F41wx7y','FOB0BCC4F41wx7y',' ',(#97));
#95=PRODUCT_CATEGORY('part',' ');
#96=PRODUCT_CATEGORY(' ','');
#97=MECHANICAL_CONTEXT(' ',#99,'mechanical');
#98=APPLICATION_PROTOCOL_DEFINITION('international standard',
'config_control_design',2010,#99);
#99=APPLICATION_CONTEXT(
'configuration controlled 3D designs of mechanical parts and assemblie
s');
#100=SHAPE_REPRESENTATION('FOB0BCC4F41wx7y-None',(#8308),#13475);
#101=PRESENTATION_LAYER_ASSIGNMENT('1','Layer 1',(#110));
#102=STYLED_ITEM('',(#103),#110);
#103=PRESENTATION_STYLE_ASSIGNMENT((#104));
#104=SURFACE_STYLE_USAGE(.BOTH.,#105);
#105=SURFACE_SIDE_STYLE('',(#106));
#106=SURFACE_STYLE_FILL_AREA(#107);
#107=FILL_AREA_STYLE('',(#108));
#108=FILL_AREA_STYLE_COLOUR('',#109);
#109=COLOUR_RGB('Medium Steel',0.596063172350652,0.666666666666667,0.686259250782025);
#110=MANIFOLD_SOLID_BREP('',#111);
#111=CLOSED_SHELL('',(#236,#237,#238,#239,#240,#241,#242,#243,#244,#245,
#246,#247,#248,#249,#250,#251,#252,#253,#254,#255,#256,#257,#258,#259,#260,
#261,#262,#263,#264,#265,#266,#267,#268,#269,#270,#271,#272,#273,#274,#275,
#276,#277,#278,#279,#280,#281,#282,#283,#284,#285,#286,#287,#288,#289,#290,
#291,#292,#293,#294,#295,#296,#297,#298,#299,#300,#301,#302,#303,#304,#305,
#306,#307,#308,#309,#310,#311,#312,#313,#314,#315,#316,#317,#318,#319,#320,
#321,#322,#323,#324,#325,#326,#327,#328,#329,#330,#331,#332,#333,#334,#335,
#336,#337,#338,#339,#340,#341,#342,#343,#344,#345,#346,#347,#348,#349,#350,
#351,#352,#353,#354,#355,#356,#357,#358,#359,#360,#361,#362,#363,#364,#365,
#366,#367,#368,#369,#370,#371,#372,#373,#374,#375,#376,#377,#378,#379,#380,
#381,#382,#383,#384,#385,#386,#387,#388,#389,#390,#391,#392,#393,#394,#395,
#396,#397,#398,#399,#400,#401,#402,#403,#404,#405,#406,#407,#408,#409,#410,
#411,#412,#413,#414,#415,#416,#417,#418,#419,#420,#421,#422,#423,#424,#425,
#426,#427,#428,#429,#430,#431,#432,#433,#434,#435,#436,#437,#438,#439,#440,
#441,#442,#443,#444,#445,#446,#447,#448,#449,#450,#451,#452,#453,#454,#455,
#456,#457,#458,#459,#460,#461,#462,#463,#464,#465,#466,#467,#468,#469,#470,
#471,#472,#473,#474,#475,#476,#477,#478,#479,#480,#481,#482,#483,#484,#485,
#486,#487,#488,#489,#490,#491,#492,#493,#494,#495,#496,#497,#498,#499,#500,
#501,#502,#503,#504,#505,#506,#507,#508,#509,#510,#511,#512,#513,#514,#515,
#516,#517,#518,#519,#520,#521,#522,#523,#524,#525,#526,#527,#528,#529,#530,
#531,#532,#533,#534,#535,#536,#537,#538,#539,#540,#541,#542,#543,#544,#545,
#546,#547,#548,#549,#550,#551,#552,#553,#554,#555,#556,#557,#558,#559,#560,
#561,#562,#563,#564,#565,#566,#567,#568,#569,#570,#571,#572,#573,#574,#575,
#576,#577,#578,#579,#580,#581,#582,#583,#584,#585,#586,#587,#588,#589,#590,
#591,#592,#593,#594,#595,#596,#597,#598,#599,#600,#601,#602,#603,#604,#605,
#606,#607,#608,#609,#610,#611,#612,#613,#614,#615,#616,#617,#618,#619,#620,
#621,#622,#623,#624,#625,#626,#627,#628,#629,#630,#631,#632,#633,#634,#635,
#636,#637,#638,#639,#640,#641,#642,#643,#644,#645,#646,#647,#648,#649,#650,
#651));
#112=CONICAL_SURFACE('',#8729,1.693899233681,6.277298489594);
#113=CONICAL_SURFACE('',#8740,1.693899233681,6.277298489594);
#114=CONICAL_SURFACE('',#8762,0.6,45.);
#115=CONICAL_SURFACE('',#8763,0.6,45.);
#116=CONICAL_SURFACE('',#8764,0.6,45.);
#117=CONICAL_SURFACE('',#8765,0.6,45.);
#118=CONICAL_SURFACE('',#8783,1.693899233681,6.277298489594);
#119=CONICAL_SURFACE('',#8794,1.693899233681,6.277298489594);
#120=CONICAL_SURFACE('',#8809,0.6,45.);
#121=CONICAL_SURFACE('',#8811,0.6,45.);
#122=CONICAL_SURFACE('',#8813,0.6,45.);
#123=CONICAL_SURFACE('',#8815,0.6,45.);
#124=TOROIDAL_SURFACE('',#8368,8.00499999996483,6.25999999996494);
#125=TOROIDAL_SURFACE('',#8452,8.00499999996483,6.25999999996494);
#126=TOROIDAL_SURFACE('',#8733,1.549990158132,0.2);
#127=TOROIDAL_SURFACE('',#8736,1.549990158132,0.2);
#128=TOROIDAL_SURFACE('',#8744,1.395863671586,0.2541504624661);
#129=TOROIDAL_SURFACE('',#8748,1.395863671586,0.2541504624661);
#130=TOROIDAL_SURFACE('',#8752,1.549990158132,0.2);
#131=TOROIDAL_SURFACE('',#8753,1.549990158132,0.2);
#132=TOROIDAL_SURFACE('',#8769,0.3,0.2);
#133=TOROIDAL_SURFACE('',#8771,0.3,0.2);
#134=TOROIDAL_SURFACE('',#8775,0.3,0.2);
#135=TOROIDAL_SURFACE('',#8778,0.3,0.2);
#136=TOROIDAL_SURFACE('',#8787,1.549990158132,0.2);
#137=TOROIDAL_SURFACE('',#8790,1.549990158132,0.2);
#138=TOROIDAL_SURFACE('',#8798,1.395863671586,0.2541504624661);
#139=TOROIDAL_SURFACE('',#8802,1.395863671586,0.2541504624661);
#140=TOROIDAL_SURFACE('',#8806,1.549990158132,0.2);
#141=TOROIDAL_SURFACE('',#8807,1.549990158132,0.2);
#142=TOROIDAL_SURFACE('',#8823,0.3,0.2);
#143=TOROIDAL_SURFACE('',#8825,0.3,0.2);
#144=TOROIDAL_SURFACE('',#8829,0.3,0.2);
#145=TOROIDAL_SURFACE('',#8832,0.3,0.2);
#146=CYLINDRICAL_SURFACE('',#8347,0.55);
#147=CYLINDRICAL_SURFACE('',#8351,0.55);
#148=CYLINDRICAL_SURFACE('',#8353,0.55);
#149=CYLINDRICAL_SURFACE('',#8362,0.1);
#150=CYLINDRICAL_SURFACE('',#8363,0.1);
#151=CYLINDRICAL_SURFACE('',#8366,1.765);
#152=CYLINDRICAL_SURFACE('',#8370,1.765);
#153=CYLINDRICAL_SURFACE('',#8435,1.765);
#154=CYLINDRICAL_SURFACE('',#8693,0.5499999999999);
#155=CYLINDRICAL_SURFACE('',#8695,0.1);
#156=CYLINDRICAL_SURFACE('',#8697,0.1);
#157=CYLINDRICAL_SURFACE('',#8704,1.765);
#158=CYLINDRICAL_SURFACE('',#8706,0.55);
#159=CYLINDRICAL_SURFACE('',#8708,0.55);
#160=CYLINDRICAL_SURFACE('',#8757,0.5);
#161=CYLINDRICAL_SURFACE('',#8761,0.5);
#162=CYLINDRICAL_SURFACE('',#8817,0.5);
#163=CYLINDRICAL_SURFACE('',#8819,0.5);
#164=B_SPLINE_CURVE_WITH_KNOTS('',3,(#11088,#11089,#11090,#11091),
 .UNSPECIFIED.,.F.,.F.,(4,4),(0.,1.),.UNSPECIFIED.);
#165=B_SPLINE_CURVE_WITH_KNOTS('',3,(#11100,#11101,#11102,#11103),
 .UNSPECIFIED.,.F.,.F.,(4,4),(0.,1.),.UNSPECIFIED.);
#166=B_SPLINE_CURVE_WITH_KNOTS('',3,(#11111,#11112,#11113,#11114),
 .UNSPECIFIED.,.F.,.F.,(4,4),(0.,1.),.UNSPECIFIED.);
#167=B_SPLINE_CURVE_WITH_KNOTS('',3,(#11122,#11123,#11124,#11125),
 .UNSPECIFIED.,.F.,.F.,(4,4),(0.,1.),.UNSPECIFIED.);
#168=B_SPLINE_CURVE_WITH_KNOTS('',3,(#11134,#11135,#11136,#11137,#11138,
#11139,#11140),.UNSPECIFIED.,.F.,.F.,(4,3,4),(0.,0.288499049428667,1.),
 .UNSPECIFIED.);
#169=B_SPLINE_CURVE_WITH_KNOTS('',3,(#11148,#11149,#11150,#11151,#11152,
#11153,#11154),.UNSPECIFIED.,.F.,.F.,(4,3,4),(0.,0.711500950841511,1.),
 .UNSPECIFIED.);
#170=B_SPLINE_CURVE_WITH_KNOTS('',3,(#11170,#11171,#11172,#11173),
 .UNSPECIFIED.,.F.,.F.,(4,4),(0.,1.),.UNSPECIFIED.);
#171=B_SPLINE_CURVE_WITH_KNOTS('',3,(#11177,#11178,#11179,#11180),
 .UNSPECIFIED.,.F.,.F.,(4,4),(0.,1.),.UNSPECIFIED.);
#172=B_SPLINE_CURVE_WITH_KNOTS('',3,(#12530,#12531,#12532,#12533),
 .UNSPECIFIED.,.F.,.F.,(4,4),(0.,1.),.UNSPECIFIED.);
#173=B_SPLINE_CURVE_WITH_KNOTS('',3,(#12540,#12541,#12542,#12543),
 .UNSPECIFIED.,.F.,.F.,(4,4),(0.,1.),.UNSPECIFIED.);
#174=B_SPLINE_CURVE_WITH_KNOTS('',3,(#12550,#12551,#12552,#12553),
 .UNSPECIFIED.,.F.,.F.,(4,4),(0.,1.),.UNSPECIFIED.);
#175=B_SPLINE_CURVE_WITH_KNOTS('',3,(#12566,#12567,#12568,#12569),
 .UNSPECIFIED.,.F.,.F.,(4,4),(0.,1.),.UNSPECIFIED.);
#176=B_SPLINE_CURVE_WITH_KNOTS('',3,(#13060,#13061,#13062,#13063),
 .UNSPECIFIED.,.F.,.F.,(4,4),(0.,1.),.UNSPECIFIED.);
#177=B_SPLINE_CURVE_WITH_KNOTS('',3,(#13067,#13068,#13069,#13070),
 .UNSPECIFIED.,.F.,.F.,(4,4),(0.,1.),.UNSPECIFIED.);
#178=B_SPLINE_CURVE_WITH_KNOTS('',3,(#13083,#13084,#13085,#13086,#13087,
#13088,#13089),.UNSPECIFIED.,.F.,.F.,(4,3,4),(0.,0.28849904943389,1.),
 .UNSPECIFIED.);
#179=B_SPLINE_CURVE_WITH_KNOTS('',3,(#13104,#13105,#13106,#13107,#13108,
#13109,#13110),.UNSPECIFIED.,.F.,.F.,(4,3,4),(0.,0.711500950835471,1.),
 .UNSPECIFIED.);
#180=B_SPLINE_CURVE_WITH_KNOTS('',3,(#13147,#13148,#13149,#13150,#13151,
#13152),.UNSPECIFIED.,.F.,.F.,(4,1,1,4),(0.,0.3333333333333,0.6666666666667,
1.),.UNSPECIFIED.);
#181=B_SPLINE_CURVE_WITH_KNOTS('',3,(#13156,#13157,#13158,#13159,#13160,
#13161),.UNSPECIFIED.,.F.,.F.,(4,1,1,4),(0.,0.3333333333333,0.6666666666667,
1.),.UNSPECIFIED.);
#182=B_SPLINE_CURVE_WITH_KNOTS('',3,(#13180,#13181,#13182,#13183,#13184,
#13185),.UNSPECIFIED.,.F.,.F.,(4,1,1,4),(0.,0.3333333333333,0.6666666666667,
1.),.UNSPECIFIED.);
#183=B_SPLINE_CURVE_WITH_KNOTS('',3,(#13189,#13190,#13191,#13192,#13193,
#13194),.UNSPECIFIED.,.F.,.F.,(4,1,1,4),(0.,0.3333333333333,0.6666666666667,
1.),.UNSPECIFIED.);
#184=B_SPLINE_CURVE_WITH_KNOTS('',3,(#13204,#13205,#13206,#13207,#13208,
#13209,#13210,#13211,#13212,#13213,#13214,#13215,#13216),.UNSPECIFIED.,
 .F.,.F.,(4,3,3,3,4),(0.,0.272131333155112,0.544698073187775,0.810392649840828,
1.),.UNSPECIFIED.);
#185=B_SPLINE_CURVE_WITH_KNOTS('',3,(#13217,#13218,#13219,#13220,#13221,
#13222,#13223,#13224,#13225,#13226,#13227,#13228,#13229),.UNSPECIFIED.,
 .F.,.F.,(4,3,3,3,4),(0.,0.252480427860252,0.504621036099381,0.761964408885836,
1.),.UNSPECIFIED.);
#186=B_SPLINE_CURVE_WITH_KNOTS('',3,(#13234,#13235,#13236,#13237,#13238,
#13239,#13240,#13241,#13242,#13243,#13244,#13245,#13246),.UNSPECIFIED.,
 .F.,.F.,(4,3,3,3,4),(0.,0.252480427860256,0.504621036099389,0.761964408885851,
1.),.UNSPECIFIED.);
#187=B_SPLINE_CURVE_WITH_KNOTS('',3,(#13250,#13251,#13252,#13253,#13254,
#13255,#13256,#13257,#13258,#13259,#13260,#13261,#13262),.UNSPECIFIED.,
 .F.,.F.,(4,3,3,3,4),(0.,0.272131333155282,0.544698073188117,0.810392649841335,
1.),.UNSPECIFIED.);
#188=B_SPLINE_CURVE_WITH_KNOTS('',3,(#13313,#13314,#13315,#13316,#13317,
#13318),.UNSPECIFIED.,.F.,.F.,(4,1,1,4),(0.,0.3333333333333,0.6666666666667,
1.),.UNSPECIFIED.);
#189=B_SPLINE_CURVE_WITH_KNOTS('',3,(#13322,#13323,#13324,#13325,#13326,
#13327),.UNSPECIFIED.,.F.,.F.,(4,1,1,4),(0.,0.3333333333333,0.6666666666667,
1.),.UNSPECIFIED.);
#190=B_SPLINE_CURVE_WITH_KNOTS('',3,(#13346,#13347,#13348,#13349,#13350,
#13351),.UNSPECIFIED.,.F.,.F.,(4,1,1,4),(0.,0.3333333333333,0.6666666666667,
1.),.UNSPECIFIED.);
#191=B_SPLINE_CURVE_WITH_KNOTS('',3,(#13355,#13356,#13357,#13358,#13359,
#13360),.UNSPECIFIED.,.F.,.F.,(4,1,1,4),(0.,0.3333333333333,0.6666666666667,
1.),.UNSPECIFIED.);
#192=B_SPLINE_CURVE_WITH_KNOTS('',3,(#13370,#13371,#13372,#13373,#13374,
#13375,#13376,#13377,#13378,#13379,#13380,#13381,#13382),.UNSPECIFIED.,
 .F.,.F.,(4,3,3,3,4),(0.,0.272131333155112,0.544698073187775,0.810392649840827,
1.),.UNSPECIFIED.);
#193=B_SPLINE_CURVE_WITH_KNOTS('',3,(#13383,#13384,#13385,#13386,#13387,
#13388,#13389,#13390,#13391,#13392,#13393,#13394,#13395),.UNSPECIFIED.,
 .F.,.F.,(4,3,3,3,4),(0.,0.252480427860254,0.504621036099386,0.761964408885846,
1.),.UNSPECIFIED.);
#194=B_SPLINE_CURVE_WITH_KNOTS('',3,(#13400,#13401,#13402,#13403,#13404,
#13405,#13406,#13407,#13408,#13409,#13410,#13411,#13412),.UNSPECIFIED.,
 .F.,.F.,(4,3,3,3,4),(0.,0.252480427860261,0.504621036099393,0.761964408885849,
1.),.UNSPECIFIED.);
#195=B_SPLINE_CURVE_WITH_KNOTS('',3,(#13416,#13417,#13418,#13419,#13420,
#13421,#13422,#13423,#13424,#13425,#13426,#13427,#13428),.UNSPECIFIED.,
 .F.,.F.,(4,3,3,3,4),(0.,0.272131333155286,0.544698073188123,0.810392649841341,
1.),.UNSPECIFIED.);
#196=ELLIPSE('',#8330,1.17395285515335,0.55);
#197=ELLIPSE('',#8331,1.17395285515335,0.55);
#198=ELLIPSE('',#8332,1.17395285515335,0.55);
#199=ELLIPSE('',#8333,1.17395285515335,0.55);
#200=FACE_BOUND('',#1424,.T.);
#201=FACE_BOUND('',#1425,.T.);
#202=FACE_BOUND('',#1426,.T.);
#203=FACE_BOUND('',#1427,.T.);
#204=FACE_BOUND('',#1428,.T.);
#205=FACE_BOUND('',#1429,.T.);
#206=FACE_BOUND('',#1453,.T.);
#207=FACE_BOUND('',#1454,.T.);
#208=FACE_BOUND('',#1455,.T.);
#209=FACE_BOUND('',#1456,.T.);
#210=FACE_BOUND('',#1457,.T.);
#211=FACE_BOUND('',#1458,.T.);
#212=FACE_BOUND('',#1461,.T.);
#213=FACE_BOUND('',#1462,.T.);
#214=FACE_BOUND('',#1463,.T.);
#215=FACE_BOUND('',#1464,.T.);
#216=FACE_BOUND('',#1465,.T.);
#217=FACE_BOUND('',#1466,.T.);
#218=FACE_BOUND('',#1467,.T.);
#219=FACE_BOUND('',#1468,.T.);
#220=FACE_BOUND('',#1526,.T.);
#221=FACE_BOUND('',#1527,.T.);
#222=FACE_BOUND('',#1528,.T.);
#223=FACE_BOUND('',#1529,.T.);
#224=FACE_BOUND('',#1530,.T.);
#225=FACE_BOUND('',#1531,.T.);
#226=FACE_BOUND('',#1532,.T.);
#227=FACE_BOUND('',#1533,.T.);
#228=FACE_BOUND('',#1544,.T.);
#229=FACE_BOUND('',#1545,.T.);
#230=FACE_BOUND('',#1794,.T.);
#231=FACE_BOUND('',#1795,.T.);
#232=FACE_BOUND('',#1801,.T.);
#233=FACE_BOUND('',#1802,.T.);
#234=FACE_BOUND('',#1803,.T.);
#235=FACE_BOUND('',#1804,.T.);
#236=ADVANCED_FACE('',(#1016),#652,.T.);
#237=ADVANCED_FACE('',(#1017),#653,.T.);
#238=ADVANCED_FACE('',(#1018),#654,.F.);
#239=ADVANCED_FACE('',(#1019),#655,.F.);
#240=ADVANCED_FACE('',(#1020),#656,.T.);
#241=ADVANCED_FACE('',(#1021),#657,.F.);
#242=ADVANCED_FACE('',(#200,#201,#202),#658,.F.);
#243=ADVANCED_FACE('',(#203,#204,#205),#659,.F.);
#244=ADVANCED_FACE('',(#1022),#660,.F.);
#245=ADVANCED_FACE('',(#1023),#661,.F.);
#246=ADVANCED_FACE('',(#1024),#662,.F.);
#247=ADVANCED_FACE('',(#1025),#663,.F.);
#248=ADVANCED_FACE('',(#1026),#664,.F.);
#249=ADVANCED_FACE('',(#1027),#665,.F.);
#250=ADVANCED_FACE('',(#1028),#666,.F.);
#251=ADVANCED_FACE('',(#1029),#667,.T.);
#252=ADVANCED_FACE('',(#1030),#668,.T.);
#253=ADVANCED_FACE('',(#1031),#669,.F.);
#254=ADVANCED_FACE('',(#1032),#670,.F.);
#255=ADVANCED_FACE('',(#1033),#146,.F.);
#256=ADVANCED_FACE('',(#1034),#671,.F.);
#257=ADVANCED_FACE('',(#1035),#672,.F.);
#258=ADVANCED_FACE('',(#1036),#147,.F.);
#259=ADVANCED_FACE('',(#1037),#148,.F.);
#260=ADVANCED_FACE('',(#1038),#673,.F.);
#261=ADVANCED_FACE('',(#1039),#674,.T.);
#262=ADVANCED_FACE('',(#1040),#675,.F.);
#263=ADVANCED_FACE('',(#1041),#676,.T.);
#264=ADVANCED_FACE('',(#1042),#149,.T.);
#265=ADVANCED_FACE('',(#1043),#150,.T.);
#266=ADVANCED_FACE('',(#1044),#677,.T.);
#267=ADVANCED_FACE('',(#206,#207),#151,.F.);
#268=ADVANCED_FACE('',(#208,#209),#124,.T.);
#269=ADVANCED_FACE('',(#210,#211),#152,.F.);
#270=ADVANCED_FACE('',(#1045),#678,.T.);
#271=ADVANCED_FACE('',(#1046),#679,.T.);
#272=ADVANCED_FACE('',(#212,#213,#214,#215,#216,#217,#218,#219),#680,.T.);
#273=ADVANCED_FACE('',(#1047),#681,.T.);
#274=ADVANCED_FACE('',(#1048),#682,.T.);
#275=ADVANCED_FACE('',(#1049),#683,.T.);
#276=ADVANCED_FACE('',(#1050),#684,.F.);
#277=ADVANCED_FACE('',(#1051),#685,.F.);
#278=ADVANCED_FACE('',(#1052),#686,.F.);
#279=ADVANCED_FACE('',(#1053),#687,.F.);
#280=ADVANCED_FACE('',(#1054),#688,.F.);
#281=ADVANCED_FACE('',(#1055),#689,.F.);
#282=ADVANCED_FACE('',(#1056),#690,.F.);
#283=ADVANCED_FACE('',(#1057),#691,.F.);
#284=ADVANCED_FACE('',(#1058),#692,.F.);
#285=ADVANCED_FACE('',(#1059),#693,.F.);
#286=ADVANCED_FACE('',(#1060),#694,.F.);
#287=ADVANCED_FACE('',(#1061),#695,.F.);
#288=ADVANCED_FACE('',(#1062),#696,.F.);
#289=ADVANCED_FACE('',(#1063),#697,.F.);
#290=ADVANCED_FACE('',(#1064),#698,.F.);
#291=ADVANCED_FACE('',(#1065),#699,.F.);
#292=ADVANCED_FACE('',(#1066),#700,.F.);
#293=ADVANCED_FACE('',(#1067),#701,.F.);
#294=ADVANCED_FACE('',(#1068),#702,.F.);
#295=ADVANCED_FACE('',(#1069),#703,.F.);
#296=ADVANCED_FACE('',(#1070),#704,.F.);
#297=ADVANCED_FACE('',(#1071),#705,.F.);
#298=ADVANCED_FACE('',(#1072),#706,.F.);
#299=ADVANCED_FACE('',(#1073),#707,.F.);
#300=ADVANCED_FACE('',(#1074),#708,.F.);
#301=ADVANCED_FACE('',(#1075),#709,.F.);
#302=ADVANCED_FACE('',(#1076),#710,.F.);
#303=ADVANCED_FACE('',(#1077),#711,.F.);
#304=ADVANCED_FACE('',(#1078),#712,.F.);
#305=ADVANCED_FACE('',(#1079),#713,.F.);
#306=ADVANCED_FACE('',(#1080),#714,.F.);
#307=ADVANCED_FACE('',(#1081),#715,.F.);
#308=ADVANCED_FACE('',(#1082),#716,.F.);
#309=ADVANCED_FACE('',(#1083),#717,.F.);
#310=ADVANCED_FACE('',(#1084),#718,.F.);
#311=ADVANCED_FACE('',(#1085),#719,.F.);
#312=ADVANCED_FACE('',(#1086),#720,.F.);
#313=ADVANCED_FACE('',(#1087),#721,.F.);
#314=ADVANCED_FACE('',(#1088),#722,.F.);
#315=ADVANCED_FACE('',(#1089),#723,.F.);
#316=ADVANCED_FACE('',(#1090),#724,.F.);
#317=ADVANCED_FACE('',(#1091),#725,.F.);
#318=ADVANCED_FACE('',(#1092),#726,.F.);
#319=ADVANCED_FACE('',(#1093),#727,.F.);
#320=ADVANCED_FACE('',(#1094),#728,.F.);
#321=ADVANCED_FACE('',(#1095),#729,.F.);
#322=ADVANCED_FACE('',(#1096),#730,.F.);
#323=ADVANCED_FACE('',(#1097),#731,.F.);
#324=ADVANCED_FACE('',(#1098),#732,.F.);
#325=ADVANCED_FACE('',(#1099),#733,.F.);
#326=ADVANCED_FACE('',(#1100),#734,.F.);
#327=ADVANCED_FACE('',(#1101),#735,.F.);
#328=ADVANCED_FACE('',(#1102),#736,.F.);
#329=ADVANCED_FACE('',(#1103),#737,.F.);
#330=ADVANCED_FACE('',(#220,#221),#153,.F.);
#331=ADVANCED_FACE('',(#222,#223),#738,.F.);
#332=ADVANCED_FACE('',(#224,#225),#739,.T.);
#333=ADVANCED_FACE('',(#226,#227),#740,.T.);
#334=ADVANCED_FACE('',(#1104),#741,.T.);
#335=ADVANCED_FACE('',(#1105),#742,.F.);
#336=ADVANCED_FACE('',(#1106),#743,.F.);
#337=ADVANCED_FACE('',(#1107),#744,.F.);
#338=ADVANCED_FACE('',(#1108),#745,.T.);
#339=ADVANCED_FACE('',(#1109),#746,.F.);
#340=ADVANCED_FACE('',(#1110),#747,.F.);
#341=ADVANCED_FACE('',(#1111),#748,.F.);
#342=ADVANCED_FACE('',(#1112),#749,.T.);
#343=ADVANCED_FACE('',(#1113),#750,.F.);
#344=ADVANCED_FACE('',(#228,#229),#125,.T.);
#345=ADVANCED_FACE('',(#1114),#751,.F.);
#346=ADVANCED_FACE('',(#1115),#752,.F.);
#347=ADVANCED_FACE('',(#1116),#753,.F.);
#348=ADVANCED_FACE('',(#1117),#754,.F.);
#349=ADVANCED_FACE('',(#1118),#755,.F.);
#350=ADVANCED_FACE('',(#1119),#756,.F.);
#351=ADVANCED_FACE('',(#1120),#757,.F.);
#352=ADVANCED_FACE('',(#1121),#758,.F.);
#353=ADVANCED_FACE('',(#1122),#759,.F.);
#354=ADVANCED_FACE('',(#1123),#760,.F.);
#355=ADVANCED_FACE('',(#1124),#761,.F.);
#356=ADVANCED_FACE('',(#1125),#762,.F.);
#357=ADVANCED_FACE('',(#1126),#763,.F.);
#358=ADVANCED_FACE('',(#1127),#764,.F.);
#359=ADVANCED_FACE('',(#1128),#765,.F.);
#360=ADVANCED_FACE('',(#1129),#766,.F.);
#361=ADVANCED_FACE('',(#1130),#767,.F.);
#362=ADVANCED_FACE('',(#1131),#768,.F.);
#363=ADVANCED_FACE('',(#1132),#769,.F.);
#364=ADVANCED_FACE('',(#1133),#770,.F.);
#365=ADVANCED_FACE('',(#1134),#771,.F.);
#366=ADVANCED_FACE('',(#1135),#772,.F.);
#367=ADVANCED_FACE('',(#1136),#773,.F.);
#368=ADVANCED_FACE('',(#1137),#774,.F.);
#369=ADVANCED_FACE('',(#1138),#775,.F.);
#370=ADVANCED_FACE('',(#1139),#776,.F.);
#371=ADVANCED_FACE('',(#1140),#777,.F.);
#372=ADVANCED_FACE('',(#1141),#778,.F.);
#373=ADVANCED_FACE('',(#1142),#779,.F.);
#374=ADVANCED_FACE('',(#1143),#780,.F.);
#375=ADVANCED_FACE('',(#1144),#781,.F.);
#376=ADVANCED_FACE('',(#1145),#782,.F.);
#377=ADVANCED_FACE('',(#1146),#783,.F.);
#378=ADVANCED_FACE('',(#1147),#784,.F.);
#379=ADVANCED_FACE('',(#1148),#785,.F.);
#380=ADVANCED_FACE('',(#1149),#786,.F.);
#381=ADVANCED_FACE('',(#1150),#787,.F.);
#382=ADVANCED_FACE('',(#1151),#788,.F.);
#383=ADVANCED_FACE('',(#1152),#789,.F.);
#384=ADVANCED_FACE('',(#1153),#790,.F.);
#385=ADVANCED_FACE('',(#1154),#791,.F.);
#386=ADVANCED_FACE('',(#1155),#792,.T.);
#387=ADVANCED_FACE('',(#1156),#793,.F.);
#388=ADVANCED_FACE('',(#1157),#794,.F.);
#389=ADVANCED_FACE('',(#1158),#795,.F.);
#390=ADVANCED_FACE('',(#1159),#796,.F.);
#391=ADVANCED_FACE('',(#1160),#797,.F.);
#392=ADVANCED_FACE('',(#1161),#798,.F.);
#393=ADVANCED_FACE('',(#1162),#799,.F.);
#394=ADVANCED_FACE('',(#1163),#800,.F.);
#395=ADVANCED_FACE('',(#1164),#801,.F.);
#396=ADVANCED_FACE('',(#1165),#802,.F.);
#397=ADVANCED_FACE('',(#1166),#803,.F.);
#398=ADVANCED_FACE('',(#1167),#804,.F.);
#399=ADVANCED_FACE('',(#1168),#805,.F.);
#400=ADVANCED_FACE('',(#1169),#806,.F.);
#401=ADVANCED_FACE('',(#1170),#807,.F.);
#402=ADVANCED_FACE('',(#1171),#808,.F.);
#403=ADVANCED_FACE('',(#1172),#809,.F.);
#404=ADVANCED_FACE('',(#1173),#810,.F.);
#405=ADVANCED_FACE('',(#1174),#811,.F.);
#406=ADVANCED_FACE('',(#1175),#812,.F.);
#407=ADVANCED_FACE('',(#1176),#813,.F.);
#408=ADVANCED_FACE('',(#1177),#814,.F.);
#409=ADVANCED_FACE('',(#1178),#815,.F.);
#410=ADVANCED_FACE('',(#1179),#816,.F.);
#411=ADVANCED_FACE('',(#1180),#817,.F.);
#412=ADVANCED_FACE('',(#1181),#818,.F.);
#413=ADVANCED_FACE('',(#1182),#819,.F.);
#414=ADVANCED_FACE('',(#1183),#820,.F.);
#415=ADVANCED_FACE('',(#1184),#821,.F.);
#416=ADVANCED_FACE('',(#1185),#822,.F.);
#417=ADVANCED_FACE('',(#1186),#823,.F.);
#418=ADVANCED_FACE('',(#1187),#824,.F.);
#419=ADVANCED_FACE('',(#1188),#825,.F.);
#420=ADVANCED_FACE('',(#1189),#826,.F.);
#421=ADVANCED_FACE('',(#1190),#827,.F.);
#422=ADVANCED_FACE('',(#1191),#828,.F.);
#423=ADVANCED_FACE('',(#1192),#829,.F.);
#424=ADVANCED_FACE('',(#1193),#830,.F.);
#425=ADVANCED_FACE('',(#1194),#831,.F.);
#426=ADVANCED_FACE('',(#1195),#832,.F.);
#427=ADVANCED_FACE('',(#1196),#833,.F.);
#428=ADVANCED_FACE('',(#1197),#834,.F.);
#429=ADVANCED_FACE('',(#1198),#835,.F.);
#430=ADVANCED_FACE('',(#1199),#836,.F.);
#431=ADVANCED_FACE('',(#1200),#837,.F.);
#432=ADVANCED_FACE('',(#1201),#838,.F.);
#433=ADVANCED_FACE('',(#1202),#839,.F.);
#434=ADVANCED_FACE('',(#1203),#840,.F.);
#435=ADVANCED_FACE('',(#1204),#841,.F.);
#436=ADVANCED_FACE('',(#1205),#842,.F.);
#437=ADVANCED_FACE('',(#1206),#843,.F.);
#438=ADVANCED_FACE('',(#1207),#844,.F.);
#439=ADVANCED_FACE('',(#1208),#845,.F.);
#440=ADVANCED_FACE('',(#1209),#846,.F.);
#441=ADVANCED_FACE('',(#1210),#847,.F.);
#442=ADVANCED_FACE('',(#1211),#848,.F.);
#443=ADVANCED_FACE('',(#1212),#849,.F.);
#444=ADVANCED_FACE('',(#1213),#850,.F.);
#445=ADVANCED_FACE('',(#1214),#851,.F.);
#446=ADVANCED_FACE('',(#1215),#852,.F.);
#447=ADVANCED_FACE('',(#1216),#853,.F.);
#448=ADVANCED_FACE('',(#1217),#854,.F.);
#449=ADVANCED_FACE('',(#1218),#855,.F.);
#450=ADVANCED_FACE('',(#1219),#856,.F.);
#451=ADVANCED_FACE('',(#1220),#857,.F.);
#452=ADVANCED_FACE('',(#1221),#858,.F.);
#453=ADVANCED_FACE('',(#1222),#859,.F.);
#454=ADVANCED_FACE('',(#1223),#860,.F.);
#455=ADVANCED_FACE('',(#1224),#861,.F.);
#456=ADVANCED_FACE('',(#1225),#862,.F.);
#457=ADVANCED_FACE('',(#1226),#863,.F.);
#458=ADVANCED_FACE('',(#1227),#864,.F.);
#459=ADVANCED_FACE('',(#1228),#865,.F.);
#460=ADVANCED_FACE('',(#1229),#866,.F.);
#461=ADVANCED_FACE('',(#1230),#867,.F.);
#462=ADVANCED_FACE('',(#1231),#868,.F.);
#463=ADVANCED_FACE('',(#1232),#869,.F.);
#464=ADVANCED_FACE('',(#1233),#870,.F.);
#465=ADVANCED_FACE('',(#1234),#871,.F.);
#466=ADVANCED_FACE('',(#1235),#872,.F.);
#467=ADVANCED_FACE('',(#1236),#873,.F.);
#468=ADVANCED_FACE('',(#1237),#874,.F.);
#469=ADVANCED_FACE('',(#1238),#875,.F.);
#470=ADVANCED_FACE('',(#1239),#876,.F.);
#471=ADVANCED_FACE('',(#1240),#877,.F.);
#472=ADVANCED_FACE('',(#1241),#878,.F.);
#473=ADVANCED_FACE('',(#1242),#879,.F.);
#474=ADVANCED_FACE('',(#1243),#880,.F.);
#475=ADVANCED_FACE('',(#1244),#881,.F.);
#476=ADVANCED_FACE('',(#1245),#882,.F.);
#477=ADVANCED_FACE('',(#1246),#883,.F.);
#478=ADVANCED_FACE('',(#1247),#884,.F.);
#479=ADVANCED_FACE('',(#1248),#885,.F.);
#480=ADVANCED_FACE('',(#1249),#886,.F.);
#481=ADVANCED_FACE('',(#1250),#887,.F.);
#482=ADVANCED_FACE('',(#1251),#888,.F.);
#483=ADVANCED_FACE('',(#1252),#889,.F.);
#484=ADVANCED_FACE('',(#1253),#890,.F.);
#485=ADVANCED_FACE('',(#1254),#891,.F.);
#486=ADVANCED_FACE('',(#1255),#892,.F.);
#487=ADVANCED_FACE('',(#1256),#893,.F.);
#488=ADVANCED_FACE('',(#1257),#894,.F.);
#489=ADVANCED_FACE('',(#1258),#895,.F.);
#490=ADVANCED_FACE('',(#1259),#896,.F.);
#491=ADVANCED_FACE('',(#1260),#897,.F.);
#492=ADVANCED_FACE('',(#1261),#898,.F.);
#493=ADVANCED_FACE('',(#1262),#899,.F.);
#494=ADVANCED_FACE('',(#1263),#900,.F.);
#495=ADVANCED_FACE('',(#1264),#901,.F.);
#496=ADVANCED_FACE('',(#1265),#902,.F.);
#497=ADVANCED_FACE('',(#1266),#903,.F.);
#498=ADVANCED_FACE('',(#1267),#904,.F.);
#499=ADVANCED_FACE('',(#1268),#905,.F.);
#500=ADVANCED_FACE('',(#1269),#906,.F.);
#501=ADVANCED_FACE('',(#1270),#907,.F.);
#502=ADVANCED_FACE('',(#1271),#908,.F.);
#503=ADVANCED_FACE('',(#1272),#909,.F.);
#504=ADVANCED_FACE('',(#1273),#910,.F.);
#505=ADVANCED_FACE('',(#1274),#911,.F.);
#506=ADVANCED_FACE('',(#1275),#912,.F.);
#507=ADVANCED_FACE('',(#1276),#913,.F.);
#508=ADVANCED_FACE('',(#1277),#914,.F.);
#509=ADVANCED_FACE('',(#1278),#915,.F.);
#510=ADVANCED_FACE('',(#1279),#916,.F.);
#511=ADVANCED_FACE('',(#1280),#917,.F.);
#512=ADVANCED_FACE('',(#1281),#918,.F.);
#513=ADVANCED_FACE('',(#1282),#919,.F.);
#514=ADVANCED_FACE('',(#1283),#920,.F.);
#515=ADVANCED_FACE('',(#1284),#921,.F.);
#516=ADVANCED_FACE('',(#1285),#922,.F.);
#517=ADVANCED_FACE('',(#1286),#923,.F.);
#518=ADVANCED_FACE('',(#1287),#924,.F.);
#519=ADVANCED_FACE('',(#1288),#925,.F.);
#520=ADVANCED_FACE('',(#1289),#926,.F.);
#521=ADVANCED_FACE('',(#1290),#927,.F.);
#522=ADVANCED_FACE('',(#1291),#928,.F.);
#523=ADVANCED_FACE('',(#1292),#929,.F.);
#524=ADVANCED_FACE('',(#1293),#930,.F.);
#525=ADVANCED_FACE('',(#1294),#931,.F.);
#526=ADVANCED_FACE('',(#1295),#932,.F.);
#527=ADVANCED_FACE('',(#1296),#933,.F.);
#528=ADVANCED_FACE('',(#1297),#934,.F.);
#529=ADVANCED_FACE('',(#1298),#935,.F.);
#530=ADVANCED_FACE('',(#1299),#936,.F.);
#531=ADVANCED_FACE('',(#1300),#937,.F.);
#532=ADVANCED_FACE('',(#1301),#938,.F.);
#533=ADVANCED_FACE('',(#1302),#939,.F.);
#534=ADVANCED_FACE('',(#1303),#940,.F.);
#535=ADVANCED_FACE('',(#1304),#941,.F.);
#536=ADVANCED_FACE('',(#1305),#942,.F.);
#537=ADVANCED_FACE('',(#1306),#943,.F.);
#538=ADVANCED_FACE('',(#1307),#944,.F.);
#539=ADVANCED_FACE('',(#1308),#945,.F.);
#540=ADVANCED_FACE('',(#1309),#946,.F.);
#541=ADVANCED_FACE('',(#1310),#947,.F.);
#542=ADVANCED_FACE('',(#1311),#948,.F.);
#543=ADVANCED_FACE('',(#1312),#949,.F.);
#544=ADVANCED_FACE('',(#1313),#950,.F.);
#545=ADVANCED_FACE('',(#1314),#951,.F.);
#546=ADVANCED_FACE('',(#1315),#952,.F.);
#547=ADVANCED_FACE('',(#1316),#953,.F.);
#548=ADVANCED_FACE('',(#1317),#954,.F.);
#549=ADVANCED_FACE('',(#1318),#955,.F.);
#550=ADVANCED_FACE('',(#1319),#956,.F.);
#551=ADVANCED_FACE('',(#1320),#957,.F.);
#552=ADVANCED_FACE('',(#1321),#958,.F.);
#553=ADVANCED_FACE('',(#1322),#959,.F.);
#554=ADVANCED_FACE('',(#1323),#960,.F.);
#555=ADVANCED_FACE('',(#1324),#961,.F.);
#556=ADVANCED_FACE('',(#1325),#962,.F.);
#557=ADVANCED_FACE('',(#1326),#963,.F.);
#558=ADVANCED_FACE('',(#1327),#964,.F.);
#559=ADVANCED_FACE('',(#1328),#965,.F.);
#560=ADVANCED_FACE('',(#1329),#966,.F.);
#561=ADVANCED_FACE('',(#1330),#967,.F.);
#562=ADVANCED_FACE('',(#1331),#968,.F.);
#563=ADVANCED_FACE('',(#1332),#969,.F.);
#564=ADVANCED_FACE('',(#1333),#970,.F.);
#565=ADVANCED_FACE('',(#1334),#971,.F.);
#566=ADVANCED_FACE('',(#1335),#972,.F.);
#567=ADVANCED_FACE('',(#1336),#973,.F.);
#568=ADVANCED_FACE('',(#1337),#974,.F.);
#569=ADVANCED_FACE('',(#1338),#975,.F.);
#570=ADVANCED_FACE('',(#1339),#976,.F.);
#571=ADVANCED_FACE('',(#1340),#977,.F.);
#572=ADVANCED_FACE('',(#1341),#978,.F.);
#573=ADVANCED_FACE('',(#1342),#979,.F.);
#574=ADVANCED_FACE('',(#1343),#980,.F.);
#575=ADVANCED_FACE('',(#1344),#981,.F.);
#576=ADVANCED_FACE('',(#1345),#982,.F.);
#577=ADVANCED_FACE('',(#1346),#983,.F.);
#578=ADVANCED_FACE('',(#1347),#984,.F.);
#579=ADVANCED_FACE('',(#1348),#985,.F.);
#580=ADVANCED_FACE('',(#1349),#986,.F.);
#581=ADVANCED_FACE('',(#1350),#987,.F.);
#582=ADVANCED_FACE('',(#1351),#154,.F.);
#583=ADVANCED_FACE('',(#1352),#988,.F.);
#584=ADVANCED_FACE('',(#1353),#155,.F.);
#585=ADVANCED_FACE('',(#1354),#989,.F.);
#586=ADVANCED_FACE('',(#1355),#156,.F.);
#587=ADVANCED_FACE('',(#1356),#990,.F.);
#588=ADVANCED_FACE('',(#1357),#991,.F.);
#589=ADVANCED_FACE('',(#1358),#992,.F.);
#590=ADVANCED_FACE('',(#1359),#993,.F.);
#591=ADVANCED_FACE('',(#1360),#994,.F.);
#592=ADVANCED_FACE('',(#1361),#995,.F.);
#593=ADVANCED_FACE('',(#230,#231),#157,.F.);
#594=ADVANCED_FACE('',(#1362),#158,.F.);
#595=ADVANCED_FACE('',(#1363),#159,.F.);
#596=ADVANCED_FACE('',(#1364),#996,.T.);
#597=ADVANCED_FACE('',(#1365),#997,.T.);
#598=ADVANCED_FACE('',(#1366),#998,.T.);
#599=ADVANCED_FACE('',(#232,#233),#999,.T.);
#600=ADVANCED_FACE('',(#234,#235),#1000,.T.);
#601=ADVANCED_FACE('',(#1367),#1001,.T.);
#602=ADVANCED_FACE('',(#1368),#1002,.T.);
#603=ADVANCED_FACE('',(#1369),#1003,.T.);
#604=ADVANCED_FACE('',(#1370),#112,.T.);
#605=ADVANCED_FACE('',(#1371),#126,.T.);
#606=ADVANCED_FACE('',(#1372),#127,.T.);
#607=ADVANCED_FACE('',(#1373),#113,.T.);
#608=ADVANCED_FACE('',(#1374),#1004,.T.);
#609=ADVANCED_FACE('',(#1375),#1005,.T.);
#610=ADVANCED_FACE('',(#1376),#128,.T.);
#611=ADVANCED_FACE('',(#1377),#1006,.T.);
#612=ADVANCED_FACE('',(#1378),#1007,.T.);
#613=ADVANCED_FACE('',(#1379),#129,.T.);
#614=ADVANCED_FACE('',(#1380),#1008,.T.);
#615=ADVANCED_FACE('',(#1381),#130,.T.);
#616=ADVANCED_FACE('',(#1382),#131,.T.);
#617=ADVANCED_FACE('',(#1383),#160,.T.);
#618=ADVANCED_FACE('',(#1384),#161,.T.);
#619=ADVANCED_FACE('',(#1385),#114,.T.);
#620=ADVANCED_FACE('',(#1386),#115,.T.);
#621=ADVANCED_FACE('',(#1387),#116,.T.);
#622=ADVANCED_FACE('',(#1388),#117,.T.);
#623=ADVANCED_FACE('',(#1389),#132,.T.);
#624=ADVANCED_FACE('',(#1390),#133,.T.);
#625=ADVANCED_FACE('',(#1391),#134,.T.);
#626=ADVANCED_FACE('',(#1392),#1009,.T.);
#627=ADVANCED_FACE('',(#1393),#135,.T.);
#628=ADVANCED_FACE('',(#1394),#118,.T.);
#629=ADVANCED_FACE('',(#1395),#136,.T.);
#630=ADVANCED_FACE('',(#1396),#137,.T.);
#631=ADVANCED_FACE('',(#1397),#119,.T.);
#632=ADVANCED_FACE('',(#1398),#1010,.T.);
#633=ADVANCED_FACE('',(#1399),#1011,.T.);
#634=ADVANCED_FACE('',(#1400),#138,.T.);
#635=ADVANCED_FACE('',(#1401),#1012,.T.);
#636=ADVANCED_FACE('',(#1402),#1013,.T.);
#637=ADVANCED_FACE('',(#1403),#139,.T.);
#638=ADVANCED_FACE('',(#1404),#1014,.T.);
#639=ADVANCED_FACE('',(#1405),#140,.T.);
#640=ADVANCED_FACE('',(#1406),#141,.T.);
#641=ADVANCED_FACE('',(#1407),#120,.T.);
#642=ADVANCED_FACE('',(#1408),#121,.T.);
#643=ADVANCED_FACE('',(#1409),#122,.T.);
#644=ADVANCED_FACE('',(#1410),#123,.T.);
#645=ADVANCED_FACE('',(#1411),#162,.T.);
#646=ADVANCED_FACE('',(#1412),#163,.T.);
#647=ADVANCED_FACE('',(#1413),#142,.T.);
#648=ADVANCED_FACE('',(#1414),#143,.T.);
#649=ADVANCED_FACE('',(#1415),#144,.T.);
#650=ADVANCED_FACE('',(#1416),#1015,.T.);
#651=ADVANCED_FACE('',(#1417),#145,.T.);
#652=PLANE('',#8311);
#653=PLANE('',#8314);
#654=PLANE('',#8315);
#655=PLANE('',#8316);
#656=PLANE('',#8325);
#657=PLANE('',#8326);
#658=PLANE('',#8329);
#659=PLANE('',#8334);
#660=PLANE('',#8335);
#661=PLANE('',#8336);
#662=PLANE('',#8337);
#663=PLANE('',#8338);
#664=PLANE('',#8339);
#665=PLANE('',#8340);
#666=PLANE('',#8341);
#667=PLANE('',#8342);
#668=PLANE('',#8343);
#669=PLANE('',#8344);
#670=PLANE('',#8345);
#671=PLANE('',#8348);
#672=PLANE('',#8349);
#673=PLANE('',#8354);
#674=PLANE('',#8355);
#675=PLANE('',#8360);
#676=PLANE('',#8361);
#677=PLANE('',#8364);
#678=PLANE('',#8372);
#679=PLANE('',#8374);
#680=PLANE('',#8375);
#681=PLANE('',#8376);
#682=PLANE('',#8377);
#683=PLANE('',#8378);
#684=PLANE('',#8379);
#685=PLANE('',#8380);
#686=PLANE('',#8381);
#687=PLANE('',#8382);
#688=PLANE('',#8383);
#689=PLANE('',#8384);
#690=PLANE('',#8385);
#691=PLANE('',#8386);
#692=PLANE('',#8387);
#693=PLANE('',#8388);
#694=PLANE('',#8389);
#695=PLANE('',#8390);
#696=PLANE('',#8391);
#697=PLANE('',#8392);
#698=PLANE('',#8393);
#699=PLANE('',#8394);
#700=PLANE('',#8395);
#701=PLANE('',#8396);
#702=PLANE('',#8397);
#703=PLANE('',#8398);
#704=PLANE('',#8399);
#705=PLANE('',#8400);
#706=PLANE('',#8401);
#707=PLANE('',#8402);
#708=PLANE('',#8403);
#709=PLANE('',#8404);
#710=PLANE('',#8405);
#711=PLANE('',#8406);
#712=PLANE('',#8407);
#713=PLANE('',#8408);
#714=PLANE('',#8409);
#715=PLANE('',#8410);
#716=PLANE('',#8411);
#717=PLANE('',#8412);
#718=PLANE('',#8413);
#719=PLANE('',#8414);
#720=PLANE('',#8415);
#721=PLANE('',#8416);
#722=PLANE('',#8417);
#723=PLANE('',#8418);
#724=PLANE('',#8419);
#725=PLANE('',#8420);
#726=PLANE('',#8421);
#727=PLANE('',#8422);
#728=PLANE('',#8423);
#729=PLANE('',#8424);
#730=PLANE('',#8425);
#731=PLANE('',#8426);
#732=PLANE('',#8427);
#733=PLANE('',#8428);
#734=PLANE('',#8429);
#735=PLANE('',#8430);
#736=PLANE('',#8431);
#737=PLANE('',#8432);
#738=PLANE('',#8436);
#739=PLANE('',#8437);
#740=PLANE('',#8438);
#741=PLANE('',#8439);
#742=PLANE('',#8440);
#743=PLANE('',#8441);
#744=PLANE('',#8442);
#745=PLANE('',#8444);
#746=PLANE('',#8445);
#747=PLANE('',#8446);
#748=PLANE('',#8447);
#749=PLANE('',#8449);
#750=PLANE('',#8450);
#751=PLANE('',#8453);
#752=PLANE('',#8454);
#753=PLANE('',#8455);
#754=PLANE('',#8456);
#755=PLANE('',#8457);
#756=PLANE('',#8458);
#757=PLANE('',#8459);
#758=PLANE('',#8460);
#759=PLANE('',#8461);
#760=PLANE('',#8462);
#761=PLANE('',#8463);
#762=PLANE('',#8464);
#763=PLANE('',#8465);
#764=PLANE('',#8466);
#765=PLANE('',#8467);
#766=PLANE('',#8468);
#767=PLANE('',#8469);
#768=PLANE('',#8470);
#769=PLANE('',#8471);
#770=PLANE('',#8472);
#771=PLANE('',#8473);
#772=PLANE('',#8474);
#773=PLANE('',#8475);
#774=PLANE('',#8476);
#775=PLANE('',#8477);
#776=PLANE('',#8478);
#777=PLANE('',#8479);
#778=PLANE('',#8480);
#779=PLANE('',#8481);
#780=PLANE('',#8482);
#781=PLANE('',#8483);
#782=PLANE('',#8484);
#783=PLANE('',#8485);
#784=PLANE('',#8486);
#785=PLANE('',#8487);
#786=PLANE('',#8488);
#787=PLANE('',#8489);
#788=PLANE('',#8490);
#789=PLANE('',#8491);
#790=PLANE('',#8492);
#791=PLANE('',#8493);
#792=PLANE('',#8496);
#793=PLANE('',#8497);
#794=PLANE('',#8498);
#795=PLANE('',#8499);
#796=PLANE('',#8500);
#797=PLANE('',#8501);
#798=PLANE('',#8502);
#799=PLANE('',#8503);
#800=PLANE('',#8504);
#801=PLANE('',#8505);
#802=PLANE('',#8506);
#803=PLANE('',#8507);
#804=PLANE('',#8508);
#805=PLANE('',#8509);
#806=PLANE('',#8510);
#807=PLANE('',#8511);
#808=PLANE('',#8512);
#809=PLANE('',#8513);
#810=PLANE('',#8514);
#811=PLANE('',#8515);
#812=PLANE('',#8516);
#813=PLANE('',#8517);
#814=PLANE('',#8518);
#815=PLANE('',#8519);
#816=PLANE('',#8520);
#817=PLANE('',#8521);
#818=PLANE('',#8522);
#819=PLANE('',#8523);
#820=PLANE('',#8524);
#821=PLANE('',#8525);
#822=PLANE('',#8526);
#823=PLANE('',#8527);
#824=PLANE('',#8528);
#825=PLANE('',#8529);
#826=PLANE('',#8530);
#827=PLANE('',#8531);
#828=PLANE('',#8532);
#829=PLANE('',#8533);
#830=PLANE('',#8534);
#831=PLANE('',#8535);
#832=PLANE('',#8536);
#833=PLANE('',#8537);
#834=PLANE('',#8538);
#835=PLANE('',#8539);
#836=PLANE('',#8540);
#837=PLANE('',#8541);
#838=PLANE('',#8542);
#839=PLANE('',#8543);
#840=PLANE('',#8544);
#841=PLANE('',#8545);
#842=PLANE('',#8546);
#843=PLANE('',#8547);
#844=PLANE('',#8548);
#845=PLANE('',#8549);
#846=PLANE('',#8550);
#847=PLANE('',#8551);
#848=PLANE('',#8552);
#849=PLANE('',#8553);
#850=PLANE('',#8554);
#851=PLANE('',#8555);
#852=PLANE('',#8556);
#853=PLANE('',#8557);
#854=PLANE('',#8558);
#855=PLANE('',#8559);
#856=PLANE('',#8560);
#857=PLANE('',#8561);
#858=PLANE('',#8562);
#859=PLANE('',#8563);
#860=PLANE('',#8564);
#861=PLANE('',#8565);
#862=PLANE('',#8566);
#863=PLANE('',#8567);
#864=PLANE('',#8568);
#865=PLANE('',#8569);
#866=PLANE('',#8570);
#867=PLANE('',#8571);
#868=PLANE('',#8572);
#869=PLANE('',#8573);
#870=PLANE('',#8574);
#871=PLANE('',#8575);
#872=PLANE('',#8576);
#873=PLANE('',#8577);
#874=PLANE('',#8578);
#875=PLANE('',#8579);
#876=PLANE('',#8580);
#877=PLANE('',#8581);
#878=PLANE('',#8582);
#879=PLANE('',#8583);
#880=PLANE('',#8584);
#881=PLANE('',#8585);
#882=PLANE('',#8586);
#883=PLANE('',#8587);
#884=PLANE('',#8588);
#885=PLANE('',#8589);
#886=PLANE('',#8590);
#887=PLANE('',#8591);
#888=PLANE('',#8592);
#889=PLANE('',#8593);
#890=PLANE('',#8594);
#891=PLANE('',#8595);
#892=PLANE('',#8596);
#893=PLANE('',#8597);
#894=PLANE('',#8598);
#895=PLANE('',#8599);
#896=PLANE('',#8600);
#897=PLANE('',#8601);
#898=PLANE('',#8602);
#899=PLANE('',#8603);
#900=PLANE('',#8604);
#901=PLANE('',#8605);
#902=PLANE('',#8606);
#903=PLANE('',#8607);
#904=PLANE('',#8608);
#905=PLANE('',#8609);
#906=PLANE('',#8610);
#907=PLANE('',#8611);
#908=PLANE('',#8612);
#909=PLANE('',#8613);
#910=PLANE('',#8614);
#911=PLANE('',#8615);
#912=PLANE('',#8616);
#913=PLANE('',#8617);
#914=PLANE('',#8618);
#915=PLANE('',#8619);
#916=PLANE('',#8620);
#917=PLANE('',#8621);
#918=PLANE('',#8622);
#919=PLANE('',#8623);
#920=PLANE('',#8624);
#921=PLANE('',#8625);
#922=PLANE('',#8626);
#923=PLANE('',#8627);
#924=PLANE('',#8628);
#925=PLANE('',#8629);
#926=PLANE('',#8630);
#927=PLANE('',#8631);
#928=PLANE('',#8632);
#929=PLANE('',#8633);
#930=PLANE('',#8634);
#931=PLANE('',#8635);
#932=PLANE('',#8636);
#933=PLANE('',#8637);
#934=PLANE('',#8638);
#935=PLANE('',#8639);
#936=PLANE('',#8640);
#937=PLANE('',#8641);
#938=PLANE('',#8642);
#939=PLANE('',#8643);
#940=PLANE('',#8644);
#941=PLANE('',#8645);
#942=PLANE('',#8646);
#943=PLANE('',#8647);
#944=PLANE('',#8648);
#945=PLANE('',#8649);
#946=PLANE('',#8650);
#947=PLANE('',#8651);
#948=PLANE('',#8652);
#949=PLANE('',#8653);
#950=PLANE('',#8654);
#951=PLANE('',#8655);
#952=PLANE('',#8656);
#953=PLANE('',#8657);
#954=PLANE('',#8658);
#955=PLANE('',#8659);
#956=PLANE('',#8660);
#957=PLANE('',#8661);
#958=PLANE('',#8662);
#959=PLANE('',#8663);
#960=PLANE('',#8664);
#961=PLANE('',#8665);
#962=PLANE('',#8666);
#963=PLANE('',#8667);
#964=PLANE('',#8668);
#965=PLANE('',#8669);
#966=PLANE('',#8670);
#967=PLANE('',#8671);
#968=PLANE('',#8672);
#969=PLANE('',#8673);
#970=PLANE('',#8674);
#971=PLANE('',#8675);
#972=PLANE('',#8676);
#973=PLANE('',#8677);
#974=PLANE('',#8678);
#975=PLANE('',#8679);
#976=PLANE('',#8680);
#977=PLANE('',#8681);
#978=PLANE('',#8682);
#979=PLANE('',#8683);
#980=PLANE('',#8684);
#981=PLANE('',#8685);
#982=PLANE('',#8686);
#983=PLANE('',#8687);
#984=PLANE('',#8688);
#985=PLANE('',#8689);
#986=PLANE('',#8690);
#987=PLANE('',#8691);
#988=PLANE('',#8694);
#989=PLANE('',#8696);
#990=PLANE('',#8698);
#991=PLANE('',#8699);
#992=PLANE('',#8700);
#993=PLANE('',#8701);
#994=PLANE('',#8702);
#995=PLANE('',#8703);
#996=PLANE('',#8709);
#997=PLANE('',#8712);
#998=PLANE('',#8713);
#999=PLANE('',#8716);
#1000=PLANE('',#8719);
#1001=PLANE('',#8720);
#1002=PLANE('',#8723);
#1003=PLANE('',#8724);
#1004=PLANE('',#8741);
#1005=PLANE('',#8742);
#1006=PLANE('',#8745);
#1007=PLANE('',#8746);
#1008=PLANE('',#8749);
#1009=PLANE('',#8777);
#1010=PLANE('',#8795);
#1011=PLANE('',#8796);
#1012=PLANE('',#8799);
#1013=PLANE('',#8800);
#1014=PLANE('',#8803);
#1015=PLANE('',#8831);
#1016=FACE_OUTER_BOUND('',#1418,.T.);
#1017=FACE_OUTER_BOUND('',#1419,.T.);
#1018=FACE_OUTER_BOUND('',#1420,.T.);
#1019=FACE_OUTER_BOUND('',#1421,.T.);
#1020=FACE_OUTER_BOUND('',#1422,.T.);
#1021=FACE_OUTER_BOUND('',#1423,.T.);
#1022=FACE_OUTER_BOUND('',#1430,.T.);
#1023=FACE_OUTER_BOUND('',#1431,.T.);
#1024=FACE_OUTER_BOUND('',#1432,.T.);
#1025=FACE_OUTER_BOUND('',#1433,.T.);
#1026=FACE_OUTER_BOUND('',#1434,.T.);
#1027=FACE_OUTER_BOUND('',#1435,.T.);
#1028=FACE_OUTER_BOUND('',#1436,.T.);
#1029=FACE_OUTER_BOUND('',#1437,.T.);
#1030=FACE_OUTER_BOUND('',#1438,.T.);
#1031=FACE_OUTER_BOUND('',#1439,.T.);
#1032=FACE_OUTER_BOUND('',#1440,.T.);
#1033=FACE_OUTER_BOUND('',#1441,.T.);
#1034=FACE_OUTER_BOUND('',#1442,.T.);
#1035=FACE_OUTER_BOUND('',#1443,.T.);
#1036=FACE_OUTER_BOUND('',#1444,.T.);
#1037=FACE_OUTER_BOUND('',#1445,.T.);
#1038=FACE_OUTER_BOUND('',#1446,.T.);
#1039=FACE_OUTER_BOUND('',#1447,.T.);
#1040=FACE_OUTER_BOUND('',#1448,.T.);
#1041=FACE_OUTER_BOUND('',#1449,.T.);
#1042=FACE_OUTER_BOUND('',#1450,.T.);
#1043=FACE_OUTER_BOUND('',#1451,.T.);
#1044=FACE_OUTER_BOUND('',#1452,.T.);
#1045=FACE_OUTER_BOUND('',#1459,.T.);
#1046=FACE_OUTER_BOUND('',#1460,.T.);
#1047=FACE_OUTER_BOUND('',#1469,.T.);
#1048=FACE_OUTER_BOUND('',#1470,.T.);
#1049=FACE_OUTER_BOUND('',#1471,.T.);
#1050=FACE_OUTER_BOUND('',#1472,.T.);
#1051=FACE_OUTER_BOUND('',#1473,.T.);
#1052=FACE_OUTER_BOUND('',#1474,.T.);
#1053=FACE_OUTER_BOUND('',#1475,.T.);
#1054=FACE_OUTER_BOUND('',#1476,.T.);
#1055=FACE_OUTER_BOUND('',#1477,.T.);
#1056=FACE_OUTER_BOUND('',#1478,.T.);
#1057=FACE_OUTER_BOUND('',#1479,.T.);
#1058=FACE_OUTER_BOUND('',#1480,.T.);
#1059=FACE_OUTER_BOUND('',#1481,.T.);
#1060=FACE_OUTER_BOUND('',#1482,.T.);
#1061=FACE_OUTER_BOUND('',#1483,.T.);
#1062=FACE_OUTER_BOUND('',#1484,.T.);
#1063=FACE_OUTER_BOUND('',#1485,.T.);
#1064=FACE_OUTER_BOUND('',#1486,.T.);
#1065=FACE_OUTER_BOUND('',#1487,.T.);
#1066=FACE_OUTER_BOUND('',#1488,.T.);
#1067=FACE_OUTER_BOUND('',#1489,.T.);
#1068=FACE_OUTER_BOUND('',#1490,.T.);
#1069=FACE_OUTER_BOUND('',#1491,.T.);
#1070=FACE_OUTER_BOUND('',#1492,.T.);
#1071=FACE_OUTER_BOUND('',#1493,.T.);
#1072=FACE_OUTER_BOUND('',#1494,.T.);
#1073=FACE_OUTER_BOUND('',#1495,.T.);
#1074=FACE_OUTER_BOUND('',#1496,.T.);
#1075=FACE_OUTER_BOUND('',#1497,.T.);
#1076=FACE_OUTER_BOUND('',#1498,.T.);
#1077=FACE_OUTER_BOUND('',#1499,.T.);
#1078=FACE_OUTER_BOUND('',#1500,.T.);
#1079=FACE_OUTER_BOUND('',#1501,.T.);
#1080=FACE_OUTER_BOUND('',#1502,.T.);
#1081=FACE_OUTER_BOUND('',#1503,.T.);
#1082=FACE_OUTER_BOUND('',#1504,.T.);
#1083=FACE_OUTER_BOUND('',#1505,.T.);
#1084=FACE_OUTER_BOUND('',#1506,.T.);
#1085=FACE_OUTER_BOUND('',#1507,.T.);
#1086=FACE_OUTER_BOUND('',#1508,.T.);
#1087=FACE_OUTER_BOUND('',#1509,.T.);
#1088=FACE_OUTER_BOUND('',#1510,.T.);
#1089=FACE_OUTER_BOUND('',#1511,.T.);
#1090=FACE_OUTER_BOUND('',#1512,.T.);
#1091=FACE_OUTER_BOUND('',#1513,.T.);
#1092=FACE_OUTER_BOUND('',#1514,.T.);
#1093=FACE_OUTER_BOUND('',#1515,.T.);
#1094=FACE_OUTER_BOUND('',#1516,.T.);
#1095=FACE_OUTER_BOUND('',#1517,.T.);
#1096=FACE_OUTER_BOUND('',#1518,.T.);
#1097=FACE_OUTER_BOUND('',#1519,.T.);
#1098=FACE_OUTER_BOUND('',#1520,.T.);
#1099=FACE_OUTER_BOUND('',#1521,.T.);
#1100=FACE_OUTER_BOUND('',#1522,.T.);
#1101=FACE_OUTER_BOUND('',#1523,.T.);
#1102=FACE_OUTER_BOUND('',#1524,.T.);
#1103=FACE_OUTER_BOUND('',#1525,.T.);
#1104=FACE_OUTER_BOUND('',#1534,.T.);
#1105=FACE_OUTER_BOUND('',#1535,.T.);
#1106=FACE_OUTER_BOUND('',#1536,.T.);
#1107=FACE_OUTER_BOUND('',#1537,.T.);
#1108=FACE_OUTER_BOUND('',#1538,.T.);
#1109=FACE_OUTER_BOUND('',#1539,.T.);
#1110=FACE_OUTER_BOUND('',#1540,.T.);
#1111=FACE_OUTER_BOUND('',#1541,.T.);
#1112=FACE_OUTER_BOUND('',#1542,.T.);
#1113=FACE_OUTER_BOUND('',#1543,.T.);
#1114=FACE_OUTER_BOUND('',#1546,.T.);
#1115=FACE_OUTER_BOUND('',#1547,.T.);
#1116=FACE_OUTER_BOUND('',#1548,.T.);
#1117=FACE_OUTER_BOUND('',#1549,.T.);
#1118=FACE_OUTER_BOUND('',#1550,.T.);
#1119=FACE_OUTER_BOUND('',#1551,.T.);
#1120=FACE_OUTER_BOUND('',#1552,.T.);
#1121=FACE_OUTER_BOUND('',#1553,.T.);
#1122=FACE_OUTER_BOUND('',#1554,.T.);
#1123=FACE_OUTER_BOUND('',#1555,.T.);
#1124=FACE_OUTER_BOUND('',#1556,.T.);
#1125=FACE_OUTER_BOUND('',#1557,.T.);
#1126=FACE_OUTER_BOUND('',#1558,.T.);
#1127=FACE_OUTER_BOUND('',#1559,.T.);
#1128=FACE_OUTER_BOUND('',#1560,.T.);
#1129=FACE_OUTER_BOUND('',#1561,.T.);
#1130=FACE_OUTER_BOUND('',#1562,.T.);
#1131=FACE_OUTER_BOUND('',#1563,.T.);
#1132=FACE_OUTER_BOUND('',#1564,.T.);
#1133=FACE_OUTER_BOUND('',#1565,.T.);
#1134=FACE_OUTER_BOUND('',#1566,.T.);
#1135=FACE_OUTER_BOUND('',#1567,.T.);
#1136=FACE_OUTER_BOUND('',#1568,.T.);
#1137=FACE_OUTER_BOUND('',#1569,.T.);
#1138=FACE_OUTER_BOUND('',#1570,.T.);
#1139=FACE_OUTER_BOUND('',#1571,.T.);
#1140=FACE_OUTER_BOUND('',#1572,.T.);
#1141=FACE_OUTER_BOUND('',#1573,.T.);
#1142=FACE_OUTER_BOUND('',#1574,.T.);
#1143=FACE_OUTER_BOUND('',#1575,.T.);
#1144=FACE_OUTER_BOUND('',#1576,.T.);
#1145=FACE_OUTER_BOUND('',#1577,.T.);
#1146=FACE_OUTER_BOUND('',#1578,.T.);
#1147=FACE_OUTER_BOUND('',#1579,.T.);
#1148=FACE_OUTER_BOUND('',#1580,.T.);
#1149=FACE_OUTER_BOUND('',#1581,.T.);
#1150=FACE_OUTER_BOUND('',#1582,.T.);
#1151=FACE_OUTER_BOUND('',#1583,.T.);
#1152=FACE_OUTER_BOUND('',#1584,.T.);
#1153=FACE_OUTER_BOUND('',#1585,.T.);
#1154=FACE_OUTER_BOUND('',#1586,.T.);
#1155=FACE_OUTER_BOUND('',#1587,.T.);
#1156=FACE_OUTER_BOUND('',#1588,.T.);
#1157=FACE_OUTER_BOUND('',#1589,.T.);
#1158=FACE_OUTER_BOUND('',#1590,.T.);
#1159=FACE_OUTER_BOUND('',#1591,.T.);
#1160=FACE_OUTER_BOUND('',#1592,.T.);
#1161=FACE_OUTER_BOUND('',#1593,.T.);
#1162=FACE_OUTER_BOUND('',#1594,.T.);
#1163=FACE_OUTER_BOUND('',#1595,.T.);
#1164=FACE_OUTER_BOUND('',#1596,.T.);
#1165=FACE_OUTER_BOUND('',#1597,.T.);
#1166=FACE_OUTER_BOUND('',#1598,.T.);
#1167=FACE_OUTER_BOUND('',#1599,.T.);
#1168=FACE_OUTER_BOUND('',#1600,.T.);
#1169=FACE_OUTER_BOUND('',#1601,.T.);
#1170=FACE_OUTER_BOUND('',#1602,.T.);
#1171=FACE_OUTER_BOUND('',#1603,.T.);
#1172=FACE_OUTER_BOUND('',#1604,.T.);
#1173=FACE_OUTER_BOUND('',#1605,.T.);
#1174=FACE_OUTER_BOUND('',#1606,.T.);
#1175=FACE_OUTER_BOUND('',#1607,.T.);
#1176=FACE_OUTER_BOUND('',#1608,.T.);
#1177=FACE_OUTER_BOUND('',#1609,.T.);
#1178=FACE_OUTER_BOUND('',#1610,.T.);
#1179=FACE_OUTER_BOUND('',#1611,.T.);
#1180=FACE_OUTER_BOUND('',#1612,.T.);
#1181=FACE_OUTER_BOUND('',#1613,.T.);
#1182=FACE_OUTER_BOUND('',#1614,.T.);
#1183=FACE_OUTER_BOUND('',#1615,.T.);
#1184=FACE_OUTER_BOUND('',#1616,.T.);
#1185=FACE_OUTER_BOUND('',#1617,.T.);
#1186=FACE_OUTER_BOUND('',#1618,.T.);
#1187=FACE_OUTER_BOUND('',#1619,.T.);
#1188=FACE_OUTER_BOUND('',#1620,.T.);
#1189=FACE_OUTER_BOUND('',#1621,.T.);
#1190=FACE_OUTER_BOUND('',#1622,.T.);
#1191=FACE_OUTER_BOUND('',#1623,.T.);
#1192=FACE_OUTER_BOUND('',#1624,.T.);
#1193=FACE_OUTER_BOUND('',#1625,.T.);
#1194=FACE_OUTER_BOUND('',#1626,.T.);
#1195=FACE_OUTER_BOUND('',#1627,.T.);
#1196=FACE_OUTER_BOUND('',#1628,.T.);
#1197=FACE_OUTER_BOUND('',#1629,.T.);
#1198=FACE_OUTER_BOUND('',#1630,.T.);
#1199=FACE_OUTER_BOUND('',#1631,.T.);
#1200=FACE_OUTER_BOUND('',#1632,.T.);
#1201=FACE_OUTER_BOUND('',#1633,.T.);
#1202=FACE_OUTER_BOUND('',#1634,.T.);
#1203=FACE_OUTER_BOUND('',#1635,.T.);
#1204=FACE_OUTER_BOUND('',#1636,.T.);
#1205=FACE_OUTER_BOUND('',#1637,.T.);
#1206=FACE_OUTER_BOUND('',#1638,.T.);
#1207=FACE_OUTER_BOUND('',#1639,.T.);
#1208=FACE_OUTER_BOUND('',#1640,.T.);
#1209=FACE_OUTER_BOUND('',#1641,.T.);
#1210=FACE_OUTER_BOUND('',#1642,.T.);
#1211=FACE_OUTER_BOUND('',#1643,.T.);
#1212=FACE_OUTER_BOUND('',#1644,.T.);
#1213=FACE_OUTER_BOUND('',#1645,.T.);
#1214=FACE_OUTER_BOUND('',#1646,.T.);
#1215=FACE_OUTER_BOUND('',#1647,.T.);
#1216=FACE_OUTER_BOUND('',#1648,.T.);
#1217=FACE_OUTER_BOUND('',#1649,.T.);
#1218=FACE_OUTER_BOUND('',#1650,.T.);
#1219=FACE_OUTER_BOUND('',#1651,.T.);
#1220=FACE_OUTER_BOUND('',#1652,.T.);
#1221=FACE_OUTER_BOUND('',#1653,.T.);
#1222=FACE_OUTER_BOUND('',#1654,.T.);
#1223=FACE_OUTER_BOUND('',#1655,.T.);
#1224=FACE_OUTER_BOUND('',#1656,.T.);
#1225=FACE_OUTER_BOUND('',#1657,.T.);
#1226=FACE_OUTER_BOUND('',#1658,.T.);
#1227=FACE_OUTER_BOUND('',#1659,.T.);
#1228=FACE_OUTER_BOUND('',#1660,.T.);
#1229=FACE_OUTER_BOUND('',#1661,.T.);
#1230=FACE_OUTER_BOUND('',#1662,.T.);
#1231=FACE_OUTER_BOUND('',#1663,.T.);
#1232=FACE_OUTER_BOUND('',#1664,.T.);
#1233=FACE_OUTER_BOUND('',#1665,.T.);
#1234=FACE_OUTER_BOUND('',#1666,.T.);
#1235=FACE_OUTER_BOUND('',#1667,.T.);
#1236=FACE_OUTER_BOUND('',#1668,.T.);
#1237=FACE_OUTER_BOUND('',#1669,.T.);
#1238=FACE_OUTER_BOUND('',#1670,.T.);
#1239=FACE_OUTER_BOUND('',#1671,.T.);
#1240=FACE_OUTER_BOUND('',#1672,.T.);
#1241=FACE_OUTER_BOUND('',#1673,.T.);
#1242=FACE_OUTER_BOUND('',#1674,.T.);
#1243=FACE_OUTER_BOUND('',#1675,.T.);
#1244=FACE_OUTER_BOUND('',#1676,.T.);
#1245=FACE_OUTER_BOUND('',#1677,.T.);
#1246=FACE_OUTER_BOUND('',#1678,.T.);
#1247=FACE_OUTER_BOUND('',#1679,.T.);
#1248=FACE_OUTER_BOUND('',#1680,.T.);
#1249=FACE_OUTER_BOUND('',#1681,.T.);
#1250=FACE_OUTER_BOUND('',#1682,.T.);
#1251=FACE_OUTER_BOUND('',#1683,.T.);
#1252=FACE_OUTER_BOUND('',#1684,.T.);
#1253=FACE_OUTER_BOUND('',#1685,.T.);
#1254=FACE_OUTER_BOUND('',#1686,.T.);
#1255=FACE_OUTER_BOUND('',#1687,.T.);
#1256=FACE_OUTER_BOUND('',#1688,.T.);
#1257=FACE_OUTER_BOUND('',#1689,.T.);
#1258=FACE_OUTER_BOUND('',#1690,.T.);
#1259=FACE_OUTER_BOUND('',#1691,.T.);
#1260=FACE_OUTER_BOUND('',#1692,.T.);
#1261=FACE_OUTER_BOUND('',#1693,.T.);
#1262=FACE_OUTER_BOUND('',#1694,.T.);
#1263=FACE_OUTER_BOUND('',#1695,.T.);
#1264=FACE_OUTER_BOUND('',#1696,.T.);
#1265=FACE_OUTER_BOUND('',#1697,.T.);
#1266=FACE_OUTER_BOUND('',#1698,.T.);
#1267=FACE_OUTER_BOUND('',#1699,.T.);
#1268=FACE_OUTER_BOUND('',#1700,.T.);
#1269=FACE_OUTER_BOUND('',#1701,.T.);
#1270=FACE_OUTER_BOUND('',#1702,.T.);
#1271=FACE_OUTER_BOUND('',#1703,.T.);
#1272=FACE_OUTER_BOUND('',#1704,.T.);
#1273=FACE_OUTER_BOUND('',#1705,.T.);
#1274=FACE_OUTER_BOUND('',#1706,.T.);
#1275=FACE_OUTER_BOUND('',#1707,.T.);
#1276=FACE_OUTER_BOUND('',#1708,.T.);
#1277=FACE_OUTER_BOUND('',#1709,.T.);
#1278=FACE_OUTER_BOUND('',#1710,.T.);
#1279=FACE_OUTER_BOUND('',#1711,.T.);
#1280=FACE_OUTER_BOUND('',#1712,.T.);
#1281=FACE_OUTER_BOUND('',#1713,.T.);
#1282=FACE_OUTER_BOUND('',#1714,.T.);
#1283=FACE_OUTER_BOUND('',#1715,.T.);
#1284=FACE_OUTER_BOUND('',#1716,.T.);
#1285=FACE_OUTER_BOUND('',#1717,.T.);
#1286=FACE_OUTER_BOUND('',#1718,.T.);
#1287=FACE_OUTER_BOUND('',#1719,.T.);
#1288=FACE_OUTER_BOUND('',#1720,.T.);
#1289=FACE_OUTER_BOUND('',#1721,.T.);
#1290=FACE_OUTER_BOUND('',#1722,.T.);
#1291=FACE_OUTER_BOUND('',#1723,.T.);
#1292=FACE_OUTER_BOUND('',#1724,.T.);
#1293=FACE_OUTER_BOUND('',#1725,.T.);
#1294=FACE_OUTER_BOUND('',#1726,.T.);
#1295=FACE_OUTER_BOUND('',#1727,.T.);
#1296=FACE_OUTER_BOUND('',#1728,.T.);
#1297=FACE_OUTER_BOUND('',#1729,.T.);
#1298=FACE_OUTER_BOUND('',#1730,.T.);
#1299=FACE_OUTER_BOUND('',#1731,.T.);
#1300=FACE_OUTER_BOUND('',#1732,.T.);
#1301=FACE_OUTER_BOUND('',#1733,.T.);
#1302=FACE_OUTER_BOUND('',#1734,.T.);
#1303=FACE_OUTER_BOUND('',#1735,.T.);
#1304=FACE_OUTER_BOUND('',#1736,.T.);
#1305=FACE_OUTER_BOUND('',#1737,.T.);
#1306=FACE_OUTER_BOUND('',#1738,.T.);
#1307=FACE_OUTER_BOUND('',#1739,.T.);
#1308=FACE_OUTER_BOUND('',#1740,.T.);
#1309=FACE_OUTER_BOUND('',#1741,.T.);
#1310=FACE_OUTER_BOUND('',#1742,.T.);
#1311=FACE_OUTER_BOUND('',#1743,.T.);
#1312=FACE_OUTER_BOUND('',#1744,.T.);
#1313=FACE_OUTER_BOUND('',#1745,.T.);
#1314=FACE_OUTER_BOUND('',#1746,.T.);
#1315=FACE_OUTER_BOUND('',#1747,.T.);
#1316=FACE_OUTER_BOUND('',#1748,.T.);
#1317=FACE_OUTER_BOUND('',#1749,.T.);
#1318=FACE_OUTER_BOUND('',#1750,.T.);
#1319=FACE_OUTER_BOUND('',#1751,.T.);
#1320=FACE_OUTER_BOUND('',#1752,.T.);
#1321=FACE_OUTER_BOUND('',#1753,.T.);
#1322=FACE_OUTER_BOUND('',#1754,.T.);
#1323=FACE_OUTER_BOUND('',#1755,.T.);
#1324=FACE_OUTER_BOUND('',#1756,.T.);
#1325=FACE_OUTER_BOUND('',#1757,.T.);
#1326=FACE_OUTER_BOUND('',#1758,.T.);
#1327=FACE_OUTER_BOUND('',#1759,.T.);
#1328=FACE_OUTER_BOUND('',#1760,.T.);
#1329=FACE_OUTER_BOUND('',#1761,.T.);
#1330=FACE_OUTER_BOUND('',#1762,.T.);
#1331=FACE_OUTER_BOUND('',#1763,.T.);
#1332=FACE_OUTER_BOUND('',#1764,.T.);
#1333=FACE_OUTER_BOUND('',#1765,.T.);
#1334=FACE_OUTER_BOUND('',#1766,.T.);
#1335=FACE_OUTER_BOUND('',#1767,.T.);
#1336=FACE_OUTER_BOUND('',#1768,.T.);
#1337=FACE_OUTER_BOUND('',#1769,.T.);
#1338=FACE_OUTER_BOUND('',#1770,.T.);
#1339=FACE_OUTER_BOUND('',#1771,.T.);
#1340=FACE_OUTER_BOUND('',#1772,.T.);
#1341=FACE_OUTER_BOUND('',#1773,.T.);
#1342=FACE_OUTER_BOUND('',#1774,.T.);
#1343=FACE_OUTER_BOUND('',#1775,.T.);
#1344=FACE_OUTER_BOUND('',#1776,.T.);
#1345=FACE_OUTER_BOUND('',#1777,.T.);
#1346=FACE_OUTER_BOUND('',#1778,.T.);
#1347=FACE_OUTER_BOUND('',#1779,.T.);
#1348=FACE_OUTER_BOUND('',#1780,.T.);
#1349=FACE_OUTER_BOUND('',#1781,.T.);
#1350=FACE_OUTER_BOUND('',#1782,.T.);
#1351=FACE_OUTER_BOUND('',#1783,.T.);
#1352=FACE_OUTER_BOUND('',#1784,.T.);
#1353=FACE_OUTER_BOUND('',#1785,.T.);
#1354=FACE_OUTER_BOUND('',#1786,.T.);
#1355=FACE_OUTER_BOUND('',#1787,.T.);
#1356=FACE_OUTER_BOUND('',#1788,.T.);
#1357=FACE_OUTER_BOUND('',#1789,.T.);
#1358=FACE_OUTER_BOUND('',#1790,.T.);
#1359=FACE_OUTER_BOUND('',#1791,.T.);
#1360=FACE_OUTER_BOUND('',#1792,.T.);
#1361=FACE_OUTER_BOUND('',#1793,.T.);
#1362=FACE_OUTER_BOUND('',#1796,.T.);
#1363=FACE_OUTER_BOUND('',#1797,.T.);
#1364=FACE_OUTER_BOUND('',#1798,.T.);
#1365=FACE_OUTER_BOUND('',#1799,.T.);
#1366=FACE_OUTER_BOUND('',#1800,.T.);
#1367=FACE_OUTER_BOUND('',#1805,.T.);
#1368=FACE_OUTER_BOUND('',#1806,.T.);
#1369=FACE_OUTER_BOUND('',#1807,.T.);
#1370=FACE_OUTER_BOUND('',#1808,.T.);
#1371=FACE_OUTER_BOUND('',#1809,.T.);
#1372=FACE_OUTER_BOUND('',#1810,.T.);
#1373=FACE_OUTER_BOUND('',#1811,.T.);
#1374=FACE_OUTER_BOUND('',#1812,.T.);
#1375=FACE_OUTER_BOUND('',#1813,.T.);
#1376=FACE_OUTER_BOUND('',#1814,.T.);
#1377=FACE_OUTER_BOUND('',#1815,.T.);
#1378=FACE_OUTER_BOUND('',#1816,.T.);
#1379=FACE_OUTER_BOUND('',#1817,.T.);
#1380=FACE_OUTER_BOUND('',#1818,.T.);
#1381=FACE_OUTER_BOUND('',#1819,.T.);
#1382=FACE_OUTER_BOUND('',#1820,.T.);
#1383=FACE_OUTER_BOUND('',#1821,.T.);
#1384=FACE_OUTER_BOUND('',#1822,.T.);
#1385=FACE_OUTER_BOUND('',#1823,.T.);
#1386=FACE_OUTER_BOUND('',#1824,.T.);
#1387=FACE_OUTER_BOUND('',#1825,.T.);
#1388=FACE_OUTER_BOUND('',#1826,.T.);
#1389=FACE_OUTER_BOUND('',#1827,.T.);
#1390=FACE_OUTER_BOUND('',#1828,.T.);
#1391=FACE_OUTER_BOUND('',#1829,.T.);
#1392=FACE_OUTER_BOUND('',#1830,.T.);
#1393=FACE_OUTER_BOUND('',#1831,.T.);
#1394=FACE_OUTER_BOUND('',#1832,.T.);
#1395=FACE_OUTER_BOUND('',#1833,.T.);
#1396=FACE_OUTER_BOUND('',#1834,.T.);
#1397=FACE_OUTER_BOUND('',#1835,.T.);
#1398=FACE_OUTER_BOUND('',#1836,.T.);
#1399=FACE_OUTER_BOUND('',#1837,.T.);
#1400=FACE_OUTER_BOUND('',#1838,.T.);
#1401=FACE_OUTER_BOUND('',#1839,.T.);
#1402=FACE_OUTER_BOUND('',#1840,.T.);
#1403=FACE_OUTER_BOUND('',#1841,.T.);
#1404=FACE_OUTER_BOUND('',#1842,.T.);
#1405=FACE_OUTER_BOUND('',#1843,.T.);
#1406=FACE_OUTER_BOUND('',#1844,.T.);
#1407=FACE_OUTER_BOUND('',#1845,.T.);
#1408=FACE_OUTER_BOUND('',#1846,.T.);
#1409=FACE_OUTER_BOUND('',#1847,.T.);
#1410=FACE_OUTER_BOUND('',#1848,.T.);
#1411=FACE_OUTER_BOUND('',#1849,.T.);
#1412=FACE_OUTER_BOUND('',#1850,.T.);
#1413=FACE_OUTER_BOUND('',#1851,.T.);
#1414=FACE_OUTER_BOUND('',#1852,.T.);
#1415=FACE_OUTER_BOUND('',#1853,.T.);
#1416=FACE_OUTER_BOUND('',#1854,.T.);
#1417=FACE_OUTER_BOUND('',#1855,.T.);
#1418=EDGE_LOOP('',(#3916,#3917,#3918,#3919,#3920,#3921,#3922));
#1419=EDGE_LOOP('',(#3923,#3924,#3925,#3926,#3927,#3928,#3929));
#1420=EDGE_LOOP('',(#3930,#3931,#3932,#3933));
#1421=EDGE_LOOP('',(#3934,#3935,#3936,#3937));
#1422=EDGE_LOOP('',(#3938,#3939,#3940,#3941,#3942,#3943,#3944,#3945,#3946,
#3947,#3948,#3949,#3950,#3951,#3952,#3953,#3954,#3955,#3956,#3957,#3958,
#3959,#3960,#3961,#3962,#3963,#3964,#3965));
#1423=EDGE_LOOP('',(#3966,#3967,#3968,#3969,#3970,#3971,#3972,#3973,#3974,
#3975,#3976,#3977,#3978,#3979,#3980,#3981,#3982,#3983,#3984,#3985));
#1424=EDGE_LOOP('',(#3986));
#1425=EDGE_LOOP('',(#3987,#3988,#3989,#3990));
#1426=EDGE_LOOP('',(#3991));
#1427=EDGE_LOOP('',(#3992,#3993,#3994));
#1428=EDGE_LOOP('',(#3995,#3996,#3997));
#1429=EDGE_LOOP('',(#3998,#3999,#4000,#4001));
#1430=EDGE_LOOP('',(#4002,#4003,#4004,#4005));
#1431=EDGE_LOOP('',(#4006,#4007,#4008,#4009));
#1432=EDGE_LOOP('',(#4010,#4011,#4012,#4013,#4014,#4015,#4016,#4017,#4018,
#4019));
#1433=EDGE_LOOP('',(#4020,#4021,#4022,#4023));
#1434=EDGE_LOOP('',(#4024,#4025,#4026,#4027,#4028));
#1435=EDGE_LOOP('',(#4029,#4030,#4031,#4032,#4033));
#1436=EDGE_LOOP('',(#4034,#4035,#4036,#4037));
#1437=EDGE_LOOP('',(#4038,#4039,#4040,#4041,#4042,#4043,#4044,#4045,#4046,
#4047,#4048));
#1438=EDGE_LOOP('',(#4049,#4050,#4051,#4052,#4053,#4054,#4055,#4056,#4057,
#4058));
#1439=EDGE_LOOP('',(#4059,#4060,#4061,#4062));
#1440=EDGE_LOOP('',(#4063,#4064,#4065,#4066));
#1441=EDGE_LOOP('',(#4067,#4068,#4069,#4070,#4071,#4072));
#1442=EDGE_LOOP('',(#4073,#4074,#4075,#4076));
#1443=EDGE_LOOP('',(#4077,#4078,#4079,#4080));
#1444=EDGE_LOOP('',(#4081,#4082,#4083));
#1445=EDGE_LOOP('',(#4084,#4085,#4086));
#1446=EDGE_LOOP('',(#4087,#4088,#4089,#4090));
#1447=EDGE_LOOP('',(#4091,#4092,#4093,#4094));
#1448=EDGE_LOOP('',(#4095,#4096,#4097,#4098,#4099,#4100,#4101,#4102));
#1449=EDGE_LOOP('',(#4103,#4104,#4105,#4106));
#1450=EDGE_LOOP('',(#4107,#4108,#4109,#4110,#4111,#4112));
#1451=EDGE_LOOP('',(#4113,#4114,#4115,#4116,#4117,#4118));
#1452=EDGE_LOOP('',(#4119,#4120,#4121,#4122));
#1453=EDGE_LOOP('',(#4123));
#1454=EDGE_LOOP('',(#4124));
#1455=EDGE_LOOP('',(#4125));
#1456=EDGE_LOOP('',(#4126));
#1457=EDGE_LOOP('',(#4127));
#1458=EDGE_LOOP('',(#4128));
#1459=EDGE_LOOP('',(#4129,#4130,#4131,#4132));
#1460=EDGE_LOOP('',(#4133,#4134,#4135,#4136));
#1461=EDGE_LOOP('',(#4137,#4138,#4139,#4140,#4141,#4142,#4143,#4144,#4145,
#4146,#4147,#4148,#4149,#4150,#4151,#4152,#4153,#4154,#4155,#4156,#4157,
#4158,#4159,#4160,#4161,#4162,#4163,#4164,#4165,#4166,#4167,#4168,#4169,
#4170,#4171,#4172,#4173,#4174,#4175,#4176,#4177,#4178,#4179,#4180,#4181,
#4182,#4183,#4184,#4185,#4186,#4187,#4188,#4189,#4190,#4191,#4192,#4193,
#4194,#4195,#4196,#4197,#4198,#4199,#4200,#4201,#4202,#4203,#4204,#4205,
#4206,#4207,#4208,#4209,#4210,#4211,#4212,#4213,#4214,#4215,#4216));
#1462=EDGE_LOOP('',(#4217,#4218,#4219,#4220,#4221,#4222,#4223,#4224,#4225,
#4226,#4227,#4228,#4229,#4230,#4231,#4232,#4233,#4234,#4235,#4236,#4237,
#4238,#4239,#4240,#4241,#4242,#4243,#4244,#4245,#4246,#4247,#4248,#4249,
#4250,#4251,#4252,#4253,#4254,#4255,#4256,#4257,#4258,#4259,#4260,#4261,
#4262,#4263,#4264,#4265,#4266,#4267,#4268,#4269,#4270,#4271,#4272,#4273,
#4274,#4275,#4276));
#1463=EDGE_LOOP('',(#4277,#4278,#4279,#4280,#4281,#4282,#4283,#4284,#4285,
#4286));
#1464=EDGE_LOOP('',(#4287,#4288,#4289,#4290,#4291,#4292,#4293,#4294,#4295,
#4296,#4297,#4298));
#1465=EDGE_LOOP('',(#4299,#4300,#4301,#4302,#4303,#4304,#4305,#4306,#4307,
#4308,#4309,#4310,#4311,#4312,#4313,#4314,#4315,#4316,#4317,#4318,#4319,
#4320,#4321,#4322,#4323,#4324,#4325,#4326,#4327,#4328,#4329,#4330,#4331));
#1466=EDGE_LOOP('',(#4332,#4333,#4334,#4335,#4336,#4337,#4338,#4339,#4340,
#4341));
#1467=EDGE_LOOP('',(#4342,#4343,#4344,#4345,#4346));
#1468=EDGE_LOOP('',(#4347,#4348,#4349,#4350,#4351,#4352,#4353,#4354,#4355,
#4356,#4357,#4358,#4359,#4360,#4361,#4362,#4363,#4364,#4365,#4366,#4367,
#4368,#4369,#4370,#4371,#4372,#4373,#4374,#4375,#4376,#4377,#4378,#4379,
#4380,#4381,#4382));
#1469=EDGE_LOOP('',(#4383,#4384,#4385,#4386,#4387,#4388,#4389,#4390,#4391,
#4392,#4393,#4394,#4395,#4396,#4397,#4398,#4399,#4400,#4401,#4402,#4403,
#4404,#4405,#4406,#4407,#4408,#4409));
#1470=EDGE_LOOP('',(#4410,#4411,#4412));
#1471=EDGE_LOOP('',(#4413,#4414,#4415,#4416,#4417,#4418,#4419,#4420,#4421,
#4422,#4423,#4424,#4425,#4426,#4427,#4428,#4429,#4430,#4431,#4432,#4433,
#4434,#4435,#4436));
#1472=EDGE_LOOP('',(#4437,#4438,#4439,#4440));
#1473=EDGE_LOOP('',(#4441,#4442,#4443,#4444));
#1474=EDGE_LOOP('',(#4445,#4446,#4447,#4448));
#1475=EDGE_LOOP('',(#4449,#4450,#4451,#4452));
#1476=EDGE_LOOP('',(#4453,#4454,#4455,#4456));
#1477=EDGE_LOOP('',(#4457,#4458,#4459,#4460));
#1478=EDGE_LOOP('',(#4461,#4462,#4463,#4464));
#1479=EDGE_LOOP('',(#4465,#4466,#4467,#4468));
#1480=EDGE_LOOP('',(#4469,#4470,#4471,#4472));
#1481=EDGE_LOOP('',(#4473,#4474,#4475,#4476));
#1482=EDGE_LOOP('',(#4477,#4478,#4479,#4480));
#1483=EDGE_LOOP('',(#4481,#4482,#4483,#4484));
#1484=EDGE_LOOP('',(#4485,#4486,#4487,#4488));
#1485=EDGE_LOOP('',(#4489,#4490,#4491,#4492));
#1486=EDGE_LOOP('',(#4493,#4494,#4495,#4496));
#1487=EDGE_LOOP('',(#4497,#4498,#4499,#4500));
#1488=EDGE_LOOP('',(#4501,#4502,#4503,#4504));
#1489=EDGE_LOOP('',(#4505,#4506,#4507,#4508));
#1490=EDGE_LOOP('',(#4509,#4510,#4511,#4512));
#1491=EDGE_LOOP('',(#4513,#4514,#4515,#4516));
#1492=EDGE_LOOP('',(#4517,#4518,#4519,#4520));
#1493=EDGE_LOOP('',(#4521,#4522,#4523,#4524));
#1494=EDGE_LOOP('',(#4525,#4526,#4527,#4528));
#1495=EDGE_LOOP('',(#4529,#4530,#4531,#4532));
#1496=EDGE_LOOP('',(#4533,#4534,#4535,#4536));
#1497=EDGE_LOOP('',(#4537,#4538,#4539,#4540));
#1498=EDGE_LOOP('',(#4541,#4542,#4543,#4544));
#1499=EDGE_LOOP('',(#4545,#4546,#4547,#4548));
#1500=EDGE_LOOP('',(#4549,#4550,#4551,#4552));
#1501=EDGE_LOOP('',(#4553,#4554,#4555,#4556));
#1502=EDGE_LOOP('',(#4557,#4558,#4559,#4560));
#1503=EDGE_LOOP('',(#4561,#4562,#4563,#4564));
#1504=EDGE_LOOP('',(#4565,#4566,#4567,#4568));
#1505=EDGE_LOOP('',(#4569,#4570,#4571,#4572));
#1506=EDGE_LOOP('',(#4573,#4574,#4575,#4576));
#1507=EDGE_LOOP('',(#4577,#4578,#4579,#4580));
#1508=EDGE_LOOP('',(#4581,#4582,#4583,#4584));
#1509=EDGE_LOOP('',(#4585,#4586,#4587,#4588));
#1510=EDGE_LOOP('',(#4589,#4590,#4591,#4592));
#1511=EDGE_LOOP('',(#4593,#4594,#4595,#4596));
#1512=EDGE_LOOP('',(#4597,#4598,#4599,#4600));
#1513=EDGE_LOOP('',(#4601,#4602,#4603,#4604));
#1514=EDGE_LOOP('',(#4605,#4606,#4607,#4608));
#1515=EDGE_LOOP('',(#4609,#4610,#4611,#4612));
#1516=EDGE_LOOP('',(#4613,#4614,#4615,#4616));
#1517=EDGE_LOOP('',(#4617,#4618,#4619,#4620));
#1518=EDGE_LOOP('',(#4621,#4622,#4623,#4624));
#1519=EDGE_LOOP('',(#4625,#4626,#4627,#4628));
#1520=EDGE_LOOP('',(#4629,#4630,#4631,#4632));
#1521=EDGE_LOOP('',(#4633,#4634,#4635,#4636));
#1522=EDGE_LOOP('',(#4637,#4638,#4639,#4640));
#1523=EDGE_LOOP('',(#4641,#4642,#4643,#4644));
#1524=EDGE_LOOP('',(#4645,#4646,#4647,#4648));
#1525=EDGE_LOOP('',(#4649,#4650,#4651,#4652));
#1526=EDGE_LOOP('',(#4653));
#1527=EDGE_LOOP('',(#4654));
#1528=EDGE_LOOP('',(#4655,#4656,#4657,#4658,#4659,#4660,#4661,#4662,#4663,
#4664,#4665,#4666,#4667,#4668,#4669,#4670,#4671,#4672,#4673,#4674,#4675,
#4676,#4677,#4678,#4679,#4680,#4681,#4682,#4683,#4684,#4685,#4686,#4687,
#4688,#4689,#4690));
#1529=EDGE_LOOP('',(#4691,#4692,#4693,#4694,#4695,#4696,#4697,#4698,#4699,
#4700,#4701,#4702,#4703,#4704,#4705,#4706,#4707,#4708,#4709,#4710,#4711,
#4712,#4713,#4714,#4715,#4716,#4717));
#1530=EDGE_LOOP('',(#4718,#4719,#4720,#4721,#4722));
#1531=EDGE_LOOP('',(#4723,#4724,#4725));
#1532=EDGE_LOOP('',(#4726,#4727,#4728,#4729,#4730,#4731,#4732,#4733,#4734,
#4735,#4736,#4737,#4738,#4739,#4740,#4741,#4742,#4743,#4744,#4745,#4746,
#4747,#4748,#4749,#4750,#4751,#4752,#4753,#4754,#4755,#4756,#4757,#4758));
#1533=EDGE_LOOP('',(#4759,#4760,#4761,#4762,#4763,#4764,#4765,#4766,#4767,
#4768,#4769,#4770,#4771,#4772,#4773,#4774,#4775,#4776,#4777,#4778,#4779,
#4780,#4781,#4782));
#1534=EDGE_LOOP('',(#4783,#4784,#4785,#4786,#4787,#4788,#4789,#4790,#4791,
#4792,#4793,#4794));
#1535=EDGE_LOOP('',(#4795,#4796,#4797,#4798,#4799,#4800,#4801,#4802,#4803,
#4804));
#1536=EDGE_LOOP('',(#4805,#4806,#4807,#4808,#4809,#4810,#4811,#4812,#4813,
#4814,#4815,#4816,#4817,#4818,#4819,#4820,#4821,#4822,#4823,#4824,#4825,
#4826,#4827,#4828,#4829,#4830,#4831,#4832,#4833,#4834,#4835,#4836,#4837,
#4838,#4839,#4840,#4841,#4842,#4843,#4844,#4845,#4846,#4847,#4848,#4849,
#4850,#4851,#4852,#4853,#4854,#4855,#4856,#4857,#4858,#4859,#4860,#4861,
#4862,#4863,#4864));
#1537=EDGE_LOOP('',(#4865,#4866,#4867,#4868,#4869,#4870,#4871,#4872,#4873,
#4874,#4875,#4876,#4877,#4878,#4879,#4880,#4881,#4882,#4883,#4884,#4885,
#4886,#4887,#4888,#4889,#4890,#4891,#4892,#4893,#4894,#4895,#4896,#4897,
#4898,#4899,#4900,#4901,#4902,#4903,#4904,#4905,#4906,#4907,#4908,#4909,
#4910,#4911,#4912,#4913,#4914,#4915,#4916,#4917,#4918,#4919,#4920,#4921,
#4922,#4923,#4924,#4925,#4926,#4927,#4928,#4929,#4930,#4931,#4932,#4933,
#4934,#4935,#4936,#4937,#4938,#4939,#4940,#4941,#4942,#4943,#4944));
#1538=EDGE_LOOP('',(#4945,#4946,#4947,#4948));
#1539=EDGE_LOOP('',(#4949,#4950,#4951,#4952,#4953));
#1540=EDGE_LOOP('',(#4954,#4955,#4956,#4957));
#1541=EDGE_LOOP('',(#4958,#4959,#4960,#4961,#4962));
#1542=EDGE_LOOP('',(#4963,#4964,#4965,#4966));
#1543=EDGE_LOOP('',(#4967,#4968,#4969,#4970));
#1544=EDGE_LOOP('',(#4971));
#1545=EDGE_LOOP('',(#4972));
#1546=EDGE_LOOP('',(#4973,#4974,#4975,#4976));
#1547=EDGE_LOOP('',(#4977,#4978,#4979,#4980));
#1548=EDGE_LOOP('',(#4981,#4982,#4983,#4984));
#1549=EDGE_LOOP('',(#4985,#4986,#4987,#4988));
#1550=EDGE_LOOP('',(#4989,#4990,#4991,#4992));
#1551=EDGE_LOOP('',(#4993,#4994,#4995,#4996));
#1552=EDGE_LOOP('',(#4997,#4998,#4999,#5000));
#1553=EDGE_LOOP('',(#5001,#5002,#5003,#5004));
#1554=EDGE_LOOP('',(#5005,#5006,#5007,#5008));
#1555=EDGE_LOOP('',(#5009,#5010,#5011,#5012));
#1556=EDGE_LOOP('',(#5013,#5014,#5015,#5016));
#1557=EDGE_LOOP('',(#5017,#5018,#5019,#5020));
#1558=EDGE_LOOP('',(#5021,#5022,#5023,#5024));
#1559=EDGE_LOOP('',(#5025,#5026,#5027,#5028));
#1560=EDGE_LOOP('',(#5029,#5030,#5031,#5032));
#1561=EDGE_LOOP('',(#5033,#5034,#5035,#5036));
#1562=EDGE_LOOP('',(#5037,#5038,#5039,#5040));
#1563=EDGE_LOOP('',(#5041,#5042,#5043,#5044));
#1564=EDGE_LOOP('',(#5045,#5046,#5047,#5048));
#1565=EDGE_LOOP('',(#5049,#5050,#5051,#5052));
#1566=EDGE_LOOP('',(#5053,#5054,#5055,#5056));
#1567=EDGE_LOOP('',(#5057,#5058,#5059,#5060));
#1568=EDGE_LOOP('',(#5061,#5062,#5063,#5064));
#1569=EDGE_LOOP('',(#5065,#5066,#5067,#5068));
#1570=EDGE_LOOP('',(#5069,#5070,#5071,#5072));
#1571=EDGE_LOOP('',(#5073,#5074,#5075,#5076));
#1572=EDGE_LOOP('',(#5077,#5078,#5079,#5080));
#1573=EDGE_LOOP('',(#5081,#5082,#5083,#5084));
#1574=EDGE_LOOP('',(#5085,#5086,#5087,#5088));
#1575=EDGE_LOOP('',(#5089,#5090,#5091,#5092));
#1576=EDGE_LOOP('',(#5093,#5094,#5095,#5096));
#1577=EDGE_LOOP('',(#5097,#5098,#5099,#5100));
#1578=EDGE_LOOP('',(#5101,#5102,#5103,#5104));
#1579=EDGE_LOOP('',(#5105,#5106,#5107,#5108));
#1580=EDGE_LOOP('',(#5109,#5110,#5111,#5112));
#1581=EDGE_LOOP('',(#5113,#5114,#5115,#5116));
#1582=EDGE_LOOP('',(#5117,#5118,#5119,#5120));
#1583=EDGE_LOOP('',(#5121,#5122,#5123,#5124));
#1584=EDGE_LOOP('',(#5125,#5126,#5127,#5128));
#1585=EDGE_LOOP('',(#5129,#5130,#5131,#5132));
#1586=EDGE_LOOP('',(#5133,#5134,#5135,#5136));
#1587=EDGE_LOOP('',(#5137,#5138,#5139,#5140,#5141,#5142));
#1588=EDGE_LOOP('',(#5143,#5144,#5145,#5146));
#1589=EDGE_LOOP('',(#5147,#5148,#5149,#5150));
#1590=EDGE_LOOP('',(#5151,#5152,#5153,#5154));
#1591=EDGE_LOOP('',(#5155,#5156,#5157,#5158));
#1592=EDGE_LOOP('',(#5159,#5160,#5161,#5162));
#1593=EDGE_LOOP('',(#5163,#5164,#5165,#5166));
#1594=EDGE_LOOP('',(#5167,#5168,#5169,#5170));
#1595=EDGE_LOOP('',(#5171,#5172,#5173,#5174));
#1596=EDGE_LOOP('',(#5175,#5176,#5177,#5178));
#1597=EDGE_LOOP('',(#5179,#5180,#5181,#5182));
#1598=EDGE_LOOP('',(#5183,#5184,#5185,#5186));
#1599=EDGE_LOOP('',(#5187,#5188,#5189,#5190));
#1600=EDGE_LOOP('',(#5191,#5192,#5193,#5194));
#1601=EDGE_LOOP('',(#5195,#5196,#5197,#5198));
#1602=EDGE_LOOP('',(#5199,#5200,#5201,#5202));
#1603=EDGE_LOOP('',(#5203,#5204,#5205,#5206));
#1604=EDGE_LOOP('',(#5207,#5208,#5209,#5210));
#1605=EDGE_LOOP('',(#5211,#5212,#5213,#5214));
#1606=EDGE_LOOP('',(#5215,#5216,#5217,#5218));
#1607=EDGE_LOOP('',(#5219,#5220,#5221,#5222));
#1608=EDGE_LOOP('',(#5223,#5224,#5225,#5226));
#1609=EDGE_LOOP('',(#5227,#5228,#5229,#5230));
#1610=EDGE_LOOP('',(#5231,#5232,#5233,#5234));
#1611=EDGE_LOOP('',(#5235,#5236,#5237,#5238));
#1612=EDGE_LOOP('',(#5239,#5240,#5241,#5242));
#1613=EDGE_LOOP('',(#5243,#5244,#5245,#5246));
#1614=EDGE_LOOP('',(#5247,#5248,#5249,#5250));
#1615=EDGE_LOOP('',(#5251,#5252,#5253,#5254));
#1616=EDGE_LOOP('',(#5255,#5256,#5257,#5258));
#1617=EDGE_LOOP('',(#5259,#5260,#5261,#5262));
#1618=EDGE_LOOP('',(#5263,#5264,#5265,#5266));
#1619=EDGE_LOOP('',(#5267,#5268,#5269,#5270));
#1620=EDGE_LOOP('',(#5271,#5272,#5273,#5274));
#1621=EDGE_LOOP('',(#5275,#5276,#5277,#5278));
#1622=EDGE_LOOP('',(#5279,#5280,#5281,#5282));
#1623=EDGE_LOOP('',(#5283,#5284,#5285,#5286));
#1624=EDGE_LOOP('',(#5287,#5288,#5289,#5290));
#1625=EDGE_LOOP('',(#5291,#5292,#5293,#5294));
#1626=EDGE_LOOP('',(#5295,#5296,#5297,#5298));
#1627=EDGE_LOOP('',(#5299,#5300,#5301,#5302));
#1628=EDGE_LOOP('',(#5303,#5304,#5305,#5306));
#1629=EDGE_LOOP('',(#5307,#5308,#5309,#5310));
#1630=EDGE_LOOP('',(#5311,#5312,#5313,#5314));
#1631=EDGE_LOOP('',(#5315,#5316,#5317,#5318));
#1632=EDGE_LOOP('',(#5319,#5320,#5321,#5322));
#1633=EDGE_LOOP('',(#5323,#5324,#5325,#5326));
#1634=EDGE_LOOP('',(#5327,#5328,#5329,#5330));
#1635=EDGE_LOOP('',(#5331,#5332,#5333,#5334));
#1636=EDGE_LOOP('',(#5335,#5336,#5337,#5338));
#1637=EDGE_LOOP('',(#5339,#5340,#5341,#5342));
#1638=EDGE_LOOP('',(#5343,#5344,#5345,#5346));
#1639=EDGE_LOOP('',(#5347,#5348,#5349,#5350));
#1640=EDGE_LOOP('',(#5351,#5352,#5353,#5354));
#1641=EDGE_LOOP('',(#5355,#5356,#5357,#5358));
#1642=EDGE_LOOP('',(#5359,#5360,#5361,#5362));
#1643=EDGE_LOOP('',(#5363,#5364,#5365,#5366));
#1644=EDGE_LOOP('',(#5367,#5368,#5369,#5370));
#1645=EDGE_LOOP('',(#5371,#5372,#5373,#5374));
#1646=EDGE_LOOP('',(#5375,#5376,#5377,#5378));
#1647=EDGE_LOOP('',(#5379,#5380,#5381,#5382));
#1648=EDGE_LOOP('',(#5383,#5384,#5385,#5386));
#1649=EDGE_LOOP('',(#5387,#5388,#5389,#5390));
#1650=EDGE_LOOP('',(#5391,#5392,#5393,#5394));
#1651=EDGE_LOOP('',(#5395,#5396,#5397,#5398));
#1652=EDGE_LOOP('',(#5399,#5400,#5401,#5402));
#1653=EDGE_LOOP('',(#5403,#5404,#5405,#5406));
#1654=EDGE_LOOP('',(#5407,#5408,#5409,#5410));
#1655=EDGE_LOOP('',(#5411,#5412,#5413,#5414));
#1656=EDGE_LOOP('',(#5415,#5416,#5417,#5418));
#1657=EDGE_LOOP('',(#5419,#5420,#5421,#5422));
#1658=EDGE_LOOP('',(#5423,#5424,#5425,#5426));
#1659=EDGE_LOOP('',(#5427,#5428,#5429,#5430));
#1660=EDGE_LOOP('',(#5431,#5432,#5433,#5434));
#1661=EDGE_LOOP('',(#5435,#5436,#5437,#5438));
#1662=EDGE_LOOP('',(#5439,#5440,#5441,#5442));
#1663=EDGE_LOOP('',(#5443,#5444,#5445,#5446));
#1664=EDGE_LOOP('',(#5447,#5448,#5449,#5450));
#1665=EDGE_LOOP('',(#5451,#5452,#5453,#5454));
#1666=EDGE_LOOP('',(#5455,#5456,#5457,#5458));
#1667=EDGE_LOOP('',(#5459,#5460,#5461,#5462));
#1668=EDGE_LOOP('',(#5463,#5464,#5465,#5466));
#1669=EDGE_LOOP('',(#5467,#5468,#5469,#5470));
#1670=EDGE_LOOP('',(#5471,#5472,#5473,#5474));
#1671=EDGE_LOOP('',(#5475,#5476,#5477,#5478));
#1672=EDGE_LOOP('',(#5479,#5480,#5481,#5482));
#1673=EDGE_LOOP('',(#5483,#5484,#5485,#5486));
#1674=EDGE_LOOP('',(#5487,#5488,#5489,#5490));
#1675=EDGE_LOOP('',(#5491,#5492,#5493,#5494));
#1676=EDGE_LOOP('',(#5495,#5496,#5497,#5498));
#1677=EDGE_LOOP('',(#5499,#5500,#5501,#5502));
#1678=EDGE_LOOP('',(#5503,#5504,#5505,#5506));
#1679=EDGE_LOOP('',(#5507,#5508,#5509,#5510));
#1680=EDGE_LOOP('',(#5511,#5512,#5513,#5514));
#1681=EDGE_LOOP('',(#5515,#5516,#5517,#5518));
#1682=EDGE_LOOP('',(#5519,#5520,#5521,#5522));
#1683=EDGE_LOOP('',(#5523,#5524,#5525,#5526));
#1684=EDGE_LOOP('',(#5527,#5528,#5529,#5530));
#1685=EDGE_LOOP('',(#5531,#5532,#5533,#5534));
#1686=EDGE_LOOP('',(#5535,#5536,#5537,#5538));
#1687=EDGE_LOOP('',(#5539,#5540,#5541,#5542));
#1688=EDGE_LOOP('',(#5543,#5544,#5545,#5546));
#1689=EDGE_LOOP('',(#5547,#5548,#5549,#5550));
#1690=EDGE_LOOP('',(#5551,#5552,#5553,#5554));
#1691=EDGE_LOOP('',(#5555,#5556,#5557,#5558));
#1692=EDGE_LOOP('',(#5559,#5560,#5561,#5562));
#1693=EDGE_LOOP('',(#5563,#5564,#5565,#5566));
#1694=EDGE_LOOP('',(#5567,#5568,#5569,#5570));
#1695=EDGE_LOOP('',(#5571,#5572,#5573,#5574));
#1696=EDGE_LOOP('',(#5575,#5576,#5577,#5578));
#1697=EDGE_LOOP('',(#5579,#5580,#5581,#5582));
#1698=EDGE_LOOP('',(#5583,#5584,#5585,#5586));
#1699=EDGE_LOOP('',(#5587,#5588,#5589,#5590));
#1700=EDGE_LOOP('',(#5591,#5592,#5593,#5594));
#1701=EDGE_LOOP('',(#5595,#5596,#5597,#5598));
#1702=EDGE_LOOP('',(#5599,#5600,#5601,#5602));
#1703=EDGE_LOOP('',(#5603,#5604,#5605,#5606));
#1704=EDGE_LOOP('',(#5607,#5608,#5609,#5610));
#1705=EDGE_LOOP('',(#5611,#5612,#5613,#5614));
#1706=EDGE_LOOP('',(#5615,#5616,#5617,#5618));
#1707=EDGE_LOOP('',(#5619,#5620,#5621,#5622));
#1708=EDGE_LOOP('',(#5623,#5624,#5625,#5626));
#1709=EDGE_LOOP('',(#5627,#5628,#5629,#5630));
#1710=EDGE_LOOP('',(#5631,#5632,#5633,#5634));
#1711=EDGE_LOOP('',(#5635,#5636,#5637,#5638));
#1712=EDGE_LOOP('',(#5639,#5640,#5641,#5642));
#1713=EDGE_LOOP('',(#5643,#5644,#5645,#5646));
#1714=EDGE_LOOP('',(#5647,#5648,#5649,#5650));
#1715=EDGE_LOOP('',(#5651,#5652,#5653,#5654));
#1716=EDGE_LOOP('',(#5655,#5656,#5657,#5658));
#1717=EDGE_LOOP('',(#5659,#5660,#5661,#5662));
#1718=EDGE_LOOP('',(#5663,#5664,#5665,#5666));
#1719=EDGE_LOOP('',(#5667,#5668,#5669,#5670));
#1720=EDGE_LOOP('',(#5671,#5672,#5673,#5674));
#1721=EDGE_LOOP('',(#5675,#5676,#5677,#5678));
#1722=EDGE_LOOP('',(#5679,#5680,#5681,#5682));
#1723=EDGE_LOOP('',(#5683,#5684,#5685,#5686));
#1724=EDGE_LOOP('',(#5687,#5688,#5689,#5690));
#1725=EDGE_LOOP('',(#5691,#5692,#5693,#5694));
#1726=EDGE_LOOP('',(#5695,#5696,#5697,#5698));
#1727=EDGE_LOOP('',(#5699,#5700,#5701,#5702));
#1728=EDGE_LOOP('',(#5703,#5704,#5705,#5706));
#1729=EDGE_LOOP('',(#5707,#5708,#5709,#5710));
#1730=EDGE_LOOP('',(#5711,#5712,#5713,#5714));
#1731=EDGE_LOOP('',(#5715,#5716,#5717,#5718));
#1732=EDGE_LOOP('',(#5719,#5720,#5721,#5722));
#1733=EDGE_LOOP('',(#5723,#5724,#5725,#5726));
#1734=EDGE_LOOP('',(#5727,#5728,#5729,#5730));
#1735=EDGE_LOOP('',(#5731,#5732,#5733,#5734));
#1736=EDGE_LOOP('',(#5735,#5736,#5737,#5738));
#1737=EDGE_LOOP('',(#5739,#5740,#5741,#5742));
#1738=EDGE_LOOP('',(#5743,#5744,#5745,#5746));
#1739=EDGE_LOOP('',(#5747,#5748,#5749,#5750));
#1740=EDGE_LOOP('',(#5751,#5752,#5753,#5754));
#1741=EDGE_LOOP('',(#5755,#5756,#5757,#5758));
#1742=EDGE_LOOP('',(#5759,#5760,#5761,#5762));
#1743=EDGE_LOOP('',(#5763,#5764,#5765,#5766));
#1744=EDGE_LOOP('',(#5767,#5768,#5769,#5770));
#1745=EDGE_LOOP('',(#5771,#5772,#5773,#5774));
#1746=EDGE_LOOP('',(#5775,#5776,#5777,#5778));
#1747=EDGE_LOOP('',(#5779,#5780,#5781,#5782));
#1748=EDGE_LOOP('',(#5783,#5784,#5785,#5786));
#1749=EDGE_LOOP('',(#5787,#5788,#5789,#5790));
#1750=EDGE_LOOP('',(#5791,#5792,#5793,#5794));
#1751=EDGE_LOOP('',(#5795,#5796,#5797,#5798));
#1752=EDGE_LOOP('',(#5799,#5800,#5801,#5802));
#1753=EDGE_LOOP('',(#5803,#5804,#5805,#5806));
#1754=EDGE_LOOP('',(#5807,#5808,#5809,#5810));
#1755=EDGE_LOOP('',(#5811,#5812,#5813,#5814));
#1756=EDGE_LOOP('',(#5815,#5816,#5817,#5818));
#1757=EDGE_LOOP('',(#5819,#5820,#5821,#5822));
#1758=EDGE_LOOP('',(#5823,#5824,#5825,#5826));
#1759=EDGE_LOOP('',(#5827,#5828,#5829,#5830));
#1760=EDGE_LOOP('',(#5831,#5832,#5833,#5834));
#1761=EDGE_LOOP('',(#5835,#5836,#5837,#5838));
#1762=EDGE_LOOP('',(#5839,#5840,#5841,#5842));
#1763=EDGE_LOOP('',(#5843,#5844,#5845,#5846));
#1764=EDGE_LOOP('',(#5847,#5848,#5849,#5850));
#1765=EDGE_LOOP('',(#5851,#5852,#5853,#5854));
#1766=EDGE_LOOP('',(#5855,#5856,#5857,#5858));
#1767=EDGE_LOOP('',(#5859,#5860,#5861,#5862));
#1768=EDGE_LOOP('',(#5863,#5864,#5865,#5866));
#1769=EDGE_LOOP('',(#5867,#5868,#5869,#5870));
#1770=EDGE_LOOP('',(#5871,#5872,#5873,#5874));
#1771=EDGE_LOOP('',(#5875,#5876,#5877,#5878));
#1772=EDGE_LOOP('',(#5879,#5880,#5881,#5882));
#1773=EDGE_LOOP('',(#5883,#5884,#5885,#5886));
#1774=EDGE_LOOP('',(#5887,#5888,#5889,#5890));
#1775=EDGE_LOOP('',(#5891,#5892,#5893,#5894));
#1776=EDGE_LOOP('',(#5895,#5896,#5897,#5898));
#1777=EDGE_LOOP('',(#5899,#5900,#5901,#5902));
#1778=EDGE_LOOP('',(#5903,#5904,#5905,#5906));
#1779=EDGE_LOOP('',(#5907,#5908,#5909,#5910));
#1780=EDGE_LOOP('',(#5911,#5912,#5913,#5914));
#1781=EDGE_LOOP('',(#5915,#5916,#5917,#5918));
#1782=EDGE_LOOP('',(#5919,#5920,#5921,#5922));
#1783=EDGE_LOOP('',(#5923,#5924,#5925,#5926,#5927,#5928));
#1784=EDGE_LOOP('',(#5929,#5930,#5931,#5932));
#1785=EDGE_LOOP('',(#5933,#5934,#5935,#5936));
#1786=EDGE_LOOP('',(#5937,#5938,#5939,#5940));
#1787=EDGE_LOOP('',(#5941,#5942,#5943,#5944));
#1788=EDGE_LOOP('',(#5945,#5946,#5947,#5948));
#1789=EDGE_LOOP('',(#5949,#5950,#5951,#5952,#5953,#5954,#5955,#5956,#5957,
#5958,#5959));
#1790=EDGE_LOOP('',(#5960,#5961,#5962,#5963));
#1791=EDGE_LOOP('',(#5964,#5965,#5966,#5967));
#1792=EDGE_LOOP('',(#5968,#5969,#5970,#5971));
#1793=EDGE_LOOP('',(#5972,#5973,#5974,#5975,#5976,#5977,#5978,#5979,#5980,
#5981));
#1794=EDGE_LOOP('',(#5982));
#1795=EDGE_LOOP('',(#5983));
#1796=EDGE_LOOP('',(#5984,#5985,#5986));
#1797=EDGE_LOOP('',(#5987,#5988,#5989));
#1798=EDGE_LOOP('',(#5990,#5991,#5992));
#1799=EDGE_LOOP('',(#5993,#5994,#5995));
#1800=EDGE_LOOP('',(#5996,#5997,#5998,#5999,#6000,#6001,#6002,#6003));
#1801=EDGE_LOOP('',(#6004,#6005));
#1802=EDGE_LOOP('',(#6006));
#1803=EDGE_LOOP('',(#6007,#6008));
#1804=EDGE_LOOP('',(#6009));
#1805=EDGE_LOOP('',(#6010,#6011,#6012,#6013,#6014,#6015,#6016,#6017));
#1806=EDGE_LOOP('',(#6018,#6019,#6020));
#1807=EDGE_LOOP('',(#6021,#6022,#6023));
#1808=EDGE_LOOP('',(#6024,#6025,#6026,#6027,#6028,#6029,#6030,#6031));
#1809=EDGE_LOOP('',(#6032,#6033,#6034,#6035));
#1810=EDGE_LOOP('',(#6036,#6037,#6038,#6039));
#1811=EDGE_LOOP('',(#6040,#6041,#6042,#6043,#6044,#6045,#6046,#6047));
#1812=EDGE_LOOP('',(#6048,#6049,#6050,#6051,#6052,#6053));
#1813=EDGE_LOOP('',(#6054,#6055,#6056,#6057,#6058,#6059));
#1814=EDGE_LOOP('',(#6060,#6061,#6062,#6063));
#1815=EDGE_LOOP('',(#6064,#6065));
#1816=EDGE_LOOP('',(#6066,#6067,#6068,#6069,#6070,#6071));
#1817=EDGE_LOOP('',(#6072,#6073,#6074,#6075));
#1818=EDGE_LOOP('',(#6076,#6077));
#1819=EDGE_LOOP('',(#6078,#6079,#6080,#6081));
#1820=EDGE_LOOP('',(#6082,#6083,#6084,#6085));
#1821=EDGE_LOOP('',(#6086,#6087,#6088,#6089,#6090,#6091,#6092,#6093));
#1822=EDGE_LOOP('',(#6094,#6095,#6096,#6097,#6098,#6099,#6100,#6101));
#1823=EDGE_LOOP('',(#6102,#6103,#6104,#6105));
#1824=EDGE_LOOP('',(#6106,#6107,#6108,#6109,#6110,#6111));
#1825=EDGE_LOOP('',(#6112,#6113,#6114,#6115));
#1826=EDGE_LOOP('',(#6116,#6117,#6118,#6119,#6120,#6121));
#1827=EDGE_LOOP('',(#6122,#6123,#6124,#6125));
#1828=EDGE_LOOP('',(#6126,#6127,#6128,#6129));
#1829=EDGE_LOOP('',(#6130,#6131,#6132,#6133));
#1830=EDGE_LOOP('',(#6134,#6135));
#1831=EDGE_LOOP('',(#6136,#6137,#6138,#6139));
#1832=EDGE_LOOP('',(#6140,#6141,#6142,#6143,#6144,#6145,#6146,#6147));
#1833=EDGE_LOOP('',(#6148,#6149,#6150,#6151));
#1834=EDGE_LOOP('',(#6152,#6153,#6154,#6155));
#1835=EDGE_LOOP('',(#6156,#6157,#6158,#6159,#6160,#6161,#6162,#6163));
#1836=EDGE_LOOP('',(#6164,#6165,#6166,#6167,#6168,#6169));
#1837=EDGE_LOOP('',(#6170,#6171,#6172,#6173,#6174,#6175));
#1838=EDGE_LOOP('',(#6176,#6177,#6178,#6179));
#1839=EDGE_LOOP('',(#6180,#6181));
#1840=EDGE_LOOP('',(#6182,#6183,#6184,#6185,#6186,#6187));
#1841=EDGE_LOOP('',(#6188,#6189,#6190,#6191));
#1842=EDGE_LOOP('',(#6192,#6193));
#1843=EDGE_LOOP('',(#6194,#6195,#6196,#6197));
#1844=EDGE_LOOP('',(#6198,#6199,#6200,#6201));
#1845=EDGE_LOOP('',(#6202,#6203,#6204,#6205));
#1846=EDGE_LOOP('',(#6206,#6207,#6208,#6209,#6210,#6211));
#1847=EDGE_LOOP('',(#6212,#6213,#6214,#6215));
#1848=EDGE_LOOP('',(#6216,#6217,#6218,#6219,#6220,#6221));
#1849=EDGE_LOOP('',(#6222,#6223,#6224,#6225,#6226,#6227,#6228,#6229));
#1850=EDGE_LOOP('',(#6230,#6231,#6232,#6233,#6234,#6235,#6236,#6237));
#1851=EDGE_LOOP('',(#6238,#6239,#6240,#6241));
#1852=EDGE_LOOP('',(#6242,#6243,#6244,#6245));
#1853=EDGE_LOOP('',(#6246,#6247,#6248,#6249));
#1854=EDGE_LOOP('',(#6250,#6251));
#1855=EDGE_LOOP('',(#6252,#6253,#6254,#6255));
#1856=LINE('',#10919,#2886);
#1857=LINE('',#10921,#2887);
#1858=LINE('',#10923,#2888);
#1859=LINE('',#10925,#2889);
#1860=LINE('',#10927,#2890);
#1861=LINE('',#10932,#2891);
#1862=LINE('',#10934,#2892);
#1863=LINE('',#10936,#2893);
#1864=LINE('',#10938,#2894);
#1865=LINE('',#10940,#2895);
#1866=LINE('',#10944,#2896);
#1867=LINE('',#10947,#2897);
#1868=LINE('',#10949,#2898);
#1869=LINE('',#10951,#2899);
#1870=LINE('',#10953,#2900);
#1871=LINE('',#10956,#2901);
#1872=LINE('',#10958,#2902);
#1873=LINE('',#10960,#2903);
#1874=LINE('',#10962,#2904);
#1875=LINE('',#10965,#2905);
#1876=LINE('',#10967,#2906);
#1877=LINE('',#10971,#2907);
#1878=LINE('',#10975,#2908);
#1879=LINE('',#10977,#2909);
#1880=LINE('',#10979,#2910);
#1881=LINE('',#10981,#2911);
#1882=LINE('',#10983,#2912);
#1883=LINE('',#10987,#2913);
#1884=LINE('',#10989,#2914);
#1885=LINE('',#10991,#2915);
#1886=LINE('',#10993,#2916);
#1887=LINE('',#10997,#2917);
#1888=LINE('',#10999,#2918);
#1889=LINE('',#11001,#2919);
#1890=LINE('',#11003,#2920);
#1891=LINE('',#11009,#2921);
#1892=LINE('',#11015,#2922);
#1893=LINE('',#11017,#2923);
#1894=LINE('',#11019,#2924);
#1895=LINE('',#11021,#2925);
#1896=LINE('',#11023,#2926);
#1897=LINE('',#11024,#2927);
#1898=LINE('',#11026,#2928);
#1899=LINE('',#11028,#2929);
#1900=LINE('',#11030,#2930);
#1901=LINE('',#11032,#2931);
#1902=LINE('',#11033,#2932);
#1903=LINE('',#11034,#2933);
#1904=LINE('',#11035,#2934);
#1905=LINE('',#11037,#2935);
#1906=LINE('',#11039,#2936);
#1907=LINE('',#11041,#2937);
#1908=LINE('',#11043,#2938);
#1909=LINE('',#11047,#2939);
#1910=LINE('',#11050,#2940);
#1911=LINE('',#11052,#2941);
#1912=LINE('',#11054,#2942);
#1913=LINE('',#11061,#2943);
#1914=LINE('',#11067,#2944);
#1915=LINE('',#11070,#2945);
#1916=LINE('',#11073,#2946);
#1917=LINE('',#11074,#2947);
#1918=LINE('',#11076,#2948);
#1919=LINE('',#11077,#2949);
#1920=LINE('',#11079,#2950);
#1921=LINE('',#11080,#2951);
#1922=LINE('',#11082,#2952);
#1923=LINE('',#11085,#2953);
#1924=LINE('',#11086,#2954);
#1925=LINE('',#11094,#2955);
#1926=LINE('',#11096,#2956);
#1927=LINE('',#11098,#2957);
#1928=LINE('',#11105,#2958);
#1929=LINE('',#11107,#2959);
#1930=LINE('',#11109,#2960);
#1931=LINE('',#11116,#2961);
#1932=LINE('',#11118,#2962);
#1933=LINE('',#11120,#2963);
#1934=LINE('',#11128,#2964);
#1935=LINE('',#11130,#2965);
#1936=LINE('',#11132,#2966);
#1937=LINE('',#11142,#2967);
#1938=LINE('',#11143,#2968);
#1939=LINE('',#11144,#2969);
#1940=LINE('',#11146,#2970);
#1941=LINE('',#11155,#2971);
#1942=LINE('',#11156,#2972);
#1943=LINE('',#11158,#2973);
#1944=LINE('',#11160,#2974);
#1945=LINE('',#11162,#2975);
#1946=LINE('',#11164,#2976);
#1947=LINE('',#11166,#2977);
#1948=LINE('',#11168,#2978);
#1949=LINE('',#11182,#2979);
#1950=LINE('',#11184,#2980);
#1951=LINE('',#11186,#2981);
#1952=LINE('',#11188,#2982);
#1953=LINE('',#11194,#2983);
#1954=LINE('',#11196,#2984);
#1955=LINE('',#11198,#2985);
#1956=LINE('',#11205,#2986);
#1957=LINE('',#11210,#2987);
#1958=LINE('',#11212,#2988);
#1959=LINE('',#11213,#2989);
#1960=LINE('',#11216,#2990);
#1961=LINE('',#11232,#2991);
#1962=LINE('',#11235,#2992);
#1963=LINE('',#11237,#2993);
#1964=LINE('',#11239,#2994);
#1965=LINE('',#11241,#2995);
#1966=LINE('',#11243,#2996);
#1967=LINE('',#11245,#2997);
#1968=LINE('',#11247,#2998);
#1969=LINE('',#11249,#2999);
#1970=LINE('',#11251,#3000);
#1971=LINE('',#11253,#3001);
#1972=LINE('',#11255,#3002);
#1973=LINE('',#11257,#3003);
#1974=LINE('',#11259,#3004);
#1975=LINE('',#11261,#3005);
#1976=LINE('',#11263,#3006);
#1977=LINE('',#11265,#3007);
#1978=LINE('',#11267,#3008);
#1979=LINE('',#11269,#3009);
#1980=LINE('',#11271,#3010);
#1981=LINE('',#11273,#3011);
#1982=LINE('',#11275,#3012);
#1983=LINE('',#11277,#3013);
#1984=LINE('',#11279,#3014);
#1985=LINE('',#11281,#3015);
#1986=LINE('',#11283,#3016);
#1987=LINE('',#11285,#3017);
#1988=LINE('',#11287,#3018);
#1989=LINE('',#11289,#3019);
#1990=LINE('',#11291,#3020);
#1991=LINE('',#11293,#3021);
#1992=LINE('',#11295,#3022);
#1993=LINE('',#11297,#3023);
#1994=LINE('',#11299,#3024);
#1995=LINE('',#11301,#3025);
#1996=LINE('',#11303,#3026);
#1997=LINE('',#11305,#3027);
#1998=LINE('',#11307,#3028);
#1999=LINE('',#11309,#3029);
#2000=LINE('',#11311,#3030);
#2001=LINE('',#11313,#3031);
#2002=LINE('',#11315,#3032);
#2003=LINE('',#11317,#3033);
#2004=LINE('',#11319,#3034);
#2005=LINE('',#11321,#3035);
#2006=LINE('',#11323,#3036);
#2007=LINE('',#11325,#3037);
#2008=LINE('',#11327,#3038);
#2009=LINE('',#11329,#3039);
#2010=LINE('',#11331,#3040);
#2011=LINE('',#11333,#3041);
#2012=LINE('',#11335,#3042);
#2013=LINE('',#11337,#3043);
#2014=LINE('',#11339,#3044);
#2015=LINE('',#11341,#3045);
#2016=LINE('',#11343,#3046);
#2017=LINE('',#11345,#3047);
#2018=LINE('',#11347,#3048);
#2019=LINE('',#11349,#3049);
#2020=LINE('',#11351,#3050);
#2021=LINE('',#11353,#3051);
#2022=LINE('',#11355,#3052);
#2023=LINE('',#11357,#3053);
#2024=LINE('',#11359,#3054);
#2025=LINE('',#11361,#3055);
#2026=LINE('',#11363,#3056);
#2027=LINE('',#11365,#3057);
#2028=LINE('',#11367,#3058);
#2029=LINE('',#11369,#3059);
#2030=LINE('',#11371,#3060);
#2031=LINE('',#11373,#3061);
#2032=LINE('',#11375,#3062);
#2033=LINE('',#11377,#3063);
#2034=LINE('',#11379,#3064);
#2035=LINE('',#11381,#3065);
#2036=LINE('',#11383,#3066);
#2037=LINE('',#11385,#3067);
#2038=LINE('',#11387,#3068);
#2039=LINE('',#11389,#3069);
#2040=LINE('',#11391,#3070);
#2041=LINE('',#11392,#3071);
#2042=LINE('',#11395,#3072);
#2043=LINE('',#11397,#3073);
#2044=LINE('',#11399,#3074);
#2045=LINE('',#11401,#3075);
#2046=LINE('',#11403,#3076);
#2047=LINE('',#11405,#3077);
#2048=LINE('',#11407,#3078);
#2049=LINE('',#11409,#3079);
#2050=LINE('',#11411,#3080);
#2051=LINE('',#11413,#3081);
#2052=LINE('',#11415,#3082);
#2053=LINE('',#11417,#3083);
#2054=LINE('',#11419,#3084);
#2055=LINE('',#11421,#3085);
#2056=LINE('',#11423,#3086);
#2057=LINE('',#11425,#3087);
#2058=LINE('',#11427,#3088);
#2059=LINE('',#11429,#3089);
#2060=LINE('',#11431,#3090);
#2061=LINE('',#11433,#3091);
#2062=LINE('',#11435,#3092);
#2063=LINE('',#11437,#3093);
#2064=LINE('',#11439,#3094);
#2065=LINE('',#11441,#3095);
#2066=LINE('',#11443,#3096);
#2067=LINE('',#11445,#3097);
#2068=LINE('',#11447,#3098);
#2069=LINE('',#11449,#3099);
#2070=LINE('',#11451,#3100);
#2071=LINE('',#11453,#3101);
#2072=LINE('',#11455,#3102);
#2073=LINE('',#11457,#3103);
#2074=LINE('',#11459,#3104);
#2075=LINE('',#11461,#3105);
#2076=LINE('',#11463,#3106);
#2077=LINE('',#11465,#3107);
#2078=LINE('',#11467,#3108);
#2079=LINE('',#11469,#3109);
#2080=LINE('',#11471,#3110);
#2081=LINE('',#11473,#3111);
#2082=LINE('',#11475,#3112);
#2083=LINE('',#11477,#3113);
#2084=LINE('',#11479,#3114);
#2085=LINE('',#11481,#3115);
#2086=LINE('',#11483,#3116);
#2087=LINE('',#11485,#3117);
#2088=LINE('',#11487,#3118);
#2089=LINE('',#11489,#3119);
#2090=LINE('',#11491,#3120);
#2091=LINE('',#11493,#3121);
#2092=LINE('',#11495,#3122);
#2093=LINE('',#11497,#3123);
#2094=LINE('',#11499,#3124);
#2095=LINE('',#11501,#3125);
#2096=LINE('',#11503,#3126);
#2097=LINE('',#11505,#3127);
#2098=LINE('',#11507,#3128);
#2099=LINE('',#11509,#3129);
#2100=LINE('',#11511,#3130);
#2101=LINE('',#11512,#3131);
#2102=LINE('',#11515,#3132);
#2103=LINE('',#11517,#3133);
#2104=LINE('',#11519,#3134);
#2105=LINE('',#11521,#3135);
#2106=LINE('',#11523,#3136);
#2107=LINE('',#11525,#3137);
#2108=LINE('',#11527,#3138);
#2109=LINE('',#11529,#3139);
#2110=LINE('',#11531,#3140);
#2111=LINE('',#11532,#3141);
#2112=LINE('',#11535,#3142);
#2113=LINE('',#11537,#3143);
#2114=LINE('',#11539,#3144);
#2115=LINE('',#11541,#3145);
#2116=LINE('',#11543,#3146);
#2117=LINE('',#11545,#3147);
#2118=LINE('',#11547,#3148);
#2119=LINE('',#11549,#3149);
#2120=LINE('',#11551,#3150);
#2121=LINE('',#11553,#3151);
#2122=LINE('',#11555,#3152);
#2123=LINE('',#11556,#3153);
#2124=LINE('',#11559,#3154);
#2125=LINE('',#11561,#3155);
#2126=LINE('',#11563,#3156);
#2127=LINE('',#11565,#3157);
#2128=LINE('',#11567,#3158);
#2129=LINE('',#11569,#3159);
#2130=LINE('',#11571,#3160);
#2131=LINE('',#11573,#3161);
#2132=LINE('',#11575,#3162);
#2133=LINE('',#11577,#3163);
#2134=LINE('',#11579,#3164);
#2135=LINE('',#11581,#3165);
#2136=LINE('',#11583,#3166);
#2137=LINE('',#11585,#3167);
#2138=LINE('',#11587,#3168);
#2139=LINE('',#11589,#3169);
#2140=LINE('',#11591,#3170);
#2141=LINE('',#11593,#3171);
#2142=LINE('',#11595,#3172);
#2143=LINE('',#11597,#3173);
#2144=LINE('',#11599,#3174);
#2145=LINE('',#11601,#3175);
#2146=LINE('',#11603,#3176);
#2147=LINE('',#11605,#3177);
#2148=LINE('',#11607,#3178);
#2149=LINE('',#11609,#3179);
#2150=LINE('',#11611,#3180);
#2151=LINE('',#11613,#3181);
#2152=LINE('',#11615,#3182);
#2153=LINE('',#11617,#3183);
#2154=LINE('',#11619,#3184);
#2155=LINE('',#11621,#3185);
#2156=LINE('',#11622,#3186);
#2157=LINE('',#11624,#3187);
#2158=LINE('',#11626,#3188);
#2159=LINE('',#11627,#3189);
#2160=LINE('',#11630,#3190);
#2161=LINE('',#11632,#3191);
#2162=LINE('',#11634,#3192);
#2163=LINE('',#11636,#3193);
#2164=LINE('',#11637,#3194);
#2165=LINE('',#11640,#3195);
#2166=LINE('',#11642,#3196);
#2167=LINE('',#11644,#3197);
#2168=LINE('',#11646,#3198);
#2169=LINE('',#11648,#3199);
#2170=LINE('',#11650,#3200);
#2171=LINE('',#11652,#3201);
#2172=LINE('',#11654,#3202);
#2173=LINE('',#11656,#3203);
#2174=LINE('',#11658,#3204);
#2175=LINE('',#11660,#3205);
#2176=LINE('',#11662,#3206);
#2177=LINE('',#11664,#3207);
#2178=LINE('',#11666,#3208);
#2179=LINE('',#11668,#3209);
#2180=LINE('',#11670,#3210);
#2181=LINE('',#11672,#3211);
#2182=LINE('',#11674,#3212);
#2183=LINE('',#11676,#3213);
#2184=LINE('',#11678,#3214);
#2185=LINE('',#11680,#3215);
#2186=LINE('',#11682,#3216);
#2187=LINE('',#11684,#3217);
#2188=LINE('',#11686,#3218);
#2189=LINE('',#11688,#3219);
#2190=LINE('',#11690,#3220);
#2191=LINE('',#11692,#3221);
#2192=LINE('',#11694,#3222);
#2193=LINE('',#11696,#3223);
#2194=LINE('',#11698,#3224);
#2195=LINE('',#11700,#3225);
#2196=LINE('',#11702,#3226);
#2197=LINE('',#11704,#3227);
#2198=LINE('',#11706,#3228);
#2199=LINE('',#11708,#3229);
#2200=LINE('',#11710,#3230);
#2201=LINE('',#11713,#3231);
#2202=LINE('',#11715,#3232);
#2203=LINE('',#11717,#3233);
#2204=LINE('',#11719,#3234);
#2205=LINE('',#11721,#3235);
#2206=LINE('',#11723,#3236);
#2207=LINE('',#11725,#3237);
#2208=LINE('',#11727,#3238);
#2209=LINE('',#11729,#3239);
#2210=LINE('',#11731,#3240);
#2211=LINE('',#11733,#3241);
#2212=LINE('',#11735,#3242);
#2213=LINE('',#11737,#3243);
#2214=LINE('',#11739,#3244);
#2215=LINE('',#11741,#3245);
#2216=LINE('',#11743,#3246);
#2217=LINE('',#11745,#3247);
#2218=LINE('',#11747,#3248);
#2219=LINE('',#11749,#3249);
#2220=LINE('',#11751,#3250);
#2221=LINE('',#11753,#3251);
#2222=LINE('',#11755,#3252);
#2223=LINE('',#11757,#3253);
#2224=LINE('',#11759,#3254);
#2225=LINE('',#11761,#3255);
#2226=LINE('',#11763,#3256);
#2227=LINE('',#11765,#3257);
#2228=LINE('',#11768,#3258);
#2229=LINE('',#11770,#3259);
#2230=LINE('',#11772,#3260);
#2231=LINE('',#11775,#3261);
#2232=LINE('',#11777,#3262);
#2233=LINE('',#11779,#3263);
#2234=LINE('',#11781,#3264);
#2235=LINE('',#11783,#3265);
#2236=LINE('',#11785,#3266);
#2237=LINE('',#11787,#3267);
#2238=LINE('',#11789,#3268);
#2239=LINE('',#11791,#3269);
#2240=LINE('',#11793,#3270);
#2241=LINE('',#11795,#3271);
#2242=LINE('',#11797,#3272);
#2243=LINE('',#11799,#3273);
#2244=LINE('',#11801,#3274);
#2245=LINE('',#11803,#3275);
#2246=LINE('',#11805,#3276);
#2247=LINE('',#11807,#3277);
#2248=LINE('',#11809,#3278);
#2249=LINE('',#11811,#3279);
#2250=LINE('',#11813,#3280);
#2251=LINE('',#11815,#3281);
#2252=LINE('',#11817,#3282);
#2253=LINE('',#11819,#3283);
#2254=LINE('',#11821,#3284);
#2255=LINE('',#11823,#3285);
#2256=LINE('',#11825,#3286);
#2257=LINE('',#11827,#3287);
#2258=LINE('',#11829,#3288);
#2259=LINE('',#11831,#3289);
#2260=LINE('',#11833,#3290);
#2261=LINE('',#11835,#3291);
#2262=LINE('',#11837,#3292);
#2263=LINE('',#11839,#3293);
#2264=LINE('',#11841,#3294);
#2265=LINE('',#11843,#3295);
#2266=LINE('',#11845,#3296);
#2267=LINE('',#11847,#3297);
#2268=LINE('',#11849,#3298);
#2269=LINE('',#11851,#3299);
#2270=LINE('',#11853,#3300);
#2271=LINE('',#11855,#3301);
#2272=LINE('',#11857,#3302);
#2273=LINE('',#11859,#3303);
#2274=LINE('',#11861,#3304);
#2275=LINE('',#11863,#3305);
#2276=LINE('',#11865,#3306);
#2277=LINE('',#11867,#3307);
#2278=LINE('',#11869,#3308);
#2279=LINE('',#11871,#3309);
#2280=LINE('',#11873,#3310);
#2281=LINE('',#11875,#3311);
#2282=LINE('',#11877,#3312);
#2283=LINE('',#11879,#3313);
#2284=LINE('',#11881,#3314);
#2285=LINE('',#11883,#3315);
#2286=LINE('',#11885,#3316);
#2287=LINE('',#11887,#3317);
#2288=LINE('',#11889,#3318);
#2289=LINE('',#11891,#3319);
#2290=LINE('',#11893,#3320);
#2291=LINE('',#11895,#3321);
#2292=LINE('',#11897,#3322);
#2293=LINE('',#11899,#3323);
#2294=LINE('',#11901,#3324);
#2295=LINE('',#11903,#3325);
#2296=LINE('',#11905,#3326);
#2297=LINE('',#11907,#3327);
#2298=LINE('',#11909,#3328);
#2299=LINE('',#11911,#3329);
#2300=LINE('',#11913,#3330);
#2301=LINE('',#11915,#3331);
#2302=LINE('',#11917,#3332);
#2303=LINE('',#11919,#3333);
#2304=LINE('',#11921,#3334);
#2305=LINE('',#11923,#3335);
#2306=LINE('',#11925,#3336);
#2307=LINE('',#11927,#3337);
#2308=LINE('',#11929,#3338);
#2309=LINE('',#11931,#3339);
#2310=LINE('',#11933,#3340);
#2311=LINE('',#11935,#3341);
#2312=LINE('',#11937,#3342);
#2313=LINE('',#11939,#3343);
#2314=LINE('',#11941,#3344);
#2315=LINE('',#11943,#3345);
#2316=LINE('',#11945,#3346);
#2317=LINE('',#11947,#3347);
#2318=LINE('',#11949,#3348);
#2319=LINE('',#11951,#3349);
#2320=LINE('',#11953,#3350);
#2321=LINE('',#11955,#3351);
#2322=LINE('',#11957,#3352);
#2323=LINE('',#11959,#3353);
#2324=LINE('',#11961,#3354);
#2325=LINE('',#11963,#3355);
#2326=LINE('',#11965,#3356);
#2327=LINE('',#11967,#3357);
#2328=LINE('',#11969,#3358);
#2329=LINE('',#11971,#3359);
#2330=LINE('',#11973,#3360);
#2331=LINE('',#11975,#3361);
#2332=LINE('',#11977,#3362);
#2333=LINE('',#11979,#3363);
#2334=LINE('',#11981,#3364);
#2335=LINE('',#11983,#3365);
#2336=LINE('',#11985,#3366);
#2337=LINE('',#11987,#3367);
#2338=LINE('',#11989,#3368);
#2339=LINE('',#11991,#3369);
#2340=LINE('',#11993,#3370);
#2341=LINE('',#11995,#3371);
#2342=LINE('',#11997,#3372);
#2343=LINE('',#11999,#3373);
#2344=LINE('',#12001,#3374);
#2345=LINE('',#12003,#3375);
#2346=LINE('',#12005,#3376);
#2347=LINE('',#12007,#3377);
#2348=LINE('',#12009,#3378);
#2349=LINE('',#12011,#3379);
#2350=LINE('',#12013,#3380);
#2351=LINE('',#12015,#3381);
#2352=LINE('',#12017,#3382);
#2353=LINE('',#12019,#3383);
#2354=LINE('',#12021,#3384);
#2355=LINE('',#12023,#3385);
#2356=LINE('',#12025,#3386);
#2357=LINE('',#12027,#3387);
#2358=LINE('',#12029,#3388);
#2359=LINE('',#12031,#3389);
#2360=LINE('',#12033,#3390);
#2361=LINE('',#12035,#3391);
#2362=LINE('',#12042,#3392);
#2363=LINE('',#12045,#3393);
#2364=LINE('',#12047,#3394);
#2365=LINE('',#12049,#3395);
#2366=LINE('',#12051,#3396);
#2367=LINE('',#12053,#3397);
#2368=LINE('',#12055,#3398);
#2369=LINE('',#12057,#3399);
#2370=LINE('',#12059,#3400);
#2371=LINE('',#12061,#3401);
#2372=LINE('',#12063,#3402);
#2373=LINE('',#12065,#3403);
#2374=LINE('',#12067,#3404);
#2375=LINE('',#12069,#3405);
#2376=LINE('',#12071,#3406);
#2377=LINE('',#12073,#3407);
#2378=LINE('',#12075,#3408);
#2379=LINE('',#12077,#3409);
#2380=LINE('',#12079,#3410);
#2381=LINE('',#12081,#3411);
#2382=LINE('',#12083,#3412);
#2383=LINE('',#12085,#3413);
#2384=LINE('',#12087,#3414);
#2385=LINE('',#12089,#3415);
#2386=LINE('',#12091,#3416);
#2387=LINE('',#12093,#3417);
#2388=LINE('',#12095,#3418);
#2389=LINE('',#12097,#3419);
#2390=LINE('',#12099,#3420);
#2391=LINE('',#12101,#3421);
#2392=LINE('',#12103,#3422);
#2393=LINE('',#12105,#3423);
#2394=LINE('',#12107,#3424);
#2395=LINE('',#12109,#3425);
#2396=LINE('',#12111,#3426);
#2397=LINE('',#12113,#3427);
#2398=LINE('',#12115,#3428);
#2399=LINE('',#12118,#3429);
#2400=LINE('',#12120,#3430);
#2401=LINE('',#12122,#3431);
#2402=LINE('',#12124,#3432);
#2403=LINE('',#12126,#3433);
#2404=LINE('',#12129,#3434);
#2405=LINE('',#12131,#3435);
#2406=LINE('',#12133,#3436);
#2407=LINE('',#12135,#3437);
#2408=LINE('',#12137,#3438);
#2409=LINE('',#12139,#3439);
#2410=LINE('',#12141,#3440);
#2411=LINE('',#12143,#3441);
#2412=LINE('',#12145,#3442);
#2413=LINE('',#12147,#3443);
#2414=LINE('',#12149,#3444);
#2415=LINE('',#12151,#3445);
#2416=LINE('',#12153,#3446);
#2417=LINE('',#12155,#3447);
#2418=LINE('',#12157,#3448);
#2419=LINE('',#12159,#3449);
#2420=LINE('',#12161,#3450);
#2421=LINE('',#12163,#3451);
#2422=LINE('',#12165,#3452);
#2423=LINE('',#12167,#3453);
#2424=LINE('',#12169,#3454);
#2425=LINE('',#12171,#3455);
#2426=LINE('',#12173,#3456);
#2427=LINE('',#12175,#3457);
#2428=LINE('',#12177,#3458);
#2429=LINE('',#12179,#3459);
#2430=LINE('',#12181,#3460);
#2431=LINE('',#12183,#3461);
#2432=LINE('',#12185,#3462);
#2433=LINE('',#12187,#3463);
#2434=LINE('',#12189,#3464);
#2435=LINE('',#12191,#3465);
#2436=LINE('',#12193,#3466);
#2437=LINE('',#12196,#3467);
#2438=LINE('',#12198,#3468);
#2439=LINE('',#12200,#3469);
#2440=LINE('',#12202,#3470);
#2441=LINE('',#12204,#3471);
#2442=LINE('',#12206,#3472);
#2443=LINE('',#12208,#3473);
#2444=LINE('',#12210,#3474);
#2445=LINE('',#12212,#3475);
#2446=LINE('',#12214,#3476);
#2447=LINE('',#12216,#3477);
#2448=LINE('',#12218,#3478);
#2449=LINE('',#12221,#3479);
#2450=LINE('',#12223,#3480);
#2451=LINE('',#12225,#3481);
#2452=LINE('',#12227,#3482);
#2453=LINE('',#12229,#3483);
#2454=LINE('',#12231,#3484);
#2455=LINE('',#12233,#3485);
#2456=LINE('',#12235,#3486);
#2457=LINE('',#12237,#3487);
#2458=LINE('',#12239,#3488);
#2459=LINE('',#12242,#3489);
#2460=LINE('',#12244,#3490);
#2461=LINE('',#12246,#3491);
#2462=LINE('',#12248,#3492);
#2463=LINE('',#12250,#3493);
#2464=LINE('',#12252,#3494);
#2465=LINE('',#12254,#3495);
#2466=LINE('',#12256,#3496);
#2467=LINE('',#12258,#3497);
#2468=LINE('',#12260,#3498);
#2469=LINE('',#12262,#3499);
#2470=LINE('',#12264,#3500);
#2471=LINE('',#12266,#3501);
#2472=LINE('',#12268,#3502);
#2473=LINE('',#12270,#3503);
#2474=LINE('',#12272,#3504);
#2475=LINE('',#12274,#3505);
#2476=LINE('',#12276,#3506);
#2477=LINE('',#12278,#3507);
#2478=LINE('',#12280,#3508);
#2479=LINE('',#12282,#3509);
#2480=LINE('',#12284,#3510);
#2481=LINE('',#12286,#3511);
#2482=LINE('',#12288,#3512);
#2483=LINE('',#12290,#3513);
#2484=LINE('',#12292,#3514);
#2485=LINE('',#12294,#3515);
#2486=LINE('',#12296,#3516);
#2487=LINE('',#12298,#3517);
#2488=LINE('',#12300,#3518);
#2489=LINE('',#12302,#3519);
#2490=LINE('',#12304,#3520);
#2491=LINE('',#12306,#3521);
#2492=LINE('',#12308,#3522);
#2493=LINE('',#12310,#3523);
#2494=LINE('',#12312,#3524);
#2495=LINE('',#12314,#3525);
#2496=LINE('',#12316,#3526);
#2497=LINE('',#12318,#3527);
#2498=LINE('',#12320,#3528);
#2499=LINE('',#12322,#3529);
#2500=LINE('',#12324,#3530);
#2501=LINE('',#12326,#3531);
#2502=LINE('',#12328,#3532);
#2503=LINE('',#12330,#3533);
#2504=LINE('',#12332,#3534);
#2505=LINE('',#12334,#3535);
#2506=LINE('',#12336,#3536);
#2507=LINE('',#12338,#3537);
#2508=LINE('',#12340,#3538);
#2509=LINE('',#12342,#3539);
#2510=LINE('',#12344,#3540);
#2511=LINE('',#12346,#3541);
#2512=LINE('',#12348,#3542);
#2513=LINE('',#12350,#3543);
#2514=LINE('',#12352,#3544);
#2515=LINE('',#12354,#3545);
#2516=LINE('',#12356,#3546);
#2517=LINE('',#12358,#3547);
#2518=LINE('',#12360,#3548);
#2519=LINE('',#12363,#3549);
#2520=LINE('',#12365,#3550);
#2521=LINE('',#12367,#3551);
#2522=LINE('',#12369,#3552);
#2523=LINE('',#12371,#3553);
#2524=LINE('',#12373,#3554);
#2525=LINE('',#12375,#3555);
#2526=LINE('',#12377,#3556);
#2527=LINE('',#12379,#3557);
#2528=LINE('',#12381,#3558);
#2529=LINE('',#12383,#3559);
#2530=LINE('',#12385,#3560);
#2531=LINE('',#12387,#3561);
#2532=LINE('',#12389,#3562);
#2533=LINE('',#12391,#3563);
#2534=LINE('',#12393,#3564);
#2535=LINE('',#12395,#3565);
#2536=LINE('',#12397,#3566);
#2537=LINE('',#12399,#3567);
#2538=LINE('',#12401,#3568);
#2539=LINE('',#12403,#3569);
#2540=LINE('',#12405,#3570);
#2541=LINE('',#12407,#3571);
#2542=LINE('',#12409,#3572);
#2543=LINE('',#12411,#3573);
#2544=LINE('',#12413,#3574);
#2545=LINE('',#12415,#3575);
#2546=LINE('',#12417,#3576);
#2547=LINE('',#12419,#3577);
#2548=LINE('',#12421,#3578);
#2549=LINE('',#12423,#3579);
#2550=LINE('',#12425,#3580);
#2551=LINE('',#12427,#3581);
#2552=LINE('',#12429,#3582);
#2553=LINE('',#12431,#3583);
#2554=LINE('',#12433,#3584);
#2555=LINE('',#12435,#3585);
#2556=LINE('',#12437,#3586);
#2557=LINE('',#12439,#3587);
#2558=LINE('',#12441,#3588);
#2559=LINE('',#12443,#3589);
#2560=LINE('',#12445,#3590);
#2561=LINE('',#12447,#3591);
#2562=LINE('',#12449,#3592);
#2563=LINE('',#12451,#3593);
#2564=LINE('',#12453,#3594);
#2565=LINE('',#12455,#3595);
#2566=LINE('',#12457,#3596);
#2567=LINE('',#12459,#3597);
#2568=LINE('',#12461,#3598);
#2569=LINE('',#12463,#3599);
#2570=LINE('',#12465,#3600);
#2571=LINE('',#12467,#3601);
#2572=LINE('',#12469,#3602);
#2573=LINE('',#12471,#3603);
#2574=LINE('',#12473,#3604);
#2575=LINE('',#12475,#3605);
#2576=LINE('',#12477,#3606);
#2577=LINE('',#12479,#3607);
#2578=LINE('',#12481,#3608);
#2579=LINE('',#12483,#3609);
#2580=LINE('',#12485,#3610);
#2581=LINE('',#12487,#3611);
#2582=LINE('',#12489,#3612);
#2583=LINE('',#12491,#3613);
#2584=LINE('',#12493,#3614);
#2585=LINE('',#12495,#3615);
#2586=LINE('',#12497,#3616);
#2587=LINE('',#12499,#3617);
#2588=LINE('',#12501,#3618);
#2589=LINE('',#12503,#3619);
#2590=LINE('',#12505,#3620);
#2591=LINE('',#12507,#3621);
#2592=LINE('',#12509,#3622);
#2593=LINE('',#12511,#3623);
#2594=LINE('',#12513,#3624);
#2595=LINE('',#12515,#3625);
#2596=LINE('',#12517,#3626);
#2597=LINE('',#12519,#3627);
#2598=LINE('',#12524,#3628);
#2599=LINE('',#12526,#3629);
#2600=LINE('',#12528,#3630);
#2601=LINE('',#12535,#3631);
#2602=LINE('',#12536,#3632);
#2603=LINE('',#12538,#3633);
#2604=LINE('',#12545,#3634);
#2605=LINE('',#12547,#3635);
#2606=LINE('',#12554,#3636);
#2607=LINE('',#12556,#3637);
#2608=LINE('',#12560,#3638);
#2609=LINE('',#12562,#3639);
#2610=LINE('',#12564,#3640);
#2611=LINE('',#12571,#3641);
#2612=LINE('',#12576,#3642);
#2613=LINE('',#12577,#3643);
#2614=LINE('',#12579,#3644);
#2615=LINE('',#12581,#3645);
#2616=LINE('',#12583,#3646);
#2617=LINE('',#12585,#3647);
#2618=LINE('',#12587,#3648);
#2619=LINE('',#12589,#3649);
#2620=LINE('',#12591,#3650);
#2621=LINE('',#12593,#3651);
#2622=LINE('',#12595,#3652);
#2623=LINE('',#12597,#3653);
#2624=LINE('',#12599,#3654);
#2625=LINE('',#12601,#3655);
#2626=LINE('',#12603,#3656);
#2627=LINE('',#12605,#3657);
#2628=LINE('',#12607,#3658);
#2629=LINE('',#12609,#3659);
#2630=LINE('',#12611,#3660);
#2631=LINE('',#12613,#3661);
#2632=LINE('',#12615,#3662);
#2633=LINE('',#12617,#3663);
#2634=LINE('',#12619,#3664);
#2635=LINE('',#12621,#3665);
#2636=LINE('',#12623,#3666);
#2637=LINE('',#12625,#3667);
#2638=LINE('',#12627,#3668);
#2639=LINE('',#12629,#3669);
#2640=LINE('',#12631,#3670);
#2641=LINE('',#12633,#3671);
#2642=LINE('',#12635,#3672);
#2643=LINE('',#12637,#3673);
#2644=LINE('',#12639,#3674);
#2645=LINE('',#12641,#3675);
#2646=LINE('',#12643,#3676);
#2647=LINE('',#12645,#3677);
#2648=LINE('',#12648,#3678);
#2649=LINE('',#12649,#3679);
#2650=LINE('',#12651,#3680);
#2651=LINE('',#12653,#3681);
#2652=LINE('',#12655,#3682);
#2653=LINE('',#12658,#3683);
#2654=LINE('',#12663,#3684);
#2655=LINE('',#12664,#3685);
#2656=LINE('',#12668,#3686);
#2657=LINE('',#12669,#3687);
#2658=LINE('',#12671,#3688);
#2659=LINE('',#12673,#3689);
#2660=LINE('',#12675,#3690);
#2661=LINE('',#12677,#3691);
#2662=LINE('',#12679,#3692);
#2663=LINE('',#12681,#3693);
#2664=LINE('',#12683,#3694);
#2665=LINE('',#12685,#3695);
#2666=LINE('',#12687,#3696);
#2667=LINE('',#12689,#3697);
#2668=LINE('',#12691,#3698);
#2669=LINE('',#12693,#3699);
#2670=LINE('',#12695,#3700);
#2671=LINE('',#12697,#3701);
#2672=LINE('',#12699,#3702);
#2673=LINE('',#12701,#3703);
#2674=LINE('',#12703,#3704);
#2675=LINE('',#12705,#3705);
#2676=LINE('',#12707,#3706);
#2677=LINE('',#12709,#3707);
#2678=LINE('',#12711,#3708);
#2679=LINE('',#12713,#3709);
#2680=LINE('',#12715,#3710);
#2681=LINE('',#12717,#3711);
#2682=LINE('',#12719,#3712);
#2683=LINE('',#12721,#3713);
#2684=LINE('',#12723,#3714);
#2685=LINE('',#12725,#3715);
#2686=LINE('',#12727,#3716);
#2687=LINE('',#12729,#3717);
#2688=LINE('',#12731,#3718);
#2689=LINE('',#12734,#3719);
#2690=LINE('',#12735,#3720);
#2691=LINE('',#12737,#3721);
#2692=LINE('',#12739,#3722);
#2693=LINE('',#12741,#3723);
#2694=LINE('',#12743,#3724);
#2695=LINE('',#12745,#3725);
#2696=LINE('',#12747,#3726);
#2697=LINE('',#12749,#3727);
#2698=LINE('',#12751,#3728);
#2699=LINE('',#12753,#3729);
#2700=LINE('',#12755,#3730);
#2701=LINE('',#12758,#3731);
#2702=LINE('',#12759,#3732);
#2703=LINE('',#12761,#3733);
#2704=LINE('',#12763,#3734);
#2705=LINE('',#12765,#3735);
#2706=LINE('',#12767,#3736);
#2707=LINE('',#12769,#3737);
#2708=LINE('',#12771,#3738);
#2709=LINE('',#12773,#3739);
#2710=LINE('',#12775,#3740);
#2711=LINE('',#12778,#3741);
#2712=LINE('',#12779,#3742);
#2713=LINE('',#12781,#3743);
#2714=LINE('',#12783,#3744);
#2715=LINE('',#12785,#3745);
#2716=LINE('',#12787,#3746);
#2717=LINE('',#12789,#3747);
#2718=LINE('',#12791,#3748);
#2719=LINE('',#12793,#3749);
#2720=LINE('',#12795,#3750);
#2721=LINE('',#12797,#3751);
#2722=LINE('',#12799,#3752);
#2723=LINE('',#12801,#3753);
#2724=LINE('',#12803,#3754);
#2725=LINE('',#12805,#3755);
#2726=LINE('',#12807,#3756);
#2727=LINE('',#12809,#3757);
#2728=LINE('',#12811,#3758);
#2729=LINE('',#12813,#3759);
#2730=LINE('',#12815,#3760);
#2731=LINE('',#12817,#3761);
#2732=LINE('',#12819,#3762);
#2733=LINE('',#12821,#3763);
#2734=LINE('',#12823,#3764);
#2735=LINE('',#12825,#3765);
#2736=LINE('',#12827,#3766);
#2737=LINE('',#12829,#3767);
#2738=LINE('',#12831,#3768);
#2739=LINE('',#12833,#3769);
#2740=LINE('',#12835,#3770);
#2741=LINE('',#12837,#3771);
#2742=LINE('',#12839,#3772);
#2743=LINE('',#12841,#3773);
#2744=LINE('',#12843,#3774);
#2745=LINE('',#12845,#3775);
#2746=LINE('',#12847,#3776);
#2747=LINE('',#12849,#3777);
#2748=LINE('',#12851,#3778);
#2749=LINE('',#12853,#3779);
#2750=LINE('',#12855,#3780);
#2751=LINE('',#12857,#3781);
#2752=LINE('',#12859,#3782);
#2753=LINE('',#12861,#3783);
#2754=LINE('',#12863,#3784);
#2755=LINE('',#12865,#3785);
#2756=LINE('',#12867,#3786);
#2757=LINE('',#12869,#3787);
#2758=LINE('',#12871,#3788);
#2759=LINE('',#12873,#3789);
#2760=LINE('',#12875,#3790);
#2761=LINE('',#12877,#3791);
#2762=LINE('',#12879,#3792);
#2763=LINE('',#12881,#3793);
#2764=LINE('',#12883,#3794);
#2765=LINE('',#12885,#3795);
#2766=LINE('',#12887,#3796);
#2767=LINE('',#12889,#3797);
#2768=LINE('',#12891,#3798);
#2769=LINE('',#12893,#3799);
#2770=LINE('',#12895,#3800);
#2771=LINE('',#12898,#3801);
#2772=LINE('',#12899,#3802);
#2773=LINE('',#12901,#3803);
#2774=LINE('',#12903,#3804);
#2775=LINE('',#12905,#3805);
#2776=LINE('',#12907,#3806);
#2777=LINE('',#12909,#3807);
#2778=LINE('',#12911,#3808);
#2779=LINE('',#12913,#3809);
#2780=LINE('',#12915,#3810);
#2781=LINE('',#12917,#3811);
#2782=LINE('',#12919,#3812);
#2783=LINE('',#12921,#3813);
#2784=LINE('',#12923,#3814);
#2785=LINE('',#12925,#3815);
#2786=LINE('',#12927,#3816);
#2787=LINE('',#12929,#3817);
#2788=LINE('',#12931,#3818);
#2789=LINE('',#12933,#3819);
#2790=LINE('',#12935,#3820);
#2791=LINE('',#12937,#3821);
#2792=LINE('',#12939,#3822);
#2793=LINE('',#12941,#3823);
#2794=LINE('',#12943,#3824);
#2795=LINE('',#12945,#3825);
#2796=LINE('',#12947,#3826);
#2797=LINE('',#12949,#3827);
#2798=LINE('',#12951,#3828);
#2799=LINE('',#12953,#3829);
#2800=LINE('',#12955,#3830);
#2801=LINE('',#12957,#3831);
#2802=LINE('',#12959,#3832);
#2803=LINE('',#12961,#3833);
#2804=LINE('',#12963,#3834);
#2805=LINE('',#12965,#3835);
#2806=LINE('',#12967,#3836);
#2807=LINE('',#12969,#3837);
#2808=LINE('',#12971,#3838);
#2809=LINE('',#12973,#3839);
#2810=LINE('',#12975,#3840);
#2811=LINE('',#12977,#3841);
#2812=LINE('',#12979,#3842);
#2813=LINE('',#12981,#3843);
#2814=LINE('',#12983,#3844);
#2815=LINE('',#12985,#3845);
#2816=LINE('',#12987,#3846);
#2817=LINE('',#12989,#3847);
#2818=LINE('',#12991,#3848);
#2819=LINE('',#12993,#3849);
#2820=LINE('',#12995,#3850);
#2821=LINE('',#12997,#3851);
#2822=LINE('',#12999,#3852);
#2823=LINE('',#13001,#3853);
#2824=LINE('',#13003,#3854);
#2825=LINE('',#13005,#3855);
#2826=LINE('',#13007,#3856);
#2827=LINE('',#13009,#3857);
#2828=LINE('',#13011,#3858);
#2829=LINE('',#13013,#3859);
#2830=LINE('',#13015,#3860);
#2831=LINE('',#13017,#3861);
#2832=LINE('',#13019,#3862);
#2833=LINE('',#13021,#3863);
#2834=LINE('',#13023,#3864);
#2835=LINE('',#13025,#3865);
#2836=LINE('',#13027,#3866);
#2837=LINE('',#13029,#3867);
#2838=LINE('',#13031,#3868);
#2839=LINE('',#13033,#3869);
#2840=LINE('',#13035,#3870);
#2841=LINE('',#13037,#3871);
#2842=LINE('',#13039,#3872);
#2843=LINE('',#13041,#3873);
#2844=LINE('',#13043,#3874);
#2845=LINE('',#13045,#3875);
#2846=LINE('',#13047,#3876);
#2847=LINE('',#13049,#3877);
#2848=LINE('',#13051,#3878);
#2849=LINE('',#13053,#3879);
#2850=LINE('',#13055,#3880);
#2851=LINE('',#13058,#3881);
#2852=LINE('',#13072,#3882);
#2853=LINE('',#13074,#3883);
#2854=LINE('',#13076,#3884);
#2855=LINE('',#13078,#3885);
#2856=LINE('',#13080,#3886);
#2857=LINE('',#13090,#3887);
#2858=LINE('',#13092,#3888);
#2859=LINE('',#13094,#3889);
#2860=LINE('',#13097,#3890);
#2861=LINE('',#13098,#3891);
#2862=LINE('',#13100,#3892);
#2863=LINE('',#13102,#3893);
#2864=LINE('',#13111,#3894);
#2865=LINE('',#13114,#3895);
#2866=LINE('',#13142,#3896);
#2867=LINE('',#13165,#3897);
#2868=LINE('',#13198,#3898);
#2869=LINE('',#13199,#3899);
#2870=LINE('',#13201,#3900);
#2871=LINE('',#13248,#3901);
#2872=LINE('',#13273,#3902);
#2873=LINE('',#13277,#3903);
#2874=LINE('',#13285,#3904);
#2875=LINE('',#13287,#3905);
#2876=LINE('',#13308,#3906);
#2877=LINE('',#13331,#3907);
#2878=LINE('',#13364,#3908);
#2879=LINE('',#13365,#3909);
#2880=LINE('',#13367,#3910);
#2881=LINE('',#13414,#3911);
#2882=LINE('',#13439,#3912);
#2883=LINE('',#13443,#3913);
#2884=LINE('',#13449,#3914);
#2885=LINE('',#13453,#3915);
#2886=VECTOR('',#8839,1.);
#2887=VECTOR('',#8840,1.);
#2888=VECTOR('',#8841,1.);
#2889=VECTOR('',#8842,1.);
#2890=VECTOR('',#8843,1.);
#2891=VECTOR('',#8848,1.);
#2892=VECTOR('',#8849,1.);
#2893=VECTOR('',#8850,1.);
#2894=VECTOR('',#8851,1.);
#2895=VECTOR('',#8852,1.);
#2896=VECTOR('',#8857,1.);
#2897=VECTOR('',#8858,1.);
#2898=VECTOR('',#8859,1.);
#2899=VECTOR('',#8860,1.);
#2900=VECTOR('',#8863,1.);
#2901=VECTOR('',#8864,1.);
#2902=VECTOR('',#8865,1.);
#2903=VECTOR('',#8866,1.);
#2904=VECTOR('',#8869,1.);
#2905=VECTOR('',#8870,1.);
#2906=VECTOR('',#8871,1.);
#2907=VECTOR('',#8874,1.);
#2908=VECTOR('',#8877,1.);
#2909=VECTOR('',#8878,1.);
#2910=VECTOR('',#8879,1.);
#2911=VECTOR('',#8880,1.);
#2912=VECTOR('',#8881,1.);
#2913=VECTOR('',#8884,1.);
#2914=VECTOR('',#8885,1.);
#2915=VECTOR('',#8886,1.);
#2916=VECTOR('',#8887,1.);
#2917=VECTOR('',#8890,1.);
#2918=VECTOR('',#8891,1.);
#2919=VECTOR('',#8892,1.);
#2920=VECTOR('',#8893,1.);
#2921=VECTOR('',#8898,1.);
#2922=VECTOR('',#8903,1.);
#2923=VECTOR('',#8904,1.);
#2924=VECTOR('',#8907,1.);
#2925=VECTOR('',#8908,1.);
#2926=VECTOR('',#8909,1.);
#2927=VECTOR('',#8910,1.);
#2928=VECTOR('',#8911,1.);
#2929=VECTOR('',#8912,1.);
#2930=VECTOR('',#8913,1.);
#2931=VECTOR('',#8914,1.);
#2932=VECTOR('',#8915,1.);
#2933=VECTOR('',#8916,1.);
#2934=VECTOR('',#8917,1.);
#2935=VECTOR('',#8918,1.);
#2936=VECTOR('',#8919,1.);
#2937=VECTOR('',#8920,1.);
#2938=VECTOR('',#8921,1.);
#2939=VECTOR('',#8926,1.);
#2940=VECTOR('',#8927,1.);
#2941=VECTOR('',#8928,1.);
#2942=VECTOR('',#8929,1.);
#2943=VECTOR('',#8936,1.);
#2944=VECTOR('',#8941,1.);
#2945=VECTOR('',#8944,1.);
#2946=VECTOR('',#8945,1.);
#2947=VECTOR('',#8946,1.);
#2948=VECTOR('',#8949,1.);
#2949=VECTOR('',#8950,1.);
#2950=VECTOR('',#8953,1.);
#2951=VECTOR('',#8954,1.);
#2952=VECTOR('',#8957,1.);
#2953=VECTOR('',#8958,1.);
#2954=VECTOR('',#8959,1.);
#2955=VECTOR('',#8962,1.);
#2956=VECTOR('',#8963,1.);
#2957=VECTOR('',#8964,1.);
#2958=VECTOR('',#8967,1.);
#2959=VECTOR('',#8968,1.);
#2960=VECTOR('',#8969,1.);
#2961=VECTOR('',#8972,1.);
#2962=VECTOR('',#8973,1.);
#2963=VECTOR('',#8974,1.);
#2964=VECTOR('',#8977,1.);
#2965=VECTOR('',#8978,1.);
#2966=VECTOR('',#8979,1.);
#2967=VECTOR('',#8982,1.);
#2968=VECTOR('',#8983,1.);
#2969=VECTOR('',#8984,1.);
#2970=VECTOR('',#8987,1.);
#2971=VECTOR('',#8988,1.);
#2972=VECTOR('',#8989,1.);
#2973=VECTOR('',#8990,1.);
#2974=VECTOR('',#8993,1.);
#2975=VECTOR('',#8994,1.);
#2976=VECTOR('',#8995,1.);
#2977=VECTOR('',#8998,1.);
#2978=VECTOR('',#8999,1.);
#2979=VECTOR('',#9006,1.);
#2980=VECTOR('',#9009,1.);
#2981=VECTOR('',#9010,1.);
#2982=VECTOR('',#9013,1.);
#2983=VECTOR('',#9022,1.);
#2984=VECTOR('',#9025,1.);
#2985=VECTOR('',#9026,1.);
#2986=VECTOR('',#9033,1.);
#2987=VECTOR('',#9038,1.);
#2988=VECTOR('',#9041,1.);
#2989=VECTOR('',#9042,1.);
#2990=VECTOR('',#9047,1.);
#2991=VECTOR('',#9072,1.);
#2992=VECTOR('',#9073,1.);
#2993=VECTOR('',#9074,1.);
#2994=VECTOR('',#9075,1.);
#2995=VECTOR('',#9076,1.);
#2996=VECTOR('',#9077,1.);
#2997=VECTOR('',#9078,1.);
#2998=VECTOR('',#9079,1.);
#2999=VECTOR('',#9080,1.);
#3000=VECTOR('',#9081,1.);
#3001=VECTOR('',#9082,1.);
#3002=VECTOR('',#9083,1.);
#3003=VECTOR('',#9084,1.);
#3004=VECTOR('',#9085,1.);
#3005=VECTOR('',#9086,1.);
#3006=VECTOR('',#9087,1.);
#3007=VECTOR('',#9088,1.);
#3008=VECTOR('',#9089,1.);
#3009=VECTOR('',#9090,1.);
#3010=VECTOR('',#9091,1.);
#3011=VECTOR('',#9092,1.);
#3012=VECTOR('',#9093,1.);
#3013=VECTOR('',#9094,1.);
#3014=VECTOR('',#9095,1.);
#3015=VECTOR('',#9096,1.);
#3016=VECTOR('',#9097,1.);
#3017=VECTOR('',#9098,1.);
#3018=VECTOR('',#9099,1.);
#3019=VECTOR('',#9100,1.);
#3020=VECTOR('',#9101,1.);
#3021=VECTOR('',#9102,1.);
#3022=VECTOR('',#9103,1.);
#3023=VECTOR('',#9104,1.);
#3024=VECTOR('',#9105,1.);
#3025=VECTOR('',#9106,1.);
#3026=VECTOR('',#9107,1.);
#3027=VECTOR('',#9108,1.);
#3028=VECTOR('',#9109,1.);
#3029=VECTOR('',#9110,1.);
#3030=VECTOR('',#9111,1.);
#3031=VECTOR('',#9112,1.);
#3032=VECTOR('',#9113,1.);
#3033=VECTOR('',#9114,1.);
#3034=VECTOR('',#9115,1.);
#3035=VECTOR('',#9116,1.);
#3036=VECTOR('',#9117,1.);
#3037=VECTOR('',#9118,1.);
#3038=VECTOR('',#9119,1.);
#3039=VECTOR('',#9120,1.);
#3040=VECTOR('',#9121,1.);
#3041=VECTOR('',#9122,1.);
#3042=VECTOR('',#9123,1.);
#3043=VECTOR('',#9124,1.);
#3044=VECTOR('',#9125,1.);
#3045=VECTOR('',#9126,1.);
#3046=VECTOR('',#9127,1.);
#3047=VECTOR('',#9128,1.);
#3048=VECTOR('',#9129,1.);
#3049=VECTOR('',#9130,1.);
#3050=VECTOR('',#9131,1.);
#3051=VECTOR('',#9132,1.);
#3052=VECTOR('',#9133,1.);
#3053=VECTOR('',#9134,1.);
#3054=VECTOR('',#9135,1.);
#3055=VECTOR('',#9136,1.);
#3056=VECTOR('',#9137,1.);
#3057=VECTOR('',#9138,1.);
#3058=VECTOR('',#9139,1.);
#3059=VECTOR('',#9140,1.);
#3060=VECTOR('',#9141,1.);
#3061=VECTOR('',#9142,1.);
#3062=VECTOR('',#9143,1.);
#3063=VECTOR('',#9144,1.);
#3064=VECTOR('',#9145,1.);
#3065=VECTOR('',#9146,1.);
#3066=VECTOR('',#9147,1.);
#3067=VECTOR('',#9148,1.);
#3068=VECTOR('',#9149,1.);
#3069=VECTOR('',#9150,1.);
#3070=VECTOR('',#9151,1.);
#3071=VECTOR('',#9152,1.);
#3072=VECTOR('',#9153,1.);
#3073=VECTOR('',#9154,1.);
#3074=VECTOR('',#9155,1.);
#3075=VECTOR('',#9156,1.);
#3076=VECTOR('',#9157,1.);
#3077=VECTOR('',#9158,1.);
#3078=VECTOR('',#9159,1.);
#3079=VECTOR('',#9160,1.);
#3080=VECTOR('',#9161,1.);
#3081=VECTOR('',#9162,1.);
#3082=VECTOR('',#9163,1.);
#3083=VECTOR('',#9164,1.);
#3084=VECTOR('',#9165,1.);
#3085=VECTOR('',#9166,1.);
#3086=VECTOR('',#9167,1.);
#3087=VECTOR('',#9168,1.);
#3088=VECTOR('',#9169,1.);
#3089=VECTOR('',#9170,1.);
#3090=VECTOR('',#9171,1.);
#3091=VECTOR('',#9172,1.);
#3092=VECTOR('',#9173,1.);
#3093=VECTOR('',#9174,1.);
#3094=VECTOR('',#9175,1.);
#3095=VECTOR('',#9176,1.);
#3096=VECTOR('',#9177,1.);
#3097=VECTOR('',#9178,1.);
#3098=VECTOR('',#9179,1.);
#3099=VECTOR('',#9180,1.);
#3100=VECTOR('',#9181,1.);
#3101=VECTOR('',#9182,1.);
#3102=VECTOR('',#9183,1.);
#3103=VECTOR('',#9184,1.);
#3104=VECTOR('',#9185,1.);
#3105=VECTOR('',#9186,1.);
#3106=VECTOR('',#9187,1.);
#3107=VECTOR('',#9188,1.);
#3108=VECTOR('',#9189,1.);
#3109=VECTOR('',#9190,1.);
#3110=VECTOR('',#9191,1.);
#3111=VECTOR('',#9192,1.);
#3112=VECTOR('',#9193,1.);
#3113=VECTOR('',#9194,1.);
#3114=VECTOR('',#9195,1.);
#3115=VECTOR('',#9196,1.);
#3116=VECTOR('',#9197,1.);
#3117=VECTOR('',#9198,1.);
#3118=VECTOR('',#9199,1.);
#3119=VECTOR('',#9200,1.);
#3120=VECTOR('',#9201,1.);
#3121=VECTOR('',#9202,1.);
#3122=VECTOR('',#9203,1.);
#3123=VECTOR('',#9204,1.);
#3124=VECTOR('',#9205,1.);
#3125=VECTOR('',#9206,1.);
#3126=VECTOR('',#9207,1.);
#3127=VECTOR('',#9208,1.);
#3128=VECTOR('',#9209,1.);
#3129=VECTOR('',#9210,1.);
#3130=VECTOR('',#9211,1.);
#3131=VECTOR('',#9212,1.);
#3132=VECTOR('',#9213,1.);
#3133=VECTOR('',#9214,1.);
#3134=VECTOR('',#9215,1.);
#3135=VECTOR('',#9216,1.);
#3136=VECTOR('',#9217,1.);
#3137=VECTOR('',#9218,1.);
#3138=VECTOR('',#9219,1.);
#3139=VECTOR('',#9220,1.);
#3140=VECTOR('',#9221,1.);
#3141=VECTOR('',#9222,1.);
#3142=VECTOR('',#9223,1.);
#3143=VECTOR('',#9224,1.);
#3144=VECTOR('',#9225,1.);
#3145=VECTOR('',#9226,1.);
#3146=VECTOR('',#9227,1.);
#3147=VECTOR('',#9228,1.);
#3148=VECTOR('',#9229,1.);
#3149=VECTOR('',#9230,1.);
#3150=VECTOR('',#9231,1.);
#3151=VECTOR('',#9232,1.);
#3152=VECTOR('',#9233,1.);
#3153=VECTOR('',#9234,1.);
#3154=VECTOR('',#9235,1.);
#3155=VECTOR('',#9236,1.);
#3156=VECTOR('',#9237,1.);
#3157=VECTOR('',#9238,1.);
#3158=VECTOR('',#9239,1.);
#3159=VECTOR('',#9240,1.);
#3160=VECTOR('',#9241,1.);
#3161=VECTOR('',#9242,1.);
#3162=VECTOR('',#9243,1.);
#3163=VECTOR('',#9244,1.);
#3164=VECTOR('',#9245,1.);
#3165=VECTOR('',#9246,1.);
#3166=VECTOR('',#9247,1.);
#3167=VECTOR('',#9248,1.);
#3168=VECTOR('',#9249,1.);
#3169=VECTOR('',#9250,1.);
#3170=VECTOR('',#9251,1.);
#3171=VECTOR('',#9252,1.);
#3172=VECTOR('',#9253,1.);
#3173=VECTOR('',#9254,1.);
#3174=VECTOR('',#9255,1.);
#3175=VECTOR('',#9256,1.);
#3176=VECTOR('',#9257,1.);
#3177=VECTOR('',#9258,1.);
#3178=VECTOR('',#9259,1.);
#3179=VECTOR('',#9260,1.);
#3180=VECTOR('',#9261,1.);
#3181=VECTOR('',#9262,1.);
#3182=VECTOR('',#9263,1.);
#3183=VECTOR('',#9264,1.);
#3184=VECTOR('',#9265,1.);
#3185=VECTOR('',#9266,1.);
#3186=VECTOR('',#9267,1.);
#3187=VECTOR('',#9268,1.);
#3188=VECTOR('',#9269,1.);
#3189=VECTOR('',#9270,1.);
#3190=VECTOR('',#9271,1.);
#3191=VECTOR('',#9272,1.);
#3192=VECTOR('',#9273,1.);
#3193=VECTOR('',#9274,1.);
#3194=VECTOR('',#9275,1.);
#3195=VECTOR('',#9276,1.);
#3196=VECTOR('',#9277,1.);
#3197=VECTOR('',#9278,1.);
#3198=VECTOR('',#9279,1.);
#3199=VECTOR('',#9280,1.);
#3200=VECTOR('',#9281,1.);
#3201=VECTOR('',#9282,1.);
#3202=VECTOR('',#9283,1.);
#3203=VECTOR('',#9284,1.);
#3204=VECTOR('',#9285,1.);
#3205=VECTOR('',#9286,1.);
#3206=VECTOR('',#9287,1.);
#3207=VECTOR('',#9288,1.);
#3208=VECTOR('',#9289,1.);
#3209=VECTOR('',#9290,1.);
#3210=VECTOR('',#9291,1.);
#3211=VECTOR('',#9292,1.);
#3212=VECTOR('',#9293,1.);
#3213=VECTOR('',#9294,1.);
#3214=VECTOR('',#9295,1.);
#3215=VECTOR('',#9296,1.);
#3216=VECTOR('',#9297,1.);
#3217=VECTOR('',#9298,1.);
#3218=VECTOR('',#9299,1.);
#3219=VECTOR('',#9300,1.);
#3220=VECTOR('',#9301,1.);
#3221=VECTOR('',#9302,1.);
#3222=VECTOR('',#9303,1.);
#3223=VECTOR('',#9304,1.);
#3224=VECTOR('',#9305,1.);
#3225=VECTOR('',#9306,1.);
#3226=VECTOR('',#9307,1.);
#3227=VECTOR('',#9308,1.);
#3228=VECTOR('',#9309,1.);
#3229=VECTOR('',#9310,1.);
#3230=VECTOR('',#9313,1.);
#3231=VECTOR('',#9314,1.);
#3232=VECTOR('',#9315,1.);
#3233=VECTOR('',#9316,1.);
#3234=VECTOR('',#9317,1.);
#3235=VECTOR('',#9318,1.);
#3236=VECTOR('',#9319,1.);
#3237=VECTOR('',#9320,1.);
#3238=VECTOR('',#9321,1.);
#3239=VECTOR('',#9322,1.);
#3240=VECTOR('',#9323,1.);
#3241=VECTOR('',#9324,1.);
#3242=VECTOR('',#9325,1.);
#3243=VECTOR('',#9326,1.);
#3244=VECTOR('',#9327,1.);
#3245=VECTOR('',#9328,1.);
#3246=VECTOR('',#9329,1.);
#3247=VECTOR('',#9330,1.);
#3248=VECTOR('',#9331,1.);
#3249=VECTOR('',#9332,1.);
#3250=VECTOR('',#9333,1.);
#3251=VECTOR('',#9334,1.);
#3252=VECTOR('',#9335,1.);
#3253=VECTOR('',#9336,1.);
#3254=VECTOR('',#9337,1.);
#3255=VECTOR('',#9338,1.);
#3256=VECTOR('',#9339,1.);
#3257=VECTOR('',#9342,1.);
#3258=VECTOR('',#9343,1.);
#3259=VECTOR('',#9344,1.);
#3260=VECTOR('',#9347,1.);
#3261=VECTOR('',#9348,1.);
#3262=VECTOR('',#9349,1.);
#3263=VECTOR('',#9350,1.);
#3264=VECTOR('',#9351,1.);
#3265=VECTOR('',#9352,1.);
#3266=VECTOR('',#9353,1.);
#3267=VECTOR('',#9354,1.);
#3268=VECTOR('',#9355,1.);
#3269=VECTOR('',#9356,1.);
#3270=VECTOR('',#9357,1.);
#3271=VECTOR('',#9358,1.);
#3272=VECTOR('',#9359,1.);
#3273=VECTOR('',#9360,1.);
#3274=VECTOR('',#9361,1.);
#3275=VECTOR('',#9362,1.);
#3276=VECTOR('',#9363,1.);
#3277=VECTOR('',#9364,1.);
#3278=VECTOR('',#9365,1.);
#3279=VECTOR('',#9366,1.);
#3280=VECTOR('',#9367,1.);
#3281=VECTOR('',#9368,1.);
#3282=VECTOR('',#9369,1.);
#3283=VECTOR('',#9370,1.);
#3284=VECTOR('',#9373,1.);
#3285=VECTOR('',#9374,1.);
#3286=VECTOR('',#9375,1.);
#3287=VECTOR('',#9378,1.);
#3288=VECTOR('',#9379,1.);
#3289=VECTOR('',#9382,1.);
#3290=VECTOR('',#9383,1.);
#3291=VECTOR('',#9386,1.);
#3292=VECTOR('',#9387,1.);
#3293=VECTOR('',#9390,1.);
#3294=VECTOR('',#9391,1.);
#3295=VECTOR('',#9394,1.);
#3296=VECTOR('',#9395,1.);
#3297=VECTOR('',#9398,1.);
#3298=VECTOR('',#9399,1.);
#3299=VECTOR('',#9402,1.);
#3300=VECTOR('',#9403,1.);
#3301=VECTOR('',#9406,1.);
#3302=VECTOR('',#9407,1.);
#3303=VECTOR('',#9410,1.);
#3304=VECTOR('',#9411,1.);
#3305=VECTOR('',#9414,1.);
#3306=VECTOR('',#9415,1.);
#3307=VECTOR('',#9418,1.);
#3308=VECTOR('',#9419,1.);
#3309=VECTOR('',#9422,1.);
#3310=VECTOR('',#9423,1.);
#3311=VECTOR('',#9426,1.);
#3312=VECTOR('',#9427,1.);
#3313=VECTOR('',#9430,1.);
#3314=VECTOR('',#9431,1.);
#3315=VECTOR('',#9434,1.);
#3316=VECTOR('',#9435,1.);
#3317=VECTOR('',#9438,1.);
#3318=VECTOR('',#9439,1.);
#3319=VECTOR('',#9442,1.);
#3320=VECTOR('',#9443,1.);
#3321=VECTOR('',#9446,1.);
#3322=VECTOR('',#9447,1.);
#3323=VECTOR('',#9450,1.);
#3324=VECTOR('',#9451,1.);
#3325=VECTOR('',#9454,1.);
#3326=VECTOR('',#9455,1.);
#3327=VECTOR('',#9458,1.);
#3328=VECTOR('',#9459,1.);
#3329=VECTOR('',#9462,1.);
#3330=VECTOR('',#9463,1.);
#3331=VECTOR('',#9466,1.);
#3332=VECTOR('',#9467,1.);
#3333=VECTOR('',#9470,1.);
#3334=VECTOR('',#9471,1.);
#3335=VECTOR('',#9474,1.);
#3336=VECTOR('',#9475,1.);
#3337=VECTOR('',#9478,1.);
#3338=VECTOR('',#9481,1.);
#3339=VECTOR('',#9482,1.);
#3340=VECTOR('',#9483,1.);
#3341=VECTOR('',#9486,1.);
#3342=VECTOR('',#9487,1.);
#3343=VECTOR('',#9490,1.);
#3344=VECTOR('',#9493,1.);
#3345=VECTOR('',#9494,1.);
#3346=VECTOR('',#9495,1.);
#3347=VECTOR('',#9498,1.);
#3348=VECTOR('',#9499,1.);
#3349=VECTOR('',#9502,1.);
#3350=VECTOR('',#9503,1.);
#3351=VECTOR('',#9506,1.);
#3352=VECTOR('',#9507,1.);
#3353=VECTOR('',#9510,1.);
#3354=VECTOR('',#9511,1.);
#3355=VECTOR('',#9514,1.);
#3356=VECTOR('',#9515,1.);
#3357=VECTOR('',#9518,1.);
#3358=VECTOR('',#9519,1.);
#3359=VECTOR('',#9522,1.);
#3360=VECTOR('',#9523,1.);
#3361=VECTOR('',#9526,1.);
#3362=VECTOR('',#9527,1.);
#3363=VECTOR('',#9530,1.);
#3364=VECTOR('',#9531,1.);
#3365=VECTOR('',#9534,1.);
#3366=VECTOR('',#9535,1.);
#3367=VECTOR('',#9538,1.);
#3368=VECTOR('',#9539,1.);
#3369=VECTOR('',#9542,1.);
#3370=VECTOR('',#9543,1.);
#3371=VECTOR('',#9546,1.);
#3372=VECTOR('',#9547,1.);
#3373=VECTOR('',#9550,1.);
#3374=VECTOR('',#9551,1.);
#3375=VECTOR('',#9554,1.);
#3376=VECTOR('',#9555,1.);
#3377=VECTOR('',#9558,1.);
#3378=VECTOR('',#9559,1.);
#3379=VECTOR('',#9562,1.);
#3380=VECTOR('',#9563,1.);
#3381=VECTOR('',#9566,1.);
#3382=VECTOR('',#9567,1.);
#3383=VECTOR('',#9570,1.);
#3384=VECTOR('',#9571,1.);
#3385=VECTOR('',#9574,1.);
#3386=VECTOR('',#9575,1.);
#3387=VECTOR('',#9578,1.);
#3388=VECTOR('',#9579,1.);
#3389=VECTOR('',#9582,1.);
#3390=VECTOR('',#9583,1.);
#3391=VECTOR('',#9586,1.);
#3392=VECTOR('',#9595,1.);
#3393=VECTOR('',#9596,1.);
#3394=VECTOR('',#9597,1.);
#3395=VECTOR('',#9598,1.);
#3396=VECTOR('',#9599,1.);
#3397=VECTOR('',#9600,1.);
#3398=VECTOR('',#9601,1.);
#3399=VECTOR('',#9602,1.);
#3400=VECTOR('',#9603,1.);
#3401=VECTOR('',#9604,1.);
#3402=VECTOR('',#9605,1.);
#3403=VECTOR('',#9606,1.);
#3404=VECTOR('',#9607,1.);
#3405=VECTOR('',#9608,1.);
#3406=VECTOR('',#9609,1.);
#3407=VECTOR('',#9610,1.);
#3408=VECTOR('',#9611,1.);
#3409=VECTOR('',#9612,1.);
#3410=VECTOR('',#9613,1.);
#3411=VECTOR('',#9614,1.);
#3412=VECTOR('',#9615,1.);
#3413=VECTOR('',#9616,1.);
#3414=VECTOR('',#9617,1.);
#3415=VECTOR('',#9618,1.);
#3416=VECTOR('',#9619,1.);
#3417=VECTOR('',#9620,1.);
#3418=VECTOR('',#9621,1.);
#3419=VECTOR('',#9622,1.);
#3420=VECTOR('',#9623,1.);
#3421=VECTOR('',#9624,1.);
#3422=VECTOR('',#9625,1.);
#3423=VECTOR('',#9626,1.);
#3424=VECTOR('',#9627,1.);
#3425=VECTOR('',#9628,1.);
#3426=VECTOR('',#9629,1.);
#3427=VECTOR('',#9630,1.);
#3428=VECTOR('',#9633,1.);
#3429=VECTOR('',#9634,1.);
#3430=VECTOR('',#9635,1.);
#3431=VECTOR('',#9636,1.);
#3432=VECTOR('',#9637,1.);
#3433=VECTOR('',#9640,1.);
#3434=VECTOR('',#9641,1.);
#3435=VECTOR('',#9642,1.);
#3436=VECTOR('',#9643,1.);
#3437=VECTOR('',#9644,1.);
#3438=VECTOR('',#9645,1.);
#3439=VECTOR('',#9646,1.);
#3440=VECTOR('',#9647,1.);
#3441=VECTOR('',#9648,1.);
#3442=VECTOR('',#9649,1.);
#3443=VECTOR('',#9650,1.);
#3444=VECTOR('',#9651,1.);
#3445=VECTOR('',#9652,1.);
#3446=VECTOR('',#9653,1.);
#3447=VECTOR('',#9654,1.);
#3448=VECTOR('',#9655,1.);
#3449=VECTOR('',#9656,1.);
#3450=VECTOR('',#9657,1.);
#3451=VECTOR('',#9658,1.);
#3452=VECTOR('',#9659,1.);
#3453=VECTOR('',#9660,1.);
#3454=VECTOR('',#9661,1.);
#3455=VECTOR('',#9662,1.);
#3456=VECTOR('',#9663,1.);
#3457=VECTOR('',#9664,1.);
#3458=VECTOR('',#9665,1.);
#3459=VECTOR('',#9666,1.);
#3460=VECTOR('',#9667,1.);
#3461=VECTOR('',#9668,1.);
#3462=VECTOR('',#9669,1.);
#3463=VECTOR('',#9670,1.);
#3464=VECTOR('',#9671,1.);
#3465=VECTOR('',#9672,1.);
#3466=VECTOR('',#9675,1.);
#3467=VECTOR('',#9676,1.);
#3468=VECTOR('',#9677,1.);
#3469=VECTOR('',#9678,1.);
#3470=VECTOR('',#9679,1.);
#3471=VECTOR('',#9680,1.);
#3472=VECTOR('',#9681,1.);
#3473=VECTOR('',#9682,1.);
#3474=VECTOR('',#9683,1.);
#3475=VECTOR('',#9684,1.);
#3476=VECTOR('',#9685,1.);
#3477=VECTOR('',#9686,1.);
#3478=VECTOR('',#9689,1.);
#3479=VECTOR('',#9690,1.);
#3480=VECTOR('',#9691,1.);
#3481=VECTOR('',#9692,1.);
#3482=VECTOR('',#9693,1.);
#3483=VECTOR('',#9694,1.);
#3484=VECTOR('',#9695,1.);
#3485=VECTOR('',#9696,1.);
#3486=VECTOR('',#9697,1.);
#3487=VECTOR('',#9698,1.);
#3488=VECTOR('',#9701,1.);
#3489=VECTOR('',#9702,1.);
#3490=VECTOR('',#9703,1.);
#3491=VECTOR('',#9704,1.);
#3492=VECTOR('',#9705,1.);
#3493=VECTOR('',#9706,1.);
#3494=VECTOR('',#9707,1.);
#3495=VECTOR('',#9708,1.);
#3496=VECTOR('',#9709,1.);
#3497=VECTOR('',#9710,1.);
#3498=VECTOR('',#9711,1.);
#3499=VECTOR('',#9712,1.);
#3500=VECTOR('',#9713,1.);
#3501=VECTOR('',#9714,1.);
#3502=VECTOR('',#9715,1.);
#3503=VECTOR('',#9716,1.);
#3504=VECTOR('',#9717,1.);
#3505=VECTOR('',#9718,1.);
#3506=VECTOR('',#9719,1.);
#3507=VECTOR('',#9720,1.);
#3508=VECTOR('',#9721,1.);
#3509=VECTOR('',#9722,1.);
#3510=VECTOR('',#9723,1.);
#3511=VECTOR('',#9724,1.);
#3512=VECTOR('',#9725,1.);
#3513=VECTOR('',#9726,1.);
#3514=VECTOR('',#9727,1.);
#3515=VECTOR('',#9728,1.);
#3516=VECTOR('',#9729,1.);
#3517=VECTOR('',#9730,1.);
#3518=VECTOR('',#9731,1.);
#3519=VECTOR('',#9732,1.);
#3520=VECTOR('',#9733,1.);
#3521=VECTOR('',#9734,1.);
#3522=VECTOR('',#9735,1.);
#3523=VECTOR('',#9736,1.);
#3524=VECTOR('',#9737,1.);
#3525=VECTOR('',#9738,1.);
#3526=VECTOR('',#9739,1.);
#3527=VECTOR('',#9740,1.);
#3528=VECTOR('',#9741,1.);
#3529=VECTOR('',#9742,1.);
#3530=VECTOR('',#9743,1.);
#3531=VECTOR('',#9744,1.);
#3532=VECTOR('',#9745,1.);
#3533=VECTOR('',#9746,1.);
#3534=VECTOR('',#9747,1.);
#3535=VECTOR('',#9748,1.);
#3536=VECTOR('',#9749,1.);
#3537=VECTOR('',#9750,1.);
#3538=VECTOR('',#9751,1.);
#3539=VECTOR('',#9752,1.);
#3540=VECTOR('',#9753,1.);
#3541=VECTOR('',#9754,1.);
#3542=VECTOR('',#9755,1.);
#3543=VECTOR('',#9756,1.);
#3544=VECTOR('',#9757,1.);
#3545=VECTOR('',#9758,1.);
#3546=VECTOR('',#9759,1.);
#3547=VECTOR('',#9760,1.);
#3548=VECTOR('',#9763,1.);
#3549=VECTOR('',#9764,1.);
#3550=VECTOR('',#9765,1.);
#3551=VECTOR('',#9766,1.);
#3552=VECTOR('',#9767,1.);
#3553=VECTOR('',#9768,1.);
#3554=VECTOR('',#9769,1.);
#3555=VECTOR('',#9770,1.);
#3556=VECTOR('',#9771,1.);
#3557=VECTOR('',#9772,1.);
#3558=VECTOR('',#9773,1.);
#3559=VECTOR('',#9774,1.);
#3560=VECTOR('',#9775,1.);
#3561=VECTOR('',#9776,1.);
#3562=VECTOR('',#9777,1.);
#3563=VECTOR('',#9778,1.);
#3564=VECTOR('',#9779,1.);
#3565=VECTOR('',#9780,1.);
#3566=VECTOR('',#9781,1.);
#3567=VECTOR('',#9782,1.);
#3568=VECTOR('',#9783,1.);
#3569=VECTOR('',#9784,1.);
#3570=VECTOR('',#9785,1.);
#3571=VECTOR('',#9786,1.);
#3572=VECTOR('',#9787,1.);
#3573=VECTOR('',#9788,1.);
#3574=VECTOR('',#9789,1.);
#3575=VECTOR('',#9790,1.);
#3576=VECTOR('',#9791,1.);
#3577=VECTOR('',#9792,1.);
#3578=VECTOR('',#9793,1.);
#3579=VECTOR('',#9794,1.);
#3580=VECTOR('',#9795,1.);
#3581=VECTOR('',#9796,1.);
#3582=VECTOR('',#9797,1.);
#3583=VECTOR('',#9798,1.);
#3584=VECTOR('',#9799,1.);
#3585=VECTOR('',#9800,1.);
#3586=VECTOR('',#9801,1.);
#3587=VECTOR('',#9802,1.);
#3588=VECTOR('',#9803,1.);
#3589=VECTOR('',#9804,1.);
#3590=VECTOR('',#9805,1.);
#3591=VECTOR('',#9806,1.);
#3592=VECTOR('',#9807,1.);
#3593=VECTOR('',#9808,1.);
#3594=VECTOR('',#9809,1.);
#3595=VECTOR('',#9810,1.);
#3596=VECTOR('',#9811,1.);
#3597=VECTOR('',#9812,1.);
#3598=VECTOR('',#9813,1.);
#3599=VECTOR('',#9814,1.);
#3600=VECTOR('',#9815,1.);
#3601=VECTOR('',#9816,1.);
#3602=VECTOR('',#9817,1.);
#3603=VECTOR('',#9818,1.);
#3604=VECTOR('',#9819,1.);
#3605=VECTOR('',#9820,1.);
#3606=VECTOR('',#9821,1.);
#3607=VECTOR('',#9822,1.);
#3608=VECTOR('',#9823,1.);
#3609=VECTOR('',#9824,1.);
#3610=VECTOR('',#9825,1.);
#3611=VECTOR('',#9826,1.);
#3612=VECTOR('',#9827,1.);
#3613=VECTOR('',#9828,1.);
#3614=VECTOR('',#9829,1.);
#3615=VECTOR('',#9830,1.);
#3616=VECTOR('',#9831,1.);
#3617=VECTOR('',#9832,1.);
#3618=VECTOR('',#9833,1.);
#3619=VECTOR('',#9834,1.);
#3620=VECTOR('',#9835,1.);
#3621=VECTOR('',#9836,1.);
#3622=VECTOR('',#9837,1.);
#3623=VECTOR('',#9838,1.);
#3624=VECTOR('',#9839,1.);
#3625=VECTOR('',#9840,1.);
#3626=VECTOR('',#9841,1.);
#3627=VECTOR('',#9842,1.);
#3628=VECTOR('',#9847,1.);
#3629=VECTOR('',#9848,1.);
#3630=VECTOR('',#9849,1.);
#3631=VECTOR('',#9852,1.);
#3632=VECTOR('',#9853,1.);
#3633=VECTOR('',#9856,1.);
#3634=VECTOR('',#9857,1.);
#3635=VECTOR('',#9860,1.);
#3636=VECTOR('',#9861,1.);
#3637=VECTOR('',#9862,1.);
#3638=VECTOR('',#9867,1.);
#3639=VECTOR('',#9868,1.);
#3640=VECTOR('',#9871,1.);
#3641=VECTOR('',#9872,1.);
#3642=VECTOR('',#9879,1.);
#3643=VECTOR('',#9880,1.);
#3644=VECTOR('',#9883,1.);
#3645=VECTOR('',#9886,1.);
#3646=VECTOR('',#9889,1.);
#3647=VECTOR('',#9892,1.);
#3648=VECTOR('',#9895,1.);
#3649=VECTOR('',#9898,1.);
#3650=VECTOR('',#9901,1.);
#3651=VECTOR('',#9904,1.);
#3652=VECTOR('',#9907,1.);
#3653=VECTOR('',#9910,1.);
#3654=VECTOR('',#9913,1.);
#3655=VECTOR('',#9916,1.);
#3656=VECTOR('',#9919,1.);
#3657=VECTOR('',#9922,1.);
#3658=VECTOR('',#9925,1.);
#3659=VECTOR('',#9928,1.);
#3660=VECTOR('',#9931,1.);
#3661=VECTOR('',#9934,1.);
#3662=VECTOR('',#9937,1.);
#3663=VECTOR('',#9940,1.);
#3664=VECTOR('',#9943,1.);
#3665=VECTOR('',#9946,1.);
#3666=VECTOR('',#9949,1.);
#3667=VECTOR('',#9952,1.);
#3668=VECTOR('',#9955,1.);
#3669=VECTOR('',#9958,1.);
#3670=VECTOR('',#9961,1.);
#3671=VECTOR('',#9964,1.);
#3672=VECTOR('',#9967,1.);
#3673=VECTOR('',#9970,1.);
#3674=VECTOR('',#9973,1.);
#3675=VECTOR('',#9976,1.);
#3676=VECTOR('',#9979,1.);
#3677=VECTOR('',#9982,1.);
#3678=VECTOR('',#9987,1.);
#3679=VECTOR('',#9988,1.);
#3680=VECTOR('',#9991,1.);
#3681=VECTOR('',#9994,1.);
#3682=VECTOR('',#9997,1.);
#3683=VECTOR('',#10002,1.);
#3684=VECTOR('',#10005,1.);
#3685=VECTOR('',#10006,1.);
#3686=VECTOR('',#10011,1.);
#3687=VECTOR('',#10012,1.);
#3688=VECTOR('',#10015,1.);
#3689=VECTOR('',#10018,1.);
#3690=VECTOR('',#10021,1.);
#3691=VECTOR('',#10024,1.);
#3692=VECTOR('',#10027,1.);
#3693=VECTOR('',#10030,1.);
#3694=VECTOR('',#10033,1.);
#3695=VECTOR('',#10036,1.);
#3696=VECTOR('',#10039,1.);
#3697=VECTOR('',#10042,1.);
#3698=VECTOR('',#10045,1.);
#3699=VECTOR('',#10048,1.);
#3700=VECTOR('',#10051,1.);
#3701=VECTOR('',#10054,1.);
#3702=VECTOR('',#10057,1.);
#3703=VECTOR('',#10060,1.);
#3704=VECTOR('',#10063,1.);
#3705=VECTOR('',#10066,1.);
#3706=VECTOR('',#10069,1.);
#3707=VECTOR('',#10072,1.);
#3708=VECTOR('',#10075,1.);
#3709=VECTOR('',#10078,1.);
#3710=VECTOR('',#10081,1.);
#3711=VECTOR('',#10084,1.);
#3712=VECTOR('',#10087,1.);
#3713=VECTOR('',#10090,1.);
#3714=VECTOR('',#10093,1.);
#3715=VECTOR('',#10096,1.);
#3716=VECTOR('',#10099,1.);
#3717=VECTOR('',#10102,1.);
#3718=VECTOR('',#10105,1.);
#3719=VECTOR('',#10110,1.);
#3720=VECTOR('',#10111,1.);
#3721=VECTOR('',#10114,1.);
#3722=VECTOR('',#10117,1.);
#3723=VECTOR('',#10120,1.);
#3724=VECTOR('',#10123,1.);
#3725=VECTOR('',#10126,1.);
#3726=VECTOR('',#10129,1.);
#3727=VECTOR('',#10132,1.);
#3728=VECTOR('',#10135,1.);
#3729=VECTOR('',#10138,1.);
#3730=VECTOR('',#10141,1.);
#3731=VECTOR('',#10146,1.);
#3732=VECTOR('',#10147,1.);
#3733=VECTOR('',#10150,1.);
#3734=VECTOR('',#10153,1.);
#3735=VECTOR('',#10156,1.);
#3736=VECTOR('',#10159,1.);
#3737=VECTOR('',#10162,1.);
#3738=VECTOR('',#10165,1.);
#3739=VECTOR('',#10168,1.);
#3740=VECTOR('',#10171,1.);
#3741=VECTOR('',#10176,1.);
#3742=VECTOR('',#10177,1.);
#3743=VECTOR('',#10180,1.);
#3744=VECTOR('',#10183,1.);
#3745=VECTOR('',#10186,1.);
#3746=VECTOR('',#10189,1.);
#3747=VECTOR('',#10192,1.);
#3748=VECTOR('',#10195,1.);
#3749=VECTOR('',#10198,1.);
#3750=VECTOR('',#10201,1.);
#3751=VECTOR('',#10204,1.);
#3752=VECTOR('',#10207,1.);
#3753=VECTOR('',#10210,1.);
#3754=VECTOR('',#10213,1.);
#3755=VECTOR('',#10216,1.);
#3756=VECTOR('',#10219,1.);
#3757=VECTOR('',#10222,1.);
#3758=VECTOR('',#10225,1.);
#3759=VECTOR('',#10228,1.);
#3760=VECTOR('',#10231,1.);
#3761=VECTOR('',#10234,1.);
#3762=VECTOR('',#10237,1.);
#3763=VECTOR('',#10240,1.);
#3764=VECTOR('',#10243,1.);
#3765=VECTOR('',#10246,1.);
#3766=VECTOR('',#10249,1.);
#3767=VECTOR('',#10252,1.);
#3768=VECTOR('',#10255,1.);
#3769=VECTOR('',#10258,1.);
#3770=VECTOR('',#10261,1.);
#3771=VECTOR('',#10264,1.);
#3772=VECTOR('',#10267,1.);
#3773=VECTOR('',#10270,1.);
#3774=VECTOR('',#10273,1.);
#3775=VECTOR('',#10276,1.);
#3776=VECTOR('',#10279,1.);
#3777=VECTOR('',#10282,1.);
#3778=VECTOR('',#10285,1.);
#3779=VECTOR('',#10288,1.);
#3780=VECTOR('',#10291,1.);
#3781=VECTOR('',#10294,1.);
#3782=VECTOR('',#10297,1.);
#3783=VECTOR('',#10300,1.);
#3784=VECTOR('',#10303,1.);
#3785=VECTOR('',#10306,1.);
#3786=VECTOR('',#10309,1.);
#3787=VECTOR('',#10312,1.);
#3788=VECTOR('',#10315,1.);
#3789=VECTOR('',#10318,1.);
#3790=VECTOR('',#10321,1.);
#3791=VECTOR('',#10324,1.);
#3792=VECTOR('',#10327,1.);
#3793=VECTOR('',#10330,1.);
#3794=VECTOR('',#10333,1.);
#3795=VECTOR('',#10336,1.);
#3796=VECTOR('',#10339,1.);
#3797=VECTOR('',#10342,1.);
#3798=VECTOR('',#10345,1.);
#3799=VECTOR('',#10348,1.);
#3800=VECTOR('',#10351,1.);
#3801=VECTOR('',#10356,1.);
#3802=VECTOR('',#10357,1.);
#3803=VECTOR('',#10360,1.);
#3804=VECTOR('',#10363,1.);
#3805=VECTOR('',#10366,1.);
#3806=VECTOR('',#10369,1.);
#3807=VECTOR('',#10372,1.);
#3808=VECTOR('',#10375,1.);
#3809=VECTOR('',#10378,1.);
#3810=VECTOR('',#10381,1.);
#3811=VECTOR('',#10384,1.);
#3812=VECTOR('',#10387,1.);
#3813=VECTOR('',#10390,1.);
#3814=VECTOR('',#10393,1.);
#3815=VECTOR('',#10396,1.);
#3816=VECTOR('',#10399,1.);
#3817=VECTOR('',#10402,1.);
#3818=VECTOR('',#10405,1.);
#3819=VECTOR('',#10408,1.);
#3820=VECTOR('',#10411,1.);
#3821=VECTOR('',#10414,1.);
#3822=VECTOR('',#10417,1.);
#3823=VECTOR('',#10420,1.);
#3824=VECTOR('',#10423,1.);
#3825=VECTOR('',#10426,1.);
#3826=VECTOR('',#10429,1.);
#3827=VECTOR('',#10432,1.);
#3828=VECTOR('',#10435,1.);
#3829=VECTOR('',#10438,1.);
#3830=VECTOR('',#10441,1.);
#3831=VECTOR('',#10444,1.);
#3832=VECTOR('',#10447,1.);
#3833=VECTOR('',#10450,1.);
#3834=VECTOR('',#10453,1.);
#3835=VECTOR('',#10456,1.);
#3836=VECTOR('',#10459,1.);
#3837=VECTOR('',#10462,1.);
#3838=VECTOR('',#10465,1.);
#3839=VECTOR('',#10468,1.);
#3840=VECTOR('',#10471,1.);
#3841=VECTOR('',#10474,1.);
#3842=VECTOR('',#10477,1.);
#3843=VECTOR('',#10480,1.);
#3844=VECTOR('',#10483,1.);
#3845=VECTOR('',#10486,1.);
#3846=VECTOR('',#10489,1.);
#3847=VECTOR('',#10492,1.);
#3848=VECTOR('',#10495,1.);
#3849=VECTOR('',#10498,1.);
#3850=VECTOR('',#10501,1.);
#3851=VECTOR('',#10504,1.);
#3852=VECTOR('',#10507,1.);
#3853=VECTOR('',#10510,1.);
#3854=VECTOR('',#10513,1.);
#3855=VECTOR('',#10516,1.);
#3856=VECTOR('',#10519,1.);
#3857=VECTOR('',#10522,1.);
#3858=VECTOR('',#10525,1.);
#3859=VECTOR('',#10528,1.);
#3860=VECTOR('',#10531,1.);
#3861=VECTOR('',#10534,1.);
#3862=VECTOR('',#10537,1.);
#3863=VECTOR('',#10540,1.);
#3864=VECTOR('',#10543,1.);
#3865=VECTOR('',#10546,1.);
#3866=VECTOR('',#10549,1.);
#3867=VECTOR('',#10552,1.);
#3868=VECTOR('',#10555,1.);
#3869=VECTOR('',#10558,1.);
#3870=VECTOR('',#10561,1.);
#3871=VECTOR('',#10564,1.);
#3872=VECTOR('',#10567,1.);
#3873=VECTOR('',#10570,1.);
#3874=VECTOR('',#10573,1.);
#3875=VECTOR('',#10576,1.);
#3876=VECTOR('',#10579,1.);
#3877=VECTOR('',#10582,1.);
#3878=VECTOR('',#10585,1.);
#3879=VECTOR('',#10588,1.);
#3880=VECTOR('',#10591,1.);
#3881=VECTOR('',#10596,1.);
#3882=VECTOR('',#10599,1.);
#3883=VECTOR('',#10602,1.);
#3884=VECTOR('',#10605,1.);
#3885=VECTOR('',#10608,1.);
#3886=VECTOR('',#10611,1.);
#3887=VECTOR('',#10616,1.);
#3888=VECTOR('',#10617,1.);
#3889=VECTOR('',#10620,1.);
#3890=VECTOR('',#10621,1.);
#3891=VECTOR('',#10622,1.);
#3892=VECTOR('',#10625,1.);
#3893=VECTOR('',#10628,1.);
#3894=VECTOR('',#10631,1.);
#3895=VECTOR('',#10636,1.);
#3896=VECTOR('',#10677,1.);
#3897=VECTOR('',#10684,1.);
#3898=VECTOR('',#10711,1.);
#3899=VECTOR('',#10712,1.);
#3900=VECTOR('',#10715,1.);
#3901=VECTOR('',#10724,1.);
#3902=VECTOR('',#10743,1.);
#3903=VECTOR('',#10746,1.);
#3904=VECTOR('',#10759,1.);
#3905=VECTOR('',#10762,1.);
#3906=VECTOR('',#10795,1.);
#3907=VECTOR('',#10802,1.);
#3908=VECTOR('',#10829,1.);
#3909=VECTOR('',#10830,1.);
#3910=VECTOR('',#10833,1.);
#3911=VECTOR('',#10842,1.);
#3912=VECTOR('',#10861,1.);
#3913=VECTOR('',#10866,1.);
#3914=VECTOR('',#10877,1.);
#3915=VECTOR('',#10880,1.);
#3916=ORIENTED_EDGE('',*,*,#7034,.T.);
#3917=ORIENTED_EDGE('',*,*,#7035,.T.);
#3918=ORIENTED_EDGE('',*,*,#7036,.F.);
#3919=ORIENTED_EDGE('',*,*,#7037,.T.);
#3920=ORIENTED_EDGE('',*,*,#7038,.F.);
#3921=ORIENTED_EDGE('',*,*,#7039,.T.);
#3922=ORIENTED_EDGE('',*,*,#7040,.F.);
#3923=ORIENTED_EDGE('',*,*,#7041,.F.);
#3924=ORIENTED_EDGE('',*,*,#7042,.F.);
#3925=ORIENTED_EDGE('',*,*,#7043,.F.);
#3926=ORIENTED_EDGE('',*,*,#7044,.F.);
#3927=ORIENTED_EDGE('',*,*,#7045,.F.);
#3928=ORIENTED_EDGE('',*,*,#7046,.F.);
#3929=ORIENTED_EDGE('',*,*,#7047,.F.);
#3930=ORIENTED_EDGE('',*,*,#7048,.F.);
#3931=ORIENTED_EDGE('',*,*,#7049,.T.);
#3932=ORIENTED_EDGE('',*,*,#7050,.T.);
#3933=ORIENTED_EDGE('',*,*,#7051,.F.);
#3934=ORIENTED_EDGE('',*,*,#7052,.F.);
#3935=ORIENTED_EDGE('',*,*,#7053,.T.);
#3936=ORIENTED_EDGE('',*,*,#7054,.T.);
#3937=ORIENTED_EDGE('',*,*,#7055,.F.);
#3938=ORIENTED_EDGE('',*,*,#7056,.T.);
#3939=ORIENTED_EDGE('',*,*,#7057,.F.);
#3940=ORIENTED_EDGE('',*,*,#7058,.T.);
#3941=ORIENTED_EDGE('',*,*,#7059,.T.);
#3942=ORIENTED_EDGE('',*,*,#7060,.T.);
#3943=ORIENTED_EDGE('',*,*,#7061,.T.);
#3944=ORIENTED_EDGE('',*,*,#7062,.T.);
#3945=ORIENTED_EDGE('',*,*,#7063,.F.);
#3946=ORIENTED_EDGE('',*,*,#7064,.F.);
#3947=ORIENTED_EDGE('',*,*,#7065,.T.);
#3948=ORIENTED_EDGE('',*,*,#7066,.T.);
#3949=ORIENTED_EDGE('',*,*,#7067,.T.);
#3950=ORIENTED_EDGE('',*,*,#7068,.T.);
#3951=ORIENTED_EDGE('',*,*,#7069,.F.);
#3952=ORIENTED_EDGE('',*,*,#7070,.F.);
#3953=ORIENTED_EDGE('',*,*,#7071,.F.);
#3954=ORIENTED_EDGE('',*,*,#7072,.T.);
#3955=ORIENTED_EDGE('',*,*,#7073,.F.);
#3956=ORIENTED_EDGE('',*,*,#7074,.F.);
#3957=ORIENTED_EDGE('',*,*,#7075,.F.);
#3958=ORIENTED_EDGE('',*,*,#7076,.T.);
#3959=ORIENTED_EDGE('',*,*,#7077,.T.);
#3960=ORIENTED_EDGE('',*,*,#7078,.T.);
#3961=ORIENTED_EDGE('',*,*,#7079,.F.);
#3962=ORIENTED_EDGE('',*,*,#7080,.T.);
#3963=ORIENTED_EDGE('',*,*,#7081,.T.);
#3964=ORIENTED_EDGE('',*,*,#7082,.T.);
#3965=ORIENTED_EDGE('',*,*,#7083,.F.);
#3966=ORIENTED_EDGE('',*,*,#7084,.T.);
#3967=ORIENTED_EDGE('',*,*,#7085,.F.);
#3968=ORIENTED_EDGE('',*,*,#7086,.T.);
#3969=ORIENTED_EDGE('',*,*,#7074,.T.);
#3970=ORIENTED_EDGE('',*,*,#7087,.T.);
#3971=ORIENTED_EDGE('',*,*,#7088,.T.);
#3972=ORIENTED_EDGE('',*,*,#7089,.T.);
#3973=ORIENTED_EDGE('',*,*,#7090,.T.);
#3974=ORIENTED_EDGE('',*,*,#7091,.T.);
#3975=ORIENTED_EDGE('',*,*,#7051,.T.);
#3976=ORIENTED_EDGE('',*,*,#7092,.F.);
#3977=ORIENTED_EDGE('',*,*,#7069,.T.);
#3978=ORIENTED_EDGE('',*,*,#7093,.T.);
#3979=ORIENTED_EDGE('',*,*,#7055,.T.);
#3980=ORIENTED_EDGE('',*,*,#7094,.T.);
#3981=ORIENTED_EDGE('',*,*,#7095,.T.);
#3982=ORIENTED_EDGE('',*,*,#7096,.T.);
#3983=ORIENTED_EDGE('',*,*,#7097,.T.);
#3984=ORIENTED_EDGE('',*,*,#7098,.F.);
#3985=ORIENTED_EDGE('',*,*,#7064,.T.);
#3986=ORIENTED_EDGE('',*,*,#7099,.T.);
#3987=ORIENTED_EDGE('',*,*,#7100,.T.);
#3988=ORIENTED_EDGE('',*,*,#7101,.T.);
#3989=ORIENTED_EDGE('',*,*,#7102,.F.);
#3990=ORIENTED_EDGE('',*,*,#7103,.F.);
#3991=ORIENTED_EDGE('',*,*,#7104,.T.);
#3992=ORIENTED_EDGE('',*,*,#7105,.F.);
#3993=ORIENTED_EDGE('',*,*,#7106,.T.);
#3994=ORIENTED_EDGE('',*,*,#7107,.F.);
#3995=ORIENTED_EDGE('',*,*,#7108,.F.);
#3996=ORIENTED_EDGE('',*,*,#7109,.T.);
#3997=ORIENTED_EDGE('',*,*,#7110,.F.);
#3998=ORIENTED_EDGE('',*,*,#7111,.F.);
#3999=ORIENTED_EDGE('',*,*,#7112,.F.);
#4000=ORIENTED_EDGE('',*,*,#7102,.T.);
#4001=ORIENTED_EDGE('',*,*,#7113,.F.);
#4002=ORIENTED_EDGE('',*,*,#7111,.T.);
#4003=ORIENTED_EDGE('',*,*,#7114,.T.);
#4004=ORIENTED_EDGE('',*,*,#7056,.F.);
#4005=ORIENTED_EDGE('',*,*,#7115,.T.);
#4006=ORIENTED_EDGE('',*,*,#7085,.T.);
#4007=ORIENTED_EDGE('',*,*,#7116,.F.);
#4008=ORIENTED_EDGE('',*,*,#7100,.F.);
#4009=ORIENTED_EDGE('',*,*,#7117,.F.);
#4010=ORIENTED_EDGE('',*,*,#7118,.F.);
#4011=ORIENTED_EDGE('',*,*,#7119,.F.);
#4012=ORIENTED_EDGE('',*,*,#7075,.T.);
#4013=ORIENTED_EDGE('',*,*,#7086,.F.);
#4014=ORIENTED_EDGE('',*,*,#7117,.T.);
#4015=ORIENTED_EDGE('',*,*,#7103,.T.);
#4016=ORIENTED_EDGE('',*,*,#7112,.T.);
#4017=ORIENTED_EDGE('',*,*,#7115,.F.);
#4018=ORIENTED_EDGE('',*,*,#7083,.T.);
#4019=ORIENTED_EDGE('',*,*,#7120,.T.);
#4020=ORIENTED_EDGE('',*,*,#7121,.F.);
#4021=ORIENTED_EDGE('',*,*,#7122,.T.);
#4022=ORIENTED_EDGE('',*,*,#7123,.F.);
#4023=ORIENTED_EDGE('',*,*,#7124,.F.);
#4024=ORIENTED_EDGE('',*,*,#7125,.F.);
#4025=ORIENTED_EDGE('',*,*,#7126,.F.);
#4026=ORIENTED_EDGE('',*,*,#7127,.F.);
#4027=ORIENTED_EDGE('',*,*,#7128,.F.);
#4028=ORIENTED_EDGE('',*,*,#7036,.T.);
#4029=ORIENTED_EDGE('',*,*,#7129,.F.);
#4030=ORIENTED_EDGE('',*,*,#7040,.T.);
#4031=ORIENTED_EDGE('',*,*,#7130,.T.);
#4032=ORIENTED_EDGE('',*,*,#7131,.F.);
#4033=ORIENTED_EDGE('',*,*,#7132,.F.);
#4034=ORIENTED_EDGE('',*,*,#7133,.F.);
#4035=ORIENTED_EDGE('',*,*,#7134,.F.);
#4036=ORIENTED_EDGE('',*,*,#7135,.F.);
#4037=ORIENTED_EDGE('',*,*,#7136,.F.);
#4038=ORIENTED_EDGE('',*,*,#7122,.F.);
#4039=ORIENTED_EDGE('',*,*,#7137,.T.);
#4040=ORIENTED_EDGE('',*,*,#7138,.F.);
#4041=ORIENTED_EDGE('',*,*,#7071,.T.);
#4042=ORIENTED_EDGE('',*,*,#7070,.T.);
#4043=ORIENTED_EDGE('',*,*,#7092,.T.);
#4044=ORIENTED_EDGE('',*,*,#7050,.F.);
#4045=ORIENTED_EDGE('',*,*,#7139,.F.);
#4046=ORIENTED_EDGE('',*,*,#7037,.F.);
#4047=ORIENTED_EDGE('',*,*,#7128,.T.);
#4048=ORIENTED_EDGE('',*,*,#7140,.F.);
#4049=ORIENTED_EDGE('',*,*,#7141,.F.);
#4050=ORIENTED_EDGE('',*,*,#7142,.T.);
#4051=ORIENTED_EDGE('',*,*,#7136,.T.);
#4052=ORIENTED_EDGE('',*,*,#7143,.F.);
#4053=ORIENTED_EDGE('',*,*,#7130,.F.);
#4054=ORIENTED_EDGE('',*,*,#7039,.F.);
#4055=ORIENTED_EDGE('',*,*,#7144,.F.);
#4056=ORIENTED_EDGE('',*,*,#7145,.F.);
#4057=ORIENTED_EDGE('',*,*,#7087,.F.);
#4058=ORIENTED_EDGE('',*,*,#7073,.T.);
#4059=ORIENTED_EDGE('',*,*,#7146,.F.);
#4060=ORIENTED_EDGE('',*,*,#7147,.T.);
#4061=ORIENTED_EDGE('',*,*,#7148,.T.);
#4062=ORIENTED_EDGE('',*,*,#7090,.F.);
#4063=ORIENTED_EDGE('',*,*,#7145,.T.);
#4064=ORIENTED_EDGE('',*,*,#7149,.T.);
#4065=ORIENTED_EDGE('',*,*,#7150,.T.);
#4066=ORIENTED_EDGE('',*,*,#7088,.F.);
#4067=ORIENTED_EDGE('',*,*,#7151,.F.);
#4068=ORIENTED_EDGE('',*,*,#7152,.T.);
#4069=ORIENTED_EDGE('',*,*,#7153,.F.);
#4070=ORIENTED_EDGE('',*,*,#7141,.T.);
#4071=ORIENTED_EDGE('',*,*,#7072,.F.);
#4072=ORIENTED_EDGE('',*,*,#7138,.T.);
#4073=ORIENTED_EDGE('',*,*,#7150,.F.);
#4074=ORIENTED_EDGE('',*,*,#7154,.T.);
#4075=ORIENTED_EDGE('',*,*,#7146,.T.);
#4076=ORIENTED_EDGE('',*,*,#7089,.F.);
#4077=ORIENTED_EDGE('',*,*,#7054,.F.);
#4078=ORIENTED_EDGE('',*,*,#7155,.T.);
#4079=ORIENTED_EDGE('',*,*,#7156,.T.);
#4080=ORIENTED_EDGE('',*,*,#7094,.F.);
#4081=ORIENTED_EDGE('',*,*,#7157,.F.);
#4082=ORIENTED_EDGE('',*,*,#7158,.T.);
#4083=ORIENTED_EDGE('',*,*,#7105,.T.);
#4084=ORIENTED_EDGE('',*,*,#7107,.T.);
#4085=ORIENTED_EDGE('',*,*,#7159,.T.);
#4086=ORIENTED_EDGE('',*,*,#7157,.T.);
#4087=ORIENTED_EDGE('',*,*,#7148,.F.);
#4088=ORIENTED_EDGE('',*,*,#7160,.T.);
#4089=ORIENTED_EDGE('',*,*,#7048,.T.);
#4090=ORIENTED_EDGE('',*,*,#7091,.F.);
#4091=ORIENTED_EDGE('',*,*,#7161,.F.);
#4092=ORIENTED_EDGE('',*,*,#7162,.F.);
#4093=ORIENTED_EDGE('',*,*,#7120,.F.);
#4094=ORIENTED_EDGE('',*,*,#7082,.F.);
#4095=ORIENTED_EDGE('',*,*,#7163,.T.);
#4096=ORIENTED_EDGE('',*,*,#7164,.T.);
#4097=ORIENTED_EDGE('',*,*,#7165,.T.);
#4098=ORIENTED_EDGE('',*,*,#7118,.T.);
#4099=ORIENTED_EDGE('',*,*,#7162,.T.);
#4100=ORIENTED_EDGE('',*,*,#7166,.T.);
#4101=ORIENTED_EDGE('',*,*,#7167,.T.);
#4102=ORIENTED_EDGE('',*,*,#7168,.T.);
#4103=ORIENTED_EDGE('',*,*,#7169,.F.);
#4104=ORIENTED_EDGE('',*,*,#7168,.F.);
#4105=ORIENTED_EDGE('',*,*,#7170,.F.);
#4106=ORIENTED_EDGE('',*,*,#7079,.T.);
#4107=ORIENTED_EDGE('',*,*,#7080,.F.);
#4108=ORIENTED_EDGE('',*,*,#7170,.T.);
#4109=ORIENTED_EDGE('',*,*,#7167,.F.);
#4110=ORIENTED_EDGE('',*,*,#7166,.F.);
#4111=ORIENTED_EDGE('',*,*,#7161,.T.);
#4112=ORIENTED_EDGE('',*,*,#7081,.F.);
#4113=ORIENTED_EDGE('',*,*,#7077,.F.);
#4114=ORIENTED_EDGE('',*,*,#7171,.T.);
#4115=ORIENTED_EDGE('',*,*,#7164,.F.);
#4116=ORIENTED_EDGE('',*,*,#7163,.F.);
#4117=ORIENTED_EDGE('',*,*,#7169,.T.);
#4118=ORIENTED_EDGE('',*,*,#7078,.F.);
#4119=ORIENTED_EDGE('',*,*,#7119,.T.);
#4120=ORIENTED_EDGE('',*,*,#7165,.F.);
#4121=ORIENTED_EDGE('',*,*,#7171,.F.);
#4122=ORIENTED_EDGE('',*,*,#7076,.F.);
#4123=ORIENTED_EDGE('',*,*,#7172,.F.);
#4124=ORIENTED_EDGE('',*,*,#7099,.F.);
#4125=ORIENTED_EDGE('',*,*,#7173,.F.);
#4126=ORIENTED_EDGE('',*,*,#7172,.T.);
#4127=ORIENTED_EDGE('',*,*,#7174,.T.);
#4128=ORIENTED_EDGE('',*,*,#7173,.T.);
#4129=ORIENTED_EDGE('',*,*,#7135,.T.);
#4130=ORIENTED_EDGE('',*,*,#7175,.T.);
#4131=ORIENTED_EDGE('',*,*,#7131,.T.);
#4132=ORIENTED_EDGE('',*,*,#7143,.T.);
#4133=ORIENTED_EDGE('',*,*,#7127,.T.);
#4134=ORIENTED_EDGE('',*,*,#7176,.T.);
#4135=ORIENTED_EDGE('',*,*,#7123,.T.);
#4136=ORIENTED_EDGE('',*,*,#7140,.T.);
#4137=ORIENTED_EDGE('',*,*,#7177,.F.);
#4138=ORIENTED_EDGE('',*,*,#7178,.F.);
#4139=ORIENTED_EDGE('',*,*,#7179,.F.);
#4140=ORIENTED_EDGE('',*,*,#7180,.F.);
#4141=ORIENTED_EDGE('',*,*,#7181,.F.);
#4142=ORIENTED_EDGE('',*,*,#7182,.F.);
#4143=ORIENTED_EDGE('',*,*,#7183,.F.);
#4144=ORIENTED_EDGE('',*,*,#7184,.F.);
#4145=ORIENTED_EDGE('',*,*,#7185,.F.);
#4146=ORIENTED_EDGE('',*,*,#7186,.F.);
#4147=ORIENTED_EDGE('',*,*,#7187,.F.);
#4148=ORIENTED_EDGE('',*,*,#7188,.F.);
#4149=ORIENTED_EDGE('',*,*,#7189,.F.);
#4150=ORIENTED_EDGE('',*,*,#7190,.F.);
#4151=ORIENTED_EDGE('',*,*,#7191,.F.);
#4152=ORIENTED_EDGE('',*,*,#7192,.F.);
#4153=ORIENTED_EDGE('',*,*,#7193,.F.);
#4154=ORIENTED_EDGE('',*,*,#7194,.F.);
#4155=ORIENTED_EDGE('',*,*,#7195,.F.);
#4156=ORIENTED_EDGE('',*,*,#7196,.F.);
#4157=ORIENTED_EDGE('',*,*,#7197,.F.);
#4158=ORIENTED_EDGE('',*,*,#7198,.F.);
#4159=ORIENTED_EDGE('',*,*,#7199,.F.);
#4160=ORIENTED_EDGE('',*,*,#7200,.F.);
#4161=ORIENTED_EDGE('',*,*,#7201,.F.);
#4162=ORIENTED_EDGE('',*,*,#7202,.F.);
#4163=ORIENTED_EDGE('',*,*,#7203,.F.);
#4164=ORIENTED_EDGE('',*,*,#7204,.F.);
#4165=ORIENTED_EDGE('',*,*,#7205,.F.);
#4166=ORIENTED_EDGE('',*,*,#7206,.F.);
#4167=ORIENTED_EDGE('',*,*,#7207,.F.);
#4168=ORIENTED_EDGE('',*,*,#7208,.F.);
#4169=ORIENTED_EDGE('',*,*,#7209,.F.);
#4170=ORIENTED_EDGE('',*,*,#7210,.F.);
#4171=ORIENTED_EDGE('',*,*,#7211,.F.);
#4172=ORIENTED_EDGE('',*,*,#7212,.F.);
#4173=ORIENTED_EDGE('',*,*,#7213,.F.);
#4174=ORIENTED_EDGE('',*,*,#7214,.F.);
#4175=ORIENTED_EDGE('',*,*,#7215,.F.);
#4176=ORIENTED_EDGE('',*,*,#7216,.F.);
#4177=ORIENTED_EDGE('',*,*,#7217,.F.);
#4178=ORIENTED_EDGE('',*,*,#7218,.F.);
#4179=ORIENTED_EDGE('',*,*,#7219,.F.);
#4180=ORIENTED_EDGE('',*,*,#7220,.F.);
#4181=ORIENTED_EDGE('',*,*,#7221,.F.);
#4182=ORIENTED_EDGE('',*,*,#7222,.F.);
#4183=ORIENTED_EDGE('',*,*,#7223,.F.);
#4184=ORIENTED_EDGE('',*,*,#7224,.F.);
#4185=ORIENTED_EDGE('',*,*,#7225,.F.);
#4186=ORIENTED_EDGE('',*,*,#7226,.F.);
#4187=ORIENTED_EDGE('',*,*,#7227,.F.);
#4188=ORIENTED_EDGE('',*,*,#7228,.F.);
#4189=ORIENTED_EDGE('',*,*,#7229,.F.);
#4190=ORIENTED_EDGE('',*,*,#7230,.F.);
#4191=ORIENTED_EDGE('',*,*,#7231,.F.);
#4192=ORIENTED_EDGE('',*,*,#7232,.F.);
#4193=ORIENTED_EDGE('',*,*,#7233,.F.);
#4194=ORIENTED_EDGE('',*,*,#7234,.F.);
#4195=ORIENTED_EDGE('',*,*,#7235,.F.);
#4196=ORIENTED_EDGE('',*,*,#7236,.F.);
#4197=ORIENTED_EDGE('',*,*,#7237,.F.);
#4198=ORIENTED_EDGE('',*,*,#7238,.F.);
#4199=ORIENTED_EDGE('',*,*,#7239,.F.);
#4200=ORIENTED_EDGE('',*,*,#7240,.F.);
#4201=ORIENTED_EDGE('',*,*,#7241,.F.);
#4202=ORIENTED_EDGE('',*,*,#7242,.F.);
#4203=ORIENTED_EDGE('',*,*,#7243,.F.);
#4204=ORIENTED_EDGE('',*,*,#7244,.F.);
#4205=ORIENTED_EDGE('',*,*,#7245,.F.);
#4206=ORIENTED_EDGE('',*,*,#7246,.F.);
#4207=ORIENTED_EDGE('',*,*,#7247,.F.);
#4208=ORIENTED_EDGE('',*,*,#7248,.F.);
#4209=ORIENTED_EDGE('',*,*,#7249,.F.);
#4210=ORIENTED_EDGE('',*,*,#7250,.F.);
#4211=ORIENTED_EDGE('',*,*,#7251,.F.);
#4212=ORIENTED_EDGE('',*,*,#7252,.F.);
#4213=ORIENTED_EDGE('',*,*,#7253,.F.);
#4214=ORIENTED_EDGE('',*,*,#7254,.F.);
#4215=ORIENTED_EDGE('',*,*,#7255,.F.);
#4216=ORIENTED_EDGE('',*,*,#7256,.F.);
#4217=ORIENTED_EDGE('',*,*,#7257,.F.);
#4218=ORIENTED_EDGE('',*,*,#7258,.F.);
#4219=ORIENTED_EDGE('',*,*,#7259,.F.);
#4220=ORIENTED_EDGE('',*,*,#7260,.F.);
#4221=ORIENTED_EDGE('',*,*,#7261,.F.);
#4222=ORIENTED_EDGE('',*,*,#7262,.F.);
#4223=ORIENTED_EDGE('',*,*,#7263,.F.);
#4224=ORIENTED_EDGE('',*,*,#7264,.F.);
#4225=ORIENTED_EDGE('',*,*,#7265,.F.);
#4226=ORIENTED_EDGE('',*,*,#7266,.F.);
#4227=ORIENTED_EDGE('',*,*,#7267,.F.);
#4228=ORIENTED_EDGE('',*,*,#7268,.F.);
#4229=ORIENTED_EDGE('',*,*,#7269,.F.);
#4230=ORIENTED_EDGE('',*,*,#7270,.F.);
#4231=ORIENTED_EDGE('',*,*,#7271,.F.);
#4232=ORIENTED_EDGE('',*,*,#7272,.F.);
#4233=ORIENTED_EDGE('',*,*,#7273,.F.);
#4234=ORIENTED_EDGE('',*,*,#7274,.F.);
#4235=ORIENTED_EDGE('',*,*,#7275,.F.);
#4236=ORIENTED_EDGE('',*,*,#7276,.F.);
#4237=ORIENTED_EDGE('',*,*,#7277,.F.);
#4238=ORIENTED_EDGE('',*,*,#7278,.F.);
#4239=ORIENTED_EDGE('',*,*,#7279,.F.);
#4240=ORIENTED_EDGE('',*,*,#7280,.F.);
#4241=ORIENTED_EDGE('',*,*,#7281,.F.);
#4242=ORIENTED_EDGE('',*,*,#7282,.F.);
#4243=ORIENTED_EDGE('',*,*,#7283,.F.);
#4244=ORIENTED_EDGE('',*,*,#7284,.F.);
#4245=ORIENTED_EDGE('',*,*,#7285,.F.);
#4246=ORIENTED_EDGE('',*,*,#7286,.F.);
#4247=ORIENTED_EDGE('',*,*,#7287,.F.);
#4248=ORIENTED_EDGE('',*,*,#7288,.F.);
#4249=ORIENTED_EDGE('',*,*,#7289,.F.);
#4250=ORIENTED_EDGE('',*,*,#7290,.F.);
#4251=ORIENTED_EDGE('',*,*,#7291,.F.);
#4252=ORIENTED_EDGE('',*,*,#7292,.F.);
#4253=ORIENTED_EDGE('',*,*,#7293,.F.);
#4254=ORIENTED_EDGE('',*,*,#7294,.F.);
#4255=ORIENTED_EDGE('',*,*,#7295,.F.);
#4256=ORIENTED_EDGE('',*,*,#7296,.F.);
#4257=ORIENTED_EDGE('',*,*,#7297,.F.);
#4258=ORIENTED_EDGE('',*,*,#7298,.F.);
#4259=ORIENTED_EDGE('',*,*,#7299,.F.);
#4260=ORIENTED_EDGE('',*,*,#7300,.F.);
#4261=ORIENTED_EDGE('',*,*,#7301,.F.);
#4262=ORIENTED_EDGE('',*,*,#7302,.F.);
#4263=ORIENTED_EDGE('',*,*,#7303,.F.);
#4264=ORIENTED_EDGE('',*,*,#7304,.F.);
#4265=ORIENTED_EDGE('',*,*,#7305,.F.);
#4266=ORIENTED_EDGE('',*,*,#7306,.F.);
#4267=ORIENTED_EDGE('',*,*,#7307,.F.);
#4268=ORIENTED_EDGE('',*,*,#7308,.F.);
#4269=ORIENTED_EDGE('',*,*,#7309,.F.);
#4270=ORIENTED_EDGE('',*,*,#7310,.F.);
#4271=ORIENTED_EDGE('',*,*,#7311,.F.);
#4272=ORIENTED_EDGE('',*,*,#7312,.F.);
#4273=ORIENTED_EDGE('',*,*,#7313,.F.);
#4274=ORIENTED_EDGE('',*,*,#7314,.F.);
#4275=ORIENTED_EDGE('',*,*,#7315,.F.);
#4276=ORIENTED_EDGE('',*,*,#7316,.F.);
#4277=ORIENTED_EDGE('',*,*,#7317,.F.);
#4278=ORIENTED_EDGE('',*,*,#7318,.F.);
#4279=ORIENTED_EDGE('',*,*,#7319,.F.);
#4280=ORIENTED_EDGE('',*,*,#7320,.F.);
#4281=ORIENTED_EDGE('',*,*,#7321,.F.);
#4282=ORIENTED_EDGE('',*,*,#7322,.F.);
#4283=ORIENTED_EDGE('',*,*,#7323,.F.);
#4284=ORIENTED_EDGE('',*,*,#7324,.F.);
#4285=ORIENTED_EDGE('',*,*,#7325,.F.);
#4286=ORIENTED_EDGE('',*,*,#7326,.F.);
#4287=ORIENTED_EDGE('',*,*,#7327,.F.);
#4288=ORIENTED_EDGE('',*,*,#7328,.F.);
#4289=ORIENTED_EDGE('',*,*,#7329,.F.);
#4290=ORIENTED_EDGE('',*,*,#7330,.F.);
#4291=ORIENTED_EDGE('',*,*,#7331,.F.);
#4292=ORIENTED_EDGE('',*,*,#7332,.F.);
#4293=ORIENTED_EDGE('',*,*,#7333,.F.);
#4294=ORIENTED_EDGE('',*,*,#7334,.F.);
#4295=ORIENTED_EDGE('',*,*,#7335,.F.);
#4296=ORIENTED_EDGE('',*,*,#7336,.F.);
#4297=ORIENTED_EDGE('',*,*,#7337,.F.);
#4298=ORIENTED_EDGE('',*,*,#7338,.F.);
#4299=ORIENTED_EDGE('',*,*,#7339,.F.);
#4300=ORIENTED_EDGE('',*,*,#7340,.F.);
#4301=ORIENTED_EDGE('',*,*,#7341,.F.);
#4302=ORIENTED_EDGE('',*,*,#7342,.F.);
#4303=ORIENTED_EDGE('',*,*,#7343,.F.);
#4304=ORIENTED_EDGE('',*,*,#7344,.F.);
#4305=ORIENTED_EDGE('',*,*,#7345,.F.);
#4306=ORIENTED_EDGE('',*,*,#7346,.F.);
#4307=ORIENTED_EDGE('',*,*,#7347,.F.);
#4308=ORIENTED_EDGE('',*,*,#7348,.F.);
#4309=ORIENTED_EDGE('',*,*,#7349,.F.);
#4310=ORIENTED_EDGE('',*,*,#7350,.F.);
#4311=ORIENTED_EDGE('',*,*,#7351,.F.);
#4312=ORIENTED_EDGE('',*,*,#7352,.F.);
#4313=ORIENTED_EDGE('',*,*,#7353,.F.);
#4314=ORIENTED_EDGE('',*,*,#7354,.F.);
#4315=ORIENTED_EDGE('',*,*,#7355,.F.);
#4316=ORIENTED_EDGE('',*,*,#7356,.F.);
#4317=ORIENTED_EDGE('',*,*,#7357,.F.);
#4318=ORIENTED_EDGE('',*,*,#7358,.F.);
#4319=ORIENTED_EDGE('',*,*,#7359,.F.);
#4320=ORIENTED_EDGE('',*,*,#7360,.F.);
#4321=ORIENTED_EDGE('',*,*,#7361,.F.);
#4322=ORIENTED_EDGE('',*,*,#7362,.F.);
#4323=ORIENTED_EDGE('',*,*,#7363,.F.);
#4324=ORIENTED_EDGE('',*,*,#7364,.F.);
#4325=ORIENTED_EDGE('',*,*,#7365,.F.);
#4326=ORIENTED_EDGE('',*,*,#7366,.F.);
#4327=ORIENTED_EDGE('',*,*,#7367,.F.);
#4328=ORIENTED_EDGE('',*,*,#7368,.F.);
#4329=ORIENTED_EDGE('',*,*,#7369,.F.);
#4330=ORIENTED_EDGE('',*,*,#7370,.F.);
#4331=ORIENTED_EDGE('',*,*,#7371,.F.);
#4332=ORIENTED_EDGE('',*,*,#7113,.T.);
#4333=ORIENTED_EDGE('',*,*,#7101,.F.);
#4334=ORIENTED_EDGE('',*,*,#7116,.T.);
#4335=ORIENTED_EDGE('',*,*,#7084,.F.);
#4336=ORIENTED_EDGE('',*,*,#7063,.T.);
#4337=ORIENTED_EDGE('',*,*,#7372,.T.);
#4338=ORIENTED_EDGE('',*,*,#7373,.T.);
#4339=ORIENTED_EDGE('',*,*,#7374,.F.);
#4340=ORIENTED_EDGE('',*,*,#7057,.T.);
#4341=ORIENTED_EDGE('',*,*,#7114,.F.);
#4342=ORIENTED_EDGE('',*,*,#7375,.F.);
#4343=ORIENTED_EDGE('',*,*,#7376,.F.);
#4344=ORIENTED_EDGE('',*,*,#7377,.F.);
#4345=ORIENTED_EDGE('',*,*,#7378,.F.);
#4346=ORIENTED_EDGE('',*,*,#7379,.F.);
#4347=ORIENTED_EDGE('',*,*,#7380,.F.);
#4348=ORIENTED_EDGE('',*,*,#7381,.F.);
#4349=ORIENTED_EDGE('',*,*,#7382,.F.);
#4350=ORIENTED_EDGE('',*,*,#7383,.F.);
#4351=ORIENTED_EDGE('',*,*,#7384,.F.);
#4352=ORIENTED_EDGE('',*,*,#7385,.F.);
#4353=ORIENTED_EDGE('',*,*,#7386,.F.);
#4354=ORIENTED_EDGE('',*,*,#7387,.F.);
#4355=ORIENTED_EDGE('',*,*,#7388,.F.);
#4356=ORIENTED_EDGE('',*,*,#7389,.F.);
#4357=ORIENTED_EDGE('',*,*,#7390,.F.);
#4358=ORIENTED_EDGE('',*,*,#7391,.F.);
#4359=ORIENTED_EDGE('',*,*,#7392,.F.);
#4360=ORIENTED_EDGE('',*,*,#7393,.F.);
#4361=ORIENTED_EDGE('',*,*,#7394,.F.);
#4362=ORIENTED_EDGE('',*,*,#7395,.F.);
#4363=ORIENTED_EDGE('',*,*,#7396,.F.);
#4364=ORIENTED_EDGE('',*,*,#7397,.F.);
#4365=ORIENTED_EDGE('',*,*,#7398,.F.);
#4366=ORIENTED_EDGE('',*,*,#7399,.F.);
#4367=ORIENTED_EDGE('',*,*,#7400,.F.);
#4368=ORIENTED_EDGE('',*,*,#7401,.F.);
#4369=ORIENTED_EDGE('',*,*,#7402,.F.);
#4370=ORIENTED_EDGE('',*,*,#7403,.F.);
#4371=ORIENTED_EDGE('',*,*,#7404,.F.);
#4372=ORIENTED_EDGE('',*,*,#7405,.F.);
#4373=ORIENTED_EDGE('',*,*,#7406,.F.);
#4374=ORIENTED_EDGE('',*,*,#7407,.F.);
#4375=ORIENTED_EDGE('',*,*,#7408,.F.);
#4376=ORIENTED_EDGE('',*,*,#7409,.F.);
#4377=ORIENTED_EDGE('',*,*,#7410,.F.);
#4378=ORIENTED_EDGE('',*,*,#7411,.F.);
#4379=ORIENTED_EDGE('',*,*,#7412,.F.);
#4380=ORIENTED_EDGE('',*,*,#7413,.F.);
#4381=ORIENTED_EDGE('',*,*,#7414,.F.);
#4382=ORIENTED_EDGE('',*,*,#7415,.F.);
#4383=ORIENTED_EDGE('',*,*,#7416,.F.);
#4384=ORIENTED_EDGE('',*,*,#7417,.F.);
#4385=ORIENTED_EDGE('',*,*,#7418,.F.);
#4386=ORIENTED_EDGE('',*,*,#7419,.F.);
#4387=ORIENTED_EDGE('',*,*,#7420,.F.);
#4388=ORIENTED_EDGE('',*,*,#7421,.F.);
#4389=ORIENTED_EDGE('',*,*,#7422,.F.);
#4390=ORIENTED_EDGE('',*,*,#7423,.F.);
#4391=ORIENTED_EDGE('',*,*,#7424,.F.);
#4392=ORIENTED_EDGE('',*,*,#7425,.F.);
#4393=ORIENTED_EDGE('',*,*,#7426,.F.);
#4394=ORIENTED_EDGE('',*,*,#7427,.F.);
#4395=ORIENTED_EDGE('',*,*,#7428,.F.);
#4396=ORIENTED_EDGE('',*,*,#7429,.F.);
#4397=ORIENTED_EDGE('',*,*,#7430,.F.);
#4398=ORIENTED_EDGE('',*,*,#7431,.F.);
#4399=ORIENTED_EDGE('',*,*,#7432,.F.);
#4400=ORIENTED_EDGE('',*,*,#7433,.F.);
#4401=ORIENTED_EDGE('',*,*,#7434,.F.);
#4402=ORIENTED_EDGE('',*,*,#7435,.F.);
#4403=ORIENTED_EDGE('',*,*,#7436,.F.);
#4404=ORIENTED_EDGE('',*,*,#7437,.F.);
#4405=ORIENTED_EDGE('',*,*,#7438,.F.);
#4406=ORIENTED_EDGE('',*,*,#7439,.F.);
#4407=ORIENTED_EDGE('',*,*,#7440,.F.);
#4408=ORIENTED_EDGE('',*,*,#7441,.F.);
#4409=ORIENTED_EDGE('',*,*,#7442,.F.);
#4410=ORIENTED_EDGE('',*,*,#7443,.F.);
#4411=ORIENTED_EDGE('',*,*,#7444,.F.);
#4412=ORIENTED_EDGE('',*,*,#7445,.F.);
#4413=ORIENTED_EDGE('',*,*,#7446,.F.);
#4414=ORIENTED_EDGE('',*,*,#7447,.F.);
#4415=ORIENTED_EDGE('',*,*,#7448,.F.);
#4416=ORIENTED_EDGE('',*,*,#7449,.F.);
#4417=ORIENTED_EDGE('',*,*,#7450,.F.);
#4418=ORIENTED_EDGE('',*,*,#7451,.F.);
#4419=ORIENTED_EDGE('',*,*,#7452,.F.);
#4420=ORIENTED_EDGE('',*,*,#7453,.F.);
#4421=ORIENTED_EDGE('',*,*,#7454,.F.);
#4422=ORIENTED_EDGE('',*,*,#7455,.F.);
#4423=ORIENTED_EDGE('',*,*,#7456,.F.);
#4424=ORIENTED_EDGE('',*,*,#7457,.F.);
#4425=ORIENTED_EDGE('',*,*,#7458,.F.);
#4426=ORIENTED_EDGE('',*,*,#7459,.F.);
#4427=ORIENTED_EDGE('',*,*,#7460,.F.);
#4428=ORIENTED_EDGE('',*,*,#7461,.F.);
#4429=ORIENTED_EDGE('',*,*,#7462,.F.);
#4430=ORIENTED_EDGE('',*,*,#7463,.F.);
#4431=ORIENTED_EDGE('',*,*,#7464,.F.);
#4432=ORIENTED_EDGE('',*,*,#7465,.F.);
#4433=ORIENTED_EDGE('',*,*,#7466,.F.);
#4434=ORIENTED_EDGE('',*,*,#7467,.F.);
#4435=ORIENTED_EDGE('',*,*,#7468,.F.);
#4436=ORIENTED_EDGE('',*,*,#7469,.F.);
#4437=ORIENTED_EDGE('',*,*,#7417,.T.);
#4438=ORIENTED_EDGE('',*,*,#7470,.T.);
#4439=ORIENTED_EDGE('',*,*,#7471,.T.);
#4440=ORIENTED_EDGE('',*,*,#7472,.F.);
#4441=ORIENTED_EDGE('',*,*,#7418,.T.);
#4442=ORIENTED_EDGE('',*,*,#7472,.T.);
#4443=ORIENTED_EDGE('',*,*,#7473,.T.);
#4444=ORIENTED_EDGE('',*,*,#7474,.F.);
#4445=ORIENTED_EDGE('',*,*,#7419,.T.);
#4446=ORIENTED_EDGE('',*,*,#7474,.T.);
#4447=ORIENTED_EDGE('',*,*,#7475,.T.);
#4448=ORIENTED_EDGE('',*,*,#7476,.F.);
#4449=ORIENTED_EDGE('',*,*,#7420,.T.);
#4450=ORIENTED_EDGE('',*,*,#7476,.T.);
#4451=ORIENTED_EDGE('',*,*,#7477,.T.);
#4452=ORIENTED_EDGE('',*,*,#7478,.F.);
#4453=ORIENTED_EDGE('',*,*,#7421,.T.);
#4454=ORIENTED_EDGE('',*,*,#7478,.T.);
#4455=ORIENTED_EDGE('',*,*,#7479,.T.);
#4456=ORIENTED_EDGE('',*,*,#7480,.F.);
#4457=ORIENTED_EDGE('',*,*,#7422,.T.);
#4458=ORIENTED_EDGE('',*,*,#7480,.T.);
#4459=ORIENTED_EDGE('',*,*,#7481,.T.);
#4460=ORIENTED_EDGE('',*,*,#7482,.F.);
#4461=ORIENTED_EDGE('',*,*,#7423,.T.);
#4462=ORIENTED_EDGE('',*,*,#7482,.T.);
#4463=ORIENTED_EDGE('',*,*,#7483,.T.);
#4464=ORIENTED_EDGE('',*,*,#7484,.F.);
#4465=ORIENTED_EDGE('',*,*,#7424,.T.);
#4466=ORIENTED_EDGE('',*,*,#7484,.T.);
#4467=ORIENTED_EDGE('',*,*,#7485,.T.);
#4468=ORIENTED_EDGE('',*,*,#7486,.F.);
#4469=ORIENTED_EDGE('',*,*,#7425,.T.);
#4470=ORIENTED_EDGE('',*,*,#7486,.T.);
#4471=ORIENTED_EDGE('',*,*,#7487,.T.);
#4472=ORIENTED_EDGE('',*,*,#7488,.F.);
#4473=ORIENTED_EDGE('',*,*,#7426,.T.);
#4474=ORIENTED_EDGE('',*,*,#7488,.T.);
#4475=ORIENTED_EDGE('',*,*,#7489,.T.);
#4476=ORIENTED_EDGE('',*,*,#7490,.F.);
#4477=ORIENTED_EDGE('',*,*,#7427,.T.);
#4478=ORIENTED_EDGE('',*,*,#7490,.T.);
#4479=ORIENTED_EDGE('',*,*,#7491,.T.);
#4480=ORIENTED_EDGE('',*,*,#7492,.F.);
#4481=ORIENTED_EDGE('',*,*,#7428,.T.);
#4482=ORIENTED_EDGE('',*,*,#7492,.T.);
#4483=ORIENTED_EDGE('',*,*,#7493,.T.);
#4484=ORIENTED_EDGE('',*,*,#7494,.F.);
#4485=ORIENTED_EDGE('',*,*,#7429,.T.);
#4486=ORIENTED_EDGE('',*,*,#7494,.T.);
#4487=ORIENTED_EDGE('',*,*,#7495,.T.);
#4488=ORIENTED_EDGE('',*,*,#7496,.F.);
#4489=ORIENTED_EDGE('',*,*,#7430,.T.);
#4490=ORIENTED_EDGE('',*,*,#7496,.T.);
#4491=ORIENTED_EDGE('',*,*,#7497,.T.);
#4492=ORIENTED_EDGE('',*,*,#7498,.F.);
#4493=ORIENTED_EDGE('',*,*,#7431,.T.);
#4494=ORIENTED_EDGE('',*,*,#7498,.T.);
#4495=ORIENTED_EDGE('',*,*,#7499,.T.);
#4496=ORIENTED_EDGE('',*,*,#7500,.F.);
#4497=ORIENTED_EDGE('',*,*,#7432,.T.);
#4498=ORIENTED_EDGE('',*,*,#7500,.T.);
#4499=ORIENTED_EDGE('',*,*,#7501,.T.);
#4500=ORIENTED_EDGE('',*,*,#7502,.F.);
#4501=ORIENTED_EDGE('',*,*,#7433,.T.);
#4502=ORIENTED_EDGE('',*,*,#7502,.T.);
#4503=ORIENTED_EDGE('',*,*,#7503,.T.);
#4504=ORIENTED_EDGE('',*,*,#7504,.F.);
#4505=ORIENTED_EDGE('',*,*,#7434,.T.);
#4506=ORIENTED_EDGE('',*,*,#7504,.T.);
#4507=ORIENTED_EDGE('',*,*,#7505,.T.);
#4508=ORIENTED_EDGE('',*,*,#7506,.F.);
#4509=ORIENTED_EDGE('',*,*,#7435,.T.);
#4510=ORIENTED_EDGE('',*,*,#7506,.T.);
#4511=ORIENTED_EDGE('',*,*,#7507,.T.);
#4512=ORIENTED_EDGE('',*,*,#7508,.F.);
#4513=ORIENTED_EDGE('',*,*,#7436,.T.);
#4514=ORIENTED_EDGE('',*,*,#7508,.T.);
#4515=ORIENTED_EDGE('',*,*,#7509,.T.);
#4516=ORIENTED_EDGE('',*,*,#7510,.F.);
#4517=ORIENTED_EDGE('',*,*,#7437,.T.);
#4518=ORIENTED_EDGE('',*,*,#7510,.T.);
#4519=ORIENTED_EDGE('',*,*,#7511,.T.);
#4520=ORIENTED_EDGE('',*,*,#7512,.F.);
#4521=ORIENTED_EDGE('',*,*,#7438,.T.);
#4522=ORIENTED_EDGE('',*,*,#7512,.T.);
#4523=ORIENTED_EDGE('',*,*,#7513,.T.);
#4524=ORIENTED_EDGE('',*,*,#7514,.F.);
#4525=ORIENTED_EDGE('',*,*,#7439,.T.);
#4526=ORIENTED_EDGE('',*,*,#7514,.T.);
#4527=ORIENTED_EDGE('',*,*,#7515,.T.);
#4528=ORIENTED_EDGE('',*,*,#7516,.F.);
#4529=ORIENTED_EDGE('',*,*,#7440,.T.);
#4530=ORIENTED_EDGE('',*,*,#7516,.T.);
#4531=ORIENTED_EDGE('',*,*,#7517,.T.);
#4532=ORIENTED_EDGE('',*,*,#7518,.F.);
#4533=ORIENTED_EDGE('',*,*,#7441,.T.);
#4534=ORIENTED_EDGE('',*,*,#7518,.T.);
#4535=ORIENTED_EDGE('',*,*,#7519,.T.);
#4536=ORIENTED_EDGE('',*,*,#7520,.F.);
#4537=ORIENTED_EDGE('',*,*,#7442,.T.);
#4538=ORIENTED_EDGE('',*,*,#7520,.T.);
#4539=ORIENTED_EDGE('',*,*,#7521,.T.);
#4540=ORIENTED_EDGE('',*,*,#7522,.F.);
#4541=ORIENTED_EDGE('',*,*,#7416,.T.);
#4542=ORIENTED_EDGE('',*,*,#7522,.T.);
#4543=ORIENTED_EDGE('',*,*,#7523,.T.);
#4544=ORIENTED_EDGE('',*,*,#7470,.F.);
#4545=ORIENTED_EDGE('',*,*,#7444,.T.);
#4546=ORIENTED_EDGE('',*,*,#7524,.T.);
#4547=ORIENTED_EDGE('',*,*,#7525,.T.);
#4548=ORIENTED_EDGE('',*,*,#7526,.F.);
#4549=ORIENTED_EDGE('',*,*,#7445,.T.);
#4550=ORIENTED_EDGE('',*,*,#7526,.T.);
#4551=ORIENTED_EDGE('',*,*,#7527,.T.);
#4552=ORIENTED_EDGE('',*,*,#7528,.F.);
#4553=ORIENTED_EDGE('',*,*,#7443,.T.);
#4554=ORIENTED_EDGE('',*,*,#7528,.T.);
#4555=ORIENTED_EDGE('',*,*,#7529,.T.);
#4556=ORIENTED_EDGE('',*,*,#7524,.F.);
#4557=ORIENTED_EDGE('',*,*,#7447,.T.);
#4558=ORIENTED_EDGE('',*,*,#7530,.T.);
#4559=ORIENTED_EDGE('',*,*,#7531,.T.);
#4560=ORIENTED_EDGE('',*,*,#7532,.F.);
#4561=ORIENTED_EDGE('',*,*,#7448,.T.);
#4562=ORIENTED_EDGE('',*,*,#7532,.T.);
#4563=ORIENTED_EDGE('',*,*,#7533,.T.);
#4564=ORIENTED_EDGE('',*,*,#7534,.F.);
#4565=ORIENTED_EDGE('',*,*,#7449,.T.);
#4566=ORIENTED_EDGE('',*,*,#7534,.T.);
#4567=ORIENTED_EDGE('',*,*,#7535,.T.);
#4568=ORIENTED_EDGE('',*,*,#7536,.F.);
#4569=ORIENTED_EDGE('',*,*,#7450,.T.);
#4570=ORIENTED_EDGE('',*,*,#7536,.T.);
#4571=ORIENTED_EDGE('',*,*,#7537,.T.);
#4572=ORIENTED_EDGE('',*,*,#7538,.F.);
#4573=ORIENTED_EDGE('',*,*,#7451,.T.);
#4574=ORIENTED_EDGE('',*,*,#7538,.T.);
#4575=ORIENTED_EDGE('',*,*,#7539,.T.);
#4576=ORIENTED_EDGE('',*,*,#7540,.F.);
#4577=ORIENTED_EDGE('',*,*,#7452,.T.);
#4578=ORIENTED_EDGE('',*,*,#7540,.T.);
#4579=ORIENTED_EDGE('',*,*,#7541,.T.);
#4580=ORIENTED_EDGE('',*,*,#7542,.F.);
#4581=ORIENTED_EDGE('',*,*,#7453,.T.);
#4582=ORIENTED_EDGE('',*,*,#7542,.T.);
#4583=ORIENTED_EDGE('',*,*,#7543,.T.);
#4584=ORIENTED_EDGE('',*,*,#7544,.F.);
#4585=ORIENTED_EDGE('',*,*,#7454,.T.);
#4586=ORIENTED_EDGE('',*,*,#7544,.T.);
#4587=ORIENTED_EDGE('',*,*,#7545,.T.);
#4588=ORIENTED_EDGE('',*,*,#7546,.F.);
#4589=ORIENTED_EDGE('',*,*,#7455,.T.);
#4590=ORIENTED_EDGE('',*,*,#7546,.T.);
#4591=ORIENTED_EDGE('',*,*,#7547,.T.);
#4592=ORIENTED_EDGE('',*,*,#7548,.F.);
#4593=ORIENTED_EDGE('',*,*,#7456,.T.);
#4594=ORIENTED_EDGE('',*,*,#7548,.T.);
#4595=ORIENTED_EDGE('',*,*,#7549,.T.);
#4596=ORIENTED_EDGE('',*,*,#7550,.F.);
#4597=ORIENTED_EDGE('',*,*,#7457,.T.);
#4598=ORIENTED_EDGE('',*,*,#7550,.T.);
#4599=ORIENTED_EDGE('',*,*,#7551,.T.);
#4600=ORIENTED_EDGE('',*,*,#7552,.F.);
#4601=ORIENTED_EDGE('',*,*,#7458,.T.);
#4602=ORIENTED_EDGE('',*,*,#7552,.T.);
#4603=ORIENTED_EDGE('',*,*,#7553,.T.);
#4604=ORIENTED_EDGE('',*,*,#7554,.F.);
#4605=ORIENTED_EDGE('',*,*,#7459,.T.);
#4606=ORIENTED_EDGE('',*,*,#7554,.T.);
#4607=ORIENTED_EDGE('',*,*,#7555,.T.);
#4608=ORIENTED_EDGE('',*,*,#7556,.F.);
#4609=ORIENTED_EDGE('',*,*,#7460,.T.);
#4610=ORIENTED_EDGE('',*,*,#7556,.T.);
#4611=ORIENTED_EDGE('',*,*,#7557,.T.);
#4612=ORIENTED_EDGE('',*,*,#7558,.F.);
#4613=ORIENTED_EDGE('',*,*,#7461,.T.);
#4614=ORIENTED_EDGE('',*,*,#7558,.T.);
#4615=ORIENTED_EDGE('',*,*,#7559,.T.);
#4616=ORIENTED_EDGE('',*,*,#7560,.F.);
#4617=ORIENTED_EDGE('',*,*,#7462,.T.);
#4618=ORIENTED_EDGE('',*,*,#7560,.T.);
#4619=ORIENTED_EDGE('',*,*,#7561,.T.);
#4620=ORIENTED_EDGE('',*,*,#7562,.F.);
#4621=ORIENTED_EDGE('',*,*,#7463,.T.);
#4622=ORIENTED_EDGE('',*,*,#7562,.T.);
#4623=ORIENTED_EDGE('',*,*,#7563,.T.);
#4624=ORIENTED_EDGE('',*,*,#7564,.F.);
#4625=ORIENTED_EDGE('',*,*,#7464,.T.);
#4626=ORIENTED_EDGE('',*,*,#7564,.T.);
#4627=ORIENTED_EDGE('',*,*,#7565,.T.);
#4628=ORIENTED_EDGE('',*,*,#7566,.F.);
#4629=ORIENTED_EDGE('',*,*,#7465,.T.);
#4630=ORIENTED_EDGE('',*,*,#7566,.T.);
#4631=ORIENTED_EDGE('',*,*,#7567,.T.);
#4632=ORIENTED_EDGE('',*,*,#7568,.F.);
#4633=ORIENTED_EDGE('',*,*,#7466,.T.);
#4634=ORIENTED_EDGE('',*,*,#7568,.T.);
#4635=ORIENTED_EDGE('',*,*,#7569,.T.);
#4636=ORIENTED_EDGE('',*,*,#7570,.F.);
#4637=ORIENTED_EDGE('',*,*,#7467,.T.);
#4638=ORIENTED_EDGE('',*,*,#7570,.T.);
#4639=ORIENTED_EDGE('',*,*,#7571,.T.);
#4640=ORIENTED_EDGE('',*,*,#7572,.F.);
#4641=ORIENTED_EDGE('',*,*,#7468,.T.);
#4642=ORIENTED_EDGE('',*,*,#7572,.T.);
#4643=ORIENTED_EDGE('',*,*,#7573,.T.);
#4644=ORIENTED_EDGE('',*,*,#7574,.F.);
#4645=ORIENTED_EDGE('',*,*,#7469,.T.);
#4646=ORIENTED_EDGE('',*,*,#7574,.T.);
#4647=ORIENTED_EDGE('',*,*,#7575,.T.);
#4648=ORIENTED_EDGE('',*,*,#7576,.F.);
#4649=ORIENTED_EDGE('',*,*,#7446,.T.);
#4650=ORIENTED_EDGE('',*,*,#7576,.T.);
#4651=ORIENTED_EDGE('',*,*,#7577,.T.);
#4652=ORIENTED_EDGE('',*,*,#7530,.F.);
#4653=ORIENTED_EDGE('',*,*,#7578,.T.);
#4654=ORIENTED_EDGE('',*,*,#7579,.T.);
#4655=ORIENTED_EDGE('',*,*,#7580,.F.);
#4656=ORIENTED_EDGE('',*,*,#7581,.F.);
#4657=ORIENTED_EDGE('',*,*,#7582,.F.);
#4658=ORIENTED_EDGE('',*,*,#7583,.F.);
#4659=ORIENTED_EDGE('',*,*,#7584,.F.);
#4660=ORIENTED_EDGE('',*,*,#7585,.F.);
#4661=ORIENTED_EDGE('',*,*,#7586,.F.);
#4662=ORIENTED_EDGE('',*,*,#7587,.F.);
#4663=ORIENTED_EDGE('',*,*,#7588,.F.);
#4664=ORIENTED_EDGE('',*,*,#7589,.F.);
#4665=ORIENTED_EDGE('',*,*,#7590,.F.);
#4666=ORIENTED_EDGE('',*,*,#7591,.F.);
#4667=ORIENTED_EDGE('',*,*,#7592,.F.);
#4668=ORIENTED_EDGE('',*,*,#7593,.F.);
#4669=ORIENTED_EDGE('',*,*,#7594,.F.);
#4670=ORIENTED_EDGE('',*,*,#7595,.F.);
#4671=ORIENTED_EDGE('',*,*,#7596,.F.);
#4672=ORIENTED_EDGE('',*,*,#7597,.F.);
#4673=ORIENTED_EDGE('',*,*,#7598,.F.);
#4674=ORIENTED_EDGE('',*,*,#7599,.F.);
#4675=ORIENTED_EDGE('',*,*,#7600,.F.);
#4676=ORIENTED_EDGE('',*,*,#7601,.F.);
#4677=ORIENTED_EDGE('',*,*,#7602,.F.);
#4678=ORIENTED_EDGE('',*,*,#7603,.F.);
#4679=ORIENTED_EDGE('',*,*,#7604,.F.);
#4680=ORIENTED_EDGE('',*,*,#7605,.F.);
#4681=ORIENTED_EDGE('',*,*,#7606,.F.);
#4682=ORIENTED_EDGE('',*,*,#7607,.F.);
#4683=ORIENTED_EDGE('',*,*,#7608,.F.);
#4684=ORIENTED_EDGE('',*,*,#7609,.F.);
#4685=ORIENTED_EDGE('',*,*,#7610,.F.);
#4686=ORIENTED_EDGE('',*,*,#7611,.F.);
#4687=ORIENTED_EDGE('',*,*,#7612,.F.);
#4688=ORIENTED_EDGE('',*,*,#7613,.F.);
#4689=ORIENTED_EDGE('',*,*,#7614,.F.);
#4690=ORIENTED_EDGE('',*,*,#7615,.F.);
#4691=ORIENTED_EDGE('',*,*,#7523,.F.);
#4692=ORIENTED_EDGE('',*,*,#7521,.F.);
#4693=ORIENTED_EDGE('',*,*,#7519,.F.);
#4694=ORIENTED_EDGE('',*,*,#7517,.F.);
#4695=ORIENTED_EDGE('',*,*,#7515,.F.);
#4696=ORIENTED_EDGE('',*,*,#7513,.F.);
#4697=ORIENTED_EDGE('',*,*,#7511,.F.);
#4698=ORIENTED_EDGE('',*,*,#7509,.F.);
#4699=ORIENTED_EDGE('',*,*,#7507,.F.);
#4700=ORIENTED_EDGE('',*,*,#7505,.F.);
#4701=ORIENTED_EDGE('',*,*,#7503,.F.);
#4702=ORIENTED_EDGE('',*,*,#7501,.F.);
#4703=ORIENTED_EDGE('',*,*,#7499,.F.);
#4704=ORIENTED_EDGE('',*,*,#7497,.F.);
#4705=ORIENTED_EDGE('',*,*,#7495,.F.);
#4706=ORIENTED_EDGE('',*,*,#7493,.F.);
#4707=ORIENTED_EDGE('',*,*,#7491,.F.);
#4708=ORIENTED_EDGE('',*,*,#7489,.F.);
#4709=ORIENTED_EDGE('',*,*,#7487,.F.);
#4710=ORIENTED_EDGE('',*,*,#7485,.F.);
#4711=ORIENTED_EDGE('',*,*,#7483,.F.);
#4712=ORIENTED_EDGE('',*,*,#7481,.F.);
#4713=ORIENTED_EDGE('',*,*,#7479,.F.);
#4714=ORIENTED_EDGE('',*,*,#7477,.F.);
#4715=ORIENTED_EDGE('',*,*,#7475,.F.);
#4716=ORIENTED_EDGE('',*,*,#7473,.F.);
#4717=ORIENTED_EDGE('',*,*,#7471,.F.);
#4718=ORIENTED_EDGE('',*,*,#7616,.F.);
#4719=ORIENTED_EDGE('',*,*,#7617,.F.);
#4720=ORIENTED_EDGE('',*,*,#7618,.F.);
#4721=ORIENTED_EDGE('',*,*,#7619,.F.);
#4722=ORIENTED_EDGE('',*,*,#7620,.F.);
#4723=ORIENTED_EDGE('',*,*,#7529,.F.);
#4724=ORIENTED_EDGE('',*,*,#7527,.F.);
#4725=ORIENTED_EDGE('',*,*,#7525,.F.);
#4726=ORIENTED_EDGE('',*,*,#7621,.F.);
#4727=ORIENTED_EDGE('',*,*,#7622,.F.);
#4728=ORIENTED_EDGE('',*,*,#7623,.F.);
#4729=ORIENTED_EDGE('',*,*,#7624,.F.);
#4730=ORIENTED_EDGE('',*,*,#7625,.F.);
#4731=ORIENTED_EDGE('',*,*,#7626,.F.);
#4732=ORIENTED_EDGE('',*,*,#7627,.F.);
#4733=ORIENTED_EDGE('',*,*,#7628,.F.);
#4734=ORIENTED_EDGE('',*,*,#7629,.F.);
#4735=ORIENTED_EDGE('',*,*,#7630,.F.);
#4736=ORIENTED_EDGE('',*,*,#7631,.F.);
#4737=ORIENTED_EDGE('',*,*,#7632,.F.);
#4738=ORIENTED_EDGE('',*,*,#7633,.F.);
#4739=ORIENTED_EDGE('',*,*,#7634,.F.);
#4740=ORIENTED_EDGE('',*,*,#7635,.F.);
#4741=ORIENTED_EDGE('',*,*,#7636,.F.);
#4742=ORIENTED_EDGE('',*,*,#7637,.F.);
#4743=ORIENTED_EDGE('',*,*,#7638,.F.);
#4744=ORIENTED_EDGE('',*,*,#7639,.F.);
#4745=ORIENTED_EDGE('',*,*,#7640,.F.);
#4746=ORIENTED_EDGE('',*,*,#7641,.F.);
#4747=ORIENTED_EDGE('',*,*,#7642,.F.);
#4748=ORIENTED_EDGE('',*,*,#7643,.F.);
#4749=ORIENTED_EDGE('',*,*,#7644,.F.);
#4750=ORIENTED_EDGE('',*,*,#7645,.F.);
#4751=ORIENTED_EDGE('',*,*,#7646,.F.);
#4752=ORIENTED_EDGE('',*,*,#7647,.F.);
#4753=ORIENTED_EDGE('',*,*,#7648,.F.);
#4754=ORIENTED_EDGE('',*,*,#7649,.F.);
#4755=ORIENTED_EDGE('',*,*,#7650,.F.);
#4756=ORIENTED_EDGE('',*,*,#7651,.F.);
#4757=ORIENTED_EDGE('',*,*,#7652,.F.);
#4758=ORIENTED_EDGE('',*,*,#7653,.F.);
#4759=ORIENTED_EDGE('',*,*,#7577,.F.);
#4760=ORIENTED_EDGE('',*,*,#7575,.F.);
#4761=ORIENTED_EDGE('',*,*,#7573,.F.);
#4762=ORIENTED_EDGE('',*,*,#7571,.F.);
#4763=ORIENTED_EDGE('',*,*,#7569,.F.);
#4764=ORIENTED_EDGE('',*,*,#7567,.F.);
#4765=ORIENTED_EDGE('',*,*,#7565,.F.);
#4766=ORIENTED_EDGE('',*,*,#7563,.F.);
#4767=ORIENTED_EDGE('',*,*,#7561,.F.);
#4768=ORIENTED_EDGE('',*,*,#7559,.F.);
#4769=ORIENTED_EDGE('',*,*,#7557,.F.);
#4770=ORIENTED_EDGE('',*,*,#7555,.F.);
#4771=ORIENTED_EDGE('',*,*,#7553,.F.);
#4772=ORIENTED_EDGE('',*,*,#7551,.F.);
#4773=ORIENTED_EDGE('',*,*,#7549,.F.);
#4774=ORIENTED_EDGE('',*,*,#7547,.F.);
#4775=ORIENTED_EDGE('',*,*,#7545,.F.);
#4776=ORIENTED_EDGE('',*,*,#7543,.F.);
#4777=ORIENTED_EDGE('',*,*,#7541,.F.);
#4778=ORIENTED_EDGE('',*,*,#7539,.F.);
#4779=ORIENTED_EDGE('',*,*,#7537,.F.);
#4780=ORIENTED_EDGE('',*,*,#7535,.F.);
#4781=ORIENTED_EDGE('',*,*,#7533,.F.);
#4782=ORIENTED_EDGE('',*,*,#7531,.F.);
#4783=ORIENTED_EDGE('',*,*,#7654,.F.);
#4784=ORIENTED_EDGE('',*,*,#7655,.F.);
#4785=ORIENTED_EDGE('',*,*,#7656,.F.);
#4786=ORIENTED_EDGE('',*,*,#7657,.F.);
#4787=ORIENTED_EDGE('',*,*,#7658,.F.);
#4788=ORIENTED_EDGE('',*,*,#7659,.F.);
#4789=ORIENTED_EDGE('',*,*,#7660,.F.);
#4790=ORIENTED_EDGE('',*,*,#7661,.F.);
#4791=ORIENTED_EDGE('',*,*,#7662,.F.);
#4792=ORIENTED_EDGE('',*,*,#7663,.F.);
#4793=ORIENTED_EDGE('',*,*,#7664,.F.);
#4794=ORIENTED_EDGE('',*,*,#7665,.F.);
#4795=ORIENTED_EDGE('',*,*,#7666,.F.);
#4796=ORIENTED_EDGE('',*,*,#7667,.F.);
#4797=ORIENTED_EDGE('',*,*,#7668,.F.);
#4798=ORIENTED_EDGE('',*,*,#7669,.F.);
#4799=ORIENTED_EDGE('',*,*,#7670,.F.);
#4800=ORIENTED_EDGE('',*,*,#7671,.F.);
#4801=ORIENTED_EDGE('',*,*,#7672,.F.);
#4802=ORIENTED_EDGE('',*,*,#7673,.F.);
#4803=ORIENTED_EDGE('',*,*,#7674,.F.);
#4804=ORIENTED_EDGE('',*,*,#7675,.F.);
#4805=ORIENTED_EDGE('',*,*,#7676,.F.);
#4806=ORIENTED_EDGE('',*,*,#7677,.F.);
#4807=ORIENTED_EDGE('',*,*,#7678,.F.);
#4808=ORIENTED_EDGE('',*,*,#7679,.F.);
#4809=ORIENTED_EDGE('',*,*,#7680,.F.);
#4810=ORIENTED_EDGE('',*,*,#7681,.F.);
#4811=ORIENTED_EDGE('',*,*,#7682,.F.);
#4812=ORIENTED_EDGE('',*,*,#7683,.F.);
#4813=ORIENTED_EDGE('',*,*,#7684,.F.);
#4814=ORIENTED_EDGE('',*,*,#7685,.F.);
#4815=ORIENTED_EDGE('',*,*,#7686,.F.);
#4816=ORIENTED_EDGE('',*,*,#7687,.F.);
#4817=ORIENTED_EDGE('',*,*,#7688,.F.);
#4818=ORIENTED_EDGE('',*,*,#7689,.F.);
#4819=ORIENTED_EDGE('',*,*,#7690,.F.);
#4820=ORIENTED_EDGE('',*,*,#7691,.F.);
#4821=ORIENTED_EDGE('',*,*,#7692,.F.);
#4822=ORIENTED_EDGE('',*,*,#7693,.F.);
#4823=ORIENTED_EDGE('',*,*,#7694,.F.);
#4824=ORIENTED_EDGE('',*,*,#7695,.F.);
#4825=ORIENTED_EDGE('',*,*,#7696,.F.);
#4826=ORIENTED_EDGE('',*,*,#7697,.F.);
#4827=ORIENTED_EDGE('',*,*,#7698,.F.);
#4828=ORIENTED_EDGE('',*,*,#7699,.F.);
#4829=ORIENTED_EDGE('',*,*,#7700,.F.);
#4830=ORIENTED_EDGE('',*,*,#7701,.F.);
#4831=ORIENTED_EDGE('',*,*,#7702,.F.);
#4832=ORIENTED_EDGE('',*,*,#7703,.F.);
#4833=ORIENTED_EDGE('',*,*,#7704,.F.);
#4834=ORIENTED_EDGE('',*,*,#7705,.F.);
#4835=ORIENTED_EDGE('',*,*,#7706,.F.);
#4836=ORIENTED_EDGE('',*,*,#7707,.F.);
#4837=ORIENTED_EDGE('',*,*,#7708,.F.);
#4838=ORIENTED_EDGE('',*,*,#7709,.F.);
#4839=ORIENTED_EDGE('',*,*,#7710,.F.);
#4840=ORIENTED_EDGE('',*,*,#7711,.F.);
#4841=ORIENTED_EDGE('',*,*,#7712,.F.);
#4842=ORIENTED_EDGE('',*,*,#7713,.F.);
#4843=ORIENTED_EDGE('',*,*,#7714,.F.);
#4844=ORIENTED_EDGE('',*,*,#7715,.F.);
#4845=ORIENTED_EDGE('',*,*,#7716,.F.);
#4846=ORIENTED_EDGE('',*,*,#7717,.F.);
#4847=ORIENTED_EDGE('',*,*,#7718,.F.);
#4848=ORIENTED_EDGE('',*,*,#7719,.F.);
#4849=ORIENTED_EDGE('',*,*,#7720,.F.);
#4850=ORIENTED_EDGE('',*,*,#7721,.F.);
#4851=ORIENTED_EDGE('',*,*,#7722,.F.);
#4852=ORIENTED_EDGE('',*,*,#7723,.F.);
#4853=ORIENTED_EDGE('',*,*,#7724,.F.);
#4854=ORIENTED_EDGE('',*,*,#7725,.F.);
#4855=ORIENTED_EDGE('',*,*,#7726,.F.);
#4856=ORIENTED_EDGE('',*,*,#7727,.F.);
#4857=ORIENTED_EDGE('',*,*,#7728,.F.);
#4858=ORIENTED_EDGE('',*,*,#7729,.F.);
#4859=ORIENTED_EDGE('',*,*,#7730,.F.);
#4860=ORIENTED_EDGE('',*,*,#7731,.F.);
#4861=ORIENTED_EDGE('',*,*,#7732,.F.);
#4862=ORIENTED_EDGE('',*,*,#7733,.F.);
#4863=ORIENTED_EDGE('',*,*,#7734,.F.);
#4864=ORIENTED_EDGE('',*,*,#7735,.F.);
#4865=ORIENTED_EDGE('',*,*,#7736,.F.);
#4866=ORIENTED_EDGE('',*,*,#7737,.F.);
#4867=ORIENTED_EDGE('',*,*,#7738,.F.);
#4868=ORIENTED_EDGE('',*,*,#7739,.F.);
#4869=ORIENTED_EDGE('',*,*,#7740,.F.);
#4870=ORIENTED_EDGE('',*,*,#7741,.F.);
#4871=ORIENTED_EDGE('',*,*,#7742,.F.);
#4872=ORIENTED_EDGE('',*,*,#7743,.F.);
#4873=ORIENTED_EDGE('',*,*,#7744,.F.);
#4874=ORIENTED_EDGE('',*,*,#7745,.F.);
#4875=ORIENTED_EDGE('',*,*,#7746,.F.);
#4876=ORIENTED_EDGE('',*,*,#7747,.F.);
#4877=ORIENTED_EDGE('',*,*,#7748,.F.);
#4878=ORIENTED_EDGE('',*,*,#7749,.F.);
#4879=ORIENTED_EDGE('',*,*,#7750,.F.);
#4880=ORIENTED_EDGE('',*,*,#7751,.F.);
#4881=ORIENTED_EDGE('',*,*,#7752,.F.);
#4882=ORIENTED_EDGE('',*,*,#7753,.F.);
#4883=ORIENTED_EDGE('',*,*,#7754,.F.);
#4884=ORIENTED_EDGE('',*,*,#7755,.F.);
#4885=ORIENTED_EDGE('',*,*,#7756,.F.);
#4886=ORIENTED_EDGE('',*,*,#7757,.F.);
#4887=ORIENTED_EDGE('',*,*,#7758,.F.);
#4888=ORIENTED_EDGE('',*,*,#7759,.F.);
#4889=ORIENTED_EDGE('',*,*,#7760,.F.);
#4890=ORIENTED_EDGE('',*,*,#7761,.F.);
#4891=ORIENTED_EDGE('',*,*,#7762,.F.);
#4892=ORIENTED_EDGE('',*,*,#7763,.F.);
#4893=ORIENTED_EDGE('',*,*,#7764,.F.);
#4894=ORIENTED_EDGE('',*,*,#7765,.F.);
#4895=ORIENTED_EDGE('',*,*,#7766,.F.);
#4896=ORIENTED_EDGE('',*,*,#7767,.F.);
#4897=ORIENTED_EDGE('',*,*,#7768,.F.);
#4898=ORIENTED_EDGE('',*,*,#7769,.F.);
#4899=ORIENTED_EDGE('',*,*,#7770,.F.);
#4900=ORIENTED_EDGE('',*,*,#7771,.F.);
#4901=ORIENTED_EDGE('',*,*,#7772,.F.);
#4902=ORIENTED_EDGE('',*,*,#7773,.F.);
#4903=ORIENTED_EDGE('',*,*,#7774,.F.);
#4904=ORIENTED_EDGE('',*,*,#7775,.F.);
#4905=ORIENTED_EDGE('',*,*,#7776,.F.);
#4906=ORIENTED_EDGE('',*,*,#7777,.F.);
#4907=ORIENTED_EDGE('',*,*,#7778,.F.);
#4908=ORIENTED_EDGE('',*,*,#7779,.F.);
#4909=ORIENTED_EDGE('',*,*,#7780,.F.);
#4910=ORIENTED_EDGE('',*,*,#7781,.F.);
#4911=ORIENTED_EDGE('',*,*,#7782,.F.);
#4912=ORIENTED_EDGE('',*,*,#7783,.F.);
#4913=ORIENTED_EDGE('',*,*,#7784,.F.);
#4914=ORIENTED_EDGE('',*,*,#7785,.F.);
#4915=ORIENTED_EDGE('',*,*,#7786,.F.);
#4916=ORIENTED_EDGE('',*,*,#7787,.F.);
#4917=ORIENTED_EDGE('',*,*,#7788,.F.);
#4918=ORIENTED_EDGE('',*,*,#7789,.F.);
#4919=ORIENTED_EDGE('',*,*,#7790,.F.);
#4920=ORIENTED_EDGE('',*,*,#7791,.F.);
#4921=ORIENTED_EDGE('',*,*,#7792,.F.);
#4922=ORIENTED_EDGE('',*,*,#7793,.F.);
#4923=ORIENTED_EDGE('',*,*,#7794,.F.);
#4924=ORIENTED_EDGE('',*,*,#7795,.F.);
#4925=ORIENTED_EDGE('',*,*,#7796,.F.);
#4926=ORIENTED_EDGE('',*,*,#7797,.F.);
#4927=ORIENTED_EDGE('',*,*,#7798,.F.);
#4928=ORIENTED_EDGE('',*,*,#7799,.F.);
#4929=ORIENTED_EDGE('',*,*,#7800,.F.);
#4930=ORIENTED_EDGE('',*,*,#7801,.F.);
#4931=ORIENTED_EDGE('',*,*,#7802,.F.);
#4932=ORIENTED_EDGE('',*,*,#7803,.F.);
#4933=ORIENTED_EDGE('',*,*,#7804,.F.);
#4934=ORIENTED_EDGE('',*,*,#7805,.F.);
#4935=ORIENTED_EDGE('',*,*,#7806,.F.);
#4936=ORIENTED_EDGE('',*,*,#7807,.F.);
#4937=ORIENTED_EDGE('',*,*,#7808,.F.);
#4938=ORIENTED_EDGE('',*,*,#7809,.F.);
#4939=ORIENTED_EDGE('',*,*,#7810,.F.);
#4940=ORIENTED_EDGE('',*,*,#7811,.F.);
#4941=ORIENTED_EDGE('',*,*,#7812,.F.);
#4942=ORIENTED_EDGE('',*,*,#7813,.F.);
#4943=ORIENTED_EDGE('',*,*,#7814,.F.);
#4944=ORIENTED_EDGE('',*,*,#7815,.F.);
#4945=ORIENTED_EDGE('',*,*,#7816,.F.);
#4946=ORIENTED_EDGE('',*,*,#7817,.T.);
#4947=ORIENTED_EDGE('',*,*,#7818,.T.);
#4948=ORIENTED_EDGE('',*,*,#7819,.T.);
#4949=ORIENTED_EDGE('',*,*,#7042,.T.);
#4950=ORIENTED_EDGE('',*,*,#7820,.T.);
#4951=ORIENTED_EDGE('',*,*,#7821,.T.);
#4952=ORIENTED_EDGE('',*,*,#7819,.F.);
#4953=ORIENTED_EDGE('',*,*,#7822,.F.);
#4954=ORIENTED_EDGE('',*,*,#7823,.T.);
#4955=ORIENTED_EDGE('',*,*,#7824,.T.);
#4956=ORIENTED_EDGE('',*,*,#7825,.T.);
#4957=ORIENTED_EDGE('',*,*,#7817,.F.);
#4958=ORIENTED_EDGE('',*,*,#7826,.T.);
#4959=ORIENTED_EDGE('',*,*,#7827,.T.);
#4960=ORIENTED_EDGE('',*,*,#7046,.T.);
#4961=ORIENTED_EDGE('',*,*,#7828,.T.);
#4962=ORIENTED_EDGE('',*,*,#7829,.F.);
#4963=ORIENTED_EDGE('',*,*,#7830,.F.);
#4964=ORIENTED_EDGE('',*,*,#7829,.T.);
#4965=ORIENTED_EDGE('',*,*,#7831,.T.);
#4966=ORIENTED_EDGE('',*,*,#7832,.T.);
#4967=ORIENTED_EDGE('',*,*,#7833,.F.);
#4968=ORIENTED_EDGE('',*,*,#7834,.T.);
#4969=ORIENTED_EDGE('',*,*,#7835,.T.);
#4970=ORIENTED_EDGE('',*,*,#7832,.F.);
#4971=ORIENTED_EDGE('',*,*,#7579,.F.);
#4972=ORIENTED_EDGE('',*,*,#7836,.T.);
#4973=ORIENTED_EDGE('',*,*,#7415,.T.);
#4974=ORIENTED_EDGE('',*,*,#7837,.T.);
#4975=ORIENTED_EDGE('',*,*,#7581,.T.);
#4976=ORIENTED_EDGE('',*,*,#7838,.F.);
#4977=ORIENTED_EDGE('',*,*,#7414,.T.);
#4978=ORIENTED_EDGE('',*,*,#7839,.T.);
#4979=ORIENTED_EDGE('',*,*,#7582,.T.);
#4980=ORIENTED_EDGE('',*,*,#7837,.F.);
#4981=ORIENTED_EDGE('',*,*,#7413,.T.);
#4982=ORIENTED_EDGE('',*,*,#7840,.T.);
#4983=ORIENTED_EDGE('',*,*,#7583,.T.);
#4984=ORIENTED_EDGE('',*,*,#7839,.F.);
#4985=ORIENTED_EDGE('',*,*,#7412,.T.);
#4986=ORIENTED_EDGE('',*,*,#7841,.T.);
#4987=ORIENTED_EDGE('',*,*,#7584,.T.);
#4988=ORIENTED_EDGE('',*,*,#7840,.F.);
#4989=ORIENTED_EDGE('',*,*,#7411,.T.);
#4990=ORIENTED_EDGE('',*,*,#7842,.T.);
#4991=ORIENTED_EDGE('',*,*,#7585,.T.);
#4992=ORIENTED_EDGE('',*,*,#7841,.F.);
#4993=ORIENTED_EDGE('',*,*,#7410,.T.);
#4994=ORIENTED_EDGE('',*,*,#7843,.T.);
#4995=ORIENTED_EDGE('',*,*,#7586,.T.);
#4996=ORIENTED_EDGE('',*,*,#7842,.F.);
#4997=ORIENTED_EDGE('',*,*,#7409,.T.);
#4998=ORIENTED_EDGE('',*,*,#7844,.T.);
#4999=ORIENTED_EDGE('',*,*,#7587,.T.);
#5000=ORIENTED_EDGE('',*,*,#7843,.F.);
#5001=ORIENTED_EDGE('',*,*,#7408,.T.);
#5002=ORIENTED_EDGE('',*,*,#7845,.T.);
#5003=ORIENTED_EDGE('',*,*,#7588,.T.);
#5004=ORIENTED_EDGE('',*,*,#7844,.F.);
#5005=ORIENTED_EDGE('',*,*,#7407,.T.);
#5006=ORIENTED_EDGE('',*,*,#7846,.T.);
#5007=ORIENTED_EDGE('',*,*,#7589,.T.);
#5008=ORIENTED_EDGE('',*,*,#7845,.F.);
#5009=ORIENTED_EDGE('',*,*,#7406,.T.);
#5010=ORIENTED_EDGE('',*,*,#7847,.T.);
#5011=ORIENTED_EDGE('',*,*,#7590,.T.);
#5012=ORIENTED_EDGE('',*,*,#7846,.F.);
#5013=ORIENTED_EDGE('',*,*,#7405,.T.);
#5014=ORIENTED_EDGE('',*,*,#7848,.T.);
#5015=ORIENTED_EDGE('',*,*,#7591,.T.);
#5016=ORIENTED_EDGE('',*,*,#7847,.F.);
#5017=ORIENTED_EDGE('',*,*,#7404,.T.);
#5018=ORIENTED_EDGE('',*,*,#7849,.T.);
#5019=ORIENTED_EDGE('',*,*,#7592,.T.);
#5020=ORIENTED_EDGE('',*,*,#7848,.F.);
#5021=ORIENTED_EDGE('',*,*,#7403,.T.);
#5022=ORIENTED_EDGE('',*,*,#7850,.T.);
#5023=ORIENTED_EDGE('',*,*,#7593,.T.);
#5024=ORIENTED_EDGE('',*,*,#7849,.F.);
#5025=ORIENTED_EDGE('',*,*,#7402,.T.);
#5026=ORIENTED_EDGE('',*,*,#7851,.T.);
#5027=ORIENTED_EDGE('',*,*,#7594,.T.);
#5028=ORIENTED_EDGE('',*,*,#7850,.F.);
#5029=ORIENTED_EDGE('',*,*,#7401,.T.);
#5030=ORIENTED_EDGE('',*,*,#7852,.T.);
#5031=ORIENTED_EDGE('',*,*,#7595,.T.);
#5032=ORIENTED_EDGE('',*,*,#7851,.F.);
#5033=ORIENTED_EDGE('',*,*,#7400,.T.);
#5034=ORIENTED_EDGE('',*,*,#7853,.T.);
#5035=ORIENTED_EDGE('',*,*,#7596,.T.);
#5036=ORIENTED_EDGE('',*,*,#7852,.F.);
#5037=ORIENTED_EDGE('',*,*,#7399,.T.);
#5038=ORIENTED_EDGE('',*,*,#7854,.T.);
#5039=ORIENTED_EDGE('',*,*,#7597,.T.);
#5040=ORIENTED_EDGE('',*,*,#7853,.F.);
#5041=ORIENTED_EDGE('',*,*,#7398,.T.);
#5042=ORIENTED_EDGE('',*,*,#7855,.T.);
#5043=ORIENTED_EDGE('',*,*,#7598,.T.);
#5044=ORIENTED_EDGE('',*,*,#7854,.F.);
#5045=ORIENTED_EDGE('',*,*,#7397,.T.);
#5046=ORIENTED_EDGE('',*,*,#7856,.T.);
#5047=ORIENTED_EDGE('',*,*,#7599,.T.);
#5048=ORIENTED_EDGE('',*,*,#7855,.F.);
#5049=ORIENTED_EDGE('',*,*,#7396,.T.);
#5050=ORIENTED_EDGE('',*,*,#7857,.T.);
#5051=ORIENTED_EDGE('',*,*,#7600,.T.);
#5052=ORIENTED_EDGE('',*,*,#7856,.F.);
#5053=ORIENTED_EDGE('',*,*,#7395,.T.);
#5054=ORIENTED_EDGE('',*,*,#7858,.T.);
#5055=ORIENTED_EDGE('',*,*,#7601,.T.);
#5056=ORIENTED_EDGE('',*,*,#7857,.F.);
#5057=ORIENTED_EDGE('',*,*,#7394,.T.);
#5058=ORIENTED_EDGE('',*,*,#7859,.T.);
#5059=ORIENTED_EDGE('',*,*,#7602,.T.);
#5060=ORIENTED_EDGE('',*,*,#7858,.F.);
#5061=ORIENTED_EDGE('',*,*,#7393,.T.);
#5062=ORIENTED_EDGE('',*,*,#7860,.T.);
#5063=ORIENTED_EDGE('',*,*,#7603,.T.);
#5064=ORIENTED_EDGE('',*,*,#7859,.F.);
#5065=ORIENTED_EDGE('',*,*,#7392,.T.);
#5066=ORIENTED_EDGE('',*,*,#7861,.T.);
#5067=ORIENTED_EDGE('',*,*,#7604,.T.);
#5068=ORIENTED_EDGE('',*,*,#7860,.F.);
#5069=ORIENTED_EDGE('',*,*,#7391,.T.);
#5070=ORIENTED_EDGE('',*,*,#7862,.T.);
#5071=ORIENTED_EDGE('',*,*,#7605,.T.);
#5072=ORIENTED_EDGE('',*,*,#7861,.F.);
#5073=ORIENTED_EDGE('',*,*,#7390,.T.);
#5074=ORIENTED_EDGE('',*,*,#7863,.T.);
#5075=ORIENTED_EDGE('',*,*,#7606,.T.);
#5076=ORIENTED_EDGE('',*,*,#7862,.F.);
#5077=ORIENTED_EDGE('',*,*,#7389,.T.);
#5078=ORIENTED_EDGE('',*,*,#7864,.T.);
#5079=ORIENTED_EDGE('',*,*,#7607,.T.);
#5080=ORIENTED_EDGE('',*,*,#7863,.F.);
#5081=ORIENTED_EDGE('',*,*,#7388,.T.);
#5082=ORIENTED_EDGE('',*,*,#7865,.T.);
#5083=ORIENTED_EDGE('',*,*,#7608,.T.);
#5084=ORIENTED_EDGE('',*,*,#7864,.F.);
#5085=ORIENTED_EDGE('',*,*,#7387,.T.);
#5086=ORIENTED_EDGE('',*,*,#7866,.T.);
#5087=ORIENTED_EDGE('',*,*,#7609,.T.);
#5088=ORIENTED_EDGE('',*,*,#7865,.F.);
#5089=ORIENTED_EDGE('',*,*,#7386,.T.);
#5090=ORIENTED_EDGE('',*,*,#7867,.T.);
#5091=ORIENTED_EDGE('',*,*,#7610,.T.);
#5092=ORIENTED_EDGE('',*,*,#7866,.F.);
#5093=ORIENTED_EDGE('',*,*,#7385,.T.);
#5094=ORIENTED_EDGE('',*,*,#7868,.T.);
#5095=ORIENTED_EDGE('',*,*,#7611,.T.);
#5096=ORIENTED_EDGE('',*,*,#7867,.F.);
#5097=ORIENTED_EDGE('',*,*,#7384,.T.);
#5098=ORIENTED_EDGE('',*,*,#7869,.T.);
#5099=ORIENTED_EDGE('',*,*,#7612,.T.);
#5100=ORIENTED_EDGE('',*,*,#7868,.F.);
#5101=ORIENTED_EDGE('',*,*,#7383,.T.);
#5102=ORIENTED_EDGE('',*,*,#7870,.T.);
#5103=ORIENTED_EDGE('',*,*,#7613,.T.);
#5104=ORIENTED_EDGE('',*,*,#7869,.F.);
#5105=ORIENTED_EDGE('',*,*,#7382,.T.);
#5106=ORIENTED_EDGE('',*,*,#7871,.T.);
#5107=ORIENTED_EDGE('',*,*,#7614,.T.);
#5108=ORIENTED_EDGE('',*,*,#7870,.F.);
#5109=ORIENTED_EDGE('',*,*,#7381,.T.);
#5110=ORIENTED_EDGE('',*,*,#7872,.T.);
#5111=ORIENTED_EDGE('',*,*,#7615,.T.);
#5112=ORIENTED_EDGE('',*,*,#7871,.F.);
#5113=ORIENTED_EDGE('',*,*,#7380,.T.);
#5114=ORIENTED_EDGE('',*,*,#7838,.T.);
#5115=ORIENTED_EDGE('',*,*,#7580,.T.);
#5116=ORIENTED_EDGE('',*,*,#7872,.F.);
#5117=ORIENTED_EDGE('',*,*,#7379,.T.);
#5118=ORIENTED_EDGE('',*,*,#7873,.T.);
#5119=ORIENTED_EDGE('',*,*,#7617,.T.);
#5120=ORIENTED_EDGE('',*,*,#7874,.F.);
#5121=ORIENTED_EDGE('',*,*,#7378,.T.);
#5122=ORIENTED_EDGE('',*,*,#7875,.T.);
#5123=ORIENTED_EDGE('',*,*,#7618,.T.);
#5124=ORIENTED_EDGE('',*,*,#7873,.F.);
#5125=ORIENTED_EDGE('',*,*,#7377,.T.);
#5126=ORIENTED_EDGE('',*,*,#7876,.T.);
#5127=ORIENTED_EDGE('',*,*,#7619,.T.);
#5128=ORIENTED_EDGE('',*,*,#7875,.F.);
#5129=ORIENTED_EDGE('',*,*,#7376,.T.);
#5130=ORIENTED_EDGE('',*,*,#7877,.T.);
#5131=ORIENTED_EDGE('',*,*,#7620,.T.);
#5132=ORIENTED_EDGE('',*,*,#7876,.F.);
#5133=ORIENTED_EDGE('',*,*,#7375,.T.);
#5134=ORIENTED_EDGE('',*,*,#7874,.T.);
#5135=ORIENTED_EDGE('',*,*,#7616,.T.);
#5136=ORIENTED_EDGE('',*,*,#7877,.F.);
#5137=ORIENTED_EDGE('',*,*,#7878,.T.);
#5138=ORIENTED_EDGE('',*,*,#7879,.T.);
#5139=ORIENTED_EDGE('',*,*,#7880,.T.);
#5140=ORIENTED_EDGE('',*,*,#7373,.F.);
#5141=ORIENTED_EDGE('',*,*,#7881,.T.);
#5142=ORIENTED_EDGE('',*,*,#7882,.T.);
#5143=ORIENTED_EDGE('',*,*,#7371,.T.);
#5144=ORIENTED_EDGE('',*,*,#7883,.T.);
#5145=ORIENTED_EDGE('',*,*,#7622,.T.);
#5146=ORIENTED_EDGE('',*,*,#7884,.F.);
#5147=ORIENTED_EDGE('',*,*,#7370,.T.);
#5148=ORIENTED_EDGE('',*,*,#7885,.T.);
#5149=ORIENTED_EDGE('',*,*,#7623,.T.);
#5150=ORIENTED_EDGE('',*,*,#7883,.F.);
#5151=ORIENTED_EDGE('',*,*,#7369,.T.);
#5152=ORIENTED_EDGE('',*,*,#7886,.T.);
#5153=ORIENTED_EDGE('',*,*,#7624,.T.);
#5154=ORIENTED_EDGE('',*,*,#7885,.F.);
#5155=ORIENTED_EDGE('',*,*,#7368,.T.);
#5156=ORIENTED_EDGE('',*,*,#7887,.T.);
#5157=ORIENTED_EDGE('',*,*,#7625,.T.);
#5158=ORIENTED_EDGE('',*,*,#7886,.F.);
#5159=ORIENTED_EDGE('',*,*,#7367,.T.);
#5160=ORIENTED_EDGE('',*,*,#7888,.T.);
#5161=ORIENTED_EDGE('',*,*,#7626,.T.);
#5162=ORIENTED_EDGE('',*,*,#7887,.F.);
#5163=ORIENTED_EDGE('',*,*,#7366,.T.);
#5164=ORIENTED_EDGE('',*,*,#7889,.T.);
#5165=ORIENTED_EDGE('',*,*,#7627,.T.);
#5166=ORIENTED_EDGE('',*,*,#7888,.F.);
#5167=ORIENTED_EDGE('',*,*,#7365,.T.);
#5168=ORIENTED_EDGE('',*,*,#7890,.T.);
#5169=ORIENTED_EDGE('',*,*,#7628,.T.);
#5170=ORIENTED_EDGE('',*,*,#7889,.F.);
#5171=ORIENTED_EDGE('',*,*,#7364,.T.);
#5172=ORIENTED_EDGE('',*,*,#7891,.T.);
#5173=ORIENTED_EDGE('',*,*,#7629,.T.);
#5174=ORIENTED_EDGE('',*,*,#7890,.F.);
#5175=ORIENTED_EDGE('',*,*,#7363,.T.);
#5176=ORIENTED_EDGE('',*,*,#7892,.T.);
#5177=ORIENTED_EDGE('',*,*,#7630,.T.);
#5178=ORIENTED_EDGE('',*,*,#7891,.F.);
#5179=ORIENTED_EDGE('',*,*,#7362,.T.);
#5180=ORIENTED_EDGE('',*,*,#7893,.T.);
#5181=ORIENTED_EDGE('',*,*,#7631,.T.);
#5182=ORIENTED_EDGE('',*,*,#7892,.F.);
#5183=ORIENTED_EDGE('',*,*,#7361,.T.);
#5184=ORIENTED_EDGE('',*,*,#7894,.T.);
#5185=ORIENTED_EDGE('',*,*,#7632,.T.);
#5186=ORIENTED_EDGE('',*,*,#7893,.F.);
#5187=ORIENTED_EDGE('',*,*,#7360,.T.);
#5188=ORIENTED_EDGE('',*,*,#7895,.T.);
#5189=ORIENTED_EDGE('',*,*,#7633,.T.);
#5190=ORIENTED_EDGE('',*,*,#7894,.F.);
#5191=ORIENTED_EDGE('',*,*,#7359,.T.);
#5192=ORIENTED_EDGE('',*,*,#7896,.T.);
#5193=ORIENTED_EDGE('',*,*,#7634,.T.);
#5194=ORIENTED_EDGE('',*,*,#7895,.F.);
#5195=ORIENTED_EDGE('',*,*,#7358,.T.);
#5196=ORIENTED_EDGE('',*,*,#7897,.T.);
#5197=ORIENTED_EDGE('',*,*,#7635,.T.);
#5198=ORIENTED_EDGE('',*,*,#7896,.F.);
#5199=ORIENTED_EDGE('',*,*,#7357,.T.);
#5200=ORIENTED_EDGE('',*,*,#7898,.T.);
#5201=ORIENTED_EDGE('',*,*,#7636,.T.);
#5202=ORIENTED_EDGE('',*,*,#7897,.F.);
#5203=ORIENTED_EDGE('',*,*,#7356,.T.);
#5204=ORIENTED_EDGE('',*,*,#7899,.T.);
#5205=ORIENTED_EDGE('',*,*,#7637,.T.);
#5206=ORIENTED_EDGE('',*,*,#7898,.F.);
#5207=ORIENTED_EDGE('',*,*,#7355,.T.);
#5208=ORIENTED_EDGE('',*,*,#7900,.T.);
#5209=ORIENTED_EDGE('',*,*,#7638,.T.);
#5210=ORIENTED_EDGE('',*,*,#7899,.F.);
#5211=ORIENTED_EDGE('',*,*,#7354,.T.);
#5212=ORIENTED_EDGE('',*,*,#7901,.T.);
#5213=ORIENTED_EDGE('',*,*,#7639,.T.);
#5214=ORIENTED_EDGE('',*,*,#7900,.F.);
#5215=ORIENTED_EDGE('',*,*,#7353,.T.);
#5216=ORIENTED_EDGE('',*,*,#7902,.T.);
#5217=ORIENTED_EDGE('',*,*,#7640,.T.);
#5218=ORIENTED_EDGE('',*,*,#7901,.F.);
#5219=ORIENTED_EDGE('',*,*,#7352,.T.);
#5220=ORIENTED_EDGE('',*,*,#7903,.T.);
#5221=ORIENTED_EDGE('',*,*,#7641,.T.);
#5222=ORIENTED_EDGE('',*,*,#7902,.F.);
#5223=ORIENTED_EDGE('',*,*,#7351,.T.);
#5224=ORIENTED_EDGE('',*,*,#7904,.T.);
#5225=ORIENTED_EDGE('',*,*,#7642,.T.);
#5226=ORIENTED_EDGE('',*,*,#7903,.F.);
#5227=ORIENTED_EDGE('',*,*,#7350,.T.);
#5228=ORIENTED_EDGE('',*,*,#7905,.T.);
#5229=ORIENTED_EDGE('',*,*,#7643,.T.);
#5230=ORIENTED_EDGE('',*,*,#7904,.F.);
#5231=ORIENTED_EDGE('',*,*,#7349,.T.);
#5232=ORIENTED_EDGE('',*,*,#7906,.T.);
#5233=ORIENTED_EDGE('',*,*,#7644,.T.);
#5234=ORIENTED_EDGE('',*,*,#7905,.F.);
#5235=ORIENTED_EDGE('',*,*,#7348,.T.);
#5236=ORIENTED_EDGE('',*,*,#7907,.T.);
#5237=ORIENTED_EDGE('',*,*,#7645,.T.);
#5238=ORIENTED_EDGE('',*,*,#7906,.F.);
#5239=ORIENTED_EDGE('',*,*,#7347,.T.);
#5240=ORIENTED_EDGE('',*,*,#7908,.T.);
#5241=ORIENTED_EDGE('',*,*,#7646,.T.);
#5242=ORIENTED_EDGE('',*,*,#7907,.F.);
#5243=ORIENTED_EDGE('',*,*,#7346,.T.);
#5244=ORIENTED_EDGE('',*,*,#7909,.T.);
#5245=ORIENTED_EDGE('',*,*,#7647,.T.);
#5246=ORIENTED_EDGE('',*,*,#7908,.F.);
#5247=ORIENTED_EDGE('',*,*,#7345,.T.);
#5248=ORIENTED_EDGE('',*,*,#7910,.T.);
#5249=ORIENTED_EDGE('',*,*,#7648,.T.);
#5250=ORIENTED_EDGE('',*,*,#7909,.F.);
#5251=ORIENTED_EDGE('',*,*,#7344,.T.);
#5252=ORIENTED_EDGE('',*,*,#7911,.T.);
#5253=ORIENTED_EDGE('',*,*,#7649,.T.);
#5254=ORIENTED_EDGE('',*,*,#7910,.F.);
#5255=ORIENTED_EDGE('',*,*,#7343,.T.);
#5256=ORIENTED_EDGE('',*,*,#7912,.T.);
#5257=ORIENTED_EDGE('',*,*,#7650,.T.);
#5258=ORIENTED_EDGE('',*,*,#7911,.F.);
#5259=ORIENTED_EDGE('',*,*,#7342,.T.);
#5260=ORIENTED_EDGE('',*,*,#7913,.T.);
#5261=ORIENTED_EDGE('',*,*,#7651,.T.);
#5262=ORIENTED_EDGE('',*,*,#7912,.F.);
#5263=ORIENTED_EDGE('',*,*,#7341,.T.);
#5264=ORIENTED_EDGE('',*,*,#7914,.T.);
#5265=ORIENTED_EDGE('',*,*,#7652,.T.);
#5266=ORIENTED_EDGE('',*,*,#7913,.F.);
#5267=ORIENTED_EDGE('',*,*,#7340,.T.);
#5268=ORIENTED_EDGE('',*,*,#7915,.T.);
#5269=ORIENTED_EDGE('',*,*,#7653,.T.);
#5270=ORIENTED_EDGE('',*,*,#7914,.F.);
#5271=ORIENTED_EDGE('',*,*,#7339,.T.);
#5272=ORIENTED_EDGE('',*,*,#7884,.T.);
#5273=ORIENTED_EDGE('',*,*,#7621,.T.);
#5274=ORIENTED_EDGE('',*,*,#7915,.F.);
#5275=ORIENTED_EDGE('',*,*,#7338,.T.);
#5276=ORIENTED_EDGE('',*,*,#7916,.T.);
#5277=ORIENTED_EDGE('',*,*,#7655,.T.);
#5278=ORIENTED_EDGE('',*,*,#7917,.F.);
#5279=ORIENTED_EDGE('',*,*,#7337,.T.);
#5280=ORIENTED_EDGE('',*,*,#7918,.T.);
#5281=ORIENTED_EDGE('',*,*,#7656,.T.);
#5282=ORIENTED_EDGE('',*,*,#7916,.F.);
#5283=ORIENTED_EDGE('',*,*,#7336,.T.);
#5284=ORIENTED_EDGE('',*,*,#7919,.T.);
#5285=ORIENTED_EDGE('',*,*,#7657,.T.);
#5286=ORIENTED_EDGE('',*,*,#7918,.F.);
#5287=ORIENTED_EDGE('',*,*,#7335,.T.);
#5288=ORIENTED_EDGE('',*,*,#7920,.T.);
#5289=ORIENTED_EDGE('',*,*,#7658,.T.);
#5290=ORIENTED_EDGE('',*,*,#7919,.F.);
#5291=ORIENTED_EDGE('',*,*,#7334,.T.);
#5292=ORIENTED_EDGE('',*,*,#7921,.T.);
#5293=ORIENTED_EDGE('',*,*,#7659,.T.);
#5294=ORIENTED_EDGE('',*,*,#7920,.F.);
#5295=ORIENTED_EDGE('',*,*,#7333,.T.);
#5296=ORIENTED_EDGE('',*,*,#7922,.T.);
#5297=ORIENTED_EDGE('',*,*,#7660,.T.);
#5298=ORIENTED_EDGE('',*,*,#7921,.F.);
#5299=ORIENTED_EDGE('',*,*,#7332,.T.);
#5300=ORIENTED_EDGE('',*,*,#7923,.T.);
#5301=ORIENTED_EDGE('',*,*,#7661,.T.);
#5302=ORIENTED_EDGE('',*,*,#7922,.F.);
#5303=ORIENTED_EDGE('',*,*,#7331,.T.);
#5304=ORIENTED_EDGE('',*,*,#7924,.T.);
#5305=ORIENTED_EDGE('',*,*,#7662,.T.);
#5306=ORIENTED_EDGE('',*,*,#7923,.F.);
#5307=ORIENTED_EDGE('',*,*,#7330,.T.);
#5308=ORIENTED_EDGE('',*,*,#7925,.T.);
#5309=ORIENTED_EDGE('',*,*,#7663,.T.);
#5310=ORIENTED_EDGE('',*,*,#7924,.F.);
#5311=ORIENTED_EDGE('',*,*,#7329,.T.);
#5312=ORIENTED_EDGE('',*,*,#7926,.T.);
#5313=ORIENTED_EDGE('',*,*,#7664,.T.);
#5314=ORIENTED_EDGE('',*,*,#7925,.F.);
#5315=ORIENTED_EDGE('',*,*,#7328,.T.);
#5316=ORIENTED_EDGE('',*,*,#7927,.T.);
#5317=ORIENTED_EDGE('',*,*,#7665,.T.);
#5318=ORIENTED_EDGE('',*,*,#7926,.F.);
#5319=ORIENTED_EDGE('',*,*,#7327,.T.);
#5320=ORIENTED_EDGE('',*,*,#7917,.T.);
#5321=ORIENTED_EDGE('',*,*,#7654,.T.);
#5322=ORIENTED_EDGE('',*,*,#7927,.F.);
#5323=ORIENTED_EDGE('',*,*,#7326,.T.);
#5324=ORIENTED_EDGE('',*,*,#7928,.T.);
#5325=ORIENTED_EDGE('',*,*,#7667,.T.);
#5326=ORIENTED_EDGE('',*,*,#7929,.F.);
#5327=ORIENTED_EDGE('',*,*,#7325,.T.);
#5328=ORIENTED_EDGE('',*,*,#7930,.T.);
#5329=ORIENTED_EDGE('',*,*,#7668,.T.);
#5330=ORIENTED_EDGE('',*,*,#7928,.F.);
#5331=ORIENTED_EDGE('',*,*,#7324,.T.);
#5332=ORIENTED_EDGE('',*,*,#7931,.T.);
#5333=ORIENTED_EDGE('',*,*,#7669,.T.);
#5334=ORIENTED_EDGE('',*,*,#7930,.F.);
#5335=ORIENTED_EDGE('',*,*,#7323,.T.);
#5336=ORIENTED_EDGE('',*,*,#7932,.T.);
#5337=ORIENTED_EDGE('',*,*,#7670,.T.);
#5338=ORIENTED_EDGE('',*,*,#7931,.F.);
#5339=ORIENTED_EDGE('',*,*,#7322,.T.);
#5340=ORIENTED_EDGE('',*,*,#7933,.T.);
#5341=ORIENTED_EDGE('',*,*,#7671,.T.);
#5342=ORIENTED_EDGE('',*,*,#7932,.F.);
#5343=ORIENTED_EDGE('',*,*,#7321,.T.);
#5344=ORIENTED_EDGE('',*,*,#7934,.T.);
#5345=ORIENTED_EDGE('',*,*,#7672,.T.);
#5346=ORIENTED_EDGE('',*,*,#7933,.F.);
#5347=ORIENTED_EDGE('',*,*,#7320,.T.);
#5348=ORIENTED_EDGE('',*,*,#7935,.T.);
#5349=ORIENTED_EDGE('',*,*,#7673,.T.);
#5350=ORIENTED_EDGE('',*,*,#7934,.F.);
#5351=ORIENTED_EDGE('',*,*,#7319,.T.);
#5352=ORIENTED_EDGE('',*,*,#7936,.T.);
#5353=ORIENTED_EDGE('',*,*,#7674,.T.);
#5354=ORIENTED_EDGE('',*,*,#7935,.F.);
#5355=ORIENTED_EDGE('',*,*,#7318,.T.);
#5356=ORIENTED_EDGE('',*,*,#7937,.T.);
#5357=ORIENTED_EDGE('',*,*,#7675,.T.);
#5358=ORIENTED_EDGE('',*,*,#7936,.F.);
#5359=ORIENTED_EDGE('',*,*,#7317,.T.);
#5360=ORIENTED_EDGE('',*,*,#7929,.T.);
#5361=ORIENTED_EDGE('',*,*,#7666,.T.);
#5362=ORIENTED_EDGE('',*,*,#7937,.F.);
#5363=ORIENTED_EDGE('',*,*,#7316,.T.);
#5364=ORIENTED_EDGE('',*,*,#7938,.T.);
#5365=ORIENTED_EDGE('',*,*,#7677,.T.);
#5366=ORIENTED_EDGE('',*,*,#7939,.F.);
#5367=ORIENTED_EDGE('',*,*,#7315,.T.);
#5368=ORIENTED_EDGE('',*,*,#7940,.T.);
#5369=ORIENTED_EDGE('',*,*,#7678,.T.);
#5370=ORIENTED_EDGE('',*,*,#7938,.F.);
#5371=ORIENTED_EDGE('',*,*,#7314,.T.);
#5372=ORIENTED_EDGE('',*,*,#7941,.T.);
#5373=ORIENTED_EDGE('',*,*,#7679,.T.);
#5374=ORIENTED_EDGE('',*,*,#7940,.F.);
#5375=ORIENTED_EDGE('',*,*,#7313,.T.);
#5376=ORIENTED_EDGE('',*,*,#7942,.T.);
#5377=ORIENTED_EDGE('',*,*,#7680,.T.);
#5378=ORIENTED_EDGE('',*,*,#7941,.F.);
#5379=ORIENTED_EDGE('',*,*,#7312,.T.);
#5380=ORIENTED_EDGE('',*,*,#7943,.T.);
#5381=ORIENTED_EDGE('',*,*,#7681,.T.);
#5382=ORIENTED_EDGE('',*,*,#7942,.F.);
#5383=ORIENTED_EDGE('',*,*,#7311,.T.);
#5384=ORIENTED_EDGE('',*,*,#7944,.T.);
#5385=ORIENTED_EDGE('',*,*,#7682,.T.);
#5386=ORIENTED_EDGE('',*,*,#7943,.F.);
#5387=ORIENTED_EDGE('',*,*,#7310,.T.);
#5388=ORIENTED_EDGE('',*,*,#7945,.T.);
#5389=ORIENTED_EDGE('',*,*,#7683,.T.);
#5390=ORIENTED_EDGE('',*,*,#7944,.F.);
#5391=ORIENTED_EDGE('',*,*,#7309,.T.);
#5392=ORIENTED_EDGE('',*,*,#7946,.T.);
#5393=ORIENTED_EDGE('',*,*,#7684,.T.);
#5394=ORIENTED_EDGE('',*,*,#7945,.F.);
#5395=ORIENTED_EDGE('',*,*,#7308,.T.);
#5396=ORIENTED_EDGE('',*,*,#7947,.T.);
#5397=ORIENTED_EDGE('',*,*,#7685,.T.);
#5398=ORIENTED_EDGE('',*,*,#7946,.F.);
#5399=ORIENTED_EDGE('',*,*,#7307,.T.);
#5400=ORIENTED_EDGE('',*,*,#7948,.T.);
#5401=ORIENTED_EDGE('',*,*,#7686,.T.);
#5402=ORIENTED_EDGE('',*,*,#7947,.F.);
#5403=ORIENTED_EDGE('',*,*,#7306,.T.);
#5404=ORIENTED_EDGE('',*,*,#7949,.T.);
#5405=ORIENTED_EDGE('',*,*,#7687,.T.);
#5406=ORIENTED_EDGE('',*,*,#7948,.F.);
#5407=ORIENTED_EDGE('',*,*,#7305,.T.);
#5408=ORIENTED_EDGE('',*,*,#7950,.T.);
#5409=ORIENTED_EDGE('',*,*,#7688,.T.);
#5410=ORIENTED_EDGE('',*,*,#7949,.F.);
#5411=ORIENTED_EDGE('',*,*,#7304,.T.);
#5412=ORIENTED_EDGE('',*,*,#7951,.T.);
#5413=ORIENTED_EDGE('',*,*,#7689,.T.);
#5414=ORIENTED_EDGE('',*,*,#7950,.F.);
#5415=ORIENTED_EDGE('',*,*,#7303,.T.);
#5416=ORIENTED_EDGE('',*,*,#7952,.T.);
#5417=ORIENTED_EDGE('',*,*,#7690,.T.);
#5418=ORIENTED_EDGE('',*,*,#7951,.F.);
#5419=ORIENTED_EDGE('',*,*,#7302,.T.);
#5420=ORIENTED_EDGE('',*,*,#7953,.T.);
#5421=ORIENTED_EDGE('',*,*,#7691,.T.);
#5422=ORIENTED_EDGE('',*,*,#7952,.F.);
#5423=ORIENTED_EDGE('',*,*,#7301,.T.);
#5424=ORIENTED_EDGE('',*,*,#7954,.T.);
#5425=ORIENTED_EDGE('',*,*,#7692,.T.);
#5426=ORIENTED_EDGE('',*,*,#7953,.F.);
#5427=ORIENTED_EDGE('',*,*,#7300,.T.);
#5428=ORIENTED_EDGE('',*,*,#7955,.T.);
#5429=ORIENTED_EDGE('',*,*,#7693,.T.);
#5430=ORIENTED_EDGE('',*,*,#7954,.F.);
#5431=ORIENTED_EDGE('',*,*,#7299,.T.);
#5432=ORIENTED_EDGE('',*,*,#7956,.T.);
#5433=ORIENTED_EDGE('',*,*,#7694,.T.);
#5434=ORIENTED_EDGE('',*,*,#7955,.F.);
#5435=ORIENTED_EDGE('',*,*,#7298,.T.);
#5436=ORIENTED_EDGE('',*,*,#7957,.T.);
#5437=ORIENTED_EDGE('',*,*,#7695,.T.);
#5438=ORIENTED_EDGE('',*,*,#7956,.F.);
#5439=ORIENTED_EDGE('',*,*,#7297,.T.);
#5440=ORIENTED_EDGE('',*,*,#7958,.T.);
#5441=ORIENTED_EDGE('',*,*,#7696,.T.);
#5442=ORIENTED_EDGE('',*,*,#7957,.F.);
#5443=ORIENTED_EDGE('',*,*,#7296,.T.);
#5444=ORIENTED_EDGE('',*,*,#7959,.T.);
#5445=ORIENTED_EDGE('',*,*,#7697,.T.);
#5446=ORIENTED_EDGE('',*,*,#7958,.F.);
#5447=ORIENTED_EDGE('',*,*,#7295,.T.);
#5448=ORIENTED_EDGE('',*,*,#7960,.T.);
#5449=ORIENTED_EDGE('',*,*,#7698,.T.);
#5450=ORIENTED_EDGE('',*,*,#7959,.F.);
#5451=ORIENTED_EDGE('',*,*,#7294,.T.);
#5452=ORIENTED_EDGE('',*,*,#7961,.T.);
#5453=ORIENTED_EDGE('',*,*,#7699,.T.);
#5454=ORIENTED_EDGE('',*,*,#7960,.F.);
#5455=ORIENTED_EDGE('',*,*,#7293,.T.);
#5456=ORIENTED_EDGE('',*,*,#7962,.T.);
#5457=ORIENTED_EDGE('',*,*,#7700,.T.);
#5458=ORIENTED_EDGE('',*,*,#7961,.F.);
#5459=ORIENTED_EDGE('',*,*,#7292,.T.);
#5460=ORIENTED_EDGE('',*,*,#7963,.T.);
#5461=ORIENTED_EDGE('',*,*,#7701,.T.);
#5462=ORIENTED_EDGE('',*,*,#7962,.F.);
#5463=ORIENTED_EDGE('',*,*,#7291,.T.);
#5464=ORIENTED_EDGE('',*,*,#7964,.T.);
#5465=ORIENTED_EDGE('',*,*,#7702,.T.);
#5466=ORIENTED_EDGE('',*,*,#7963,.F.);
#5467=ORIENTED_EDGE('',*,*,#7290,.T.);
#5468=ORIENTED_EDGE('',*,*,#7965,.T.);
#5469=ORIENTED_EDGE('',*,*,#7703,.T.);
#5470=ORIENTED_EDGE('',*,*,#7964,.F.);
#5471=ORIENTED_EDGE('',*,*,#7289,.T.);
#5472=ORIENTED_EDGE('',*,*,#7966,.T.);
#5473=ORIENTED_EDGE('',*,*,#7704,.T.);
#5474=ORIENTED_EDGE('',*,*,#7965,.F.);
#5475=ORIENTED_EDGE('',*,*,#7288,.T.);
#5476=ORIENTED_EDGE('',*,*,#7967,.T.);
#5477=ORIENTED_EDGE('',*,*,#7705,.T.);
#5478=ORIENTED_EDGE('',*,*,#7966,.F.);
#5479=ORIENTED_EDGE('',*,*,#7287,.T.);
#5480=ORIENTED_EDGE('',*,*,#7968,.T.);
#5481=ORIENTED_EDGE('',*,*,#7706,.T.);
#5482=ORIENTED_EDGE('',*,*,#7967,.F.);
#5483=ORIENTED_EDGE('',*,*,#7286,.T.);
#5484=ORIENTED_EDGE('',*,*,#7969,.T.);
#5485=ORIENTED_EDGE('',*,*,#7707,.T.);
#5486=ORIENTED_EDGE('',*,*,#7968,.F.);
#5487=ORIENTED_EDGE('',*,*,#7285,.T.);
#5488=ORIENTED_EDGE('',*,*,#7970,.T.);
#5489=ORIENTED_EDGE('',*,*,#7708,.T.);
#5490=ORIENTED_EDGE('',*,*,#7969,.F.);
#5491=ORIENTED_EDGE('',*,*,#7284,.T.);
#5492=ORIENTED_EDGE('',*,*,#7971,.T.);
#5493=ORIENTED_EDGE('',*,*,#7709,.T.);
#5494=ORIENTED_EDGE('',*,*,#7970,.F.);
#5495=ORIENTED_EDGE('',*,*,#7283,.T.);
#5496=ORIENTED_EDGE('',*,*,#7972,.T.);
#5497=ORIENTED_EDGE('',*,*,#7710,.T.);
#5498=ORIENTED_EDGE('',*,*,#7971,.F.);
#5499=ORIENTED_EDGE('',*,*,#7282,.T.);
#5500=ORIENTED_EDGE('',*,*,#7973,.T.);
#5501=ORIENTED_EDGE('',*,*,#7711,.T.);
#5502=ORIENTED_EDGE('',*,*,#7972,.F.);
#5503=ORIENTED_EDGE('',*,*,#7281,.T.);
#5504=ORIENTED_EDGE('',*,*,#7974,.T.);
#5505=ORIENTED_EDGE('',*,*,#7712,.T.);
#5506=ORIENTED_EDGE('',*,*,#7973,.F.);
#5507=ORIENTED_EDGE('',*,*,#7280,.T.);
#5508=ORIENTED_EDGE('',*,*,#7975,.T.);
#5509=ORIENTED_EDGE('',*,*,#7713,.T.);
#5510=ORIENTED_EDGE('',*,*,#7974,.F.);
#5511=ORIENTED_EDGE('',*,*,#7279,.T.);
#5512=ORIENTED_EDGE('',*,*,#7976,.T.);
#5513=ORIENTED_EDGE('',*,*,#7714,.T.);
#5514=ORIENTED_EDGE('',*,*,#7975,.F.);
#5515=ORIENTED_EDGE('',*,*,#7278,.T.);
#5516=ORIENTED_EDGE('',*,*,#7977,.T.);
#5517=ORIENTED_EDGE('',*,*,#7715,.T.);
#5518=ORIENTED_EDGE('',*,*,#7976,.F.);
#5519=ORIENTED_EDGE('',*,*,#7277,.T.);
#5520=ORIENTED_EDGE('',*,*,#7978,.T.);
#5521=ORIENTED_EDGE('',*,*,#7716,.T.);
#5522=ORIENTED_EDGE('',*,*,#7977,.F.);
#5523=ORIENTED_EDGE('',*,*,#7276,.T.);
#5524=ORIENTED_EDGE('',*,*,#7979,.T.);
#5525=ORIENTED_EDGE('',*,*,#7717,.T.);
#5526=ORIENTED_EDGE('',*,*,#7978,.F.);
#5527=ORIENTED_EDGE('',*,*,#7275,.T.);
#5528=ORIENTED_EDGE('',*,*,#7980,.T.);
#5529=ORIENTED_EDGE('',*,*,#7718,.T.);
#5530=ORIENTED_EDGE('',*,*,#7979,.F.);
#5531=ORIENTED_EDGE('',*,*,#7274,.T.);
#5532=ORIENTED_EDGE('',*,*,#7981,.T.);
#5533=ORIENTED_EDGE('',*,*,#7719,.T.);
#5534=ORIENTED_EDGE('',*,*,#7980,.F.);
#5535=ORIENTED_EDGE('',*,*,#7273,.T.);
#5536=ORIENTED_EDGE('',*,*,#7982,.T.);
#5537=ORIENTED_EDGE('',*,*,#7720,.T.);
#5538=ORIENTED_EDGE('',*,*,#7981,.F.);
#5539=ORIENTED_EDGE('',*,*,#7272,.T.);
#5540=ORIENTED_EDGE('',*,*,#7983,.T.);
#5541=ORIENTED_EDGE('',*,*,#7721,.T.);
#5542=ORIENTED_EDGE('',*,*,#7982,.F.);
#5543=ORIENTED_EDGE('',*,*,#7271,.T.);
#5544=ORIENTED_EDGE('',*,*,#7984,.T.);
#5545=ORIENTED_EDGE('',*,*,#7722,.T.);
#5546=ORIENTED_EDGE('',*,*,#7983,.F.);
#5547=ORIENTED_EDGE('',*,*,#7270,.T.);
#5548=ORIENTED_EDGE('',*,*,#7985,.T.);
#5549=ORIENTED_EDGE('',*,*,#7723,.T.);
#5550=ORIENTED_EDGE('',*,*,#7984,.F.);
#5551=ORIENTED_EDGE('',*,*,#7269,.T.);
#5552=ORIENTED_EDGE('',*,*,#7986,.T.);
#5553=ORIENTED_EDGE('',*,*,#7724,.T.);
#5554=ORIENTED_EDGE('',*,*,#7985,.F.);
#5555=ORIENTED_EDGE('',*,*,#7268,.T.);
#5556=ORIENTED_EDGE('',*,*,#7987,.T.);
#5557=ORIENTED_EDGE('',*,*,#7725,.T.);
#5558=ORIENTED_EDGE('',*,*,#7986,.F.);
#5559=ORIENTED_EDGE('',*,*,#7267,.T.);
#5560=ORIENTED_EDGE('',*,*,#7988,.T.);
#5561=ORIENTED_EDGE('',*,*,#7726,.T.);
#5562=ORIENTED_EDGE('',*,*,#7987,.F.);
#5563=ORIENTED_EDGE('',*,*,#7266,.T.);
#5564=ORIENTED_EDGE('',*,*,#7989,.T.);
#5565=ORIENTED_EDGE('',*,*,#7727,.T.);
#5566=ORIENTED_EDGE('',*,*,#7988,.F.);
#5567=ORIENTED_EDGE('',*,*,#7265,.T.);
#5568=ORIENTED_EDGE('',*,*,#7990,.T.);
#5569=ORIENTED_EDGE('',*,*,#7728,.T.);
#5570=ORIENTED_EDGE('',*,*,#7989,.F.);
#5571=ORIENTED_EDGE('',*,*,#7264,.T.);
#5572=ORIENTED_EDGE('',*,*,#7991,.T.);
#5573=ORIENTED_EDGE('',*,*,#7729,.T.);
#5574=ORIENTED_EDGE('',*,*,#7990,.F.);
#5575=ORIENTED_EDGE('',*,*,#7263,.T.);
#5576=ORIENTED_EDGE('',*,*,#7992,.T.);
#5577=ORIENTED_EDGE('',*,*,#7730,.T.);
#5578=ORIENTED_EDGE('',*,*,#7991,.F.);
#5579=ORIENTED_EDGE('',*,*,#7262,.T.);
#5580=ORIENTED_EDGE('',*,*,#7993,.T.);
#5581=ORIENTED_EDGE('',*,*,#7731,.T.);
#5582=ORIENTED_EDGE('',*,*,#7992,.F.);
#5583=ORIENTED_EDGE('',*,*,#7261,.T.);
#5584=ORIENTED_EDGE('',*,*,#7994,.T.);
#5585=ORIENTED_EDGE('',*,*,#7732,.T.);
#5586=ORIENTED_EDGE('',*,*,#7993,.F.);
#5587=ORIENTED_EDGE('',*,*,#7260,.T.);
#5588=ORIENTED_EDGE('',*,*,#7995,.T.);
#5589=ORIENTED_EDGE('',*,*,#7733,.T.);
#5590=ORIENTED_EDGE('',*,*,#7994,.F.);
#5591=ORIENTED_EDGE('',*,*,#7259,.T.);
#5592=ORIENTED_EDGE('',*,*,#7996,.T.);
#5593=ORIENTED_EDGE('',*,*,#7734,.T.);
#5594=ORIENTED_EDGE('',*,*,#7995,.F.);
#5595=ORIENTED_EDGE('',*,*,#7258,.T.);
#5596=ORIENTED_EDGE('',*,*,#7997,.T.);
#5597=ORIENTED_EDGE('',*,*,#7735,.T.);
#5598=ORIENTED_EDGE('',*,*,#7996,.F.);
#5599=ORIENTED_EDGE('',*,*,#7257,.T.);
#5600=ORIENTED_EDGE('',*,*,#7939,.T.);
#5601=ORIENTED_EDGE('',*,*,#7676,.T.);
#5602=ORIENTED_EDGE('',*,*,#7997,.F.);
#5603=ORIENTED_EDGE('',*,*,#7256,.T.);
#5604=ORIENTED_EDGE('',*,*,#7998,.T.);
#5605=ORIENTED_EDGE('',*,*,#7737,.T.);
#5606=ORIENTED_EDGE('',*,*,#7999,.F.);
#5607=ORIENTED_EDGE('',*,*,#7255,.T.);
#5608=ORIENTED_EDGE('',*,*,#8000,.T.);
#5609=ORIENTED_EDGE('',*,*,#7738,.T.);
#5610=ORIENTED_EDGE('',*,*,#7998,.F.);
#5611=ORIENTED_EDGE('',*,*,#7254,.T.);
#5612=ORIENTED_EDGE('',*,*,#8001,.T.);
#5613=ORIENTED_EDGE('',*,*,#7739,.T.);
#5614=ORIENTED_EDGE('',*,*,#8000,.F.);
#5615=ORIENTED_EDGE('',*,*,#7253,.T.);
#5616=ORIENTED_EDGE('',*,*,#8002,.T.);
#5617=ORIENTED_EDGE('',*,*,#7740,.T.);
#5618=ORIENTED_EDGE('',*,*,#8001,.F.);
#5619=ORIENTED_EDGE('',*,*,#7252,.T.);
#5620=ORIENTED_EDGE('',*,*,#8003,.T.);
#5621=ORIENTED_EDGE('',*,*,#7741,.T.);
#5622=ORIENTED_EDGE('',*,*,#8002,.F.);
#5623=ORIENTED_EDGE('',*,*,#7251,.T.);
#5624=ORIENTED_EDGE('',*,*,#8004,.T.);
#5625=ORIENTED_EDGE('',*,*,#7742,.T.);
#5626=ORIENTED_EDGE('',*,*,#8003,.F.);
#5627=ORIENTED_EDGE('',*,*,#7250,.T.);
#5628=ORIENTED_EDGE('',*,*,#8005,.T.);
#5629=ORIENTED_EDGE('',*,*,#7743,.T.);
#5630=ORIENTED_EDGE('',*,*,#8004,.F.);
#5631=ORIENTED_EDGE('',*,*,#7249,.T.);
#5632=ORIENTED_EDGE('',*,*,#8006,.T.);
#5633=ORIENTED_EDGE('',*,*,#7744,.T.);
#5634=ORIENTED_EDGE('',*,*,#8005,.F.);
#5635=ORIENTED_EDGE('',*,*,#7248,.T.);
#5636=ORIENTED_EDGE('',*,*,#8007,.T.);
#5637=ORIENTED_EDGE('',*,*,#7745,.T.);
#5638=ORIENTED_EDGE('',*,*,#8006,.F.);
#5639=ORIENTED_EDGE('',*,*,#7247,.T.);
#5640=ORIENTED_EDGE('',*,*,#8008,.T.);
#5641=ORIENTED_EDGE('',*,*,#7746,.T.);
#5642=ORIENTED_EDGE('',*,*,#8007,.F.);
#5643=ORIENTED_EDGE('',*,*,#7246,.T.);
#5644=ORIENTED_EDGE('',*,*,#8009,.T.);
#5645=ORIENTED_EDGE('',*,*,#7747,.T.);
#5646=ORIENTED_EDGE('',*,*,#8008,.F.);
#5647=ORIENTED_EDGE('',*,*,#7245,.T.);
#5648=ORIENTED_EDGE('',*,*,#8010,.T.);
#5649=ORIENTED_EDGE('',*,*,#7748,.T.);
#5650=ORIENTED_EDGE('',*,*,#8009,.F.);
#5651=ORIENTED_EDGE('',*,*,#7244,.T.);
#5652=ORIENTED_EDGE('',*,*,#8011,.T.);
#5653=ORIENTED_EDGE('',*,*,#7749,.T.);
#5654=ORIENTED_EDGE('',*,*,#8010,.F.);
#5655=ORIENTED_EDGE('',*,*,#7243,.T.);
#5656=ORIENTED_EDGE('',*,*,#8012,.T.);
#5657=ORIENTED_EDGE('',*,*,#7750,.T.);
#5658=ORIENTED_EDGE('',*,*,#8011,.F.);
#5659=ORIENTED_EDGE('',*,*,#7242,.T.);
#5660=ORIENTED_EDGE('',*,*,#8013,.T.);
#5661=ORIENTED_EDGE('',*,*,#7751,.T.);
#5662=ORIENTED_EDGE('',*,*,#8012,.F.);
#5663=ORIENTED_EDGE('',*,*,#7241,.T.);
#5664=ORIENTED_EDGE('',*,*,#8014,.T.);
#5665=ORIENTED_EDGE('',*,*,#7752,.T.);
#5666=ORIENTED_EDGE('',*,*,#8013,.F.);
#5667=ORIENTED_EDGE('',*,*,#7240,.T.);
#5668=ORIENTED_EDGE('',*,*,#8015,.T.);
#5669=ORIENTED_EDGE('',*,*,#7753,.T.);
#5670=ORIENTED_EDGE('',*,*,#8014,.F.);
#5671=ORIENTED_EDGE('',*,*,#7239,.T.);
#5672=ORIENTED_EDGE('',*,*,#8016,.T.);
#5673=ORIENTED_EDGE('',*,*,#7754,.T.);
#5674=ORIENTED_EDGE('',*,*,#8015,.F.);
#5675=ORIENTED_EDGE('',*,*,#7238,.T.);
#5676=ORIENTED_EDGE('',*,*,#8017,.T.);
#5677=ORIENTED_EDGE('',*,*,#7755,.T.);
#5678=ORIENTED_EDGE('',*,*,#8016,.F.);
#5679=ORIENTED_EDGE('',*,*,#7237,.T.);
#5680=ORIENTED_EDGE('',*,*,#8018,.T.);
#5681=ORIENTED_EDGE('',*,*,#7756,.T.);
#5682=ORIENTED_EDGE('',*,*,#8017,.F.);
#5683=ORIENTED_EDGE('',*,*,#7236,.T.);
#5684=ORIENTED_EDGE('',*,*,#8019,.T.);
#5685=ORIENTED_EDGE('',*,*,#7757,.T.);
#5686=ORIENTED_EDGE('',*,*,#8018,.F.);
#5687=ORIENTED_EDGE('',*,*,#7235,.T.);
#5688=ORIENTED_EDGE('',*,*,#8020,.T.);
#5689=ORIENTED_EDGE('',*,*,#7758,.T.);
#5690=ORIENTED_EDGE('',*,*,#8019,.F.);
#5691=ORIENTED_EDGE('',*,*,#7234,.T.);
#5692=ORIENTED_EDGE('',*,*,#8021,.T.);
#5693=ORIENTED_EDGE('',*,*,#7759,.T.);
#5694=ORIENTED_EDGE('',*,*,#8020,.F.);
#5695=ORIENTED_EDGE('',*,*,#7233,.T.);
#5696=ORIENTED_EDGE('',*,*,#8022,.T.);
#5697=ORIENTED_EDGE('',*,*,#7760,.T.);
#5698=ORIENTED_EDGE('',*,*,#8021,.F.);
#5699=ORIENTED_EDGE('',*,*,#7232,.T.);
#5700=ORIENTED_EDGE('',*,*,#8023,.T.);
#5701=ORIENTED_EDGE('',*,*,#7761,.T.);
#5702=ORIENTED_EDGE('',*,*,#8022,.F.);
#5703=ORIENTED_EDGE('',*,*,#7231,.T.);
#5704=ORIENTED_EDGE('',*,*,#8024,.T.);
#5705=ORIENTED_EDGE('',*,*,#7762,.T.);
#5706=ORIENTED_EDGE('',*,*,#8023,.F.);
#5707=ORIENTED_EDGE('',*,*,#7230,.T.);
#5708=ORIENTED_EDGE('',*,*,#8025,.T.);
#5709=ORIENTED_EDGE('',*,*,#7763,.T.);
#5710=ORIENTED_EDGE('',*,*,#8024,.F.);
#5711=ORIENTED_EDGE('',*,*,#7229,.T.);
#5712=ORIENTED_EDGE('',*,*,#8026,.T.);
#5713=ORIENTED_EDGE('',*,*,#7764,.T.);
#5714=ORIENTED_EDGE('',*,*,#8025,.F.);
#5715=ORIENTED_EDGE('',*,*,#7228,.T.);
#5716=ORIENTED_EDGE('',*,*,#8027,.T.);
#5717=ORIENTED_EDGE('',*,*,#7765,.T.);
#5718=ORIENTED_EDGE('',*,*,#8026,.F.);
#5719=ORIENTED_EDGE('',*,*,#7227,.T.);
#5720=ORIENTED_EDGE('',*,*,#8028,.T.);
#5721=ORIENTED_EDGE('',*,*,#7766,.T.);
#5722=ORIENTED_EDGE('',*,*,#8027,.F.);
#5723=ORIENTED_EDGE('',*,*,#7226,.T.);
#5724=ORIENTED_EDGE('',*,*,#8029,.T.);
#5725=ORIENTED_EDGE('',*,*,#7767,.T.);
#5726=ORIENTED_EDGE('',*,*,#8028,.F.);
#5727=ORIENTED_EDGE('',*,*,#7225,.T.);
#5728=ORIENTED_EDGE('',*,*,#8030,.T.);
#5729=ORIENTED_EDGE('',*,*,#7768,.T.);
#5730=ORIENTED_EDGE('',*,*,#8029,.F.);
#5731=ORIENTED_EDGE('',*,*,#7224,.T.);
#5732=ORIENTED_EDGE('',*,*,#8031,.T.);
#5733=ORIENTED_EDGE('',*,*,#7769,.T.);
#5734=ORIENTED_EDGE('',*,*,#8030,.F.);
#5735=ORIENTED_EDGE('',*,*,#7223,.T.);
#5736=ORIENTED_EDGE('',*,*,#8032,.T.);
#5737=ORIENTED_EDGE('',*,*,#7770,.T.);
#5738=ORIENTED_EDGE('',*,*,#8031,.F.);
#5739=ORIENTED_EDGE('',*,*,#7222,.T.);
#5740=ORIENTED_EDGE('',*,*,#8033,.T.);
#5741=ORIENTED_EDGE('',*,*,#7771,.T.);
#5742=ORIENTED_EDGE('',*,*,#8032,.F.);
#5743=ORIENTED_EDGE('',*,*,#7221,.T.);
#5744=ORIENTED_EDGE('',*,*,#8034,.T.);
#5745=ORIENTED_EDGE('',*,*,#7772,.T.);
#5746=ORIENTED_EDGE('',*,*,#8033,.F.);
#5747=ORIENTED_EDGE('',*,*,#7220,.T.);
#5748=ORIENTED_EDGE('',*,*,#8035,.T.);
#5749=ORIENTED_EDGE('',*,*,#7773,.T.);
#5750=ORIENTED_EDGE('',*,*,#8034,.F.);
#5751=ORIENTED_EDGE('',*,*,#7219,.T.);
#5752=ORIENTED_EDGE('',*,*,#8036,.T.);
#5753=ORIENTED_EDGE('',*,*,#7774,.T.);
#5754=ORIENTED_EDGE('',*,*,#8035,.F.);
#5755=ORIENTED_EDGE('',*,*,#7218,.T.);
#5756=ORIENTED_EDGE('',*,*,#8037,.T.);
#5757=ORIENTED_EDGE('',*,*,#7775,.T.);
#5758=ORIENTED_EDGE('',*,*,#8036,.F.);
#5759=ORIENTED_EDGE('',*,*,#7217,.T.);
#5760=ORIENTED_EDGE('',*,*,#8038,.T.);
#5761=ORIENTED_EDGE('',*,*,#7776,.T.);
#5762=ORIENTED_EDGE('',*,*,#8037,.F.);
#5763=ORIENTED_EDGE('',*,*,#7216,.T.);
#5764=ORIENTED_EDGE('',*,*,#8039,.T.);
#5765=ORIENTED_EDGE('',*,*,#7777,.T.);
#5766=ORIENTED_EDGE('',*,*,#8038,.F.);
#5767=ORIENTED_EDGE('',*,*,#7215,.T.);
#5768=ORIENTED_EDGE('',*,*,#8040,.T.);
#5769=ORIENTED_EDGE('',*,*,#7778,.T.);
#5770=ORIENTED_EDGE('',*,*,#8039,.F.);
#5771=ORIENTED_EDGE('',*,*,#7214,.T.);
#5772=ORIENTED_EDGE('',*,*,#8041,.T.);
#5773=ORIENTED_EDGE('',*,*,#7779,.T.);
#5774=ORIENTED_EDGE('',*,*,#8040,.F.);
#5775=ORIENTED_EDGE('',*,*,#7213,.T.);
#5776=ORIENTED_EDGE('',*,*,#8042,.T.);
#5777=ORIENTED_EDGE('',*,*,#7780,.T.);
#5778=ORIENTED_EDGE('',*,*,#8041,.F.);
#5779=ORIENTED_EDGE('',*,*,#7212,.T.);
#5780=ORIENTED_EDGE('',*,*,#8043,.T.);
#5781=ORIENTED_EDGE('',*,*,#7781,.T.);
#5782=ORIENTED_EDGE('',*,*,#8042,.F.);
#5783=ORIENTED_EDGE('',*,*,#7211,.T.);
#5784=ORIENTED_EDGE('',*,*,#8044,.T.);
#5785=ORIENTED_EDGE('',*,*,#7782,.T.);
#5786=ORIENTED_EDGE('',*,*,#8043,.F.);
#5787=ORIENTED_EDGE('',*,*,#7210,.T.);
#5788=ORIENTED_EDGE('',*,*,#8045,.T.);
#5789=ORIENTED_EDGE('',*,*,#7783,.T.);
#5790=ORIENTED_EDGE('',*,*,#8044,.F.);
#5791=ORIENTED_EDGE('',*,*,#7209,.T.);
#5792=ORIENTED_EDGE('',*,*,#8046,.T.);
#5793=ORIENTED_EDGE('',*,*,#7784,.T.);
#5794=ORIENTED_EDGE('',*,*,#8045,.F.);
#5795=ORIENTED_EDGE('',*,*,#7208,.T.);
#5796=ORIENTED_EDGE('',*,*,#8047,.T.);
#5797=ORIENTED_EDGE('',*,*,#7785,.T.);
#5798=ORIENTED_EDGE('',*,*,#8046,.F.);
#5799=ORIENTED_EDGE('',*,*,#7207,.T.);
#5800=ORIENTED_EDGE('',*,*,#8048,.T.);
#5801=ORIENTED_EDGE('',*,*,#7786,.T.);
#5802=ORIENTED_EDGE('',*,*,#8047,.F.);
#5803=ORIENTED_EDGE('',*,*,#7206,.T.);
#5804=ORIENTED_EDGE('',*,*,#8049,.T.);
#5805=ORIENTED_EDGE('',*,*,#7787,.T.);
#5806=ORIENTED_EDGE('',*,*,#8048,.F.);
#5807=ORIENTED_EDGE('',*,*,#7205,.T.);
#5808=ORIENTED_EDGE('',*,*,#8050,.T.);
#5809=ORIENTED_EDGE('',*,*,#7788,.T.);
#5810=ORIENTED_EDGE('',*,*,#8049,.F.);
#5811=ORIENTED_EDGE('',*,*,#7204,.T.);
#5812=ORIENTED_EDGE('',*,*,#8051,.T.);
#5813=ORIENTED_EDGE('',*,*,#7789,.T.);
#5814=ORIENTED_EDGE('',*,*,#8050,.F.);
#5815=ORIENTED_EDGE('',*,*,#7203,.T.);
#5816=ORIENTED_EDGE('',*,*,#8052,.T.);
#5817=ORIENTED_EDGE('',*,*,#7790,.T.);
#5818=ORIENTED_EDGE('',*,*,#8051,.F.);
#5819=ORIENTED_EDGE('',*,*,#7202,.T.);
#5820=ORIENTED_EDGE('',*,*,#8053,.T.);
#5821=ORIENTED_EDGE('',*,*,#7791,.T.);
#5822=ORIENTED_EDGE('',*,*,#8052,.F.);
#5823=ORIENTED_EDGE('',*,*,#7201,.T.);
#5824=ORIENTED_EDGE('',*,*,#8054,.T.);
#5825=ORIENTED_EDGE('',*,*,#7792,.T.);
#5826=ORIENTED_EDGE('',*,*,#8053,.F.);
#5827=ORIENTED_EDGE('',*,*,#7200,.T.);
#5828=ORIENTED_EDGE('',*,*,#8055,.T.);
#5829=ORIENTED_EDGE('',*,*,#7793,.T.);
#5830=ORIENTED_EDGE('',*,*,#8054,.F.);
#5831=ORIENTED_EDGE('',*,*,#7199,.T.);
#5832=ORIENTED_EDGE('',*,*,#8056,.T.);
#5833=ORIENTED_EDGE('',*,*,#7794,.T.);
#5834=ORIENTED_EDGE('',*,*,#8055,.F.);
#5835=ORIENTED_EDGE('',*,*,#7198,.T.);
#5836=ORIENTED_EDGE('',*,*,#8057,.T.);
#5837=ORIENTED_EDGE('',*,*,#7795,.T.);
#5838=ORIENTED_EDGE('',*,*,#8056,.F.);
#5839=ORIENTED_EDGE('',*,*,#7197,.T.);
#5840=ORIENTED_EDGE('',*,*,#8058,.T.);
#5841=ORIENTED_EDGE('',*,*,#7796,.T.);
#5842=ORIENTED_EDGE('',*,*,#8057,.F.);
#5843=ORIENTED_EDGE('',*,*,#7196,.T.);
#5844=ORIENTED_EDGE('',*,*,#8059,.T.);
#5845=ORIENTED_EDGE('',*,*,#7797,.T.);
#5846=ORIENTED_EDGE('',*,*,#8058,.F.);
#5847=ORIENTED_EDGE('',*,*,#7195,.T.);
#5848=ORIENTED_EDGE('',*,*,#8060,.T.);
#5849=ORIENTED_EDGE('',*,*,#7798,.T.);
#5850=ORIENTED_EDGE('',*,*,#8059,.F.);
#5851=ORIENTED_EDGE('',*,*,#7194,.T.);
#5852=ORIENTED_EDGE('',*,*,#8061,.T.);
#5853=ORIENTED_EDGE('',*,*,#7799,.T.);
#5854=ORIENTED_EDGE('',*,*,#8060,.F.);
#5855=ORIENTED_EDGE('',*,*,#7193,.T.);
#5856=ORIENTED_EDGE('',*,*,#8062,.T.);
#5857=ORIENTED_EDGE('',*,*,#7800,.T.);
#5858=ORIENTED_EDGE('',*,*,#8061,.F.);
#5859=ORIENTED_EDGE('',*,*,#7192,.T.);
#5860=ORIENTED_EDGE('',*,*,#8063,.T.);
#5861=ORIENTED_EDGE('',*,*,#7801,.T.);
#5862=ORIENTED_EDGE('',*,*,#8062,.F.);
#5863=ORIENTED_EDGE('',*,*,#7191,.T.);
#5864=ORIENTED_EDGE('',*,*,#8064,.T.);
#5865=ORIENTED_EDGE('',*,*,#7802,.T.);
#5866=ORIENTED_EDGE('',*,*,#8063,.F.);
#5867=ORIENTED_EDGE('',*,*,#7190,.T.);
#5868=ORIENTED_EDGE('',*,*,#8065,.T.);
#5869=ORIENTED_EDGE('',*,*,#7803,.T.);
#5870=ORIENTED_EDGE('',*,*,#8064,.F.);
#5871=ORIENTED_EDGE('',*,*,#7189,.T.);
#5872=ORIENTED_EDGE('',*,*,#8066,.T.);
#5873=ORIENTED_EDGE('',*,*,#7804,.T.);
#5874=ORIENTED_EDGE('',*,*,#8065,.F.);
#5875=ORIENTED_EDGE('',*,*,#7188,.T.);
#5876=ORIENTED_EDGE('',*,*,#8067,.T.);
#5877=ORIENTED_EDGE('',*,*,#7805,.T.);
#5878=ORIENTED_EDGE('',*,*,#8066,.F.);
#5879=ORIENTED_EDGE('',*,*,#7187,.T.);
#5880=ORIENTED_EDGE('',*,*,#8068,.T.);
#5881=ORIENTED_EDGE('',*,*,#7806,.T.);
#5882=ORIENTED_EDGE('',*,*,#8067,.F.);
#5883=ORIENTED_EDGE('',*,*,#7186,.T.);
#5884=ORIENTED_EDGE('',*,*,#8069,.T.);
#5885=ORIENTED_EDGE('',*,*,#7807,.T.);
#5886=ORIENTED_EDGE('',*,*,#8068,.F.);
#5887=ORIENTED_EDGE('',*,*,#7185,.T.);
#5888=ORIENTED_EDGE('',*,*,#8070,.T.);
#5889=ORIENTED_EDGE('',*,*,#7808,.T.);
#5890=ORIENTED_EDGE('',*,*,#8069,.F.);
#5891=ORIENTED_EDGE('',*,*,#7184,.T.);
#5892=ORIENTED_EDGE('',*,*,#8071,.T.);
#5893=ORIENTED_EDGE('',*,*,#7809,.T.);
#5894=ORIENTED_EDGE('',*,*,#8070,.F.);
#5895=ORIENTED_EDGE('',*,*,#7183,.T.);
#5896=ORIENTED_EDGE('',*,*,#8072,.T.);
#5897=ORIENTED_EDGE('',*,*,#7810,.T.);
#5898=ORIENTED_EDGE('',*,*,#8071,.F.);
#5899=ORIENTED_EDGE('',*,*,#7182,.T.);
#5900=ORIENTED_EDGE('',*,*,#8073,.T.);
#5901=ORIENTED_EDGE('',*,*,#7811,.T.);
#5902=ORIENTED_EDGE('',*,*,#8072,.F.);
#5903=ORIENTED_EDGE('',*,*,#7181,.T.);
#5904=ORIENTED_EDGE('',*,*,#8074,.T.);
#5905=ORIENTED_EDGE('',*,*,#7812,.T.);
#5906=ORIENTED_EDGE('',*,*,#8073,.F.);
#5907=ORIENTED_EDGE('',*,*,#7180,.T.);
#5908=ORIENTED_EDGE('',*,*,#8075,.T.);
#5909=ORIENTED_EDGE('',*,*,#7813,.T.);
#5910=ORIENTED_EDGE('',*,*,#8074,.F.);
#5911=ORIENTED_EDGE('',*,*,#7179,.T.);
#5912=ORIENTED_EDGE('',*,*,#8076,.T.);
#5913=ORIENTED_EDGE('',*,*,#7814,.T.);
#5914=ORIENTED_EDGE('',*,*,#8075,.F.);
#5915=ORIENTED_EDGE('',*,*,#7178,.T.);
#5916=ORIENTED_EDGE('',*,*,#8077,.T.);
#5917=ORIENTED_EDGE('',*,*,#7815,.T.);
#5918=ORIENTED_EDGE('',*,*,#8076,.F.);
#5919=ORIENTED_EDGE('',*,*,#7177,.T.);
#5920=ORIENTED_EDGE('',*,*,#7999,.T.);
#5921=ORIENTED_EDGE('',*,*,#7736,.T.);
#5922=ORIENTED_EDGE('',*,*,#8077,.F.);
#5923=ORIENTED_EDGE('',*,*,#8078,.T.);
#5924=ORIENTED_EDGE('',*,*,#8079,.T.);
#5925=ORIENTED_EDGE('',*,*,#8080,.T.);
#5926=ORIENTED_EDGE('',*,*,#8081,.T.);
#5927=ORIENTED_EDGE('',*,*,#8082,.T.);
#5928=ORIENTED_EDGE('',*,*,#7067,.F.);
#5929=ORIENTED_EDGE('',*,*,#7062,.F.);
#5930=ORIENTED_EDGE('',*,*,#8083,.T.);
#5931=ORIENTED_EDGE('',*,*,#7881,.F.);
#5932=ORIENTED_EDGE('',*,*,#7372,.F.);
#5933=ORIENTED_EDGE('',*,*,#7882,.F.);
#5934=ORIENTED_EDGE('',*,*,#8083,.F.);
#5935=ORIENTED_EDGE('',*,*,#7061,.F.);
#5936=ORIENTED_EDGE('',*,*,#8084,.F.);
#5937=ORIENTED_EDGE('',*,*,#8084,.T.);
#5938=ORIENTED_EDGE('',*,*,#7060,.F.);
#5939=ORIENTED_EDGE('',*,*,#8085,.T.);
#5940=ORIENTED_EDGE('',*,*,#7878,.F.);
#5941=ORIENTED_EDGE('',*,*,#7879,.F.);
#5942=ORIENTED_EDGE('',*,*,#8085,.F.);
#5943=ORIENTED_EDGE('',*,*,#7059,.F.);
#5944=ORIENTED_EDGE('',*,*,#8086,.F.);
#5945=ORIENTED_EDGE('',*,*,#7880,.F.);
#5946=ORIENTED_EDGE('',*,*,#8086,.T.);
#5947=ORIENTED_EDGE('',*,*,#7058,.F.);
#5948=ORIENTED_EDGE('',*,*,#7374,.T.);
#5949=ORIENTED_EDGE('',*,*,#7825,.F.);
#5950=ORIENTED_EDGE('',*,*,#8087,.T.);
#5951=ORIENTED_EDGE('',*,*,#8078,.F.);
#5952=ORIENTED_EDGE('',*,*,#7066,.F.);
#5953=ORIENTED_EDGE('',*,*,#7065,.F.);
#5954=ORIENTED_EDGE('',*,*,#7098,.T.);
#5955=ORIENTED_EDGE('',*,*,#8088,.T.);
#5956=ORIENTED_EDGE('',*,*,#8089,.T.);
#5957=ORIENTED_EDGE('',*,*,#7043,.T.);
#5958=ORIENTED_EDGE('',*,*,#7822,.T.);
#5959=ORIENTED_EDGE('',*,*,#7818,.F.);
#5960=ORIENTED_EDGE('',*,*,#8090,.T.);
#5961=ORIENTED_EDGE('',*,*,#8091,.T.);
#5962=ORIENTED_EDGE('',*,*,#7096,.F.);
#5963=ORIENTED_EDGE('',*,*,#8092,.F.);
#5964=ORIENTED_EDGE('',*,*,#8093,.T.);
#5965=ORIENTED_EDGE('',*,*,#8092,.T.);
#5966=ORIENTED_EDGE('',*,*,#7095,.F.);
#5967=ORIENTED_EDGE('',*,*,#7156,.F.);
#5968=ORIENTED_EDGE('',*,*,#8091,.F.);
#5969=ORIENTED_EDGE('',*,*,#8094,.T.);
#5970=ORIENTED_EDGE('',*,*,#8088,.F.);
#5971=ORIENTED_EDGE('',*,*,#7097,.F.);
#5972=ORIENTED_EDGE('',*,*,#8082,.F.);
#5973=ORIENTED_EDGE('',*,*,#8095,.T.);
#5974=ORIENTED_EDGE('',*,*,#7833,.T.);
#5975=ORIENTED_EDGE('',*,*,#7831,.F.);
#5976=ORIENTED_EDGE('',*,*,#7828,.F.);
#5977=ORIENTED_EDGE('',*,*,#7045,.T.);
#5978=ORIENTED_EDGE('',*,*,#8096,.T.);
#5979=ORIENTED_EDGE('',*,*,#7052,.T.);
#5980=ORIENTED_EDGE('',*,*,#7093,.F.);
#5981=ORIENTED_EDGE('',*,*,#7068,.F.);
#5982=ORIENTED_EDGE('',*,*,#7836,.F.);
#5983=ORIENTED_EDGE('',*,*,#7104,.F.);
#5984=ORIENTED_EDGE('',*,*,#8097,.F.);
#5985=ORIENTED_EDGE('',*,*,#8098,.T.);
#5986=ORIENTED_EDGE('',*,*,#7108,.T.);
#5987=ORIENTED_EDGE('',*,*,#7110,.T.);
#5988=ORIENTED_EDGE('',*,*,#8099,.T.);
#5989=ORIENTED_EDGE('',*,*,#8097,.T.);
#5990=ORIENTED_EDGE('',*,*,#8098,.F.);
#5991=ORIENTED_EDGE('',*,*,#8099,.F.);
#5992=ORIENTED_EDGE('',*,*,#7109,.F.);
#5993=ORIENTED_EDGE('',*,*,#8100,.F.);
#5994=ORIENTED_EDGE('',*,*,#8101,.F.);
#5995=ORIENTED_EDGE('',*,*,#8080,.F.);
#5996=ORIENTED_EDGE('',*,*,#8089,.F.);
#5997=ORIENTED_EDGE('',*,*,#8094,.F.);
#5998=ORIENTED_EDGE('',*,*,#8090,.F.);
#5999=ORIENTED_EDGE('',*,*,#8093,.F.);
#6000=ORIENTED_EDGE('',*,*,#7155,.F.);
#6001=ORIENTED_EDGE('',*,*,#7053,.F.);
#6002=ORIENTED_EDGE('',*,*,#8096,.F.);
#6003=ORIENTED_EDGE('',*,*,#7044,.T.);
#6004=ORIENTED_EDGE('',*,*,#8102,.T.);
#6005=ORIENTED_EDGE('',*,*,#8103,.T.);
#6006=ORIENTED_EDGE('',*,*,#7578,.F.);
#6007=ORIENTED_EDGE('',*,*,#8104,.F.);
#6008=ORIENTED_EDGE('',*,*,#8105,.F.);
#6009=ORIENTED_EDGE('',*,*,#7174,.F.);
#6010=ORIENTED_EDGE('',*,*,#7149,.F.);
#6011=ORIENTED_EDGE('',*,*,#7144,.T.);
#6012=ORIENTED_EDGE('',*,*,#7038,.T.);
#6013=ORIENTED_EDGE('',*,*,#7139,.T.);
#6014=ORIENTED_EDGE('',*,*,#7049,.F.);
#6015=ORIENTED_EDGE('',*,*,#7160,.F.);
#6016=ORIENTED_EDGE('',*,*,#7147,.F.);
#6017=ORIENTED_EDGE('',*,*,#7154,.F.);
#6018=ORIENTED_EDGE('',*,*,#7152,.F.);
#6019=ORIENTED_EDGE('',*,*,#8106,.T.);
#6020=ORIENTED_EDGE('',*,*,#8107,.T.);
#6021=ORIENTED_EDGE('',*,*,#7158,.F.);
#6022=ORIENTED_EDGE('',*,*,#7159,.F.);
#6023=ORIENTED_EDGE('',*,*,#7106,.F.);
#6024=ORIENTED_EDGE('',*,*,#8108,.F.);
#6025=ORIENTED_EDGE('',*,*,#8109,.F.);
#6026=ORIENTED_EDGE('',*,*,#8110,.T.);
#6027=ORIENTED_EDGE('',*,*,#8111,.F.);
#6028=ORIENTED_EDGE('',*,*,#8112,.T.);
#6029=ORIENTED_EDGE('',*,*,#8113,.F.);
#6030=ORIENTED_EDGE('',*,*,#8114,.T.);
#6031=ORIENTED_EDGE('',*,*,#8115,.F.);
#6032=ORIENTED_EDGE('',*,*,#8116,.F.);
#6033=ORIENTED_EDGE('',*,*,#8117,.F.);
#6034=ORIENTED_EDGE('',*,*,#8118,.T.);
#6035=ORIENTED_EDGE('',*,*,#8115,.T.);
#6036=ORIENTED_EDGE('',*,*,#8118,.F.);
#6037=ORIENTED_EDGE('',*,*,#8119,.F.);
#6038=ORIENTED_EDGE('',*,*,#8116,.T.);
#6039=ORIENTED_EDGE('',*,*,#8120,.T.);
#6040=ORIENTED_EDGE('',*,*,#8114,.F.);
#6041=ORIENTED_EDGE('',*,*,#8121,.F.);
#6042=ORIENTED_EDGE('',*,*,#8122,.T.);
#6043=ORIENTED_EDGE('',*,*,#8123,.F.);
#6044=ORIENTED_EDGE('',*,*,#8124,.T.);
#6045=ORIENTED_EDGE('',*,*,#8125,.F.);
#6046=ORIENTED_EDGE('',*,*,#8108,.T.);
#6047=ORIENTED_EDGE('',*,*,#8120,.F.);
#6048=ORIENTED_EDGE('',*,*,#8126,.T.);
#6049=ORIENTED_EDGE('',*,*,#8121,.T.);
#6050=ORIENTED_EDGE('',*,*,#8113,.T.);
#6051=ORIENTED_EDGE('',*,*,#8127,.F.);
#6052=ORIENTED_EDGE('',*,*,#8109,.T.);
#6053=ORIENTED_EDGE('',*,*,#8125,.T.);
#6054=ORIENTED_EDGE('',*,*,#8128,.T.);
#6055=ORIENTED_EDGE('',*,*,#8129,.T.);
#6056=ORIENTED_EDGE('',*,*,#8110,.F.);
#6057=ORIENTED_EDGE('',*,*,#8127,.T.);
#6058=ORIENTED_EDGE('',*,*,#8112,.F.);
#6059=ORIENTED_EDGE('',*,*,#8130,.T.);
#6060=ORIENTED_EDGE('',*,*,#8130,.F.);
#6061=ORIENTED_EDGE('',*,*,#8111,.T.);
#6062=ORIENTED_EDGE('',*,*,#8129,.F.);
#6063=ORIENTED_EDGE('',*,*,#8131,.F.);
#6064=ORIENTED_EDGE('',*,*,#8128,.F.);
#6065=ORIENTED_EDGE('',*,*,#8131,.T.);
#6066=ORIENTED_EDGE('',*,*,#8124,.F.);
#6067=ORIENTED_EDGE('',*,*,#8132,.T.);
#6068=ORIENTED_EDGE('',*,*,#8133,.T.);
#6069=ORIENTED_EDGE('',*,*,#8134,.T.);
#6070=ORIENTED_EDGE('',*,*,#8122,.F.);
#6071=ORIENTED_EDGE('',*,*,#8126,.F.);
#6072=ORIENTED_EDGE('',*,*,#8134,.F.);
#6073=ORIENTED_EDGE('',*,*,#8135,.F.);
#6074=ORIENTED_EDGE('',*,*,#8132,.F.);
#6075=ORIENTED_EDGE('',*,*,#8123,.T.);
#6076=ORIENTED_EDGE('',*,*,#8133,.F.);
#6077=ORIENTED_EDGE('',*,*,#8135,.T.);
#6078=ORIENTED_EDGE('',*,*,#8136,.T.);
#6079=ORIENTED_EDGE('',*,*,#8104,.T.);
#6080=ORIENTED_EDGE('',*,*,#8137,.F.);
#6081=ORIENTED_EDGE('',*,*,#8119,.T.);
#6082=ORIENTED_EDGE('',*,*,#8137,.T.);
#6083=ORIENTED_EDGE('',*,*,#8105,.T.);
#6084=ORIENTED_EDGE('',*,*,#8136,.F.);
#6085=ORIENTED_EDGE('',*,*,#8117,.T.);
#6086=ORIENTED_EDGE('',*,*,#7821,.F.);
#6087=ORIENTED_EDGE('',*,*,#8138,.F.);
#6088=ORIENTED_EDGE('',*,*,#8139,.T.);
#6089=ORIENTED_EDGE('',*,*,#8140,.F.);
#6090=ORIENTED_EDGE('',*,*,#8141,.F.);
#6091=ORIENTED_EDGE('',*,*,#8142,.F.);
#6092=ORIENTED_EDGE('',*,*,#7823,.F.);
#6093=ORIENTED_EDGE('',*,*,#7816,.T.);
#6094=ORIENTED_EDGE('',*,*,#7826,.F.);
#6095=ORIENTED_EDGE('',*,*,#7830,.T.);
#6096=ORIENTED_EDGE('',*,*,#7835,.F.);
#6097=ORIENTED_EDGE('',*,*,#8143,.F.);
#6098=ORIENTED_EDGE('',*,*,#8141,.T.);
#6099=ORIENTED_EDGE('',*,*,#8144,.F.);
#6100=ORIENTED_EDGE('',*,*,#8139,.F.);
#6101=ORIENTED_EDGE('',*,*,#8145,.F.);
#6102=ORIENTED_EDGE('',*,*,#7820,.F.);
#6103=ORIENTED_EDGE('',*,*,#7041,.T.);
#6104=ORIENTED_EDGE('',*,*,#8146,.F.);
#6105=ORIENTED_EDGE('',*,*,#8138,.T.);
#6106=ORIENTED_EDGE('',*,*,#7824,.F.);
#6107=ORIENTED_EDGE('',*,*,#8142,.T.);
#6108=ORIENTED_EDGE('',*,*,#8147,.T.);
#6109=ORIENTED_EDGE('',*,*,#8100,.T.);
#6110=ORIENTED_EDGE('',*,*,#8079,.F.);
#6111=ORIENTED_EDGE('',*,*,#8087,.F.);
#6112=ORIENTED_EDGE('',*,*,#7827,.F.);
#6113=ORIENTED_EDGE('',*,*,#8145,.T.);
#6114=ORIENTED_EDGE('',*,*,#8146,.T.);
#6115=ORIENTED_EDGE('',*,*,#7047,.T.);
#6116=ORIENTED_EDGE('',*,*,#7834,.F.);
#6117=ORIENTED_EDGE('',*,*,#8095,.F.);
#6118=ORIENTED_EDGE('',*,*,#8081,.F.);
#6119=ORIENTED_EDGE('',*,*,#8101,.T.);
#6120=ORIENTED_EDGE('',*,*,#8147,.F.);
#6121=ORIENTED_EDGE('',*,*,#8143,.T.);
#6122=ORIENTED_EDGE('',*,*,#8148,.F.);
#6123=ORIENTED_EDGE('',*,*,#8149,.F.);
#6124=ORIENTED_EDGE('',*,*,#8150,.T.);
#6125=ORIENTED_EDGE('',*,*,#8144,.T.);
#6126=ORIENTED_EDGE('',*,*,#8150,.F.);
#6127=ORIENTED_EDGE('',*,*,#8151,.F.);
#6128=ORIENTED_EDGE('',*,*,#8148,.T.);
#6129=ORIENTED_EDGE('',*,*,#8140,.T.);
#6130=ORIENTED_EDGE('',*,*,#8152,.F.);
#6131=ORIENTED_EDGE('',*,*,#8151,.T.);
#6132=ORIENTED_EDGE('',*,*,#8153,.T.);
#6133=ORIENTED_EDGE('',*,*,#8154,.F.);
#6134=ORIENTED_EDGE('',*,*,#8155,.T.);
#6135=ORIENTED_EDGE('',*,*,#8154,.T.);
#6136=ORIENTED_EDGE('',*,*,#8153,.F.);
#6137=ORIENTED_EDGE('',*,*,#8149,.T.);
#6138=ORIENTED_EDGE('',*,*,#8152,.T.);
#6139=ORIENTED_EDGE('',*,*,#8155,.F.);
#6140=ORIENTED_EDGE('',*,*,#8156,.F.);
#6141=ORIENTED_EDGE('',*,*,#8157,.F.);
#6142=ORIENTED_EDGE('',*,*,#8158,.T.);
#6143=ORIENTED_EDGE('',*,*,#8159,.F.);
#6144=ORIENTED_EDGE('',*,*,#8160,.T.);
#6145=ORIENTED_EDGE('',*,*,#8161,.F.);
#6146=ORIENTED_EDGE('',*,*,#8162,.T.);
#6147=ORIENTED_EDGE('',*,*,#8163,.F.);
#6148=ORIENTED_EDGE('',*,*,#8164,.F.);
#6149=ORIENTED_EDGE('',*,*,#8165,.F.);
#6150=ORIENTED_EDGE('',*,*,#8166,.T.);
#6151=ORIENTED_EDGE('',*,*,#8163,.T.);
#6152=ORIENTED_EDGE('',*,*,#8166,.F.);
#6153=ORIENTED_EDGE('',*,*,#8167,.F.);
#6154=ORIENTED_EDGE('',*,*,#8164,.T.);
#6155=ORIENTED_EDGE('',*,*,#8168,.T.);
#6156=ORIENTED_EDGE('',*,*,#8162,.F.);
#6157=ORIENTED_EDGE('',*,*,#8169,.F.);
#6158=ORIENTED_EDGE('',*,*,#8170,.T.);
#6159=ORIENTED_EDGE('',*,*,#8171,.F.);
#6160=ORIENTED_EDGE('',*,*,#8172,.T.);
#6161=ORIENTED_EDGE('',*,*,#8173,.F.);
#6162=ORIENTED_EDGE('',*,*,#8156,.T.);
#6163=ORIENTED_EDGE('',*,*,#8168,.F.);
#6164=ORIENTED_EDGE('',*,*,#8174,.T.);
#6165=ORIENTED_EDGE('',*,*,#8169,.T.);
#6166=ORIENTED_EDGE('',*,*,#8161,.T.);
#6167=ORIENTED_EDGE('',*,*,#8175,.F.);
#6168=ORIENTED_EDGE('',*,*,#8157,.T.);
#6169=ORIENTED_EDGE('',*,*,#8173,.T.);
#6170=ORIENTED_EDGE('',*,*,#8176,.T.);
#6171=ORIENTED_EDGE('',*,*,#8177,.T.);
#6172=ORIENTED_EDGE('',*,*,#8158,.F.);
#6173=ORIENTED_EDGE('',*,*,#8175,.T.);
#6174=ORIENTED_EDGE('',*,*,#8160,.F.);
#6175=ORIENTED_EDGE('',*,*,#8178,.T.);
#6176=ORIENTED_EDGE('',*,*,#8178,.F.);
#6177=ORIENTED_EDGE('',*,*,#8159,.T.);
#6178=ORIENTED_EDGE('',*,*,#8177,.F.);
#6179=ORIENTED_EDGE('',*,*,#8179,.F.);
#6180=ORIENTED_EDGE('',*,*,#8176,.F.);
#6181=ORIENTED_EDGE('',*,*,#8179,.T.);
#6182=ORIENTED_EDGE('',*,*,#8172,.F.);
#6183=ORIENTED_EDGE('',*,*,#8180,.T.);
#6184=ORIENTED_EDGE('',*,*,#8181,.T.);
#6185=ORIENTED_EDGE('',*,*,#8182,.T.);
#6186=ORIENTED_EDGE('',*,*,#8170,.F.);
#6187=ORIENTED_EDGE('',*,*,#8174,.F.);
#6188=ORIENTED_EDGE('',*,*,#8182,.F.);
#6189=ORIENTED_EDGE('',*,*,#8183,.F.);
#6190=ORIENTED_EDGE('',*,*,#8180,.F.);
#6191=ORIENTED_EDGE('',*,*,#8171,.T.);
#6192=ORIENTED_EDGE('',*,*,#8181,.F.);
#6193=ORIENTED_EDGE('',*,*,#8183,.T.);
#6194=ORIENTED_EDGE('',*,*,#8103,.F.);
#6195=ORIENTED_EDGE('',*,*,#8184,.F.);
#6196=ORIENTED_EDGE('',*,*,#8167,.T.);
#6197=ORIENTED_EDGE('',*,*,#8185,.T.);
#6198=ORIENTED_EDGE('',*,*,#8102,.F.);
#6199=ORIENTED_EDGE('',*,*,#8185,.F.);
#6200=ORIENTED_EDGE('',*,*,#8165,.T.);
#6201=ORIENTED_EDGE('',*,*,#8184,.T.);
#6202=ORIENTED_EDGE('',*,*,#8186,.T.);
#6203=ORIENTED_EDGE('',*,*,#7125,.T.);
#6204=ORIENTED_EDGE('',*,*,#7035,.F.);
#6205=ORIENTED_EDGE('',*,*,#8187,.F.);
#6206=ORIENTED_EDGE('',*,*,#7137,.F.);
#6207=ORIENTED_EDGE('',*,*,#7121,.T.);
#6208=ORIENTED_EDGE('',*,*,#8188,.T.);
#6209=ORIENTED_EDGE('',*,*,#8189,.T.);
#6210=ORIENTED_EDGE('',*,*,#8106,.F.);
#6211=ORIENTED_EDGE('',*,*,#7151,.T.);
#6212=ORIENTED_EDGE('',*,*,#7034,.F.);
#6213=ORIENTED_EDGE('',*,*,#7129,.T.);
#6214=ORIENTED_EDGE('',*,*,#8190,.T.);
#6215=ORIENTED_EDGE('',*,*,#8187,.T.);
#6216=ORIENTED_EDGE('',*,*,#8191,.T.);
#6217=ORIENTED_EDGE('',*,*,#7133,.T.);
#6218=ORIENTED_EDGE('',*,*,#7142,.F.);
#6219=ORIENTED_EDGE('',*,*,#7153,.T.);
#6220=ORIENTED_EDGE('',*,*,#8107,.F.);
#6221=ORIENTED_EDGE('',*,*,#8189,.F.);
#6222=ORIENTED_EDGE('',*,*,#8190,.F.);
#6223=ORIENTED_EDGE('',*,*,#7132,.T.);
#6224=ORIENTED_EDGE('',*,*,#7175,.F.);
#6225=ORIENTED_EDGE('',*,*,#7134,.T.);
#6226=ORIENTED_EDGE('',*,*,#8191,.F.);
#6227=ORIENTED_EDGE('',*,*,#8192,.T.);
#6228=ORIENTED_EDGE('',*,*,#8193,.F.);
#6229=ORIENTED_EDGE('',*,*,#8194,.F.);
#6230=ORIENTED_EDGE('',*,*,#8188,.F.);
#6231=ORIENTED_EDGE('',*,*,#7124,.T.);
#6232=ORIENTED_EDGE('',*,*,#7176,.F.);
#6233=ORIENTED_EDGE('',*,*,#7126,.T.);
#6234=ORIENTED_EDGE('',*,*,#8186,.F.);
#6235=ORIENTED_EDGE('',*,*,#8194,.T.);
#6236=ORIENTED_EDGE('',*,*,#8195,.F.);
#6237=ORIENTED_EDGE('',*,*,#8192,.F.);
#6238=ORIENTED_EDGE('',*,*,#8196,.F.);
#6239=ORIENTED_EDGE('',*,*,#8197,.F.);
#6240=ORIENTED_EDGE('',*,*,#8198,.T.);
#6241=ORIENTED_EDGE('',*,*,#8193,.T.);
#6242=ORIENTED_EDGE('',*,*,#8198,.F.);
#6243=ORIENTED_EDGE('',*,*,#8199,.F.);
#6244=ORIENTED_EDGE('',*,*,#8196,.T.);
#6245=ORIENTED_EDGE('',*,*,#8195,.T.);
#6246=ORIENTED_EDGE('',*,*,#8200,.F.);
#6247=ORIENTED_EDGE('',*,*,#8199,.T.);
#6248=ORIENTED_EDGE('',*,*,#8201,.T.);
#6249=ORIENTED_EDGE('',*,*,#8202,.F.);
#6250=ORIENTED_EDGE('',*,*,#8203,.T.);
#6251=ORIENTED_EDGE('',*,*,#8202,.T.);
#6252=ORIENTED_EDGE('',*,*,#8201,.F.);
#6253=ORIENTED_EDGE('',*,*,#8197,.T.);
#6254=ORIENTED_EDGE('',*,*,#8200,.T.);
#6255=ORIENTED_EDGE('',*,*,#8203,.F.);
#6256=VERTEX_POINT('',#10915);
#6257=VERTEX_POINT('',#10916);
#6258=VERTEX_POINT('',#10918);
#6259=VERTEX_POINT('',#10920);
#6260=VERTEX_POINT('',#10922);
#6261=VERTEX_POINT('',#10924);
#6262=VERTEX_POINT('',#10926);
#6263=VERTEX_POINT('',#10930);
#6264=VERTEX_POINT('',#10931);
#6265=VERTEX_POINT('',#10933);
#6266=VERTEX_POINT('',#10935);
#6267=VERTEX_POINT('',#10937);
#6268=VERTEX_POINT('',#10939);
#6269=VERTEX_POINT('',#10941);
#6270=VERTEX_POINT('',#10945);
#6271=VERTEX_POINT('',#10946);
#6272=VERTEX_POINT('',#10948);
#6273=VERTEX_POINT('',#10950);
#6274=VERTEX_POINT('',#10954);
#6275=VERTEX_POINT('',#10955);
#6276=VERTEX_POINT('',#10957);
#6277=VERTEX_POINT('',#10959);
#6278=VERTEX_POINT('',#10963);
#6279=VERTEX_POINT('',#10964);
#6280=VERTEX_POINT('',#10966);
#6281=VERTEX_POINT('',#10968);
#6282=VERTEX_POINT('',#10970);
#6283=VERTEX_POINT('',#10972);
#6284=VERTEX_POINT('',#10974);
#6285=VERTEX_POINT('',#10976);
#6286=VERTEX_POINT('',#10978);
#6287=VERTEX_POINT('',#10980);
#6288=VERTEX_POINT('',#10982);
#6289=VERTEX_POINT('',#10984);
#6290=VERTEX_POINT('',#10986);
#6291=VERTEX_POINT('',#10988);
#6292=VERTEX_POINT('',#10990);
#6293=VERTEX_POINT('',#10992);
#6294=VERTEX_POINT('',#10994);
#6295=VERTEX_POINT('',#10996);
#6296=VERTEX_POINT('',#10998);
#6297=VERTEX_POINT('',#11000);
#6298=VERTEX_POINT('',#11002);
#6299=VERTEX_POINT('',#11004);
#6300=VERTEX_POINT('',#11006);
#6301=VERTEX_POINT('',#11008);
#6302=VERTEX_POINT('',#11010);
#6303=VERTEX_POINT('',#11012);
#6304=VERTEX_POINT('',#11014);
#6305=VERTEX_POINT('',#11016);
#6306=VERTEX_POINT('',#11020);
#6307=VERTEX_POINT('',#11022);
#6308=VERTEX_POINT('',#11025);
#6309=VERTEX_POINT('',#11027);
#6310=VERTEX_POINT('',#11029);
#6311=VERTEX_POINT('',#11031);
#6312=VERTEX_POINT('',#11036);
#6313=VERTEX_POINT('',#11038);
#6314=VERTEX_POINT('',#11040);
#6315=VERTEX_POINT('',#11042);
#6316=VERTEX_POINT('',#11046);
#6317=VERTEX_POINT('',#11048);
#6318=VERTEX_POINT('',#11049);
#6319=VERTEX_POINT('',#11051);
#6320=VERTEX_POINT('',#11053);
#6321=VERTEX_POINT('',#11056);
#6322=VERTEX_POINT('',#11059);
#6323=VERTEX_POINT('',#11060);
#6324=VERTEX_POINT('',#11062);
#6325=VERTEX_POINT('',#11065);
#6326=VERTEX_POINT('',#11066);
#6327=VERTEX_POINT('',#11068);
#6328=VERTEX_POINT('',#11071);
#6329=VERTEX_POINT('',#11072);
#6330=VERTEX_POINT('',#11083);
#6331=VERTEX_POINT('',#11084);
#6332=VERTEX_POINT('',#11092);
#6333=VERTEX_POINT('',#11093);
#6334=VERTEX_POINT('',#11095);
#6335=VERTEX_POINT('',#11097);
#6336=VERTEX_POINT('',#11104);
#6337=VERTEX_POINT('',#11106);
#6338=VERTEX_POINT('',#11108);
#6339=VERTEX_POINT('',#11115);
#6340=VERTEX_POINT('',#11117);
#6341=VERTEX_POINT('',#11119);
#6342=VERTEX_POINT('',#11126);
#6343=VERTEX_POINT('',#11127);
#6344=VERTEX_POINT('',#11129);
#6345=VERTEX_POINT('',#11131);
#6346=VERTEX_POINT('',#11141);
#6347=VERTEX_POINT('',#11147);
#6348=VERTEX_POINT('',#11157);
#6349=VERTEX_POINT('',#11161);
#6350=VERTEX_POINT('',#11163);
#6351=VERTEX_POINT('',#11167);
#6352=VERTEX_POINT('',#11174);
#6353=VERTEX_POINT('',#11176);
#6354=VERTEX_POINT('',#11185);
#6355=VERTEX_POINT('',#11189);
#6356=VERTEX_POINT('',#11197);
#6357=VERTEX_POINT('',#11201);
#6358=VERTEX_POINT('',#11202);
#6359=VERTEX_POINT('',#11204);
#6360=VERTEX_POINT('',#11207);
#6361=VERTEX_POINT('',#11209);
#6362=VERTEX_POINT('',#11220);
#6363=VERTEX_POINT('',#11223);
#6364=VERTEX_POINT('',#11226);
#6365=VERTEX_POINT('',#11233);
#6366=VERTEX_POINT('',#11234);
#6367=VERTEX_POINT('',#11236);
#6368=VERTEX_POINT('',#11238);
#6369=VERTEX_POINT('',#11240);
#6370=VERTEX_POINT('',#11242);
#6371=VERTEX_POINT('',#11244);
#6372=VERTEX_POINT('',#11246);
#6373=VERTEX_POINT('',#11248);
#6374=VERTEX_POINT('',#11250);
#6375=VERTEX_POINT('',#11252);
#6376=VERTEX_POINT('',#11254);
#6377=VERTEX_POINT('',#11256);
#6378=VERTEX_POINT('',#11258);
#6379=VERTEX_POINT('',#11260);
#6380=VERTEX_POINT('',#11262);
#6381=VERTEX_POINT('',#11264);
#6382=VERTEX_POINT('',#11266);
#6383=VERTEX_POINT('',#11268);
#6384=VERTEX_POINT('',#11270);
#6385=VERTEX_POINT('',#11272);
#6386=VERTEX_POINT('',#11274);
#6387=VERTEX_POINT('',#11276);
#6388=VERTEX_POINT('',#11278);
#6389=VERTEX_POINT('',#11280);
#6390=VERTEX_POINT('',#11282);
#6391=VERTEX_POINT('',#11284);
#6392=VERTEX_POINT('',#11286);
#6393=VERTEX_POINT('',#11288);
#6394=VERTEX_POINT('',#11290);
#6395=VERTEX_POINT('',#11292);
#6396=VERTEX_POINT('',#11294);
#6397=VERTEX_POINT('',#11296);
#6398=VERTEX_POINT('',#11298);
#6399=VERTEX_POINT('',#11300);
#6400=VERTEX_POINT('',#11302);
#6401=VERTEX_POINT('',#11304);
#6402=VERTEX_POINT('',#11306);
#6403=VERTEX_POINT('',#11308);
#6404=VERTEX_POINT('',#11310);
#6405=VERTEX_POINT('',#11312);
#6406=VERTEX_POINT('',#11314);
#6407=VERTEX_POINT('',#11316);
#6408=VERTEX_POINT('',#11318);
#6409=VERTEX_POINT('',#11320);
#6410=VERTEX_POINT('',#11322);
#6411=VERTEX_POINT('',#11324);
#6412=VERTEX_POINT('',#11326);
#6413=VERTEX_POINT('',#11328);
#6414=VERTEX_POINT('',#11330);
#6415=VERTEX_POINT('',#11332);
#6416=VERTEX_POINT('',#11334);
#6417=VERTEX_POINT('',#11336);
#6418=VERTEX_POINT('',#11338);
#6419=VERTEX_POINT('',#11340);
#6420=VERTEX_POINT('',#11342);
#6421=VERTEX_POINT('',#11344);
#6422=VERTEX_POINT('',#11346);
#6423=VERTEX_POINT('',#11348);
#6424=VERTEX_POINT('',#11350);
#6425=VERTEX_POINT('',#11352);
#6426=VERTEX_POINT('',#11354);
#6427=VERTEX_POINT('',#11356);
#6428=VERTEX_POINT('',#11358);
#6429=VERTEX_POINT('',#11360);
#6430=VERTEX_POINT('',#11362);
#6431=VERTEX_POINT('',#11364);
#6432=VERTEX_POINT('',#11366);
#6433=VERTEX_POINT('',#11368);
#6434=VERTEX_POINT('',#11370);
#6435=VERTEX_POINT('',#11372);
#6436=VERTEX_POINT('',#11374);
#6437=VERTEX_POINT('',#11376);
#6438=VERTEX_POINT('',#11378);
#6439=VERTEX_POINT('',#11380);
#6440=VERTEX_POINT('',#11382);
#6441=VERTEX_POINT('',#11384);
#6442=VERTEX_POINT('',#11386);
#6443=VERTEX_POINT('',#11388);
#6444=VERTEX_POINT('',#11390);
#6445=VERTEX_POINT('',#11393);
#6446=VERTEX_POINT('',#11394);
#6447=VERTEX_POINT('',#11396);
#6448=VERTEX_POINT('',#11398);
#6449=VERTEX_POINT('',#11400);
#6450=VERTEX_POINT('',#11402);
#6451=VERTEX_POINT('',#11404);
#6452=VERTEX_POINT('',#11406);
#6453=VERTEX_POINT('',#11408);
#6454=VERTEX_POINT('',#11410);
#6455=VERTEX_POINT('',#11412);
#6456=VERTEX_POINT('',#11414);
#6457=VERTEX_POINT('',#11416);
#6458=VERTEX_POINT('',#11418);
#6459=VERTEX_POINT('',#11420);
#6460=VERTEX_POINT('',#11422);
#6461=VERTEX_POINT('',#11424);
#6462=VERTEX_POINT('',#11426);
#6463=VERTEX_POINT('',#11428);
#6464=VERTEX_POINT('',#11430);
#6465=VERTEX_POINT('',#11432);
#6466=VERTEX_POINT('',#11434);
#6467=VERTEX_POINT('',#11436);
#6468=VERTEX_POINT('',#11438);
#6469=VERTEX_POINT('',#11440);
#6470=VERTEX_POINT('',#11442);
#6471=VERTEX_POINT('',#11444);
#6472=VERTEX_POINT('',#11446);
#6473=VERTEX_POINT('',#11448);
#6474=VERTEX_POINT('',#11450);
#6475=VERTEX_POINT('',#11452);
#6476=VERTEX_POINT('',#11454);
#6477=VERTEX_POINT('',#11456);
#6478=VERTEX_POINT('',#11458);
#6479=VERTEX_POINT('',#11460);
#6480=VERTEX_POINT('',#11462);
#6481=VERTEX_POINT('',#11464);
#6482=VERTEX_POINT('',#11466);
#6483=VERTEX_POINT('',#11468);
#6484=VERTEX_POINT('',#11470);
#6485=VERTEX_POINT('',#11472);
#6486=VERTEX_POINT('',#11474);
#6487=VERTEX_POINT('',#11476);
#6488=VERTEX_POINT('',#11478);
#6489=VERTEX_POINT('',#11480);
#6490=VERTEX_POINT('',#11482);
#6491=VERTEX_POINT('',#11484);
#6492=VERTEX_POINT('',#11486);
#6493=VERTEX_POINT('',#11488);
#6494=VERTEX_POINT('',#11490);
#6495=VERTEX_POINT('',#11492);
#6496=VERTEX_POINT('',#11494);
#6497=VERTEX_POINT('',#11496);
#6498=VERTEX_POINT('',#11498);
#6499=VERTEX_POINT('',#11500);
#6500=VERTEX_POINT('',#11502);
#6501=VERTEX_POINT('',#11504);
#6502=VERTEX_POINT('',#11506);
#6503=VERTEX_POINT('',#11508);
#6504=VERTEX_POINT('',#11510);
#6505=VERTEX_POINT('',#11513);
#6506=VERTEX_POINT('',#11514);
#6507=VERTEX_POINT('',#11516);
#6508=VERTEX_POINT('',#11518);
#6509=VERTEX_POINT('',#11520);
#6510=VERTEX_POINT('',#11522);
#6511=VERTEX_POINT('',#11524);
#6512=VERTEX_POINT('',#11526);
#6513=VERTEX_POINT('',#11528);
#6514=VERTEX_POINT('',#11530);
#6515=VERTEX_POINT('',#11533);
#6516=VERTEX_POINT('',#11534);
#6517=VERTEX_POINT('',#11536);
#6518=VERTEX_POINT('',#11538);
#6519=VERTEX_POINT('',#11540);
#6520=VERTEX_POINT('',#11542);
#6521=VERTEX_POINT('',#11544);
#6522=VERTEX_POINT('',#11546);
#6523=VERTEX_POINT('',#11548);
#6524=VERTEX_POINT('',#11550);
#6525=VERTEX_POINT('',#11552);
#6526=VERTEX_POINT('',#11554);
#6527=VERTEX_POINT('',#11557);
#6528=VERTEX_POINT('',#11558);
#6529=VERTEX_POINT('',#11560);
#6530=VERTEX_POINT('',#11562);
#6531=VERTEX_POINT('',#11564);
#6532=VERTEX_POINT('',#11566);
#6533=VERTEX_POINT('',#11568);
#6534=VERTEX_POINT('',#11570);
#6535=VERTEX_POINT('',#11572);
#6536=VERTEX_POINT('',#11574);
#6537=VERTEX_POINT('',#11576);
#6538=VERTEX_POINT('',#11578);
#6539=VERTEX_POINT('',#11580);
#6540=VERTEX_POINT('',#11582);
#6541=VERTEX_POINT('',#11584);
#6542=VERTEX_POINT('',#11586);
#6543=VERTEX_POINT('',#11588);
#6544=VERTEX_POINT('',#11590);
#6545=VERTEX_POINT('',#11592);
#6546=VERTEX_POINT('',#11594);
#6547=VERTEX_POINT('',#11596);
#6548=VERTEX_POINT('',#11598);
#6549=VERTEX_POINT('',#11600);
#6550=VERTEX_POINT('',#11602);
#6551=VERTEX_POINT('',#11604);
#6552=VERTEX_POINT('',#11606);
#6553=VERTEX_POINT('',#11608);
#6554=VERTEX_POINT('',#11610);
#6555=VERTEX_POINT('',#11612);
#6556=VERTEX_POINT('',#11614);
#6557=VERTEX_POINT('',#11616);
#6558=VERTEX_POINT('',#11618);
#6559=VERTEX_POINT('',#11620);
#6560=VERTEX_POINT('',#11623);
#6561=VERTEX_POINT('',#11625);
#6562=VERTEX_POINT('',#11628);
#6563=VERTEX_POINT('',#11629);
#6564=VERTEX_POINT('',#11631);
#6565=VERTEX_POINT('',#11633);
#6566=VERTEX_POINT('',#11635);
#6567=VERTEX_POINT('',#11638);
#6568=VERTEX_POINT('',#11639);
#6569=VERTEX_POINT('',#11641);
#6570=VERTEX_POINT('',#11643);
#6571=VERTEX_POINT('',#11645);
#6572=VERTEX_POINT('',#11647);
#6573=VERTEX_POINT('',#11649);
#6574=VERTEX_POINT('',#11651);
#6575=VERTEX_POINT('',#11653);
#6576=VERTEX_POINT('',#11655);
#6577=VERTEX_POINT('',#11657);
#6578=VERTEX_POINT('',#11659);
#6579=VERTEX_POINT('',#11661);
#6580=VERTEX_POINT('',#11663);
#6581=VERTEX_POINT('',#11665);
#6582=VERTEX_POINT('',#11667);
#6583=VERTEX_POINT('',#11669);
#6584=VERTEX_POINT('',#11671);
#6585=VERTEX_POINT('',#11673);
#6586=VERTEX_POINT('',#11675);
#6587=VERTEX_POINT('',#11677);
#6588=VERTEX_POINT('',#11679);
#6589=VERTEX_POINT('',#11681);
#6590=VERTEX_POINT('',#11683);
#6591=VERTEX_POINT('',#11685);
#6592=VERTEX_POINT('',#11687);
#6593=VERTEX_POINT('',#11689);
#6594=VERTEX_POINT('',#11691);
#6595=VERTEX_POINT('',#11693);
#6596=VERTEX_POINT('',#11695);
#6597=VERTEX_POINT('',#11697);
#6598=VERTEX_POINT('',#11699);
#6599=VERTEX_POINT('',#11701);
#6600=VERTEX_POINT('',#11703);
#6601=VERTEX_POINT('',#11705);
#6602=VERTEX_POINT('',#11707);
#6603=VERTEX_POINT('',#11711);
#6604=VERTEX_POINT('',#11712);
#6605=VERTEX_POINT('',#11714);
#6606=VERTEX_POINT('',#11716);
#6607=VERTEX_POINT('',#11718);
#6608=VERTEX_POINT('',#11720);
#6609=VERTEX_POINT('',#11722);
#6610=VERTEX_POINT('',#11724);
#6611=VERTEX_POINT('',#11726);
#6612=VERTEX_POINT('',#11728);
#6613=VERTEX_POINT('',#11730);
#6614=VERTEX_POINT('',#11732);
#6615=VERTEX_POINT('',#11734);
#6616=VERTEX_POINT('',#11736);
#6617=VERTEX_POINT('',#11738);
#6618=VERTEX_POINT('',#11740);
#6619=VERTEX_POINT('',#11742);
#6620=VERTEX_POINT('',#11744);
#6621=VERTEX_POINT('',#11746);
#6622=VERTEX_POINT('',#11748);
#6623=VERTEX_POINT('',#11750);
#6624=VERTEX_POINT('',#11752);
#6625=VERTEX_POINT('',#11754);
#6626=VERTEX_POINT('',#11756);
#6627=VERTEX_POINT('',#11758);
#6628=VERTEX_POINT('',#11760);
#6629=VERTEX_POINT('',#11762);
#6630=VERTEX_POINT('',#11766);
#6631=VERTEX_POINT('',#11767);
#6632=VERTEX_POINT('',#11769);
#6633=VERTEX_POINT('',#11773);
#6634=VERTEX_POINT('',#11774);
#6635=VERTEX_POINT('',#11776);
#6636=VERTEX_POINT('',#11778);
#6637=VERTEX_POINT('',#11780);
#6638=VERTEX_POINT('',#11782);
#6639=VERTEX_POINT('',#11784);
#6640=VERTEX_POINT('',#11786);
#6641=VERTEX_POINT('',#11788);
#6642=VERTEX_POINT('',#11790);
#6643=VERTEX_POINT('',#11792);
#6644=VERTEX_POINT('',#11794);
#6645=VERTEX_POINT('',#11796);
#6646=VERTEX_POINT('',#11798);
#6647=VERTEX_POINT('',#11800);
#6648=VERTEX_POINT('',#11802);
#6649=VERTEX_POINT('',#11804);
#6650=VERTEX_POINT('',#11806);
#6651=VERTEX_POINT('',#11808);
#6652=VERTEX_POINT('',#11810);
#6653=VERTEX_POINT('',#11812);
#6654=VERTEX_POINT('',#11814);
#6655=VERTEX_POINT('',#11816);
#6656=VERTEX_POINT('',#11818);
#6657=VERTEX_POINT('',#11822);
#6658=VERTEX_POINT('',#11824);
#6659=VERTEX_POINT('',#11828);
#6660=VERTEX_POINT('',#11832);
#6661=VERTEX_POINT('',#11836);
#6662=VERTEX_POINT('',#11840);
#6663=VERTEX_POINT('',#11844);
#6664=VERTEX_POINT('',#11848);
#6665=VERTEX_POINT('',#11852);
#6666=VERTEX_POINT('',#11856);
#6667=VERTEX_POINT('',#11860);
#6668=VERTEX_POINT('',#11864);
#6669=VERTEX_POINT('',#11868);
#6670=VERTEX_POINT('',#11872);
#6671=VERTEX_POINT('',#11876);
#6672=VERTEX_POINT('',#11880);
#6673=VERTEX_POINT('',#11884);
#6674=VERTEX_POINT('',#11888);
#6675=VERTEX_POINT('',#11892);
#6676=VERTEX_POINT('',#11896);
#6677=VERTEX_POINT('',#11900);
#6678=VERTEX_POINT('',#11904);
#6679=VERTEX_POINT('',#11908);
#6680=VERTEX_POINT('',#11912);
#6681=VERTEX_POINT('',#11916);
#6682=VERTEX_POINT('',#11920);
#6683=VERTEX_POINT('',#11924);
#6684=VERTEX_POINT('',#11930);
#6685=VERTEX_POINT('',#11932);
#6686=VERTEX_POINT('',#11936);
#6687=VERTEX_POINT('',#11942);
#6688=VERTEX_POINT('',#11944);
#6689=VERTEX_POINT('',#11948);
#6690=VERTEX_POINT('',#11952);
#6691=VERTEX_POINT('',#11956);
#6692=VERTEX_POINT('',#11960);
#6693=VERTEX_POINT('',#11964);
#6694=VERTEX_POINT('',#11968);
#6695=VERTEX_POINT('',#11972);
#6696=VERTEX_POINT('',#11976);
#6697=VERTEX_POINT('',#11980);
#6698=VERTEX_POINT('',#11984);
#6699=VERTEX_POINT('',#11988);
#6700=VERTEX_POINT('',#11992);
#6701=VERTEX_POINT('',#11996);
#6702=VERTEX_POINT('',#12000);
#6703=VERTEX_POINT('',#12004);
#6704=VERTEX_POINT('',#12008);
#6705=VERTEX_POINT('',#12012);
#6706=VERTEX_POINT('',#12016);
#6707=VERTEX_POINT('',#12020);
#6708=VERTEX_POINT('',#12024);
#6709=VERTEX_POINT('',#12028);
#6710=VERTEX_POINT('',#12032);
#6711=VERTEX_POINT('',#12038);
#6712=VERTEX_POINT('',#12040);
#6713=VERTEX_POINT('',#12043);
#6714=VERTEX_POINT('',#12044);
#6715=VERTEX_POINT('',#12046);
#6716=VERTEX_POINT('',#12048);
#6717=VERTEX_POINT('',#12050);
#6718=VERTEX_POINT('',#12052);
#6719=VERTEX_POINT('',#12054);
#6720=VERTEX_POINT('',#12056);
#6721=VERTEX_POINT('',#12058);
#6722=VERTEX_POINT('',#12060);
#6723=VERTEX_POINT('',#12062);
#6724=VERTEX_POINT('',#12064);
#6725=VERTEX_POINT('',#12066);
#6726=VERTEX_POINT('',#12068);
#6727=VERTEX_POINT('',#12070);
#6728=VERTEX_POINT('',#12072);
#6729=VERTEX_POINT('',#12074);
#6730=VERTEX_POINT('',#12076);
#6731=VERTEX_POINT('',#12078);
#6732=VERTEX_POINT('',#12080);
#6733=VERTEX_POINT('',#12082);
#6734=VERTEX_POINT('',#12084);
#6735=VERTEX_POINT('',#12086);
#6736=VERTEX_POINT('',#12088);
#6737=VERTEX_POINT('',#12090);
#6738=VERTEX_POINT('',#12092);
#6739=VERTEX_POINT('',#12094);
#6740=VERTEX_POINT('',#12096);
#6741=VERTEX_POINT('',#12098);
#6742=VERTEX_POINT('',#12100);
#6743=VERTEX_POINT('',#12102);
#6744=VERTEX_POINT('',#12104);
#6745=VERTEX_POINT('',#12106);
#6746=VERTEX_POINT('',#12108);
#6747=VERTEX_POINT('',#12110);
#6748=VERTEX_POINT('',#12112);
#6749=VERTEX_POINT('',#12116);
#6750=VERTEX_POINT('',#12117);
#6751=VERTEX_POINT('',#12119);
#6752=VERTEX_POINT('',#12121);
#6753=VERTEX_POINT('',#12123);
#6754=VERTEX_POINT('',#12127);
#6755=VERTEX_POINT('',#12128);
#6756=VERTEX_POINT('',#12130);
#6757=VERTEX_POINT('',#12132);
#6758=VERTEX_POINT('',#12134);
#6759=VERTEX_POINT('',#12136);
#6760=VERTEX_POINT('',#12138);
#6761=VERTEX_POINT('',#12140);
#6762=VERTEX_POINT('',#12142);
#6763=VERTEX_POINT('',#12144);
#6764=VERTEX_POINT('',#12146);
#6765=VERTEX_POINT('',#12148);
#6766=VERTEX_POINT('',#12150);
#6767=VERTEX_POINT('',#12152);
#6768=VERTEX_POINT('',#12154);
#6769=VERTEX_POINT('',#12156);
#6770=VERTEX_POINT('',#12158);
#6771=VERTEX_POINT('',#12160);
#6772=VERTEX_POINT('',#12162);
#6773=VERTEX_POINT('',#12164);
#6774=VERTEX_POINT('',#12166);
#6775=VERTEX_POINT('',#12168);
#6776=VERTEX_POINT('',#12170);
#6777=VERTEX_POINT('',#12172);
#6778=VERTEX_POINT('',#12174);
#6779=VERTEX_POINT('',#12176);
#6780=VERTEX_POINT('',#12178);
#6781=VERTEX_POINT('',#12180);
#6782=VERTEX_POINT('',#12182);
#6783=VERTEX_POINT('',#12184);
#6784=VERTEX_POINT('',#12186);
#6785=VERTEX_POINT('',#12188);
#6786=VERTEX_POINT('',#12190);
#6787=VERTEX_POINT('',#12194);
#6788=VERTEX_POINT('',#12195);
#6789=VERTEX_POINT('',#12197);
#6790=VERTEX_POINT('',#12199);
#6791=VERTEX_POINT('',#12201);
#6792=VERTEX_POINT('',#12203);
#6793=VERTEX_POINT('',#12205);
#6794=VERTEX_POINT('',#12207);
#6795=VERTEX_POINT('',#12209);
#6796=VERTEX_POINT('',#12211);
#6797=VERTEX_POINT('',#12213);
#6798=VERTEX_POINT('',#12215);
#6799=VERTEX_POINT('',#12219);
#6800=VERTEX_POINT('',#12220);
#6801=VERTEX_POINT('',#12222);
#6802=VERTEX_POINT('',#12224);
#6803=VERTEX_POINT('',#12226);
#6804=VERTEX_POINT('',#12228);
#6805=VERTEX_POINT('',#12230);
#6806=VERTEX_POINT('',#12232);
#6807=VERTEX_POINT('',#12234);
#6808=VERTEX_POINT('',#12236);
#6809=VERTEX_POINT('',#12240);
#6810=VERTEX_POINT('',#12241);
#6811=VERTEX_POINT('',#12243);
#6812=VERTEX_POINT('',#12245);
#6813=VERTEX_POINT('',#12247);
#6814=VERTEX_POINT('',#12249);
#6815=VERTEX_POINT('',#12251);
#6816=VERTEX_POINT('',#12253);
#6817=VERTEX_POINT('',#12255);
#6818=VERTEX_POINT('',#12257);
#6819=VERTEX_POINT('',#12259);
#6820=VERTEX_POINT('',#12261);
#6821=VERTEX_POINT('',#12263);
#6822=VERTEX_POINT('',#12265);
#6823=VERTEX_POINT('',#12267);
#6824=VERTEX_POINT('',#12269);
#6825=VERTEX_POINT('',#12271);
#6826=VERTEX_POINT('',#12273);
#6827=VERTEX_POINT('',#12275);
#6828=VERTEX_POINT('',#12277);
#6829=VERTEX_POINT('',#12279);
#6830=VERTEX_POINT('',#12281);
#6831=VERTEX_POINT('',#12283);
#6832=VERTEX_POINT('',#12285);
#6833=VERTEX_POINT('',#12287);
#6834=VERTEX_POINT('',#12289);
#6835=VERTEX_POINT('',#12291);
#6836=VERTEX_POINT('',#12293);
#6837=VERTEX_POINT('',#12295);
#6838=VERTEX_POINT('',#12297);
#6839=VERTEX_POINT('',#12299);
#6840=VERTEX_POINT('',#12301);
#6841=VERTEX_POINT('',#12303);
#6842=VERTEX_POINT('',#12305);
#6843=VERTEX_POINT('',#12307);
#6844=VERTEX_POINT('',#12309);
#6845=VERTEX_POINT('',#12311);
#6846=VERTEX_POINT('',#12313);
#6847=VERTEX_POINT('',#12315);
#6848=VERTEX_POINT('',#12317);
#6849=VERTEX_POINT('',#12319);
#6850=VERTEX_POINT('',#12321);
#6851=VERTEX_POINT('',#12323);
#6852=VERTEX_POINT('',#12325);
#6853=VERTEX_POINT('',#12327);
#6854=VERTEX_POINT('',#12329);
#6855=VERTEX_POINT('',#12331);
#6856=VERTEX_POINT('',#12333);
#6857=VERTEX_POINT('',#12335);
#6858=VERTEX_POINT('',#12337);
#6859=VERTEX_POINT('',#12339);
#6860=VERTEX_POINT('',#12341);
#6861=VERTEX_POINT('',#12343);
#6862=VERTEX_POINT('',#12345);
#6863=VERTEX_POINT('',#12347);
#6864=VERTEX_POINT('',#12349);
#6865=VERTEX_POINT('',#12351);
#6866=VERTEX_POINT('',#12353);
#6867=VERTEX_POINT('',#12355);
#6868=VERTEX_POINT('',#12357);
#6869=VERTEX_POINT('',#12361);
#6870=VERTEX_POINT('',#12362);
#6871=VERTEX_POINT('',#12364);
#6872=VERTEX_POINT('',#12366);
#6873=VERTEX_POINT('',#12368);
#6874=VERTEX_POINT('',#12370);
#6875=VERTEX_POINT('',#12372);
#6876=VERTEX_POINT('',#12374);
#6877=VERTEX_POINT('',#12376);
#6878=VERTEX_POINT('',#12378);
#6879=VERTEX_POINT('',#12380);
#6880=VERTEX_POINT('',#12382);
#6881=VERTEX_POINT('',#12384);
#6882=VERTEX_POINT('',#12386);
#6883=VERTEX_POINT('',#12388);
#6884=VERTEX_POINT('',#12390);
#6885=VERTEX_POINT('',#12392);
#6886=VERTEX_POINT('',#12394);
#6887=VERTEX_POINT('',#12396);
#6888=VERTEX_POINT('',#12398);
#6889=VERTEX_POINT('',#12400);
#6890=VERTEX_POINT('',#12402);
#6891=VERTEX_POINT('',#12404);
#6892=VERTEX_POINT('',#12406);
#6893=VERTEX_POINT('',#12408);
#6894=VERTEX_POINT('',#12410);
#6895=VERTEX_POINT('',#12412);
#6896=VERTEX_POINT('',#12414);
#6897=VERTEX_POINT('',#12416);
#6898=VERTEX_POINT('',#12418);
#6899=VERTEX_POINT('',#12420);
#6900=VERTEX_POINT('',#12422);
#6901=VERTEX_POINT('',#12424);
#6902=VERTEX_POINT('',#12426);
#6903=VERTEX_POINT('',#12428);
#6904=VERTEX_POINT('',#12430);
#6905=VERTEX_POINT('',#12432);
#6906=VERTEX_POINT('',#12434);
#6907=VERTEX_POINT('',#12436);
#6908=VERTEX_POINT('',#12438);
#6909=VERTEX_POINT('',#12440);
#6910=VERTEX_POINT('',#12442);
#6911=VERTEX_POINT('',#12444);
#6912=VERTEX_POINT('',#12446);
#6913=VERTEX_POINT('',#12448);
#6914=VERTEX_POINT('',#12450);
#6915=VERTEX_POINT('',#12452);
#6916=VERTEX_POINT('',#12454);
#6917=VERTEX_POINT('',#12456);
#6918=VERTEX_POINT('',#12458);
#6919=VERTEX_POINT('',#12460);
#6920=VERTEX_POINT('',#12462);
#6921=VERTEX_POINT('',#12464);
#6922=VERTEX_POINT('',#12466);
#6923=VERTEX_POINT('',#12468);
#6924=VERTEX_POINT('',#12470);
#6925=VERTEX_POINT('',#12472);
#6926=VERTEX_POINT('',#12474);
#6927=VERTEX_POINT('',#12476);
#6928=VERTEX_POINT('',#12478);
#6929=VERTEX_POINT('',#12480);
#6930=VERTEX_POINT('',#12482);
#6931=VERTEX_POINT('',#12484);
#6932=VERTEX_POINT('',#12486);
#6933=VERTEX_POINT('',#12488);
#6934=VERTEX_POINT('',#12490);
#6935=VERTEX_POINT('',#12492);
#6936=VERTEX_POINT('',#12494);
#6937=VERTEX_POINT('',#12496);
#6938=VERTEX_POINT('',#12498);
#6939=VERTEX_POINT('',#12500);
#6940=VERTEX_POINT('',#12502);
#6941=VERTEX_POINT('',#12504);
#6942=VERTEX_POINT('',#12506);
#6943=VERTEX_POINT('',#12508);
#6944=VERTEX_POINT('',#12510);
#6945=VERTEX_POINT('',#12512);
#6946=VERTEX_POINT('',#12514);
#6947=VERTEX_POINT('',#12516);
#6948=VERTEX_POINT('',#12518);
#6949=VERTEX_POINT('',#12522);
#6950=VERTEX_POINT('',#12523);
#6951=VERTEX_POINT('',#12525);
#6952=VERTEX_POINT('',#12527);
#6953=VERTEX_POINT('',#12534);
#6954=VERTEX_POINT('',#12539);
#6955=VERTEX_POINT('',#12544);
#6956=VERTEX_POINT('',#12548);
#6957=VERTEX_POINT('',#12549);
#6958=VERTEX_POINT('',#12555);
#6959=VERTEX_POINT('',#12559);
#6960=VERTEX_POINT('',#12561);
#6961=VERTEX_POINT('',#12565);
#6962=VERTEX_POINT('',#12570);
#6963=VERTEX_POINT('',#12574);
#6964=VERTEX_POINT('',#12659);
#6965=VERTEX_POINT('',#12660);
#6966=VERTEX_POINT('',#12662);
#6967=VERTEX_POINT('',#12665);
#6968=VERTEX_POINT('',#13059);
#6969=VERTEX_POINT('',#13064);
#6970=VERTEX_POINT('',#13066);
#6971=VERTEX_POINT('',#13071);
#6972=VERTEX_POINT('',#13091);
#6973=VERTEX_POINT('',#13095);
#6974=VERTEX_POINT('',#13096);
#6975=VERTEX_POINT('',#13115);
#6976=VERTEX_POINT('',#13122);
#6977=VERTEX_POINT('',#13127);
#6978=VERTEX_POINT('',#13128);
#6979=VERTEX_POINT('',#13132);
#6980=VERTEX_POINT('',#13133);
#6981=VERTEX_POINT('',#13138);
#6982=VERTEX_POINT('',#13143);
#6983=VERTEX_POINT('',#13144);
#6984=VERTEX_POINT('',#13146);
#6985=VERTEX_POINT('',#13153);
#6986=VERTEX_POINT('',#13155);
#6987=VERTEX_POINT('',#13162);
#6988=VERTEX_POINT('',#13164);
#6989=VERTEX_POINT('',#13166);
#6990=VERTEX_POINT('',#13170);
#6991=VERTEX_POINT('',#13172);
#6992=VERTEX_POINT('',#13179);
#6993=VERTEX_POINT('',#13186);
#6994=VERTEX_POINT('',#13188);
#6995=VERTEX_POINT('',#13195);
#6996=VERTEX_POINT('',#13202);
#6997=VERTEX_POINT('',#13203);
#6998=VERTEX_POINT('',#13247);
#6999=VERTEX_POINT('',#13249);
#7000=VERTEX_POINT('',#13272);
#7001=VERTEX_POINT('',#13274);
#7002=VERTEX_POINT('',#13276);
#7003=VERTEX_POINT('',#13278);
#7004=VERTEX_POINT('',#13292);
#7005=VERTEX_POINT('',#13294);
#7006=VERTEX_POINT('',#13300);
#7007=VERTEX_POINT('',#13302);
#7008=VERTEX_POINT('',#13309);
#7009=VERTEX_POINT('',#13310);
#7010=VERTEX_POINT('',#13312);
#7011=VERTEX_POINT('',#13319);
#7012=VERTEX_POINT('',#13321);
#7013=VERTEX_POINT('',#13328);
#7014=VERTEX_POINT('',#13330);
#7015=VERTEX_POINT('',#13332);
#7016=VERTEX_POINT('',#13336);
#7017=VERTEX_POINT('',#13338);
#7018=VERTEX_POINT('',#13345);
#7019=VERTEX_POINT('',#13352);
#7020=VERTEX_POINT('',#13354);
#7021=VERTEX_POINT('',#13361);
#7022=VERTEX_POINT('',#13368);
#7023=VERTEX_POINT('',#13369);
#7024=VERTEX_POINT('',#13413);
#7025=VERTEX_POINT('',#13415);
#7026=VERTEX_POINT('',#13438);
#7027=VERTEX_POINT('',#13442);
#7028=VERTEX_POINT('',#13450);
#7029=VERTEX_POINT('',#13452);
#7030=VERTEX_POINT('',#13458);
#7031=VERTEX_POINT('',#13460);
#7032=VERTEX_POINT('',#13466);
#7033=VERTEX_POINT('',#13468);
#7034=EDGE_CURVE('',#6256,#6257,#8204,.T.);
#7035=EDGE_CURVE('',#6257,#6258,#8205,.T.);
#7036=EDGE_CURVE('',#6259,#6258,#1856,.T.);
#7037=EDGE_CURVE('',#6259,#6260,#1857,.T.);
#7038=EDGE_CURVE('',#6261,#6260,#1858,.T.);
#7039=EDGE_CURVE('',#6261,#6262,#1859,.T.);
#7040=EDGE_CURVE('',#6256,#6262,#1860,.T.);
#7041=EDGE_CURVE('',#6263,#6264,#8206,.T.);
#7042=EDGE_CURVE('',#6265,#6263,#1861,.T.);
#7043=EDGE_CURVE('',#6266,#6265,#1862,.T.);
#7044=EDGE_CURVE('',#6267,#6266,#1863,.T.);
#7045=EDGE_CURVE('',#6268,#6267,#1864,.T.);
#7046=EDGE_CURVE('',#6269,#6268,#1865,.T.);
#7047=EDGE_CURVE('',#6264,#6269,#8207,.T.);
#7048=EDGE_CURVE('',#6270,#6271,#1866,.T.);
#7049=EDGE_CURVE('',#6270,#6272,#1867,.T.);
#7050=EDGE_CURVE('',#6272,#6273,#1868,.T.);
#7051=EDGE_CURVE('',#6271,#6273,#1869,.T.);
#7052=EDGE_CURVE('',#6274,#6275,#1870,.T.);
#7053=EDGE_CURVE('',#6274,#6276,#1871,.T.);
#7054=EDGE_CURVE('',#6276,#6277,#1872,.T.);
#7055=EDGE_CURVE('',#6275,#6277,#1873,.T.);
#7056=EDGE_CURVE('',#6278,#6279,#1874,.T.);
#7057=EDGE_CURVE('',#6280,#6279,#1875,.T.);
#7058=EDGE_CURVE('',#6280,#6281,#1876,.T.);
#7059=EDGE_CURVE('',#6281,#6282,#8208,.T.);
#7060=EDGE_CURVE('',#6282,#6283,#1877,.T.);
#7061=EDGE_CURVE('',#6283,#6284,#8209,.T.);
#7062=EDGE_CURVE('',#6284,#6285,#1878,.T.);
#7063=EDGE_CURVE('',#6286,#6285,#1879,.T.);
#7064=EDGE_CURVE('',#6287,#6286,#1880,.T.);
#7065=EDGE_CURVE('',#6287,#6288,#1881,.T.);
#7066=EDGE_CURVE('',#6288,#6289,#1882,.T.);
#7067=EDGE_CURVE('',#6289,#6290,#8210,.T.);
#7068=EDGE_CURVE('',#6290,#6291,#1883,.T.);
#7069=EDGE_CURVE('',#6292,#6291,#1884,.T.);
#7070=EDGE_CURVE('',#6293,#6292,#1885,.T.);
#7071=EDGE_CURVE('',#6294,#6293,#1886,.T.);
#7072=EDGE_CURVE('',#6294,#6295,#8211,.T.);
#7073=EDGE_CURVE('',#6296,#6295,#1887,.T.);
#7074=EDGE_CURVE('',#6297,#6296,#1888,.T.);
#7075=EDGE_CURVE('',#6298,#6297,#1889,.T.);
#7076=EDGE_CURVE('',#6298,#6299,#1890,.T.);
#7077=EDGE_CURVE('',#6299,#6300,#8212,.T.);
#7078=EDGE_CURVE('',#6300,#6301,#8213,.T.);
#7079=EDGE_CURVE('',#6302,#6301,#1891,.T.);
#7080=EDGE_CURVE('',#6302,#6303,#8214,.T.);
#7081=EDGE_CURVE('',#6303,#6304,#8215,.T.);
#7082=EDGE_CURVE('',#6304,#6305,#1892,.T.);
#7083=EDGE_CURVE('',#6278,#6305,#1893,.T.);
#7084=EDGE_CURVE('',#6286,#6306,#1894,.T.);
#7085=EDGE_CURVE('',#6307,#6306,#1895,.T.);
#7086=EDGE_CURVE('',#6307,#6297,#1896,.T.);
#7087=EDGE_CURVE('',#6296,#6308,#1897,.T.);
#7088=EDGE_CURVE('',#6308,#6309,#1898,.T.);
#7089=EDGE_CURVE('',#6309,#6310,#1899,.T.);
#7090=EDGE_CURVE('',#6310,#6311,#1900,.T.);
#7091=EDGE_CURVE('',#6311,#6271,#1901,.T.);
#7092=EDGE_CURVE('',#6292,#6273,#1902,.T.);
#7093=EDGE_CURVE('',#6291,#6275,#1903,.T.);
#7094=EDGE_CURVE('',#6277,#6312,#1904,.T.);
#7095=EDGE_CURVE('',#6312,#6313,#1905,.T.);
#7096=EDGE_CURVE('',#6313,#6314,#1906,.T.);
#7097=EDGE_CURVE('',#6314,#6315,#1907,.T.);
#7098=EDGE_CURVE('',#6287,#6315,#1908,.T.);
#7099=EDGE_CURVE('',#6316,#6316,#8216,.T.);
#7100=EDGE_CURVE('',#6317,#6318,#1909,.T.);
#7101=EDGE_CURVE('',#6318,#6319,#1910,.T.);
#7102=EDGE_CURVE('',#6320,#6319,#1911,.T.);
#7103=EDGE_CURVE('',#6317,#6320,#1912,.T.);
#7104=EDGE_CURVE('',#6321,#6321,#8217,.T.);
#7105=EDGE_CURVE('',#6322,#6323,#196,.T.);
#7106=EDGE_CURVE('',#6322,#6324,#1913,.T.);
#7107=EDGE_CURVE('',#6323,#6324,#197,.T.);
#7108=EDGE_CURVE('',#6325,#6326,#198,.T.);
#7109=EDGE_CURVE('',#6325,#6327,#1914,.T.);
#7110=EDGE_CURVE('',#6326,#6327,#199,.T.);
#7111=EDGE_CURVE('',#6328,#6329,#1915,.T.);
#7112=EDGE_CURVE('',#6320,#6328,#1916,.T.);
#7113=EDGE_CURVE('',#6329,#6319,#1917,.T.);
#7114=EDGE_CURVE('',#6329,#6279,#1918,.T.);
#7115=EDGE_CURVE('',#6278,#6328,#1919,.T.);
#7116=EDGE_CURVE('',#6318,#6306,#1920,.T.);
#7117=EDGE_CURVE('',#6307,#6317,#1921,.T.);
#7118=EDGE_CURVE('',#6330,#6331,#1922,.T.);
#7119=EDGE_CURVE('',#6298,#6330,#1923,.T.);
#7120=EDGE_CURVE('',#6305,#6331,#1924,.T.);
#7121=EDGE_CURVE('',#6332,#6333,#164,.T.);
#7122=EDGE_CURVE('',#6332,#6334,#1925,.T.);
#7123=EDGE_CURVE('',#6335,#6334,#1926,.T.);
#7124=EDGE_CURVE('',#6333,#6335,#1927,.T.);
#7125=EDGE_CURVE('',#6336,#6258,#165,.T.);
#7126=EDGE_CURVE('',#6337,#6336,#1928,.T.);
#7127=EDGE_CURVE('',#6338,#6337,#1929,.T.);
#7128=EDGE_CURVE('',#6259,#6338,#1930,.T.);
#7129=EDGE_CURVE('',#6256,#6339,#166,.T.);
#7130=EDGE_CURVE('',#6262,#6340,#1931,.T.);
#7131=EDGE_CURVE('',#6341,#6340,#1932,.T.);
#7132=EDGE_CURVE('',#6339,#6341,#1933,.T.);
#7133=EDGE_CURVE('',#6342,#6343,#167,.T.);
#7134=EDGE_CURVE('',#6344,#6342,#1934,.T.);
#7135=EDGE_CURVE('',#6345,#6344,#1935,.T.);
#7136=EDGE_CURVE('',#6343,#6345,#1936,.T.);
#7137=EDGE_CURVE('',#6332,#6346,#168,.T.);
#7138=EDGE_CURVE('',#6294,#6346,#1937,.T.);
#7139=EDGE_CURVE('',#6260,#6272,#1938,.T.);
#7140=EDGE_CURVE('',#6334,#6338,#1939,.T.);
#7141=EDGE_CURVE('',#6347,#6295,#1940,.T.);
#7142=EDGE_CURVE('',#6347,#6343,#169,.T.);
#7143=EDGE_CURVE('',#6340,#6345,#1941,.T.);
#7144=EDGE_CURVE('',#6348,#6261,#1942,.T.);
#7145=EDGE_CURVE('',#6308,#6348,#1943,.T.);
#7146=EDGE_CURVE('',#6349,#6310,#1944,.T.);
#7147=EDGE_CURVE('',#6349,#6350,#1945,.T.);
#7148=EDGE_CURVE('',#6350,#6311,#1946,.T.);
#7149=EDGE_CURVE('',#6348,#6351,#1947,.T.);
#7150=EDGE_CURVE('',#6351,#6309,#1948,.T.);
#7151=EDGE_CURVE('',#6352,#6346,#170,.T.);
#7152=EDGE_CURVE('',#6352,#6353,#8218,.T.);
#7153=EDGE_CURVE('',#6347,#6353,#171,.T.);
#7154=EDGE_CURVE('',#6351,#6349,#1949,.T.);
#7155=EDGE_CURVE('',#6276,#6354,#1950,.T.);
#7156=EDGE_CURVE('',#6354,#6312,#1951,.T.);
#7157=EDGE_CURVE('',#6355,#6323,#1952,.T.);
#7158=EDGE_CURVE('',#6355,#6322,#8219,.T.);
#7159=EDGE_CURVE('',#6324,#6355,#8220,.T.);
#7160=EDGE_CURVE('',#6350,#6270,#1953,.T.);
#7161=EDGE_CURVE('',#6356,#6304,#1954,.T.);
#7162=EDGE_CURVE('',#6331,#6356,#1955,.T.);
#7163=EDGE_CURVE('',#6357,#6358,#8221,.T.);
#7164=EDGE_CURVE('',#6358,#6359,#8222,.T.);
#7165=EDGE_CURVE('',#6359,#6330,#1956,.T.);
#7166=EDGE_CURVE('',#6356,#6360,#8223,.T.);
#7167=EDGE_CURVE('',#6360,#6361,#8224,.T.);
#7168=EDGE_CURVE('',#6361,#6357,#1957,.T.);
#7169=EDGE_CURVE('',#6357,#6301,#1958,.T.);
#7170=EDGE_CURVE('',#6302,#6361,#1959,.T.);
#7171=EDGE_CURVE('',#6299,#6359,#1960,.T.);
#7172=EDGE_CURVE('',#6362,#6362,#8225,.T.);
#7173=EDGE_CURVE('',#6363,#6363,#8226,.T.);
#7174=EDGE_CURVE('',#6364,#6364,#8227,.T.);
#7175=EDGE_CURVE('',#6344,#6341,#8228,.T.);
#7176=EDGE_CURVE('',#6337,#6335,#8229,.T.);
#7177=EDGE_CURVE('',#6365,#6366,#1961,.T.);
#7178=EDGE_CURVE('',#6367,#6365,#1962,.T.);
#7179=EDGE_CURVE('',#6368,#6367,#1963,.T.);
#7180=EDGE_CURVE('',#6369,#6368,#1964,.T.);
#7181=EDGE_CURVE('',#6370,#6369,#1965,.T.);
#7182=EDGE_CURVE('',#6371,#6370,#1966,.T.);
#7183=EDGE_CURVE('',#6372,#6371,#1967,.T.);
#7184=EDGE_CURVE('',#6373,#6372,#1968,.T.);
#7185=EDGE_CURVE('',#6374,#6373,#1969,.T.);
#7186=EDGE_CURVE('',#6375,#6374,#1970,.T.);
#7187=EDGE_CURVE('',#6376,#6375,#1971,.T.);
#7188=EDGE_CURVE('',#6377,#6376,#1972,.T.);
#7189=EDGE_CURVE('',#6378,#6377,#1973,.T.);
#7190=EDGE_CURVE('',#6379,#6378,#1974,.T.);
#7191=EDGE_CURVE('',#6380,#6379,#1975,.T.);
#7192=EDGE_CURVE('',#6381,#6380,#1976,.T.);
#7193=EDGE_CURVE('',#6382,#6381,#1977,.T.);
#7194=EDGE_CURVE('',#6383,#6382,#1978,.T.);
#7195=EDGE_CURVE('',#6384,#6383,#1979,.T.);
#7196=EDGE_CURVE('',#6385,#6384,#1980,.T.);
#7197=EDGE_CURVE('',#6386,#6385,#1981,.T.);
#7198=EDGE_CURVE('',#6387,#6386,#1982,.T.);
#7199=EDGE_CURVE('',#6388,#6387,#1983,.T.);
#7200=EDGE_CURVE('',#6389,#6388,#1984,.T.);
#7201=EDGE_CURVE('',#6390,#6389,#1985,.T.);
#7202=EDGE_CURVE('',#6391,#6390,#1986,.T.);
#7203=EDGE_CURVE('',#6392,#6391,#1987,.T.);
#7204=EDGE_CURVE('',#6393,#6392,#1988,.T.);
#7205=EDGE_CURVE('',#6394,#6393,#1989,.T.);
#7206=EDGE_CURVE('',#6395,#6394,#1990,.T.);
#7207=EDGE_CURVE('',#6396,#6395,#1991,.T.);
#7208=EDGE_CURVE('',#6397,#6396,#1992,.T.);
#7209=EDGE_CURVE('',#6398,#6397,#1993,.T.);
#7210=EDGE_CURVE('',#6399,#6398,#1994,.T.);
#7211=EDGE_CURVE('',#6400,#6399,#1995,.T.);
#7212=EDGE_CURVE('',#6401,#6400,#1996,.T.);
#7213=EDGE_CURVE('',#6402,#6401,#1997,.T.);
#7214=EDGE_CURVE('',#6403,#6402,#1998,.T.);
#7215=EDGE_CURVE('',#6404,#6403,#1999,.T.);
#7216=EDGE_CURVE('',#6405,#6404,#2000,.T.);
#7217=EDGE_CURVE('',#6406,#6405,#2001,.T.);
#7218=EDGE_CURVE('',#6407,#6406,#2002,.T.);
#7219=EDGE_CURVE('',#6408,#6407,#2003,.T.);
#7220=EDGE_CURVE('',#6409,#6408,#2004,.T.);
#7221=EDGE_CURVE('',#6410,#6409,#2005,.T.);
#7222=EDGE_CURVE('',#6411,#6410,#2006,.T.);
#7223=EDGE_CURVE('',#6412,#6411,#2007,.T.);
#7224=EDGE_CURVE('',#6413,#6412,#2008,.T.);
#7225=EDGE_CURVE('',#6414,#6413,#2009,.T.);
#7226=EDGE_CURVE('',#6415,#6414,#2010,.T.);
#7227=EDGE_CURVE('',#6416,#6415,#2011,.T.);
#7228=EDGE_CURVE('',#6417,#6416,#2012,.T.);
#7229=EDGE_CURVE('',#6418,#6417,#2013,.T.);
#7230=EDGE_CURVE('',#6419,#6418,#2014,.T.);
#7231=EDGE_CURVE('',#6420,#6419,#2015,.T.);
#7232=EDGE_CURVE('',#6421,#6420,#2016,.T.);
#7233=EDGE_CURVE('',#6422,#6421,#2017,.T.);
#7234=EDGE_CURVE('',#6423,#6422,#2018,.T.);
#7235=EDGE_CURVE('',#6424,#6423,#2019,.T.);
#7236=EDGE_CURVE('',#6425,#6424,#2020,.T.);
#7237=EDGE_CURVE('',#6426,#6425,#2021,.T.);
#7238=EDGE_CURVE('',#6427,#6426,#2022,.T.);
#7239=EDGE_CURVE('',#6428,#6427,#2023,.T.);
#7240=EDGE_CURVE('',#6429,#6428,#2024,.T.);
#7241=EDGE_CURVE('',#6430,#6429,#2025,.T.);
#7242=EDGE_CURVE('',#6431,#6430,#2026,.T.);
#7243=EDGE_CURVE('',#6432,#6431,#2027,.T.);
#7244=EDGE_CURVE('',#6433,#6432,#2028,.T.);
#7245=EDGE_CURVE('',#6434,#6433,#2029,.T.);
#7246=EDGE_CURVE('',#6435,#6434,#2030,.T.);
#7247=EDGE_CURVE('',#6436,#6435,#2031,.T.);
#7248=EDGE_CURVE('',#6437,#6436,#2032,.T.);
#7249=EDGE_CURVE('',#6438,#6437,#2033,.T.);
#7250=EDGE_CURVE('',#6439,#6438,#2034,.T.);
#7251=EDGE_CURVE('',#6440,#6439,#2035,.T.);
#7252=EDGE_CURVE('',#6441,#6440,#2036,.T.);
#7253=EDGE_CURVE('',#6442,#6441,#2037,.T.);
#7254=EDGE_CURVE('',#6443,#6442,#2038,.T.);
#7255=EDGE_CURVE('',#6444,#6443,#2039,.T.);
#7256=EDGE_CURVE('',#6366,#6444,#2040,.T.);
#7257=EDGE_CURVE('',#6445,#6446,#2041,.T.);
#7258=EDGE_CURVE('',#6447,#6445,#2042,.T.);
#7259=EDGE_CURVE('',#6448,#6447,#2043,.T.);
#7260=EDGE_CURVE('',#6449,#6448,#2044,.T.);
#7261=EDGE_CURVE('',#6450,#6449,#2045,.T.);
#7262=EDGE_CURVE('',#6451,#6450,#2046,.T.);
#7263=EDGE_CURVE('',#6452,#6451,#2047,.T.);
#7264=EDGE_CURVE('',#6453,#6452,#2048,.T.);
#7265=EDGE_CURVE('',#6454,#6453,#2049,.T.);
#7266=EDGE_CURVE('',#6455,#6454,#2050,.T.);
#7267=EDGE_CURVE('',#6456,#6455,#2051,.T.);
#7268=EDGE_CURVE('',#6457,#6456,#2052,.T.);
#7269=EDGE_CURVE('',#6458,#6457,#2053,.T.);
#7270=EDGE_CURVE('',#6459,#6458,#2054,.T.);
#7271=EDGE_CURVE('',#6460,#6459,#2055,.T.);
#7272=EDGE_CURVE('',#6461,#6460,#2056,.T.);
#7273=EDGE_CURVE('',#6462,#6461,#2057,.T.);
#7274=EDGE_CURVE('',#6463,#6462,#2058,.T.);
#7275=EDGE_CURVE('',#6464,#6463,#2059,.T.);
#7276=EDGE_CURVE('',#6465,#6464,#2060,.T.);
#7277=EDGE_CURVE('',#6466,#6465,#2061,.T.);
#7278=EDGE_CURVE('',#6467,#6466,#2062,.T.);
#7279=EDGE_CURVE('',#6468,#6467,#2063,.T.);
#7280=EDGE_CURVE('',#6469,#6468,#2064,.T.);
#7281=EDGE_CURVE('',#6470,#6469,#2065,.T.);
#7282=EDGE_CURVE('',#6471,#6470,#2066,.T.);
#7283=EDGE_CURVE('',#6472,#6471,#2067,.T.);
#7284=EDGE_CURVE('',#6473,#6472,#2068,.T.);
#7285=EDGE_CURVE('',#6474,#6473,#2069,.T.);
#7286=EDGE_CURVE('',#6475,#6474,#2070,.T.);
#7287=EDGE_CURVE('',#6476,#6475,#2071,.T.);
#7288=EDGE_CURVE('',#6477,#6476,#2072,.T.);
#7289=EDGE_CURVE('',#6478,#6477,#2073,.T.);
#7290=EDGE_CURVE('',#6479,#6478,#2074,.T.);
#7291=EDGE_CURVE('',#6480,#6479,#2075,.T.);
#7292=EDGE_CURVE('',#6481,#6480,#2076,.T.);
#7293=EDGE_CURVE('',#6482,#6481,#2077,.T.);
#7294=EDGE_CURVE('',#6483,#6482,#2078,.T.);
#7295=EDGE_CURVE('',#6484,#6483,#2079,.T.);
#7296=EDGE_CURVE('',#6485,#6484,#2080,.T.);
#7297=EDGE_CURVE('',#6486,#6485,#2081,.T.);
#7298=EDGE_CURVE('',#6487,#6486,#2082,.T.);
#7299=EDGE_CURVE('',#6488,#6487,#2083,.T.);
#7300=EDGE_CURVE('',#6489,#6488,#2084,.T.);
#7301=EDGE_CURVE('',#6490,#6489,#2085,.T.);
#7302=EDGE_CURVE('',#6491,#6490,#2086,.T.);
#7303=EDGE_CURVE('',#6492,#6491,#2087,.T.);
#7304=EDGE_CURVE('',#6493,#6492,#2088,.T.);
#7305=EDGE_CURVE('',#6494,#6493,#2089,.T.);
#7306=EDGE_CURVE('',#6495,#6494,#2090,.T.);
#7307=EDGE_CURVE('',#6496,#6495,#2091,.T.);
#7308=EDGE_CURVE('',#6497,#6496,#2092,.T.);
#7309=EDGE_CURVE('',#6498,#6497,#2093,.T.);
#7310=EDGE_CURVE('',#6499,#6498,#2094,.T.);
#7311=EDGE_CURVE('',#6500,#6499,#2095,.T.);
#7312=EDGE_CURVE('',#6501,#6500,#2096,.T.);
#7313=EDGE_CURVE('',#6502,#6501,#2097,.T.);
#7314=EDGE_CURVE('',#6503,#6502,#2098,.T.);
#7315=EDGE_CURVE('',#6504,#6503,#2099,.T.);
#7316=EDGE_CURVE('',#6446,#6504,#2100,.T.);
#7317=EDGE_CURVE('',#6505,#6506,#2101,.T.);
#7318=EDGE_CURVE('',#6507,#6505,#2102,.T.);
#7319=EDGE_CURVE('',#6508,#6507,#2103,.T.);
#7320=EDGE_CURVE('',#6509,#6508,#2104,.T.);
#7321=EDGE_CURVE('',#6510,#6509,#2105,.T.);
#7322=EDGE_CURVE('',#6511,#6510,#2106,.T.);
#7323=EDGE_CURVE('',#6512,#6511,#2107,.T.);
#7324=EDGE_CURVE('',#6513,#6512,#2108,.T.);
#7325=EDGE_CURVE('',#6514,#6513,#2109,.T.);
#7326=EDGE_CURVE('',#6506,#6514,#2110,.T.);
#7327=EDGE_CURVE('',#6515,#6516,#2111,.T.);
#7328=EDGE_CURVE('',#6517,#6515,#2112,.T.);
#7329=EDGE_CURVE('',#6518,#6517,#2113,.T.);
#7330=EDGE_CURVE('',#6519,#6518,#2114,.T.);
#7331=EDGE_CURVE('',#6520,#6519,#2115,.T.);
#7332=EDGE_CURVE('',#6521,#6520,#2116,.T.);
#7333=EDGE_CURVE('',#6522,#6521,#2117,.T.);
#7334=EDGE_CURVE('',#6523,#6522,#2118,.T.);
#7335=EDGE_CURVE('',#6524,#6523,#2119,.T.);
#7336=EDGE_CURVE('',#6525,#6524,#2120,.T.);
#7337=EDGE_CURVE('',#6526,#6525,#2121,.T.);
#7338=EDGE_CURVE('',#6516,#6526,#2122,.T.);
#7339=EDGE_CURVE('',#6527,#6528,#2123,.T.);
#7340=EDGE_CURVE('',#6529,#6527,#2124,.T.);
#7341=EDGE_CURVE('',#6530,#6529,#2125,.T.);
#7342=EDGE_CURVE('',#6531,#6530,#2126,.T.);
#7343=EDGE_CURVE('',#6532,#6531,#2127,.T.);
#7344=EDGE_CURVE('',#6533,#6532,#2128,.T.);
#7345=EDGE_CURVE('',#6534,#6533,#2129,.T.);
#7346=EDGE_CURVE('',#6535,#6534,#2130,.T.);
#7347=EDGE_CURVE('',#6536,#6535,#2131,.T.);
#7348=EDGE_CURVE('',#6537,#6536,#2132,.T.);
#7349=EDGE_CURVE('',#6538,#6537,#2133,.T.);
#7350=EDGE_CURVE('',#6539,#6538,#2134,.T.);
#7351=EDGE_CURVE('',#6540,#6539,#2135,.T.);
#7352=EDGE_CURVE('',#6541,#6540,#2136,.T.);
#7353=EDGE_CURVE('',#6542,#6541,#2137,.T.);
#7354=EDGE_CURVE('',#6543,#6542,#2138,.T.);
#7355=EDGE_CURVE('',#6544,#6543,#2139,.T.);
#7356=EDGE_CURVE('',#6545,#6544,#2140,.T.);
#7357=EDGE_CURVE('',#6546,#6545,#2141,.T.);
#7358=EDGE_CURVE('',#6547,#6546,#2142,.T.);
#7359=EDGE_CURVE('',#6548,#6547,#2143,.T.);
#7360=EDGE_CURVE('',#6549,#6548,#2144,.T.);
#7361=EDGE_CURVE('',#6550,#6549,#2145,.T.);
#7362=EDGE_CURVE('',#6551,#6550,#2146,.T.);
#7363=EDGE_CURVE('',#6552,#6551,#2147,.T.);
#7364=EDGE_CURVE('',#6553,#6552,#2148,.T.);
#7365=EDGE_CURVE('',#6554,#6553,#2149,.T.);
#7366=EDGE_CURVE('',#6555,#6554,#2150,.T.);
#7367=EDGE_CURVE('',#6556,#6555,#2151,.T.);
#7368=EDGE_CURVE('',#6557,#6556,#2152,.T.);
#7369=EDGE_CURVE('',#6558,#6557,#2153,.T.);
#7370=EDGE_CURVE('',#6559,#6558,#2154,.T.);
#7371=EDGE_CURVE('',#6528,#6559,#2155,.T.);
#7372=EDGE_CURVE('',#6285,#6560,#2156,.T.);
#7373=EDGE_CURVE('',#6560,#6561,#2157,.T.);
#7374=EDGE_CURVE('',#6280,#6561,#2158,.T.);
#7375=EDGE_CURVE('',#6562,#6563,#2159,.T.);
#7376=EDGE_CURVE('',#6564,#6562,#2160,.T.);
#7377=EDGE_CURVE('',#6565,#6564,#2161,.T.);
#7378=EDGE_CURVE('',#6566,#6565,#2162,.T.);
#7379=EDGE_CURVE('',#6563,#6566,#2163,.T.);
#7380=EDGE_CURVE('',#6567,#6568,#2164,.T.);
#7381=EDGE_CURVE('',#6569,#6567,#2165,.T.);
#7382=EDGE_CURVE('',#6570,#6569,#2166,.T.);
#7383=EDGE_CURVE('',#6571,#6570,#2167,.T.);
#7384=EDGE_CURVE('',#6572,#6571,#2168,.T.);
#7385=EDGE_CURVE('',#6573,#6572,#2169,.T.);
#7386=EDGE_CURVE('',#6574,#6573,#2170,.T.);
#7387=EDGE_CURVE('',#6575,#6574,#2171,.T.);
#7388=EDGE_CURVE('',#6576,#6575,#2172,.T.);
#7389=EDGE_CURVE('',#6577,#6576,#2173,.T.);
#7390=EDGE_CURVE('',#6578,#6577,#2174,.T.);
#7391=EDGE_CURVE('',#6579,#6578,#2175,.T.);
#7392=EDGE_CURVE('',#6580,#6579,#2176,.T.);
#7393=EDGE_CURVE('',#6581,#6580,#2177,.T.);
#7394=EDGE_CURVE('',#6582,#6581,#2178,.T.);
#7395=EDGE_CURVE('',#6583,#6582,#2179,.T.);
#7396=EDGE_CURVE('',#6584,#6583,#2180,.T.);
#7397=EDGE_CURVE('',#6585,#6584,#2181,.T.);
#7398=EDGE_CURVE('',#6586,#6585,#2182,.T.);
#7399=EDGE_CURVE('',#6587,#6586,#2183,.T.);
#7400=EDGE_CURVE('',#6588,#6587,#2184,.T.);
#7401=EDGE_CURVE('',#6589,#6588,#2185,.T.);
#7402=EDGE_CURVE('',#6590,#6589,#2186,.T.);
#7403=EDGE_CURVE('',#6591,#6590,#2187,.T.);
#7404=EDGE_CURVE('',#6592,#6591,#2188,.T.);
#7405=EDGE_CURVE('',#6593,#6592,#2189,.T.);
#7406=EDGE_CURVE('',#6594,#6593,#2190,.T.);
#7407=EDGE_CURVE('',#6595,#6594,#2191,.T.);
#7408=EDGE_CURVE('',#6596,#6595,#2192,.T.);
#7409=EDGE_CURVE('',#6597,#6596,#2193,.T.);
#7410=EDGE_CURVE('',#6598,#6597,#2194,.T.);
#7411=EDGE_CURVE('',#6599,#6598,#2195,.T.);
#7412=EDGE_CURVE('',#6600,#6599,#2196,.T.);
#7413=EDGE_CURVE('',#6601,#6600,#2197,.T.);
#7414=EDGE_CURVE('',#6602,#6601,#2198,.T.);
#7415=EDGE_CURVE('',#6568,#6602,#2199,.T.);
#7416=EDGE_CURVE('',#6603,#6604,#2200,.T.);
#7417=EDGE_CURVE('',#6605,#6603,#2201,.T.);
#7418=EDGE_CURVE('',#6606,#6605,#2202,.T.);
#7419=EDGE_CURVE('',#6607,#6606,#2203,.T.);
#7420=EDGE_CURVE('',#6608,#6607,#2204,.T.);
#7421=EDGE_CURVE('',#6609,#6608,#2205,.T.);
#7422=EDGE_CURVE('',#6610,#6609,#2206,.T.);
#7423=EDGE_CURVE('',#6611,#6610,#2207,.T.);
#7424=EDGE_CURVE('',#6612,#6611,#2208,.T.);
#7425=EDGE_CURVE('',#6613,#6612,#2209,.T.);
#7426=EDGE_CURVE('',#6614,#6613,#2210,.T.);
#7427=EDGE_CURVE('',#6615,#6614,#2211,.T.);
#7428=EDGE_CURVE('',#6616,#6615,#2212,.T.);
#7429=EDGE_CURVE('',#6617,#6616,#2213,.T.);
#7430=EDGE_CURVE('',#6618,#6617,#2214,.T.);
#7431=EDGE_CURVE('',#6619,#6618,#2215,.T.);
#7432=EDGE_CURVE('',#6620,#6619,#2216,.T.);
#7433=EDGE_CURVE('',#6621,#6620,#2217,.T.);
#7434=EDGE_CURVE('',#6622,#6621,#2218,.T.);
#7435=EDGE_CURVE('',#6623,#6622,#2219,.T.);
#7436=EDGE_CURVE('',#6624,#6623,#2220,.T.);
#7437=EDGE_CURVE('',#6625,#6624,#2221,.T.);
#7438=EDGE_CURVE('',#6626,#6625,#2222,.T.);
#7439=EDGE_CURVE('',#6627,#6626,#2223,.T.);
#7440=EDGE_CURVE('',#6628,#6627,#2224,.T.);
#7441=EDGE_CURVE('',#6629,#6628,#2225,.T.);
#7442=EDGE_CURVE('',#6604,#6629,#2226,.T.);
#7443=EDGE_CURVE('',#6630,#6631,#2227,.T.);
#7444=EDGE_CURVE('',#6632,#6630,#2228,.T.);
#7445=EDGE_CURVE('',#6631,#6632,#2229,.T.);
#7446=EDGE_CURVE('',#6633,#6634,#2230,.T.);
#7447=EDGE_CURVE('',#6635,#6633,#2231,.T.);
#7448=EDGE_CURVE('',#6636,#6635,#2232,.T.);
#7449=EDGE_CURVE('',#6637,#6636,#2233,.T.);
#7450=EDGE_CURVE('',#6638,#6637,#2234,.T.);
#7451=EDGE_CURVE('',#6639,#6638,#2235,.T.);
#7452=EDGE_CURVE('',#6640,#6639,#2236,.T.);
#7453=EDGE_CURVE('',#6641,#6640,#2237,.T.);
#7454=EDGE_CURVE('',#6642,#6641,#2238,.T.);
#7455=EDGE_CURVE('',#6643,#6642,#2239,.T.);
#7456=EDGE_CURVE('',#6644,#6643,#2240,.T.);
#7457=EDGE_CURVE('',#6645,#6644,#2241,.T.);
#7458=EDGE_CURVE('',#6646,#6645,#2242,.T.);
#7459=EDGE_CURVE('',#6647,#6646,#2243,.T.);
#7460=EDGE_CURVE('',#6648,#6647,#2244,.T.);
#7461=EDGE_CURVE('',#6649,#6648,#2245,.T.);
#7462=EDGE_CURVE('',#6650,#6649,#2246,.T.);
#7463=EDGE_CURVE('',#6651,#6650,#2247,.T.);
#7464=EDGE_CURVE('',#6652,#6651,#2248,.T.);
#7465=EDGE_CURVE('',#6653,#6652,#2249,.T.);
#7466=EDGE_CURVE('',#6654,#6653,#2250,.T.);
#7467=EDGE_CURVE('',#6655,#6654,#2251,.T.);
#7468=EDGE_CURVE('',#6656,#6655,#2252,.T.);
#7469=EDGE_CURVE('',#6634,#6656,#2253,.T.);
#7470=EDGE_CURVE('',#6603,#6657,#2254,.T.);
#7471=EDGE_CURVE('',#6657,#6658,#2255,.T.);
#7472=EDGE_CURVE('',#6605,#6658,#2256,.T.);
#7473=EDGE_CURVE('',#6658,#6659,#2257,.T.);
#7474=EDGE_CURVE('',#6606,#6659,#2258,.T.);
#7475=EDGE_CURVE('',#6659,#6660,#2259,.T.);
#7476=EDGE_CURVE('',#6607,#6660,#2260,.T.);
#7477=EDGE_CURVE('',#6660,#6661,#2261,.T.);
#7478=EDGE_CURVE('',#6608,#6661,#2262,.T.);
#7479=EDGE_CURVE('',#6661,#6662,#2263,.T.);
#7480=EDGE_CURVE('',#6609,#6662,#2264,.T.);
#7481=EDGE_CURVE('',#6662,#6663,#2265,.T.);
#7482=EDGE_CURVE('',#6610,#6663,#2266,.T.);
#7483=EDGE_CURVE('',#6663,#6664,#2267,.T.);
#7484=EDGE_CURVE('',#6611,#6664,#2268,.T.);
#7485=EDGE_CURVE('',#6664,#6665,#2269,.T.);
#7486=EDGE_CURVE('',#6612,#6665,#2270,.T.);
#7487=EDGE_CURVE('',#6665,#6666,#2271,.T.);
#7488=EDGE_CURVE('',#6613,#6666,#2272,.T.);
#7489=EDGE_CURVE('',#6666,#6667,#2273,.T.);
#7490=EDGE_CURVE('',#6614,#6667,#2274,.T.);
#7491=EDGE_CURVE('',#6667,#6668,#2275,.T.);
#7492=EDGE_CURVE('',#6615,#6668,#2276,.T.);
#7493=EDGE_CURVE('',#6668,#6669,#2277,.T.);
#7494=EDGE_CURVE('',#6616,#6669,#2278,.T.);
#7495=EDGE_CURVE('',#6669,#6670,#2279,.T.);
#7496=EDGE_CURVE('',#6617,#6670,#2280,.T.);
#7497=EDGE_CURVE('',#6670,#6671,#2281,.T.);
#7498=EDGE_CURVE('',#6618,#6671,#2282,.T.);
#7499=EDGE_CURVE('',#6671,#6672,#2283,.T.);
#7500=EDGE_CURVE('',#6619,#6672,#2284,.T.);
#7501=EDGE_CURVE('',#6672,#6673,#2285,.T.);
#7502=EDGE_CURVE('',#6620,#6673,#2286,.T.);
#7503=EDGE_CURVE('',#6673,#6674,#2287,.T.);
#7504=EDGE_CURVE('',#6621,#6674,#2288,.T.);
#7505=EDGE_CURVE('',#6674,#6675,#2289,.T.);
#7506=EDGE_CURVE('',#6622,#6675,#2290,.T.);
#7507=EDGE_CURVE('',#6675,#6676,#2291,.T.);
#7508=EDGE_CURVE('',#6623,#6676,#2292,.T.);
#7509=EDGE_CURVE('',#6676,#6677,#2293,.T.);
#7510=EDGE_CURVE('',#6624,#6677,#2294,.T.);
#7511=EDGE_CURVE('',#6677,#6678,#2295,.T.);
#7512=EDGE_CURVE('',#6625,#6678,#2296,.T.);
#7513=EDGE_CURVE('',#6678,#6679,#2297,.T.);
#7514=EDGE_CURVE('',#6626,#6679,#2298,.T.);
#7515=EDGE_CURVE('',#6679,#6680,#2299,.T.);
#7516=EDGE_CURVE('',#6627,#6680,#2300,.T.);
#7517=EDGE_CURVE('',#6680,#6681,#2301,.T.);
#7518=EDGE_CURVE('',#6628,#6681,#2302,.T.);
#7519=EDGE_CURVE('',#6681,#6682,#2303,.T.);
#7520=EDGE_CURVE('',#6629,#6682,#2304,.T.);
#7521=EDGE_CURVE('',#6682,#6683,#2305,.T.);
#7522=EDGE_CURVE('',#6604,#6683,#2306,.T.);
#7523=EDGE_CURVE('',#6683,#6657,#2307,.T.);
#7524=EDGE_CURVE('',#6630,#6684,#2308,.T.);
#7525=EDGE_CURVE('',#6684,#6685,#2309,.T.);
#7526=EDGE_CURVE('',#6632,#6685,#2310,.T.);
#7527=EDGE_CURVE('',#6685,#6686,#2311,.T.);
#7528=EDGE_CURVE('',#6631,#6686,#2312,.T.);
#7529=EDGE_CURVE('',#6686,#6684,#2313,.T.);
#7530=EDGE_CURVE('',#6633,#6687,#2314,.T.);
#7531=EDGE_CURVE('',#6687,#6688,#2315,.T.);
#7532=EDGE_CURVE('',#6635,#6688,#2316,.T.);
#7533=EDGE_CURVE('',#6688,#6689,#2317,.T.);
#7534=EDGE_CURVE('',#6636,#6689,#2318,.T.);
#7535=EDGE_CURVE('',#6689,#6690,#2319,.T.);
#7536=EDGE_CURVE('',#6637,#6690,#2320,.T.);
#7537=EDGE_CURVE('',#6690,#6691,#2321,.T.);
#7538=EDGE_CURVE('',#6638,#6691,#2322,.T.);
#7539=EDGE_CURVE('',#6691,#6692,#2323,.T.);
#7540=EDGE_CURVE('',#6639,#6692,#2324,.T.);
#7541=EDGE_CURVE('',#6692,#6693,#2325,.T.);
#7542=EDGE_CURVE('',#6640,#6693,#2326,.T.);
#7543=EDGE_CURVE('',#6693,#6694,#2327,.T.);
#7544=EDGE_CURVE('',#6641,#6694,#2328,.T.);
#7545=EDGE_CURVE('',#6694,#6695,#2329,.T.);
#7546=EDGE_CURVE('',#6642,#6695,#2330,.T.);
#7547=EDGE_CURVE('',#6695,#6696,#2331,.T.);
#7548=EDGE_CURVE('',#6643,#6696,#2332,.T.);
#7549=EDGE_CURVE('',#6696,#6697,#2333,.T.);
#7550=EDGE_CURVE('',#6644,#6697,#2334,.T.);
#7551=EDGE_CURVE('',#6697,#6698,#2335,.T.);
#7552=EDGE_CURVE('',#6645,#6698,#2336,.T.);
#7553=EDGE_CURVE('',#6698,#6699,#2337,.T.);
#7554=EDGE_CURVE('',#6646,#6699,#2338,.T.);
#7555=EDGE_CURVE('',#6699,#6700,#2339,.T.);
#7556=EDGE_CURVE('',#6647,#6700,#2340,.T.);
#7557=EDGE_CURVE('',#6700,#6701,#2341,.T.);
#7558=EDGE_CURVE('',#6648,#6701,#2342,.T.);
#7559=EDGE_CURVE('',#6701,#6702,#2343,.T.);
#7560=EDGE_CURVE('',#6649,#6702,#2344,.T.);
#7561=EDGE_CURVE('',#6702,#6703,#2345,.T.);
#7562=EDGE_CURVE('',#6650,#6703,#2346,.T.);
#7563=EDGE_CURVE('',#6703,#6704,#2347,.T.);
#7564=EDGE_CURVE('',#6651,#6704,#2348,.T.);
#7565=EDGE_CURVE('',#6704,#6705,#2349,.T.);
#7566=EDGE_CURVE('',#6652,#6705,#2350,.T.);
#7567=EDGE_CURVE('',#6705,#6706,#2351,.T.);
#7568=EDGE_CURVE('',#6653,#6706,#2352,.T.);
#7569=EDGE_CURVE('',#6706,#6707,#2353,.T.);
#7570=EDGE_CURVE('',#6654,#6707,#2354,.T.);
#7571=EDGE_CURVE('',#6707,#6708,#2355,.T.);
#7572=EDGE_CURVE('',#6655,#6708,#2356,.T.);
#7573=EDGE_CURVE('',#6708,#6709,#2357,.T.);
#7574=EDGE_CURVE('',#6656,#6709,#2358,.T.);
#7575=EDGE_CURVE('',#6709,#6710,#2359,.T.);
#7576=EDGE_CURVE('',#6634,#6710,#2360,.T.);
#7577=EDGE_CURVE('',#6710,#6687,#2361,.T.);
#7578=EDGE_CURVE('',#6711,#6711,#8230,.T.);
#7579=EDGE_CURVE('',#6712,#6712,#8231,.T.);
#7580=EDGE_CURVE('',#6713,#6714,#2362,.T.);
#7581=EDGE_CURVE('',#6715,#6713,#2363,.T.);
#7582=EDGE_CURVE('',#6716,#6715,#2364,.T.);
#7583=EDGE_CURVE('',#6717,#6716,#2365,.T.);
#7584=EDGE_CURVE('',#6718,#6717,#2366,.T.);
#7585=EDGE_CURVE('',#6719,#6718,#2367,.T.);
#7586=EDGE_CURVE('',#6720,#6719,#2368,.T.);
#7587=EDGE_CURVE('',#6721,#6720,#2369,.T.);
#7588=EDGE_CURVE('',#6722,#6721,#2370,.T.);
#7589=EDGE_CURVE('',#6723,#6722,#2371,.T.);
#7590=EDGE_CURVE('',#6724,#6723,#2372,.T.);
#7591=EDGE_CURVE('',#6725,#6724,#2373,.T.);
#7592=EDGE_CURVE('',#6726,#6725,#2374,.T.);
#7593=EDGE_CURVE('',#6727,#6726,#2375,.T.);
#7594=EDGE_CURVE('',#6728,#6727,#2376,.T.);
#7595=EDGE_CURVE('',#6729,#6728,#2377,.T.);
#7596=EDGE_CURVE('',#6730,#6729,#2378,.T.);
#7597=EDGE_CURVE('',#6731,#6730,#2379,.T.);
#7598=EDGE_CURVE('',#6732,#6731,#2380,.T.);
#7599=EDGE_CURVE('',#6733,#6732,#2381,.T.);
#7600=EDGE_CURVE('',#6734,#6733,#2382,.T.);
#7601=EDGE_CURVE('',#6735,#6734,#2383,.T.);
#7602=EDGE_CURVE('',#6736,#6735,#2384,.T.);
#7603=EDGE_CURVE('',#6737,#6736,#2385,.T.);
#7604=EDGE_CURVE('',#6738,#6737,#2386,.T.);
#7605=EDGE_CURVE('',#6739,#6738,#2387,.T.);
#7606=EDGE_CURVE('',#6740,#6739,#2388,.T.);
#7607=EDGE_CURVE('',#6741,#6740,#2389,.T.);
#7608=EDGE_CURVE('',#6742,#6741,#2390,.T.);
#7609=EDGE_CURVE('',#6743,#6742,#2391,.T.);
#7610=EDGE_CURVE('',#6744,#6743,#2392,.T.);
#7611=EDGE_CURVE('',#6745,#6744,#2393,.T.);
#7612=EDGE_CURVE('',#6746,#6745,#2394,.T.);
#7613=EDGE_CURVE('',#6747,#6746,#2395,.T.);
#7614=EDGE_CURVE('',#6748,#6747,#2396,.T.);
#7615=EDGE_CURVE('',#6714,#6748,#2397,.T.);
#7616=EDGE_CURVE('',#6749,#6750,#2398,.T.);
#7617=EDGE_CURVE('',#6751,#6749,#2399,.T.);
#7618=EDGE_CURVE('',#6752,#6751,#2400,.T.);
#7619=EDGE_CURVE('',#6753,#6752,#2401,.T.);
#7620=EDGE_CURVE('',#6750,#6753,#2402,.T.);
#7621=EDGE_CURVE('',#6754,#6755,#2403,.T.);
#7622=EDGE_CURVE('',#6756,#6754,#2404,.T.);
#7623=EDGE_CURVE('',#6757,#6756,#2405,.T.);
#7624=EDGE_CURVE('',#6758,#6757,#2406,.T.);
#7625=EDGE_CURVE('',#6759,#6758,#2407,.T.);
#7626=EDGE_CURVE('',#6760,#6759,#2408,.T.);
#7627=EDGE_CURVE('',#6761,#6760,#2409,.T.);
#7628=EDGE_CURVE('',#6762,#6761,#2410,.T.);
#7629=EDGE_CURVE('',#6763,#6762,#2411,.T.);
#7630=EDGE_CURVE('',#6764,#6763,#2412,.T.);
#7631=EDGE_CURVE('',#6765,#6764,#2413,.T.);
#7632=EDGE_CURVE('',#6766,#6765,#2414,.T.);
#7633=EDGE_CURVE('',#6767,#6766,#2415,.T.);
#7634=EDGE_CURVE('',#6768,#6767,#2416,.T.);
#7635=EDGE_CURVE('',#6769,#6768,#2417,.T.);
#7636=EDGE_CURVE('',#6770,#6769,#2418,.T.);
#7637=EDGE_CURVE('',#6771,#6770,#2419,.T.);
#7638=EDGE_CURVE('',#6772,#6771,#2420,.T.);
#7639=EDGE_CURVE('',#6773,#6772,#2421,.T.);
#7640=EDGE_CURVE('',#6774,#6773,#2422,.T.);
#7641=EDGE_CURVE('',#6775,#6774,#2423,.T.);
#7642=EDGE_CURVE('',#6776,#6775,#2424,.T.);
#7643=EDGE_CURVE('',#6777,#6776,#2425,.T.);
#7644=EDGE_CURVE('',#6778,#6777,#2426,.T.);
#7645=EDGE_CURVE('',#6779,#6778,#2427,.T.);
#7646=EDGE_CURVE('',#6780,#6779,#2428,.T.);
#7647=EDGE_CURVE('',#6781,#6780,#2429,.T.);
#7648=EDGE_CURVE('',#6782,#6781,#2430,.T.);
#7649=EDGE_CURVE('',#6783,#6782,#2431,.T.);
#7650=EDGE_CURVE('',#6784,#6783,#2432,.T.);
#7651=EDGE_CURVE('',#6785,#6784,#2433,.T.);
#7652=EDGE_CURVE('',#6786,#6785,#2434,.T.);
#7653=EDGE_CURVE('',#6755,#6786,#2435,.T.);
#7654=EDGE_CURVE('',#6787,#6788,#2436,.T.);
#7655=EDGE_CURVE('',#6789,#6787,#2437,.T.);
#7656=EDGE_CURVE('',#6790,#6789,#2438,.T.);
#7657=EDGE_CURVE('',#6791,#6790,#2439,.T.);
#7658=EDGE_CURVE('',#6792,#6791,#2440,.T.);
#7659=EDGE_CURVE('',#6793,#6792,#2441,.T.);
#7660=EDGE_CURVE('',#6794,#6793,#2442,.T.);
#7661=EDGE_CURVE('',#6795,#6794,#2443,.T.);
#7662=EDGE_CURVE('',#6796,#6795,#2444,.T.);
#7663=EDGE_CURVE('',#6797,#6796,#2445,.T.);
#7664=EDGE_CURVE('',#6798,#6797,#2446,.T.);
#7665=EDGE_CURVE('',#6788,#6798,#2447,.T.);
#7666=EDGE_CURVE('',#6799,#6800,#2448,.T.);
#7667=EDGE_CURVE('',#6801,#6799,#2449,.T.);
#7668=EDGE_CURVE('',#6802,#6801,#2450,.T.);
#7669=EDGE_CURVE('',#6803,#6802,#2451,.T.);
#7670=EDGE_CURVE('',#6804,#6803,#2452,.T.);
#7671=EDGE_CURVE('',#6805,#6804,#2453,.T.);
#7672=EDGE_CURVE('',#6806,#6805,#2454,.T.);
#7673=EDGE_CURVE('',#6807,#6806,#2455,.T.);
#7674=EDGE_CURVE('',#6808,#6807,#2456,.T.);
#7675=EDGE_CURVE('',#6800,#6808,#2457,.T.);
#7676=EDGE_CURVE('',#6809,#6810,#2458,.T.);
#7677=EDGE_CURVE('',#6811,#6809,#2459,.T.);
#7678=EDGE_CURVE('',#6812,#6811,#2460,.T.);
#7679=EDGE_CURVE('',#6813,#6812,#2461,.T.);
#7680=EDGE_CURVE('',#6814,#6813,#2462,.T.);
#7681=EDGE_CURVE('',#6815,#6814,#2463,.T.);
#7682=EDGE_CURVE('',#6816,#6815,#2464,.T.);
#7683=EDGE_CURVE('',#6817,#6816,#2465,.T.);
#7684=EDGE_CURVE('',#6818,#6817,#2466,.T.);
#7685=EDGE_CURVE('',#6819,#6818,#2467,.T.);
#7686=EDGE_CURVE('',#6820,#6819,#2468,.T.);
#7687=EDGE_CURVE('',#6821,#6820,#2469,.T.);
#7688=EDGE_CURVE('',#6822,#6821,#2470,.T.);
#7689=EDGE_CURVE('',#6823,#6822,#2471,.T.);
#7690=EDGE_CURVE('',#6824,#6823,#2472,.T.);
#7691=EDGE_CURVE('',#6825,#6824,#2473,.T.);
#7692=EDGE_CURVE('',#6826,#6825,#2474,.T.);
#7693=EDGE_CURVE('',#6827,#6826,#2475,.T.);
#7694=EDGE_CURVE('',#6828,#6827,#2476,.T.);
#7695=EDGE_CURVE('',#6829,#6828,#2477,.T.);
#7696=EDGE_CURVE('',#6830,#6829,#2478,.T.);
#7697=EDGE_CURVE('',#6831,#6830,#2479,.T.);
#7698=EDGE_CURVE('',#6832,#6831,#2480,.T.);
#7699=EDGE_CURVE('',#6833,#6832,#2481,.T.);
#7700=EDGE_CURVE('',#6834,#6833,#2482,.T.);
#7701=EDGE_CURVE('',#6835,#6834,#2483,.T.);
#7702=EDGE_CURVE('',#6836,#6835,#2484,.T.);
#7703=EDGE_CURVE('',#6837,#6836,#2485,.T.);
#7704=EDGE_CURVE('',#6838,#6837,#2486,.T.);
#7705=EDGE_CURVE('',#6839,#6838,#2487,.T.);
#7706=EDGE_CURVE('',#6840,#6839,#2488,.T.);
#7707=EDGE_CURVE('',#6841,#6840,#2489,.T.);
#7708=EDGE_CURVE('',#6842,#6841,#2490,.T.);
#7709=EDGE_CURVE('',#6843,#6842,#2491,.T.);
#7710=EDGE_CURVE('',#6844,#6843,#2492,.T.);
#7711=EDGE_CURVE('',#6845,#6844,#2493,.T.);
#7712=EDGE_CURVE('',#6846,#6845,#2494,.T.);
#7713=EDGE_CURVE('',#6847,#6846,#2495,.T.);
#7714=EDGE_CURVE('',#6848,#6847,#2496,.T.);
#7715=EDGE_CURVE('',#6849,#6848,#2497,.T.);
#7716=EDGE_CURVE('',#6850,#6849,#2498,.T.);
#7717=EDGE_CURVE('',#6851,#6850,#2499,.T.);
#7718=EDGE_CURVE('',#6852,#6851,#2500,.T.);
#7719=EDGE_CURVE('',#6853,#6852,#2501,.T.);
#7720=EDGE_CURVE('',#6854,#6853,#2502,.T.);
#7721=EDGE_CURVE('',#6855,#6854,#2503,.T.);
#7722=EDGE_CURVE('',#6856,#6855,#2504,.T.);
#7723=EDGE_CURVE('',#6857,#6856,#2505,.T.);
#7724=EDGE_CURVE('',#6858,#6857,#2506,.T.);
#7725=EDGE_CURVE('',#6859,#6858,#2507,.T.);
#7726=EDGE_CURVE('',#6860,#6859,#2508,.T.);
#7727=EDGE_CURVE('',#6861,#6860,#2509,.T.);
#7728=EDGE_CURVE('',#6862,#6861,#2510,.T.);
#7729=EDGE_CURVE('',#6863,#6862,#2511,.T.);
#7730=EDGE_CURVE('',#6864,#6863,#2512,.T.);
#7731=EDGE_CURVE('',#6865,#6864,#2513,.T.);
#7732=EDGE_CURVE('',#6866,#6865,#2514,.T.);
#7733=EDGE_CURVE('',#6867,#6866,#2515,.T.);
#7734=EDGE_CURVE('',#6868,#6867,#2516,.T.);
#7735=EDGE_CURVE('',#6810,#6868,#2517,.T.);
#7736=EDGE_CURVE('',#6869,#6870,#2518,.T.);
#7737=EDGE_CURVE('',#6871,#6869,#2519,.T.);
#7738=EDGE_CURVE('',#6872,#6871,#2520,.T.);
#7739=EDGE_CURVE('',#6873,#6872,#2521,.T.);
#7740=EDGE_CURVE('',#6874,#6873,#2522,.T.);
#7741=EDGE_CURVE('',#6875,#6874,#2523,.T.);
#7742=EDGE_CURVE('',#6876,#6875,#2524,.T.);
#7743=EDGE_CURVE('',#6877,#6876,#2525,.T.);
#7744=EDGE_CURVE('',#6878,#6877,#2526,.T.);
#7745=EDGE_CURVE('',#6879,#6878,#2527,.T.);
#7746=EDGE_CURVE('',#6880,#6879,#2528,.T.);
#7747=EDGE_CURVE('',#6881,#6880,#2529,.T.);
#7748=EDGE_CURVE('',#6882,#6881,#2530,.T.);
#7749=EDGE_CURVE('',#6883,#6882,#2531,.T.);
#7750=EDGE_CURVE('',#6884,#6883,#2532,.T.);
#7751=EDGE_CURVE('',#6885,#6884,#2533,.T.);
#7752=EDGE_CURVE('',#6886,#6885,#2534,.T.);
#7753=EDGE_CURVE('',#6887,#6886,#2535,.T.);
#7754=EDGE_CURVE('',#6888,#6887,#2536,.T.);
#7755=EDGE_CURVE('',#6889,#6888,#2537,.T.);
#7756=EDGE_CURVE('',#6890,#6889,#2538,.T.);
#7757=EDGE_CURVE('',#6891,#6890,#2539,.T.);
#7758=EDGE_CURVE('',#6892,#6891,#2540,.T.);
#7759=EDGE_CURVE('',#6893,#6892,#2541,.T.);
#7760=EDGE_CURVE('',#6894,#6893,#2542,.T.);
#7761=EDGE_CURVE('',#6895,#6894,#2543,.T.);
#7762=EDGE_CURVE('',#6896,#6895,#2544,.T.);
#7763=EDGE_CURVE('',#6897,#6896,#2545,.T.);
#7764=EDGE_CURVE('',#6898,#6897,#2546,.T.);
#7765=EDGE_CURVE('',#6899,#6898,#2547,.T.);
#7766=EDGE_CURVE('',#6900,#6899,#2548,.T.);
#7767=EDGE_CURVE('',#6901,#6900,#2549,.T.);
#7768=EDGE_CURVE('',#6902,#6901,#2550,.T.);
#7769=EDGE_CURVE('',#6903,#6902,#2551,.T.);
#7770=EDGE_CURVE('',#6904,#6903,#2552,.T.);
#7771=EDGE_CURVE('',#6905,#6904,#2553,.T.);
#7772=EDGE_CURVE('',#6906,#6905,#2554,.T.);
#7773=EDGE_CURVE('',#6907,#6906,#2555,.T.);
#7774=EDGE_CURVE('',#6908,#6907,#2556,.T.);
#7775=EDGE_CURVE('',#6909,#6908,#2557,.T.);
#7776=EDGE_CURVE('',#6910,#6909,#2558,.T.);
#7777=EDGE_CURVE('',#6911,#6910,#2559,.T.);
#7778=EDGE_CURVE('',#6912,#6911,#2560,.T.);
#7779=EDGE_CURVE('',#6913,#6912,#2561,.T.);
#7780=EDGE_CURVE('',#6914,#6913,#2562,.T.);
#7781=EDGE_CURVE('',#6915,#6914,#2563,.T.);
#7782=EDGE_CURVE('',#6916,#6915,#2564,.T.);
#7783=EDGE_CURVE('',#6917,#6916,#2565,.T.);
#7784=EDGE_CURVE('',#6918,#6917,#2566,.T.);
#7785=EDGE_CURVE('',#6919,#6918,#2567,.T.);
#7786=EDGE_CURVE('',#6920,#6919,#2568,.T.);
#7787=EDGE_CURVE('',#6921,#6920,#2569,.T.);
#7788=EDGE_CURVE('',#6922,#6921,#2570,.T.);
#7789=EDGE_CURVE('',#6923,#6922,#2571,.T.);
#7790=EDGE_CURVE('',#6924,#6923,#2572,.T.);
#7791=EDGE_CURVE('',#6925,#6924,#2573,.T.);
#7792=EDGE_CURVE('',#6926,#6925,#2574,.T.);
#7793=EDGE_CURVE('',#6927,#6926,#2575,.T.);
#7794=EDGE_CURVE('',#6928,#6927,#2576,.T.);
#7795=EDGE_CURVE('',#6929,#6928,#2577,.T.);
#7796=EDGE_CURVE('',#6930,#6929,#2578,.T.);
#7797=EDGE_CURVE('',#6931,#6930,#2579,.T.);
#7798=EDGE_CURVE('',#6932,#6931,#2580,.T.);
#7799=EDGE_CURVE('',#6933,#6932,#2581,.T.);
#7800=EDGE_CURVE('',#6934,#6933,#2582,.T.);
#7801=EDGE_CURVE('',#6935,#6934,#2583,.T.);
#7802=EDGE_CURVE('',#6936,#6935,#2584,.T.);
#7803=EDGE_CURVE('',#6937,#6936,#2585,.T.);
#7804=EDGE_CURVE('',#6938,#6937,#2586,.T.);
#7805=EDGE_CURVE('',#6939,#6938,#2587,.T.);
#7806=EDGE_CURVE('',#6940,#6939,#2588,.T.);
#7807=EDGE_CURVE('',#6941,#6940,#2589,.T.);
#7808=EDGE_CURVE('',#6942,#6941,#2590,.T.);
#7809=EDGE_CURVE('',#6943,#6942,#2591,.T.);
#7810=EDGE_CURVE('',#6944,#6943,#2592,.T.);
#7811=EDGE_CURVE('',#6945,#6944,#2593,.T.);
#7812=EDGE_CURVE('',#6946,#6945,#2594,.T.);
#7813=EDGE_CURVE('',#6947,#6946,#2595,.T.);
#7814=EDGE_CURVE('',#6948,#6947,#2596,.T.);
#7815=EDGE_CURVE('',#6870,#6948,#2597,.T.);
#7816=EDGE_CURVE('',#6949,#6950,#8232,.T.);
#7817=EDGE_CURVE('',#6949,#6951,#2598,.T.);
#7818=EDGE_CURVE('',#6951,#6952,#2599,.T.);
#7819=EDGE_CURVE('',#6952,#6950,#2600,.T.);
#7820=EDGE_CURVE('',#6263,#6953,#172,.T.);
#7821=EDGE_CURVE('',#6953,#6950,#2601,.T.);
#7822=EDGE_CURVE('',#6265,#6952,#2602,.T.);
#7823=EDGE_CURVE('',#6949,#6954,#2603,.T.);
#7824=EDGE_CURVE('',#6954,#6955,#173,.T.);
#7825=EDGE_CURVE('',#6955,#6951,#2604,.T.);
#7826=EDGE_CURVE('',#6956,#6957,#2605,.T.);
#7827=EDGE_CURVE('',#6957,#6269,#174,.T.);
#7828=EDGE_CURVE('',#6268,#6958,#2606,.T.);
#7829=EDGE_CURVE('',#6956,#6958,#2607,.T.);
#7830=EDGE_CURVE('',#6956,#6959,#8233,.T.);
#7831=EDGE_CURVE('',#6958,#6960,#2608,.T.);
#7832=EDGE_CURVE('',#6960,#6959,#2609,.T.);
#7833=EDGE_CURVE('',#6961,#6960,#2610,.T.);
#7834=EDGE_CURVE('',#6961,#6962,#175,.T.);
#7835=EDGE_CURVE('',#6962,#6959,#2611,.T.);
#7836=EDGE_CURVE('',#6963,#6963,#8234,.T.);
#7837=EDGE_CURVE('',#6602,#6715,#2612,.T.);
#7838=EDGE_CURVE('',#6568,#6713,#2613,.T.);
#7839=EDGE_CURVE('',#6601,#6716,#2614,.T.);
#7840=EDGE_CURVE('',#6600,#6717,#2615,.T.);
#7841=EDGE_CURVE('',#6599,#6718,#2616,.T.);
#7842=EDGE_CURVE('',#6598,#6719,#2617,.T.);
#7843=EDGE_CURVE('',#6597,#6720,#2618,.T.);
#7844=EDGE_CURVE('',#6596,#6721,#2619,.T.);
#7845=EDGE_CURVE('',#6595,#6722,#2620,.T.);
#7846=EDGE_CURVE('',#6594,#6723,#2621,.T.);
#7847=EDGE_CURVE('',#6593,#6724,#2622,.T.);
#7848=EDGE_CURVE('',#6592,#6725,#2623,.T.);
#7849=EDGE_CURVE('',#6591,#6726,#2624,.T.);
#7850=EDGE_CURVE('',#6590,#6727,#2625,.T.);
#7851=EDGE_CURVE('',#6589,#6728,#2626,.T.);
#7852=EDGE_CURVE('',#6588,#6729,#2627,.T.);
#7853=EDGE_CURVE('',#6587,#6730,#2628,.T.);
#7854=EDGE_CURVE('',#6586,#6731,#2629,.T.);
#7855=EDGE_CURVE('',#6585,#6732,#2630,.T.);
#7856=EDGE_CURVE('',#6584,#6733,#2631,.T.);
#7857=EDGE_CURVE('',#6583,#6734,#2632,.T.);
#7858=EDGE_CURVE('',#6582,#6735,#2633,.T.);
#7859=EDGE_CURVE('',#6581,#6736,#2634,.T.);
#7860=EDGE_CURVE('',#6580,#6737,#2635,.T.);
#7861=EDGE_CURVE('',#6579,#6738,#2636,.T.);
#7862=EDGE_CURVE('',#6578,#6739,#2637,.T.);
#7863=EDGE_CURVE('',#6577,#6740,#2638,.T.);
#7864=EDGE_CURVE('',#6576,#6741,#2639,.T.);
#7865=EDGE_CURVE('',#6575,#6742,#2640,.T.);
#7866=EDGE_CURVE('',#6574,#6743,#2641,.T.);
#7867=EDGE_CURVE('',#6573,#6744,#2642,.T.);
#7868=EDGE_CURVE('',#6572,#6745,#2643,.T.);
#7869=EDGE_CURVE('',#6571,#6746,#2644,.T.);
#7870=EDGE_CURVE('',#6570,#6747,#2645,.T.);
#7871=EDGE_CURVE('',#6569,#6748,#2646,.T.);
#7872=EDGE_CURVE('',#6567,#6714,#2647,.T.);
#7873=EDGE_CURVE('',#6566,#6751,#2648,.T.);
#7874=EDGE_CURVE('',#6563,#6749,#2649,.T.);
#7875=EDGE_CURVE('',#6565,#6752,#2650,.T.);
#7876=EDGE_CURVE('',#6564,#6753,#2651,.T.);
#7877=EDGE_CURVE('',#6562,#6750,#2652,.T.);
#7878=EDGE_CURVE('',#6964,#6965,#2653,.T.);
#7879=EDGE_CURVE('',#6965,#6966,#8235,.T.);
#7880=EDGE_CURVE('',#6966,#6561,#2654,.T.);
#7881=EDGE_CURVE('',#6560,#6967,#2655,.T.);
#7882=EDGE_CURVE('',#6967,#6964,#8236,.T.);
#7883=EDGE_CURVE('',#6559,#6756,#2656,.T.);
#7884=EDGE_CURVE('',#6528,#6754,#2657,.T.);
#7885=EDGE_CURVE('',#6558,#6757,#2658,.T.);
#7886=EDGE_CURVE('',#6557,#6758,#2659,.T.);
#7887=EDGE_CURVE('',#6556,#6759,#2660,.T.);
#7888=EDGE_CURVE('',#6555,#6760,#2661,.T.);
#7889=EDGE_CURVE('',#6554,#6761,#2662,.T.);
#7890=EDGE_CURVE('',#6553,#6762,#2663,.T.);
#7891=EDGE_CURVE('',#6552,#6763,#2664,.T.);
#7892=EDGE_CURVE('',#6551,#6764,#2665,.T.);
#7893=EDGE_CURVE('',#6550,#6765,#2666,.T.);
#7894=EDGE_CURVE('',#6549,#6766,#2667,.T.);
#7895=EDGE_CURVE('',#6548,#6767,#2668,.T.);
#7896=EDGE_CURVE('',#6547,#6768,#2669,.T.);
#7897=EDGE_CURVE('',#6546,#6769,#2670,.T.);
#7898=EDGE_CURVE('',#6545,#6770,#2671,.T.);
#7899=EDGE_CURVE('',#6544,#6771,#2672,.T.);
#7900=EDGE_CURVE('',#6543,#6772,#2673,.T.);
#7901=EDGE_CURVE('',#6542,#6773,#2674,.T.);
#7902=EDGE_CURVE('',#6541,#6774,#2675,.T.);
#7903=EDGE_CURVE('',#6540,#6775,#2676,.T.);
#7904=EDGE_CURVE('',#6539,#6776,#2677,.T.);
#7905=EDGE_CURVE('',#6538,#6777,#2678,.T.);
#7906=EDGE_CURVE('',#6537,#6778,#2679,.T.);
#7907=EDGE_CURVE('',#6536,#6779,#2680,.T.);
#7908=EDGE_CURVE('',#6535,#6780,#2681,.T.);
#7909=EDGE_CURVE('',#6534,#6781,#2682,.T.);
#7910=EDGE_CURVE('',#6533,#6782,#2683,.T.);
#7911=EDGE_CURVE('',#6532,#6783,#2684,.T.);
#7912=EDGE_CURVE('',#6531,#6784,#2685,.T.);
#7913=EDGE_CURVE('',#6530,#6785,#2686,.T.);
#7914=EDGE_CURVE('',#6529,#6786,#2687,.T.);
#7915=EDGE_CURVE('',#6527,#6755,#2688,.T.);
#7916=EDGE_CURVE('',#6526,#6789,#2689,.T.);
#7917=EDGE_CURVE('',#6516,#6787,#2690,.T.);
#7918=EDGE_CURVE('',#6525,#6790,#2691,.T.);
#7919=EDGE_CURVE('',#6524,#6791,#2692,.T.);
#7920=EDGE_CURVE('',#6523,#6792,#2693,.T.);
#7921=EDGE_CURVE('',#6522,#6793,#2694,.T.);
#7922=EDGE_CURVE('',#6521,#6794,#2695,.T.);
#7923=EDGE_CURVE('',#6520,#6795,#2696,.T.);
#7924=EDGE_CURVE('',#6519,#6796,#2697,.T.);
#7925=EDGE_CURVE('',#6518,#6797,#2698,.T.);
#7926=EDGE_CURVE('',#6517,#6798,#2699,.T.);
#7927=EDGE_CURVE('',#6515,#6788,#2700,.T.);
#7928=EDGE_CURVE('',#6514,#6801,#2701,.T.);
#7929=EDGE_CURVE('',#6506,#6799,#2702,.T.);
#7930=EDGE_CURVE('',#6513,#6802,#2703,.T.);
#7931=EDGE_CURVE('',#6512,#6803,#2704,.T.);
#7932=EDGE_CURVE('',#6511,#6804,#2705,.T.);
#7933=EDGE_CURVE('',#6510,#6805,#2706,.T.);
#7934=EDGE_CURVE('',#6509,#6806,#2707,.T.);
#7935=EDGE_CURVE('',#6508,#6807,#2708,.T.);
#7936=EDGE_CURVE('',#6507,#6808,#2709,.T.);
#7937=EDGE_CURVE('',#6505,#6800,#2710,.T.);
#7938=EDGE_CURVE('',#6504,#6811,#2711,.T.);
#7939=EDGE_CURVE('',#6446,#6809,#2712,.T.);
#7940=EDGE_CURVE('',#6503,#6812,#2713,.T.);
#7941=EDGE_CURVE('',#6502,#6813,#2714,.T.);
#7942=EDGE_CURVE('',#6501,#6814,#2715,.T.);
#7943=EDGE_CURVE('',#6500,#6815,#2716,.T.);
#7944=EDGE_CURVE('',#6499,#6816,#2717,.T.);
#7945=EDGE_CURVE('',#6498,#6817,#2718,.T.);
#7946=EDGE_CURVE('',#6497,#6818,#2719,.T.);
#7947=EDGE_CURVE('',#6496,#6819,#2720,.T.);
#7948=EDGE_CURVE('',#6495,#6820,#2721,.T.);
#7949=EDGE_CURVE('',#6494,#6821,#2722,.T.);
#7950=EDGE_CURVE('',#6493,#6822,#2723,.T.);
#7951=EDGE_CURVE('',#6492,#6823,#2724,.T.);
#7952=EDGE_CURVE('',#6491,#6824,#2725,.T.);
#7953=EDGE_CURVE('',#6490,#6825,#2726,.T.);
#7954=EDGE_CURVE('',#6489,#6826,#2727,.T.);
#7955=EDGE_CURVE('',#6488,#6827,#2728,.T.);
#7956=EDGE_CURVE('',#6487,#6828,#2729,.T.);
#7957=EDGE_CURVE('',#6486,#6829,#2730,.T.);
#7958=EDGE_CURVE('',#6485,#6830,#2731,.T.);
#7959=EDGE_CURVE('',#6484,#6831,#2732,.T.);
#7960=EDGE_CURVE('',#6483,#6832,#2733,.T.);
#7961=EDGE_CURVE('',#6482,#6833,#2734,.T.);
#7962=EDGE_CURVE('',#6481,#6834,#2735,.T.);
#7963=EDGE_CURVE('',#6480,#6835,#2736,.T.);
#7964=EDGE_CURVE('',#6479,#6836,#2737,.T.);
#7965=EDGE_CURVE('',#6478,#6837,#2738,.T.);
#7966=EDGE_CURVE('',#6477,#6838,#2739,.T.);
#7967=EDGE_CURVE('',#6476,#6839,#2740,.T.);
#7968=EDGE_CURVE('',#6475,#6840,#2741,.T.);
#7969=EDGE_CURVE('',#6474,#6841,#2742,.T.);
#7970=EDGE_CURVE('',#6473,#6842,#2743,.T.);
#7971=EDGE_CURVE('',#6472,#6843,#2744,.T.);
#7972=EDGE_CURVE('',#6471,#6844,#2745,.T.);
#7973=EDGE_CURVE('',#6470,#6845,#2746,.T.);
#7974=EDGE_CURVE('',#6469,#6846,#2747,.T.);
#7975=EDGE_CURVE('',#6468,#6847,#2748,.T.);
#7976=EDGE_CURVE('',#6467,#6848,#2749,.T.);
#7977=EDGE_CURVE('',#6466,#6849,#2750,.T.);
#7978=EDGE_CURVE('',#6465,#6850,#2751,.T.);
#7979=EDGE_CURVE('',#6464,#6851,#2752,.T.);
#7980=EDGE_CURVE('',#6463,#6852,#2753,.T.);
#7981=EDGE_CURVE('',#6462,#6853,#2754,.T.);
#7982=EDGE_CURVE('',#6461,#6854,#2755,.T.);
#7983=EDGE_CURVE('',#6460,#6855,#2756,.T.);
#7984=EDGE_CURVE('',#6459,#6856,#2757,.T.);
#7985=EDGE_CURVE('',#6458,#6857,#2758,.T.);
#7986=EDGE_CURVE('',#6457,#6858,#2759,.T.);
#7987=EDGE_CURVE('',#6456,#6859,#2760,.T.);
#7988=EDGE_CURVE('',#6455,#6860,#2761,.T.);
#7989=EDGE_CURVE('',#6454,#6861,#2762,.T.);
#7990=EDGE_CURVE('',#6453,#6862,#2763,.T.);
#7991=EDGE_CURVE('',#6452,#6863,#2764,.T.);
#7992=EDGE_CURVE('',#6451,#6864,#2765,.T.);
#7993=EDGE_CURVE('',#6450,#6865,#2766,.T.);
#7994=EDGE_CURVE('',#6449,#6866,#2767,.T.);
#7995=EDGE_CURVE('',#6448,#6867,#2768,.T.);
#7996=EDGE_CURVE('',#6447,#6868,#2769,.T.);
#7997=EDGE_CURVE('',#6445,#6810,#2770,.T.);
#7998=EDGE_CURVE('',#6444,#6871,#2771,.T.);
#7999=EDGE_CURVE('',#6366,#6869,#2772,.T.);
#8000=EDGE_CURVE('',#6443,#6872,#2773,.T.);
#8001=EDGE_CURVE('',#6442,#6873,#2774,.T.);
#8002=EDGE_CURVE('',#6441,#6874,#2775,.T.);
#8003=EDGE_CURVE('',#6440,#6875,#2776,.T.);
#8004=EDGE_CURVE('',#6439,#6876,#2777,.T.);
#8005=EDGE_CURVE('',#6438,#6877,#2778,.T.);
#8006=EDGE_CURVE('',#6437,#6878,#2779,.T.);
#8007=EDGE_CURVE('',#6436,#6879,#2780,.T.);
#8008=EDGE_CURVE('',#6435,#6880,#2781,.T.);
#8009=EDGE_CURVE('',#6434,#6881,#2782,.T.);
#8010=EDGE_CURVE('',#6433,#6882,#2783,.T.);
#8011=EDGE_CURVE('',#6432,#6883,#2784,.T.);
#8012=EDGE_CURVE('',#6431,#6884,#2785,.T.);
#8013=EDGE_CURVE('',#6430,#6885,#2786,.T.);
#8014=EDGE_CURVE('',#6429,#6886,#2787,.T.);
#8015=EDGE_CURVE('',#6428,#6887,#2788,.T.);
#8016=EDGE_CURVE('',#6427,#6888,#2789,.T.);
#8017=EDGE_CURVE('',#6426,#6889,#2790,.T.);
#8018=EDGE_CURVE('',#6425,#6890,#2791,.T.);
#8019=EDGE_CURVE('',#6424,#6891,#2792,.T.);
#8020=EDGE_CURVE('',#6423,#6892,#2793,.T.);
#8021=EDGE_CURVE('',#6422,#6893,#2794,.T.);
#8022=EDGE_CURVE('',#6421,#6894,#2795,.T.);
#8023=EDGE_CURVE('',#6420,#6895,#2796,.T.);
#8024=EDGE_CURVE('',#6419,#6896,#2797,.T.);
#8025=EDGE_CURVE('',#6418,#6897,#2798,.T.);
#8026=EDGE_CURVE('',#6417,#6898,#2799,.T.);
#8027=EDGE_CURVE('',#6416,#6899,#2800,.T.);
#8028=EDGE_CURVE('',#6415,#6900,#2801,.T.);
#8029=EDGE_CURVE('',#6414,#6901,#2802,.T.);
#8030=EDGE_CURVE('',#6413,#6902,#2803,.T.);
#8031=EDGE_CURVE('',#6412,#6903,#2804,.T.);
#8032=EDGE_CURVE('',#6411,#6904,#2805,.T.);
#8033=EDGE_CURVE('',#6410,#6905,#2806,.T.);
#8034=EDGE_CURVE('',#6409,#6906,#2807,.T.);
#8035=EDGE_CURVE('',#6408,#6907,#2808,.T.);
#8036=EDGE_CURVE('',#6407,#6908,#2809,.T.);
#8037=EDGE_CURVE('',#6406,#6909,#2810,.T.);
#8038=EDGE_CURVE('',#6405,#6910,#2811,.T.);
#8039=EDGE_CURVE('',#6404,#6911,#2812,.T.);
#8040=EDGE_CURVE('',#6403,#6912,#2813,.T.);
#8041=EDGE_CURVE('',#6402,#6913,#2814,.T.);
#8042=EDGE_CURVE('',#6401,#6914,#2815,.T.);
#8043=EDGE_CURVE('',#6400,#6915,#2816,.T.);
#8044=EDGE_CURVE('',#6399,#6916,#2817,.T.);
#8045=EDGE_CURVE('',#6398,#6917,#2818,.T.);
#8046=EDGE_CURVE('',#6397,#6918,#2819,.T.);
#8047=EDGE_CURVE('',#6396,#6919,#2820,.T.);
#8048=EDGE_CURVE('',#6395,#6920,#2821,.T.);
#8049=EDGE_CURVE('',#6394,#6921,#2822,.T.);
#8050=EDGE_CURVE('',#6393,#6922,#2823,.T.);
#8051=EDGE_CURVE('',#6392,#6923,#2824,.T.);
#8052=EDGE_CURVE('',#6391,#6924,#2825,.T.);
#8053=EDGE_CURVE('',#6390,#6925,#2826,.T.);
#8054=EDGE_CURVE('',#6389,#6926,#2827,.T.);
#8055=EDGE_CURVE('',#6388,#6927,#2828,.T.);
#8056=EDGE_CURVE('',#6387,#6928,#2829,.T.);
#8057=EDGE_CURVE('',#6386,#6929,#2830,.T.);
#8058=EDGE_CURVE('',#6385,#6930,#2831,.T.);
#8059=EDGE_CURVE('',#6384,#6931,#2832,.T.);
#8060=EDGE_CURVE('',#6383,#6932,#2833,.T.);
#8061=EDGE_CURVE('',#6382,#6933,#2834,.T.);
#8062=EDGE_CURVE('',#6381,#6934,#2835,.T.);
#8063=EDGE_CURVE('',#6380,#6935,#2836,.T.);
#8064=EDGE_CURVE('',#6379,#6936,#2837,.T.);
#8065=EDGE_CURVE('',#6378,#6937,#2838,.T.);
#8066=EDGE_CURVE('',#6377,#6938,#2839,.T.);
#8067=EDGE_CURVE('',#6376,#6939,#2840,.T.);
#8068=EDGE_CURVE('',#6375,#6940,#2841,.T.);
#8069=EDGE_CURVE('',#6374,#6941,#2842,.T.);
#8070=EDGE_CURVE('',#6373,#6942,#2843,.T.);
#8071=EDGE_CURVE('',#6372,#6943,#2844,.T.);
#8072=EDGE_CURVE('',#6371,#6944,#2845,.T.);
#8073=EDGE_CURVE('',#6370,#6945,#2846,.T.);
#8074=EDGE_CURVE('',#6369,#6946,#2847,.T.);
#8075=EDGE_CURVE('',#6368,#6947,#2848,.T.);
#8076=EDGE_CURVE('',#6367,#6948,#2849,.T.);
#8077=EDGE_CURVE('',#6365,#6870,#2850,.T.);
#8078=EDGE_CURVE('',#6289,#6968,#2851,.T.);
#8079=EDGE_CURVE('',#6968,#6969,#176,.T.);
#8080=EDGE_CURVE('',#6969,#6970,#8237,.T.);
#8081=EDGE_CURVE('',#6970,#6971,#177,.T.);
#8082=EDGE_CURVE('',#6971,#6290,#2852,.T.);
#8083=EDGE_CURVE('',#6284,#6967,#2853,.T.);
#8084=EDGE_CURVE('',#6964,#6283,#2854,.T.);
#8085=EDGE_CURVE('',#6282,#6965,#2855,.T.);
#8086=EDGE_CURVE('',#6966,#6281,#2856,.T.);
#8087=EDGE_CURVE('',#6955,#6968,#178,.T.);
#8088=EDGE_CURVE('',#6315,#6972,#2857,.T.);
#8089=EDGE_CURVE('',#6972,#6266,#2858,.T.);
#8090=EDGE_CURVE('',#6973,#6974,#2859,.T.);
#8091=EDGE_CURVE('',#6974,#6314,#2860,.T.);
#8092=EDGE_CURVE('',#6973,#6313,#2861,.T.);
#8093=EDGE_CURVE('',#6354,#6973,#2862,.T.);
#8094=EDGE_CURVE('',#6974,#6972,#2863,.T.);
#8095=EDGE_CURVE('',#6971,#6961,#179,.T.);
#8096=EDGE_CURVE('',#6267,#6274,#2864,.T.);
#8097=EDGE_CURVE('',#6975,#6326,#2865,.T.);
#8098=EDGE_CURVE('',#6975,#6325,#8238,.T.);
#8099=EDGE_CURVE('',#6327,#6975,#8239,.T.);
#8100=EDGE_CURVE('',#6976,#6969,#8240,.T.);
#8101=EDGE_CURVE('',#6970,#6976,#8241,.T.);
#8102=EDGE_CURVE('',#6977,#6978,#8242,.T.);
#8103=EDGE_CURVE('',#6978,#6977,#8243,.T.);
#8104=EDGE_CURVE('',#6979,#6980,#8244,.T.);
#8105=EDGE_CURVE('',#6980,#6979,#8245,.T.);
#8106=EDGE_CURVE('',#6352,#6981,#8246,.T.);
#8107=EDGE_CURVE('',#6981,#6353,#8247,.T.);
#8108=EDGE_CURVE('',#6982,#6983,#2866,.T.);
#8109=EDGE_CURVE('',#6984,#6982,#8248,.T.);
#8110=EDGE_CURVE('',#6984,#6985,#180,.T.);
#8111=EDGE_CURVE('',#6986,#6985,#8249,.T.);
#8112=EDGE_CURVE('',#6986,#6987,#181,.T.);
#8113=EDGE_CURVE('',#6988,#6987,#8250,.T.);
#8114=EDGE_CURVE('',#6988,#6989,#2867,.T.);
#8115=EDGE_CURVE('',#6983,#6989,#8251,.T.);
#8116=EDGE_CURVE('',#6990,#6989,#8252,.T.);
#8117=EDGE_CURVE('',#6991,#6990,#8253,.T.);
#8118=EDGE_CURVE('',#6991,#6983,#8254,.T.);
#8119=EDGE_CURVE('',#6990,#6991,#8255,.T.);
#8120=EDGE_CURVE('',#6989,#6983,#8256,.T.);
#8121=EDGE_CURVE('',#6992,#6988,#8257,.T.);
#8122=EDGE_CURVE('',#6992,#6993,#182,.T.);
#8123=EDGE_CURVE('',#6994,#6993,#8258,.T.);
#8124=EDGE_CURVE('',#6994,#6995,#183,.T.);
#8125=EDGE_CURVE('',#6982,#6995,#8259,.T.);
#8126=EDGE_CURVE('',#6995,#6992,#2868,.T.);
#8127=EDGE_CURVE('',#6984,#6987,#2869,.T.);
#8128=EDGE_CURVE('',#6996,#6997,#2870,.T.);
#8129=EDGE_CURVE('',#6997,#6985,#184,.T.);
#8130=EDGE_CURVE('',#6986,#6996,#185,.T.);
#8131=EDGE_CURVE('',#6996,#6997,#8260,.T.);
#8132=EDGE_CURVE('',#6994,#6998,#186,.T.);
#8133=EDGE_CURVE('',#6998,#6999,#2871,.T.);
#8134=EDGE_CURVE('',#6999,#6993,#187,.T.);
#8135=EDGE_CURVE('',#6998,#6999,#8261,.T.);
#8136=EDGE_CURVE('',#6991,#6979,#8262,.T.);
#8137=EDGE_CURVE('',#6990,#6980,#8263,.T.);
#8138=EDGE_CURVE('',#7000,#6953,#8264,.T.);
#8139=EDGE_CURVE('',#7000,#7001,#2872,.T.);
#8140=EDGE_CURVE('',#7002,#7001,#8265,.T.);
#8141=EDGE_CURVE('',#7003,#7002,#2873,.T.);
#8142=EDGE_CURVE('',#6954,#7003,#8266,.T.);
#8143=EDGE_CURVE('',#7003,#6962,#8267,.T.);
#8144=EDGE_CURVE('',#7001,#7002,#8268,.T.);
#8145=EDGE_CURVE('',#6957,#7000,#8269,.T.);
#8146=EDGE_CURVE('',#7000,#6264,#2874,.T.);
#8147=EDGE_CURVE('',#7003,#6976,#2875,.T.);
#8148=EDGE_CURVE('',#7004,#7002,#8270,.T.);
#8149=EDGE_CURVE('',#7005,#7004,#8271,.T.);
#8150=EDGE_CURVE('',#7005,#7001,#8272,.T.);
#8151=EDGE_CURVE('',#7004,#7005,#8273,.T.);
#8152=EDGE_CURVE('',#7004,#7006,#8274,.T.);
#8153=EDGE_CURVE('',#7005,#7007,#8275,.T.);
#8154=EDGE_CURVE('',#7006,#7007,#8276,.T.);
#8155=EDGE_CURVE('',#7007,#7006,#8277,.T.);
#8156=EDGE_CURVE('',#7008,#7009,#2876,.T.);
#8157=EDGE_CURVE('',#7010,#7008,#8278,.T.);
#8158=EDGE_CURVE('',#7010,#7011,#188,.T.);
#8159=EDGE_CURVE('',#7012,#7011,#8279,.T.);
#8160=EDGE_CURVE('',#7012,#7013,#189,.T.);
#8161=EDGE_CURVE('',#7014,#7013,#8280,.T.);
#8162=EDGE_CURVE('',#7014,#7015,#2877,.T.);
#8163=EDGE_CURVE('',#7009,#7015,#8281,.T.);
#8164=EDGE_CURVE('',#7016,#7015,#8282,.T.);
#8165=EDGE_CURVE('',#7017,#7016,#8283,.T.);
#8166=EDGE_CURVE('',#7017,#7009,#8284,.T.);
#8167=EDGE_CURVE('',#7016,#7017,#8285,.T.);
#8168=EDGE_CURVE('',#7015,#7009,#8286,.T.);
#8169=EDGE_CURVE('',#7018,#7014,#8287,.T.);
#8170=EDGE_CURVE('',#7018,#7019,#190,.T.);
#8171=EDGE_CURVE('',#7020,#7019,#8288,.T.);
#8172=EDGE_CURVE('',#7020,#7021,#191,.T.);
#8173=EDGE_CURVE('',#7008,#7021,#8289,.T.);
#8174=EDGE_CURVE('',#7021,#7018,#2878,.T.);
#8175=EDGE_CURVE('',#7010,#7013,#2879,.T.);
#8176=EDGE_CURVE('',#7022,#7023,#2880,.T.);
#8177=EDGE_CURVE('',#7023,#7011,#192,.T.);
#8178=EDGE_CURVE('',#7012,#7022,#193,.T.);
#8179=EDGE_CURVE('',#7022,#7023,#8290,.T.);
#8180=EDGE_CURVE('',#7020,#7024,#194,.T.);
#8181=EDGE_CURVE('',#7024,#7025,#2881,.T.);
#8182=EDGE_CURVE('',#7025,#7019,#195,.T.);
#8183=EDGE_CURVE('',#7024,#7025,#8291,.T.);
#8184=EDGE_CURVE('',#7016,#6978,#8292,.T.);
#8185=EDGE_CURVE('',#7017,#6977,#8293,.T.);
#8186=EDGE_CURVE('',#7026,#6336,#8294,.T.);
#8187=EDGE_CURVE('',#7026,#6257,#2882,.T.);
#8188=EDGE_CURVE('',#6333,#7027,#8295,.T.);
#8189=EDGE_CURVE('',#7027,#6981,#2883,.T.);
#8190=EDGE_CURVE('',#6339,#7026,#8296,.T.);
#8191=EDGE_CURVE('',#7027,#6342,#8297,.T.);
#8192=EDGE_CURVE('',#7027,#7028,#2884,.T.);
#8193=EDGE_CURVE('',#7029,#7028,#8298,.T.);
#8194=EDGE_CURVE('',#7026,#7029,#2885,.T.);
#8195=EDGE_CURVE('',#7028,#7029,#8299,.T.);
#8196=EDGE_CURVE('',#7030,#7028,#8300,.T.);
#8197=EDGE_CURVE('',#7031,#7030,#8301,.T.);
#8198=EDGE_CURVE('',#7031,#7029,#8302,.T.);
#8199=EDGE_CURVE('',#7030,#7031,#8303,.T.);
#8200=EDGE_CURVE('',#7030,#7032,#8304,.T.);
#8201=EDGE_CURVE('',#7031,#7033,#8305,.T.);
#8202=EDGE_CURVE('',#7032,#7033,#8306,.T.);
#8203=EDGE_CURVE('',#7033,#7032,#8307,.T.);
#8204=CIRCLE('',#8309,0.698256873855852);
#8205=CIRCLE('',#8310,0.698256873855852);
#8206=CIRCLE('',#8312,0.698256873855852);
#8207=CIRCLE('',#8313,0.698256873855852);
#8208=CIRCLE('',#8317,0.1);
#8209=CIRCLE('',#8318,0.1);
#8210=CIRCLE('',#8319,0.5499999999999);
#8211=CIRCLE('',#8320,0.55);
#8212=CIRCLE('',#8321,0.1);
#8213=CIRCLE('',#8322,0.1);
#8214=CIRCLE('',#8323,0.1);
#8215=CIRCLE('',#8324,0.1);
#8216=CIRCLE('',#8327,1.765);
#8217=CIRCLE('',#8328,1.765);
#8218=CIRCLE('',#8346,0.55);
#8219=CIRCLE('',#8350,0.55);
#8220=CIRCLE('',#8352,0.55);
#8221=CIRCLE('',#8356,0.1);
#8222=CIRCLE('',#8357,0.1);
#8223=CIRCLE('',#8358,0.1);
#8224=CIRCLE('',#8359,0.1);
#8225=CIRCLE('',#8365,1.765);
#8226=CIRCLE('',#8367,1.765);
#8227=CIRCLE('',#8369,1.765);
#8228=CIRCLE('',#8371,0.5);
#8229=CIRCLE('',#8373,0.5);
#8230=CIRCLE('',#8433,1.765);
#8231=CIRCLE('',#8434,1.765);
#8232=CIRCLE('',#8443,0.5);
#8233=CIRCLE('',#8448,0.5);
#8234=CIRCLE('',#8451,1.765);
#8235=CIRCLE('',#8494,0.1);
#8236=CIRCLE('',#8495,0.1);
#8237=CIRCLE('',#8692,0.5499999999999);
#8238=CIRCLE('',#8705,0.55);
#8239=CIRCLE('',#8707,0.55);
#8240=CIRCLE('',#8710,0.698256873855852);
#8241=CIRCLE('',#8711,0.698256873855852);
#8242=CIRCLE('',#8714,1.658214884264);
#8243=CIRCLE('',#8715,1.658214884264);
#8244=CIRCLE('',#8717,1.658214884264);
#8245=CIRCLE('',#8718,1.658214884264);
#8246=CIRCLE('',#8721,0.698256873855852);
#8247=CIRCLE('',#8722,0.698256873855852);
#8248=CIRCLE('',#8725,1.70719651986);
#8249=CIRCLE('',#8726,1.639007438042);
#8250=CIRCLE('',#8727,1.70719651986);
#8251=CIRCLE('',#8728,1.748791029319);
#8252=CIRCLE('',#8730,0.2);
#8253=CIRCLE('',#8731,1.698942531672);
#8254=CIRCLE('',#8732,0.2);
#8255=CIRCLE('',#8734,1.698942531672);
#8256=CIRCLE('',#8735,1.748791029319);
#8257=CIRCLE('',#8737,1.70719651986);
#8258=CIRCLE('',#8738,1.639007438042);
#8259=CIRCLE('',#8739,1.70719651986);
#8260=CIRCLE('',#8743,1.39);
#8261=CIRCLE('',#8747,1.39);
#8262=CIRCLE('',#8750,0.2);
#8263=CIRCLE('',#8751,0.2);
#8264=CIRCLE('',#8754,0.5);
#8265=CIRCLE('',#8755,0.5);
#8266=CIRCLE('',#8756,0.5);
#8267=CIRCLE('',#8758,0.5);
#8268=CIRCLE('',#8759,0.5);
#8269=CIRCLE('',#8760,0.5);
#8270=CIRCLE('',#8766,0.2);
#8271=CIRCLE('',#8767,0.4414213562373);
#8272=CIRCLE('',#8768,0.2);
#8273=CIRCLE('',#8770,0.4414213562373);
#8274=CIRCLE('',#8772,0.2);
#8275=CIRCLE('',#8773,0.2);
#8276=CIRCLE('',#8774,0.3);
#8277=CIRCLE('',#8776,0.3);
#8278=CIRCLE('',#8779,1.70719651986);
#8279=CIRCLE('',#8780,1.639007438042);
#8280=CIRCLE('',#8781,1.70719651986);
#8281=CIRCLE('',#8782,1.748791029319);
#8282=CIRCLE('',#8784,0.2);
#8283=CIRCLE('',#8785,1.698942531672);
#8284=CIRCLE('',#8786,0.2);
#8285=CIRCLE('',#8788,1.698942531672);
#8286=CIRCLE('',#8789,1.748791029319);
#8287=CIRCLE('',#8791,1.70719651986);
#8288=CIRCLE('',#8792,1.639007438042);
#8289=CIRCLE('',#8793,1.70719651986);
#8290=CIRCLE('',#8797,1.39);
#8291=CIRCLE('',#8801,1.39);
#8292=CIRCLE('',#8804,0.2);
#8293=CIRCLE('',#8805,0.2);
#8294=CIRCLE('',#8808,0.5);
#8295=CIRCLE('',#8810,0.5);
#8296=CIRCLE('',#8812,0.5);
#8297=CIRCLE('',#8814,0.5);
#8298=CIRCLE('',#8816,0.5);
#8299=CIRCLE('',#8818,0.5);
#8300=CIRCLE('',#8820,0.2);
#8301=CIRCLE('',#8821,0.4414213562373);
#8302=CIRCLE('',#8822,0.2);
#8303=CIRCLE('',#8824,0.4414213562373);
#8304=CIRCLE('',#8826,0.2);
#8305=CIRCLE('',#8827,0.2);
#8306=CIRCLE('',#8828,0.3);
#8307=CIRCLE('',#8830,0.3);
#8308=AXIS2_PLACEMENT_3D('',#10913,#8833,#8834);
#8309=AXIS2_PLACEMENT_3D('',#10914,#8835,#8836);
#8310=AXIS2_PLACEMENT_3D('',#10917,#8837,#8838);
#8311=AXIS2_PLACEMENT_3D('',#10928,#8844,#8845);
#8312=AXIS2_PLACEMENT_3D('',#10929,#8846,#8847);
#8313=AXIS2_PLACEMENT_3D('',#10942,#8853,#8854);
#8314=AXIS2_PLACEMENT_3D('',#10943,#8855,#8856);
#8315=AXIS2_PLACEMENT_3D('',#10952,#8861,#8862);
#8316=AXIS2_PLACEMENT_3D('',#10961,#8867,#8868);
#8317=AXIS2_PLACEMENT_3D('',#10969,#8872,#8873);
#8318=AXIS2_PLACEMENT_3D('',#10973,#8875,#8876);
#8319=AXIS2_PLACEMENT_3D('',#10985,#8882,#8883);
#8320=AXIS2_PLACEMENT_3D('',#10995,#8888,#8889);
#8321=AXIS2_PLACEMENT_3D('',#11005,#8894,#8895);
#8322=AXIS2_PLACEMENT_3D('',#11007,#8896,#8897);
#8323=AXIS2_PLACEMENT_3D('',#11011,#8899,#8900);
#8324=AXIS2_PLACEMENT_3D('',#11013,#8901,#8902);
#8325=AXIS2_PLACEMENT_3D('',#11018,#8905,#8906);
#8326=AXIS2_PLACEMENT_3D('',#11044,#8922,#8923);
#8327=AXIS2_PLACEMENT_3D('',#11045,#8924,#8925);
#8328=AXIS2_PLACEMENT_3D('',#11055,#8930,#8931);
#8329=AXIS2_PLACEMENT_3D('',#11057,#8932,#8933);
#8330=AXIS2_PLACEMENT_3D('',#11058,#8934,#8935);
#8331=AXIS2_PLACEMENT_3D('',#11063,#8937,#8938);
#8332=AXIS2_PLACEMENT_3D('',#11064,#8939,#8940);
#8333=AXIS2_PLACEMENT_3D('',#11069,#8942,#8943);
#8334=AXIS2_PLACEMENT_3D('',#11075,#8947,#8948);
#8335=AXIS2_PLACEMENT_3D('',#11078,#8951,#8952);
#8336=AXIS2_PLACEMENT_3D('',#11081,#8955,#8956);
#8337=AXIS2_PLACEMENT_3D('',#11087,#8960,#8961);
#8338=AXIS2_PLACEMENT_3D('',#11099,#8965,#8966);
#8339=AXIS2_PLACEMENT_3D('',#11110,#8970,#8971);
#8340=AXIS2_PLACEMENT_3D('',#11121,#8975,#8976);
#8341=AXIS2_PLACEMENT_3D('',#11133,#8980,#8981);
#8342=AXIS2_PLACEMENT_3D('',#11145,#8985,#8986);
#8343=AXIS2_PLACEMENT_3D('',#11159,#8991,#8992);
#8344=AXIS2_PLACEMENT_3D('',#11165,#8996,#8997);
#8345=AXIS2_PLACEMENT_3D('',#11169,#9000,#9001);
#8346=AXIS2_PLACEMENT_3D('',#11175,#9002,#9003);
#8347=AXIS2_PLACEMENT_3D('',#11181,#9004,#9005);
#8348=AXIS2_PLACEMENT_3D('',#11183,#9007,#9008);
#8349=AXIS2_PLACEMENT_3D('',#11187,#9011,#9012);
#8350=AXIS2_PLACEMENT_3D('',#11190,#9014,#9015);
#8351=AXIS2_PLACEMENT_3D('',#11191,#9016,#9017);
#8352=AXIS2_PLACEMENT_3D('',#11192,#9018,#9019);
#8353=AXIS2_PLACEMENT_3D('',#11193,#9020,#9021);
#8354=AXIS2_PLACEMENT_3D('',#11195,#9023,#9024);
#8355=AXIS2_PLACEMENT_3D('',#11199,#9027,#9028);
#8356=AXIS2_PLACEMENT_3D('',#11200,#9029,#9030);
#8357=AXIS2_PLACEMENT_3D('',#11203,#9031,#9032);
#8358=AXIS2_PLACEMENT_3D('',#11206,#9034,#9035);
#8359=AXIS2_PLACEMENT_3D('',#11208,#9036,#9037);
#8360=AXIS2_PLACEMENT_3D('',#11211,#9039,#9040);
#8361=AXIS2_PLACEMENT_3D('',#11214,#9043,#9044);
#8362=AXIS2_PLACEMENT_3D('',#11215,#9045,#9046);
#8363=AXIS2_PLACEMENT_3D('',#11217,#9048,#9049);
#8364=AXIS2_PLACEMENT_3D('',#11218,#9050,#9051);
#8365=AXIS2_PLACEMENT_3D('',#11219,#9052,#9053);
#8366=AXIS2_PLACEMENT_3D('',#11221,#9054,#9055);
#8367=AXIS2_PLACEMENT_3D('',#11222,#9056,#9057);
#8368=AXIS2_PLACEMENT_3D('',#11224,#9058,#9059);
#8369=AXIS2_PLACEMENT_3D('',#11225,#9060,#9061);
#8370=AXIS2_PLACEMENT_3D('',#11227,#9062,#9063);
#8371=AXIS2_PLACEMENT_3D('',#11228,#9064,#9065);
#8372=AXIS2_PLACEMENT_3D('',#11229,#9066,#9067);
#8373=AXIS2_PLACEMENT_3D('',#11230,#9068,#9069);
#8374=AXIS2_PLACEMENT_3D('',#11231,#9070,#9071);
#8375=AXIS2_PLACEMENT_3D('',#11709,#9311,#9312);
#8376=AXIS2_PLACEMENT_3D('',#11764,#9340,#9341);
#8377=AXIS2_PLACEMENT_3D('',#11771,#9345,#9346);
#8378=AXIS2_PLACEMENT_3D('',#11820,#9371,#9372);
#8379=AXIS2_PLACEMENT_3D('',#11826,#9376,#9377);
#8380=AXIS2_PLACEMENT_3D('',#11830,#9380,#9381);
#8381=AXIS2_PLACEMENT_3D('',#11834,#9384,#9385);
#8382=AXIS2_PLACEMENT_3D('',#11838,#9388,#9389);
#8383=AXIS2_PLACEMENT_3D('',#11842,#9392,#9393);
#8384=AXIS2_PLACEMENT_3D('',#11846,#9396,#9397);
#8385=AXIS2_PLACEMENT_3D('',#11850,#9400,#9401);
#8386=AXIS2_PLACEMENT_3D('',#11854,#9404,#9405);
#8387=AXIS2_PLACEMENT_3D('',#11858,#9408,#9409);
#8388=AXIS2_PLACEMENT_3D('',#11862,#9412,#9413);
#8389=AXIS2_PLACEMENT_3D('',#11866,#9416,#9417);
#8390=AXIS2_PLACEMENT_3D('',#11870,#9420,#9421);
#8391=AXIS2_PLACEMENT_3D('',#11874,#9424,#9425);
#8392=AXIS2_PLACEMENT_3D('',#11878,#9428,#9429);
#8393=AXIS2_PLACEMENT_3D('',#11882,#9432,#9433);
#8394=AXIS2_PLACEMENT_3D('',#11886,#9436,#9437);
#8395=AXIS2_PLACEMENT_3D('',#11890,#9440,#9441);
#8396=AXIS2_PLACEMENT_3D('',#11894,#9444,#9445);
#8397=AXIS2_PLACEMENT_3D('',#11898,#9448,#9449);
#8398=AXIS2_PLACEMENT_3D('',#11902,#9452,#9453);
#8399=AXIS2_PLACEMENT_3D('',#11906,#9456,#9457);
#8400=AXIS2_PLACEMENT_3D('',#11910,#9460,#9461);
#8401=AXIS2_PLACEMENT_3D('',#11914,#9464,#9465);
#8402=AXIS2_PLACEMENT_3D('',#11918,#9468,#9469);
#8403=AXIS2_PLACEMENT_3D('',#11922,#9472,#9473);
#8404=AXIS2_PLACEMENT_3D('',#11926,#9476,#9477);
#8405=AXIS2_PLACEMENT_3D('',#11928,#9479,#9480);
#8406=AXIS2_PLACEMENT_3D('',#11934,#9484,#9485);
#8407=AXIS2_PLACEMENT_3D('',#11938,#9488,#9489);
#8408=AXIS2_PLACEMENT_3D('',#11940,#9491,#9492);
#8409=AXIS2_PLACEMENT_3D('',#11946,#9496,#9497);
#8410=AXIS2_PLACEMENT_3D('',#11950,#9500,#9501);
#8411=AXIS2_PLACEMENT_3D('',#11954,#9504,#9505);
#8412=AXIS2_PLACEMENT_3D('',#11958,#9508,#9509);
#8413=AXIS2_PLACEMENT_3D('',#11962,#9512,#9513);
#8414=AXIS2_PLACEMENT_3D('',#11966,#9516,#9517);
#8415=AXIS2_PLACEMENT_3D('',#11970,#9520,#9521);
#8416=AXIS2_PLACEMENT_3D('',#11974,#9524,#9525);
#8417=AXIS2_PLACEMENT_3D('',#11978,#9528,#9529);
#8418=AXIS2_PLACEMENT_3D('',#11982,#9532,#9533);
#8419=AXIS2_PLACEMENT_3D('',#11986,#9536,#9537);
#8420=AXIS2_PLACEMENT_3D('',#11990,#9540,#9541);
#8421=AXIS2_PLACEMENT_3D('',#11994,#9544,#9545);
#8422=AXIS2_PLACEMENT_3D('',#11998,#9548,#9549);
#8423=AXIS2_PLACEMENT_3D('',#12002,#9552,#9553);
#8424=AXIS2_PLACEMENT_3D('',#12006,#9556,#9557);
#8425=AXIS2_PLACEMENT_3D('',#12010,#9560,#9561);
#8426=AXIS2_PLACEMENT_3D('',#12014,#9564,#9565);
#8427=AXIS2_PLACEMENT_3D('',#12018,#9568,#9569);
#8428=AXIS2_PLACEMENT_3D('',#12022,#9572,#9573);
#8429=AXIS2_PLACEMENT_3D('',#12026,#9576,#9577);
#8430=AXIS2_PLACEMENT_3D('',#12030,#9580,#9581);
#8431=AXIS2_PLACEMENT_3D('',#12034,#9584,#9585);
#8432=AXIS2_PLACEMENT_3D('',#12036,#9587,#9588);
#8433=AXIS2_PLACEMENT_3D('',#12037,#9589,#9590);
#8434=AXIS2_PLACEMENT_3D('',#12039,#9591,#9592);
#8435=AXIS2_PLACEMENT_3D('',#12041,#9593,#9594);
#8436=AXIS2_PLACEMENT_3D('',#12114,#9631,#9632);
#8437=AXIS2_PLACEMENT_3D('',#12125,#9638,#9639);
#8438=AXIS2_PLACEMENT_3D('',#12192,#9673,#9674);
#8439=AXIS2_PLACEMENT_3D('',#12217,#9687,#9688);
#8440=AXIS2_PLACEMENT_3D('',#12238,#9699,#9700);
#8441=AXIS2_PLACEMENT_3D('',#12359,#9761,#9762);
#8442=AXIS2_PLACEMENT_3D('',#12520,#9843,#9844);
#8443=AXIS2_PLACEMENT_3D('',#12521,#9845,#9846);
#8444=AXIS2_PLACEMENT_3D('',#12529,#9850,#9851);
#8445=AXIS2_PLACEMENT_3D('',#12537,#9854,#9855);
#8446=AXIS2_PLACEMENT_3D('',#12546,#9858,#9859);
#8447=AXIS2_PLACEMENT_3D('',#12557,#9863,#9864);
#8448=AXIS2_PLACEMENT_3D('',#12558,#9865,#9866);
#8449=AXIS2_PLACEMENT_3D('',#12563,#9869,#9870);
#8450=AXIS2_PLACEMENT_3D('',#12572,#9873,#9874);
#8451=AXIS2_PLACEMENT_3D('',#12573,#9875,#9876);
#8452=AXIS2_PLACEMENT_3D('',#12575,#9877,#9878);
#8453=AXIS2_PLACEMENT_3D('',#12578,#9881,#9882);
#8454=AXIS2_PLACEMENT_3D('',#12580,#9884,#9885);
#8455=AXIS2_PLACEMENT_3D('',#12582,#9887,#9888);
#8456=AXIS2_PLACEMENT_3D('',#12584,#9890,#9891);
#8457=AXIS2_PLACEMENT_3D('',#12586,#9893,#9894);
#8458=AXIS2_PLACEMENT_3D('',#12588,#9896,#9897);
#8459=AXIS2_PLACEMENT_3D('',#12590,#9899,#9900);
#8460=AXIS2_PLACEMENT_3D('',#12592,#9902,#9903);
#8461=AXIS2_PLACEMENT_3D('',#12594,#9905,#9906);
#8462=AXIS2_PLACEMENT_3D('',#12596,#9908,#9909);
#8463=AXIS2_PLACEMENT_3D('',#12598,#9911,#9912);
#8464=AXIS2_PLACEMENT_3D('',#12600,#9914,#9915);
#8465=AXIS2_PLACEMENT_3D('',#12602,#9917,#9918);
#8466=AXIS2_PLACEMENT_3D('',#12604,#9920,#9921);
#8467=AXIS2_PLACEMENT_3D('',#12606,#9923,#9924);
#8468=AXIS2_PLACEMENT_3D('',#12608,#9926,#9927);
#8469=AXIS2_PLACEMENT_3D('',#12610,#9929,#9930);
#8470=AXIS2_PLACEMENT_3D('',#12612,#9932,#9933);
#8471=AXIS2_PLACEMENT_3D('',#12614,#9935,#9936);
#8472=AXIS2_PLACEMENT_3D('',#12616,#9938,#9939);
#8473=AXIS2_PLACEMENT_3D('',#12618,#9941,#9942);
#8474=AXIS2_PLACEMENT_3D('',#12620,#9944,#9945);
#8475=AXIS2_PLACEMENT_3D('',#12622,#9947,#9948);
#8476=AXIS2_PLACEMENT_3D('',#12624,#9950,#9951);
#8477=AXIS2_PLACEMENT_3D('',#12626,#9953,#9954);
#8478=AXIS2_PLACEMENT_3D('',#12628,#9956,#9957);
#8479=AXIS2_PLACEMENT_3D('',#12630,#9959,#9960);
#8480=AXIS2_PLACEMENT_3D('',#12632,#9962,#9963);
#8481=AXIS2_PLACEMENT_3D('',#12634,#9965,#9966);
#8482=AXIS2_PLACEMENT_3D('',#12636,#9968,#9969);
#8483=AXIS2_PLACEMENT_3D('',#12638,#9971,#9972);
#8484=AXIS2_PLACEMENT_3D('',#12640,#9974,#9975);
#8485=AXIS2_PLACEMENT_3D('',#12642,#9977,#9978);
#8486=AXIS2_PLACEMENT_3D('',#12644,#9980,#9981);
#8487=AXIS2_PLACEMENT_3D('',#12646,#9983,#9984);
#8488=AXIS2_PLACEMENT_3D('',#12647,#9985,#9986);
#8489=AXIS2_PLACEMENT_3D('',#12650,#9989,#9990);
#8490=AXIS2_PLACEMENT_3D('',#12652,#9992,#9993);
#8491=AXIS2_PLACEMENT_3D('',#12654,#9995,#9996);
#8492=AXIS2_PLACEMENT_3D('',#12656,#9998,#9999);
#8493=AXIS2_PLACEMENT_3D('',#12657,#10000,#10001);
#8494=AXIS2_PLACEMENT_3D('',#12661,#10003,#10004);
#8495=AXIS2_PLACEMENT_3D('',#12666,#10007,#10008);
#8496=AXIS2_PLACEMENT_3D('',#12667,#10009,#10010);
#8497=AXIS2_PLACEMENT_3D('',#12670,#10013,#10014);
#8498=AXIS2_PLACEMENT_3D('',#12672,#10016,#10017);
#8499=AXIS2_PLACEMENT_3D('',#12674,#10019,#10020);
#8500=AXIS2_PLACEMENT_3D('',#12676,#10022,#10023);
#8501=AXIS2_PLACEMENT_3D('',#12678,#10025,#10026);
#8502=AXIS2_PLACEMENT_3D('',#12680,#10028,#10029);
#8503=AXIS2_PLACEMENT_3D('',#12682,#10031,#10032);
#8504=AXIS2_PLACEMENT_3D('',#12684,#10034,#10035);
#8505=AXIS2_PLACEMENT_3D('',#12686,#10037,#10038);
#8506=AXIS2_PLACEMENT_3D('',#12688,#10040,#10041);
#8507=AXIS2_PLACEMENT_3D('',#12690,#10043,#10044);
#8508=AXIS2_PLACEMENT_3D('',#12692,#10046,#10047);
#8509=AXIS2_PLACEMENT_3D('',#12694,#10049,#10050);
#8510=AXIS2_PLACEMENT_3D('',#12696,#10052,#10053);
#8511=AXIS2_PLACEMENT_3D('',#12698,#10055,#10056);
#8512=AXIS2_PLACEMENT_3D('',#12700,#10058,#10059);
#8513=AXIS2_PLACEMENT_3D('',#12702,#10061,#10062);
#8514=AXIS2_PLACEMENT_3D('',#12704,#10064,#10065);
#8515=AXIS2_PLACEMENT_3D('',#12706,#10067,#10068);
#8516=AXIS2_PLACEMENT_3D('',#12708,#10070,#10071);
#8517=AXIS2_PLACEMENT_3D('',#12710,#10073,#10074);
#8518=AXIS2_PLACEMENT_3D('',#12712,#10076,#10077);
#8519=AXIS2_PLACEMENT_3D('',#12714,#10079,#10080);
#8520=AXIS2_PLACEMENT_3D('',#12716,#10082,#10083);
#8521=AXIS2_PLACEMENT_3D('',#12718,#10085,#10086);
#8522=AXIS2_PLACEMENT_3D('',#12720,#10088,#10089);
#8523=AXIS2_PLACEMENT_3D('',#12722,#10091,#10092);
#8524=AXIS2_PLACEMENT_3D('',#12724,#10094,#10095);
#8525=AXIS2_PLACEMENT_3D('',#12726,#10097,#10098);
#8526=AXIS2_PLACEMENT_3D('',#12728,#10100,#10101);
#8527=AXIS2_PLACEMENT_3D('',#12730,#10103,#10104);
#8528=AXIS2_PLACEMENT_3D('',#12732,#10106,#10107);
#8529=AXIS2_PLACEMENT_3D('',#12733,#10108,#10109);
#8530=AXIS2_PLACEMENT_3D('',#12736,#10112,#10113);
#8531=AXIS2_PLACEMENT_3D('',#12738,#10115,#10116);
#8532=AXIS2_PLACEMENT_3D('',#12740,#10118,#10119);
#8533=AXIS2_PLACEMENT_3D('',#12742,#10121,#10122);
#8534=AXIS2_PLACEMENT_3D('',#12744,#10124,#10125);
#8535=AXIS2_PLACEMENT_3D('',#12746,#10127,#10128);
#8536=AXIS2_PLACEMENT_3D('',#12748,#10130,#10131);
#8537=AXIS2_PLACEMENT_3D('',#12750,#10133,#10134);
#8538=AXIS2_PLACEMENT_3D('',#12752,#10136,#10137);
#8539=AXIS2_PLACEMENT_3D('',#12754,#10139,#10140);
#8540=AXIS2_PLACEMENT_3D('',#12756,#10142,#10143);
#8541=AXIS2_PLACEMENT_3D('',#12757,#10144,#10145);
#8542=AXIS2_PLACEMENT_3D('',#12760,#10148,#10149);
#8543=AXIS2_PLACEMENT_3D('',#12762,#10151,#10152);
#8544=AXIS2_PLACEMENT_3D('',#12764,#10154,#10155);
#8545=AXIS2_PLACEMENT_3D('',#12766,#10157,#10158);
#8546=AXIS2_PLACEMENT_3D('',#12768,#10160,#10161);
#8547=AXIS2_PLACEMENT_3D('',#12770,#10163,#10164);
#8548=AXIS2_PLACEMENT_3D('',#12772,#10166,#10167);
#8549=AXIS2_PLACEMENT_3D('',#12774,#10169,#10170);
#8550=AXIS2_PLACEMENT_3D('',#12776,#10172,#10173);
#8551=AXIS2_PLACEMENT_3D('',#12777,#10174,#10175);
#8552=AXIS2_PLACEMENT_3D('',#12780,#10178,#10179);
#8553=AXIS2_PLACEMENT_3D('',#12782,#10181,#10182);
#8554=AXIS2_PLACEMENT_3D('',#12784,#10184,#10185);
#8555=AXIS2_PLACEMENT_3D('',#12786,#10187,#10188);
#8556=AXIS2_PLACEMENT_3D('',#12788,#10190,#10191);
#8557=AXIS2_PLACEMENT_3D('',#12790,#10193,#10194);
#8558=AXIS2_PLACEMENT_3D('',#12792,#10196,#10197);
#8559=AXIS2_PLACEMENT_3D('',#12794,#10199,#10200);
#8560=AXIS2_PLACEMENT_3D('',#12796,#10202,#10203);
#8561=AXIS2_PLACEMENT_3D('',#12798,#10205,#10206);
#8562=AXIS2_PLACEMENT_3D('',#12800,#10208,#10209);
#8563=AXIS2_PLACEMENT_3D('',#12802,#10211,#10212);
#8564=AXIS2_PLACEMENT_3D('',#12804,#10214,#10215);
#8565=AXIS2_PLACEMENT_3D('',#12806,#10217,#10218);
#8566=AXIS2_PLACEMENT_3D('',#12808,#10220,#10221);
#8567=AXIS2_PLACEMENT_3D('',#12810,#10223,#10224);
#8568=AXIS2_PLACEMENT_3D('',#12812,#10226,#10227);
#8569=AXIS2_PLACEMENT_3D('',#12814,#10229,#10230);
#8570=AXIS2_PLACEMENT_3D('',#12816,#10232,#10233);
#8571=AXIS2_PLACEMENT_3D('',#12818,#10235,#10236);
#8572=AXIS2_PLACEMENT_3D('',#12820,#10238,#10239);
#8573=AXIS2_PLACEMENT_3D('',#12822,#10241,#10242);
#8574=AXIS2_PLACEMENT_3D('',#12824,#10244,#10245);
#8575=AXIS2_PLACEMENT_3D('',#12826,#10247,#10248);
#8576=AXIS2_PLACEMENT_3D('',#12828,#10250,#10251);
#8577=AXIS2_PLACEMENT_3D('',#12830,#10253,#10254);
#8578=AXIS2_PLACEMENT_3D('',#12832,#10256,#10257);
#8579=AXIS2_PLACEMENT_3D('',#12834,#10259,#10260);
#8580=AXIS2_PLACEMENT_3D('',#12836,#10262,#10263);
#8581=AXIS2_PLACEMENT_3D('',#12838,#10265,#10266);
#8582=AXIS2_PLACEMENT_3D('',#12840,#10268,#10269);
#8583=AXIS2_PLACEMENT_3D('',#12842,#10271,#10272);
#8584=AXIS2_PLACEMENT_3D('',#12844,#10274,#10275);
#8585=AXIS2_PLACEMENT_3D('',#12846,#10277,#10278);
#8586=AXIS2_PLACEMENT_3D('',#12848,#10280,#10281);
#8587=AXIS2_PLACEMENT_3D('',#12850,#10283,#10284);
#8588=AXIS2_PLACEMENT_3D('',#12852,#10286,#10287);
#8589=AXIS2_PLACEMENT_3D('',#12854,#10289,#10290);
#8590=AXIS2_PLACEMENT_3D('',#12856,#10292,#10293);
#8591=AXIS2_PLACEMENT_3D('',#12858,#10295,#10296);
#8592=AXIS2_PLACEMENT_3D('',#12860,#10298,#10299);
#8593=AXIS2_PLACEMENT_3D('',#12862,#10301,#10302);
#8594=AXIS2_PLACEMENT_3D('',#12864,#10304,#10305);
#8595=AXIS2_PLACEMENT_3D('',#12866,#10307,#10308);
#8596=AXIS2_PLACEMENT_3D('',#12868,#10310,#10311);
#8597=AXIS2_PLACEMENT_3D('',#12870,#10313,#10314);
#8598=AXIS2_PLACEMENT_3D('',#12872,#10316,#10317);
#8599=AXIS2_PLACEMENT_3D('',#12874,#10319,#10320);
#8600=AXIS2_PLACEMENT_3D('',#12876,#10322,#10323);
#8601=AXIS2_PLACEMENT_3D('',#12878,#10325,#10326);
#8602=AXIS2_PLACEMENT_3D('',#12880,#10328,#10329);
#8603=AXIS2_PLACEMENT_3D('',#12882,#10331,#10332);
#8604=AXIS2_PLACEMENT_3D('',#12884,#10334,#10335);
#8605=AXIS2_PLACEMENT_3D('',#12886,#10337,#10338);
#8606=AXIS2_PLACEMENT_3D('',#12888,#10340,#10341);
#8607=AXIS2_PLACEMENT_3D('',#12890,#10343,#10344);
#8608=AXIS2_PLACEMENT_3D('',#12892,#10346,#10347);
#8609=AXIS2_PLACEMENT_3D('',#12894,#10349,#10350);
#8610=AXIS2_PLACEMENT_3D('',#12896,#10352,#10353);
#8611=AXIS2_PLACEMENT_3D('',#12897,#10354,#10355);
#8612=AXIS2_PLACEMENT_3D('',#12900,#10358,#10359);
#8613=AXIS2_PLACEMENT_3D('',#12902,#10361,#10362);
#8614=AXIS2_PLACEMENT_3D('',#12904,#10364,#10365);
#8615=AXIS2_PLACEMENT_3D('',#12906,#10367,#10368);
#8616=AXIS2_PLACEMENT_3D('',#12908,#10370,#10371);
#8617=AXIS2_PLACEMENT_3D('',#12910,#10373,#10374);
#8618=AXIS2_PLACEMENT_3D('',#12912,#10376,#10377);
#8619=AXIS2_PLACEMENT_3D('',#12914,#10379,#10380);
#8620=AXIS2_PLACEMENT_3D('',#12916,#10382,#10383);
#8621=AXIS2_PLACEMENT_3D('',#12918,#10385,#10386);
#8622=AXIS2_PLACEMENT_3D('',#12920,#10388,#10389);
#8623=AXIS2_PLACEMENT_3D('',#12922,#10391,#10392);
#8624=AXIS2_PLACEMENT_3D('',#12924,#10394,#10395);
#8625=AXIS2_PLACEMENT_3D('',#12926,#10397,#10398);
#8626=AXIS2_PLACEMENT_3D('',#12928,#10400,#10401);
#8627=AXIS2_PLACEMENT_3D('',#12930,#10403,#10404);
#8628=AXIS2_PLACEMENT_3D('',#12932,#10406,#10407);
#8629=AXIS2_PLACEMENT_3D('',#12934,#10409,#10410);
#8630=AXIS2_PLACEMENT_3D('',#12936,#10412,#10413);
#8631=AXIS2_PLACEMENT_3D('',#12938,#10415,#10416);
#8632=AXIS2_PLACEMENT_3D('',#12940,#10418,#10419);
#8633=AXIS2_PLACEMENT_3D('',#12942,#10421,#10422);
#8634=AXIS2_PLACEMENT_3D('',#12944,#10424,#10425);
#8635=AXIS2_PLACEMENT_3D('',#12946,#10427,#10428);
#8636=AXIS2_PLACEMENT_3D('',#12948,#10430,#10431);
#8637=AXIS2_PLACEMENT_3D('',#12950,#10433,#10434);
#8638=AXIS2_PLACEMENT_3D('',#12952,#10436,#10437);
#8639=AXIS2_PLACEMENT_3D('',#12954,#10439,#10440);
#8640=AXIS2_PLACEMENT_3D('',#12956,#10442,#10443);
#8641=AXIS2_PLACEMENT_3D('',#12958,#10445,#10446);
#8642=AXIS2_PLACEMENT_3D('',#12960,#10448,#10449);
#8643=AXIS2_PLACEMENT_3D('',#12962,#10451,#10452);
#8644=AXIS2_PLACEMENT_3D('',#12964,#10454,#10455);
#8645=AXIS2_PLACEMENT_3D('',#12966,#10457,#10458);
#8646=AXIS2_PLACEMENT_3D('',#12968,#10460,#10461);
#8647=AXIS2_PLACEMENT_3D('',#12970,#10463,#10464);
#8648=AXIS2_PLACEMENT_3D('',#12972,#10466,#10467);
#8649=AXIS2_PLACEMENT_3D('',#12974,#10469,#10470);
#8650=AXIS2_PLACEMENT_3D('',#12976,#10472,#10473);
#8651=AXIS2_PLACEMENT_3D('',#12978,#10475,#10476);
#8652=AXIS2_PLACEMENT_3D('',#12980,#10478,#10479);
#8653=AXIS2_PLACEMENT_3D('',#12982,#10481,#10482);
#8654=AXIS2_PLACEMENT_3D('',#12984,#10484,#10485);
#8655=AXIS2_PLACEMENT_3D('',#12986,#10487,#10488);
#8656=AXIS2_PLACEMENT_3D('',#12988,#10490,#10491);
#8657=AXIS2_PLACEMENT_3D('',#12990,#10493,#10494);
#8658=AXIS2_PLACEMENT_3D('',#12992,#10496,#10497);
#8659=AXIS2_PLACEMENT_3D('',#12994,#10499,#10500);
#8660=AXIS2_PLACEMENT_3D('',#12996,#10502,#10503);
#8661=AXIS2_PLACEMENT_3D('',#12998,#10505,#10506);
#8662=AXIS2_PLACEMENT_3D('',#13000,#10508,#10509);
#8663=AXIS2_PLACEMENT_3D('',#13002,#10511,#10512);
#8664=AXIS2_PLACEMENT_3D('',#13004,#10514,#10515);
#8665=AXIS2_PLACEMENT_3D('',#13006,#10517,#10518);
#8666=AXIS2_PLACEMENT_3D('',#13008,#10520,#10521);
#8667=AXIS2_PLACEMENT_3D('',#13010,#10523,#10524);
#8668=AXIS2_PLACEMENT_3D('',#13012,#10526,#10527);
#8669=AXIS2_PLACEMENT_3D('',#13014,#10529,#10530);
#8670=AXIS2_PLACEMENT_3D('',#13016,#10532,#10533);
#8671=AXIS2_PLACEMENT_3D('',#13018,#10535,#10536);
#8672=AXIS2_PLACEMENT_3D('',#13020,#10538,#10539);
#8673=AXIS2_PLACEMENT_3D('',#13022,#10541,#10542);
#8674=AXIS2_PLACEMENT_3D('',#13024,#10544,#10545);
#8675=AXIS2_PLACEMENT_3D('',#13026,#10547,#10548);
#8676=AXIS2_PLACEMENT_3D('',#13028,#10550,#10551);
#8677=AXIS2_PLACEMENT_3D('',#13030,#10553,#10554);
#8678=AXIS2_PLACEMENT_3D('',#13032,#10556,#10557);
#8679=AXIS2_PLACEMENT_3D('',#13034,#10559,#10560);
#8680=AXIS2_PLACEMENT_3D('',#13036,#10562,#10563);
#8681=AXIS2_PLACEMENT_3D('',#13038,#10565,#10566);
#8682=AXIS2_PLACEMENT_3D('',#13040,#10568,#10569);
#8683=AXIS2_PLACEMENT_3D('',#13042,#10571,#10572);
#8684=AXIS2_PLACEMENT_3D('',#13044,#10574,#10575);
#8685=AXIS2_PLACEMENT_3D('',#13046,#10577,#10578);
#8686=AXIS2_PLACEMENT_3D('',#13048,#10580,#10581);
#8687=AXIS2_PLACEMENT_3D('',#13050,#10583,#10584);
#8688=AXIS2_PLACEMENT_3D('',#13052,#10586,#10587);
#8689=AXIS2_PLACEMENT_3D('',#13054,#10589,#10590);
#8690=AXIS2_PLACEMENT_3D('',#13056,#10592,#10593);
#8691=AXIS2_PLACEMENT_3D('',#13057,#10594,#10595);
#8692=AXIS2_PLACEMENT_3D('',#13065,#10597,#10598);
#8693=AXIS2_PLACEMENT_3D('',#13073,#10600,#10601);
#8694=AXIS2_PLACEMENT_3D('',#13075,#10603,#10604);
#8695=AXIS2_PLACEMENT_3D('',#13077,#10606,#10607);
#8696=AXIS2_PLACEMENT_3D('',#13079,#10609,#10610);
#8697=AXIS2_PLACEMENT_3D('',#13081,#10612,#10613);
#8698=AXIS2_PLACEMENT_3D('',#13082,#10614,#10615);
#8699=AXIS2_PLACEMENT_3D('',#13093,#10618,#10619);
#8700=AXIS2_PLACEMENT_3D('',#13099,#10623,#10624);
#8701=AXIS2_PLACEMENT_3D('',#13101,#10626,#10627);
#8702=AXIS2_PLACEMENT_3D('',#13103,#10629,#10630);
#8703=AXIS2_PLACEMENT_3D('',#13112,#10632,#10633);
#8704=AXIS2_PLACEMENT_3D('',#13113,#10634,#10635);
#8705=AXIS2_PLACEMENT_3D('',#13116,#10637,#10638);
#8706=AXIS2_PLACEMENT_3D('',#13117,#10639,#10640);
#8707=AXIS2_PLACEMENT_3D('',#13118,#10641,#10642);
#8708=AXIS2_PLACEMENT_3D('',#13119,#10643,#10644);
#8709=AXIS2_PLACEMENT_3D('',#13120,#10645,#10646);
#8710=AXIS2_PLACEMENT_3D('',#13121,#10647,#10648);
#8711=AXIS2_PLACEMENT_3D('',#13123,#10649,#10650);
#8712=AXIS2_PLACEMENT_3D('',#13124,#10651,#10652);
#8713=AXIS2_PLACEMENT_3D('',#13125,#10653,#10654);
#8714=AXIS2_PLACEMENT_3D('',#13126,#10655,#10656);
#8715=AXIS2_PLACEMENT_3D('',#13129,#10657,#10658);
#8716=AXIS2_PLACEMENT_3D('',#13130,#10659,#10660);
#8717=AXIS2_PLACEMENT_3D('',#13131,#10661,#10662);
#8718=AXIS2_PLACEMENT_3D('',#13134,#10663,#10664);
#8719=AXIS2_PLACEMENT_3D('',#13135,#10665,#10666);
#8720=AXIS2_PLACEMENT_3D('',#13136,#10667,#10668);
#8721=AXIS2_PLACEMENT_3D('',#13137,#10669,#10670);
#8722=AXIS2_PLACEMENT_3D('',#13139,#10671,#10672);
#8723=AXIS2_PLACEMENT_3D('',#13140,#10673,#10674);
#8724=AXIS2_PLACEMENT_3D('',#13141,#10675,#10676);
#8725=AXIS2_PLACEMENT_3D('',#13145,#10678,#10679);
#8726=AXIS2_PLACEMENT_3D('',#13154,#10680,#10681);
#8727=AXIS2_PLACEMENT_3D('',#13163,#10682,#10683);
#8728=AXIS2_PLACEMENT_3D('',#13167,#10685,#10686);
#8729=AXIS2_PLACEMENT_3D('',#13168,#10687,#10688);
#8730=AXIS2_PLACEMENT_3D('',#13169,#10689,#10690);
#8731=AXIS2_PLACEMENT_3D('',#13171,#10691,#10692);
#8732=AXIS2_PLACEMENT_3D('',#13173,#10693,#10694);
#8733=AXIS2_PLACEMENT_3D('',#13174,#10695,#10696);
#8734=AXIS2_PLACEMENT_3D('',#13175,#10697,#10698);
#8735=AXIS2_PLACEMENT_3D('',#13176,#10699,#10700);
#8736=AXIS2_PLACEMENT_3D('',#13177,#10701,#10702);
#8737=AXIS2_PLACEMENT_3D('',#13178,#10703,#10704);
#8738=AXIS2_PLACEMENT_3D('',#13187,#10705,#10706);
#8739=AXIS2_PLACEMENT_3D('',#13196,#10707,#10708);
#8740=AXIS2_PLACEMENT_3D('',#13197,#10709,#10710);
#8741=AXIS2_PLACEMENT_3D('',#13200,#10713,#10714);
#8742=AXIS2_PLACEMENT_3D('',#13230,#10716,#10717);
#8743=AXIS2_PLACEMENT_3D('',#13231,#10718,#10719);
#8744=AXIS2_PLACEMENT_3D('',#13232,#10720,#10721);
#8745=AXIS2_PLACEMENT_3D('',#13233,#10722,#10723);
#8746=AXIS2_PLACEMENT_3D('',#13263,#10725,#10726);
#8747=AXIS2_PLACEMENT_3D('',#13264,#10727,#10728);
#8748=AXIS2_PLACEMENT_3D('',#13265,#10729,#10730);
#8749=AXIS2_PLACEMENT_3D('',#13266,#10731,#10732);
#8750=AXIS2_PLACEMENT_3D('',#13267,#10733,#10734);
#8751=AXIS2_PLACEMENT_3D('',#13268,#10735,#10736);
#8752=AXIS2_PLACEMENT_3D('',#13269,#10737,#10738);
#8753=AXIS2_PLACEMENT_3D('',#13270,#10739,#10740);
#8754=AXIS2_PLACEMENT_3D('',#13271,#10741,#10742);
#8755=AXIS2_PLACEMENT_3D('',#13275,#10744,#10745);
#8756=AXIS2_PLACEMENT_3D('',#13279,#10747,#10748);
#8757=AXIS2_PLACEMENT_3D('',#13280,#10749,#10750);
#8758=AXIS2_PLACEMENT_3D('',#13281,#10751,#10752);
#8759=AXIS2_PLACEMENT_3D('',#13282,#10753,#10754);
#8760=AXIS2_PLACEMENT_3D('',#13283,#10755,#10756);
#8761=AXIS2_PLACEMENT_3D('',#13284,#10757,#10758);
#8762=AXIS2_PLACEMENT_3D('',#13286,#10760,#10761);
#8763=AXIS2_PLACEMENT_3D('',#13288,#10763,#10764);
#8764=AXIS2_PLACEMENT_3D('',#13289,#10765,#10766);
#8765=AXIS2_PLACEMENT_3D('',#13290,#10767,#10768);
#8766=AXIS2_PLACEMENT_3D('',#13291,#10769,#10770);
#8767=AXIS2_PLACEMENT_3D('',#13293,#10771,#10772);
#8768=AXIS2_PLACEMENT_3D('',#13295,#10773,#10774);
#8769=AXIS2_PLACEMENT_3D('',#13296,#10775,#10776);
#8770=AXIS2_PLACEMENT_3D('',#13297,#10777,#10778);
#8771=AXIS2_PLACEMENT_3D('',#13298,#10779,#10780);
#8772=AXIS2_PLACEMENT_3D('',#13299,#10781,#10782);
#8773=AXIS2_PLACEMENT_3D('',#13301,#10783,#10784);
#8774=AXIS2_PLACEMENT_3D('',#13303,#10785,#10786);
#8775=AXIS2_PLACEMENT_3D('',#13304,#10787,#10788);
#8776=AXIS2_PLACEMENT_3D('',#13305,#10789,#10790);
#8777=AXIS2_PLACEMENT_3D('',#13306,#10791,#10792);
#8778=AXIS2_PLACEMENT_3D('',#13307,#10793,#10794);
#8779=AXIS2_PLACEMENT_3D('',#13311,#10796,#10797);
#8780=AXIS2_PLACEMENT_3D('',#13320,#10798,#10799);
#8781=AXIS2_PLACEMENT_3D('',#13329,#10800,#10801);
#8782=AXIS2_PLACEMENT_3D('',#13333,#10803,#10804);
#8783=AXIS2_PLACEMENT_3D('',#13334,#10805,#10806);
#8784=AXIS2_PLACEMENT_3D('',#13335,#10807,#10808);
#8785=AXIS2_PLACEMENT_3D('',#13337,#10809,#10810);
#8786=AXIS2_PLACEMENT_3D('',#13339,#10811,#10812);
#8787=AXIS2_PLACEMENT_3D('',#13340,#10813,#10814);
#8788=AXIS2_PLACEMENT_3D('',#13341,#10815,#10816);
#8789=AXIS2_PLACEMENT_3D('',#13342,#10817,#10818);
#8790=AXIS2_PLACEMENT_3D('',#13343,#10819,#10820);
#8791=AXIS2_PLACEMENT_3D('',#13344,#10821,#10822);
#8792=AXIS2_PLACEMENT_3D('',#13353,#10823,#10824);
#8793=AXIS2_PLACEMENT_3D('',#13362,#10825,#10826);
#8794=AXIS2_PLACEMENT_3D('',#13363,#10827,#10828);
#8795=AXIS2_PLACEMENT_3D('',#13366,#10831,#10832);
#8796=AXIS2_PLACEMENT_3D('',#13396,#10834,#10835);
#8797=AXIS2_PLACEMENT_3D('',#13397,#10836,#10837);
#8798=AXIS2_PLACEMENT_3D('',#13398,#10838,#10839);
#8799=AXIS2_PLACEMENT_3D('',#13399,#10840,#10841);
#8800=AXIS2_PLACEMENT_3D('',#13429,#10843,#10844);
#8801=AXIS2_PLACEMENT_3D('',#13430,#10845,#10846);
#8802=AXIS2_PLACEMENT_3D('',#13431,#10847,#10848);
#8803=AXIS2_PLACEMENT_3D('',#13432,#10849,#10850);
#8804=AXIS2_PLACEMENT_3D('',#13433,#10851,#10852);
#8805=AXIS2_PLACEMENT_3D('',#13434,#10853,#10854);
#8806=AXIS2_PLACEMENT_3D('',#13435,#10855,#10856);
#8807=AXIS2_PLACEMENT_3D('',#13436,#10857,#10858);
#8808=AXIS2_PLACEMENT_3D('',#13437,#10859,#10860);
#8809=AXIS2_PLACEMENT_3D('',#13440,#10862,#10863);
#8810=AXIS2_PLACEMENT_3D('',#13441,#10864,#10865);
#8811=AXIS2_PLACEMENT_3D('',#13444,#10867,#10868);
#8812=AXIS2_PLACEMENT_3D('',#13445,#10869,#10870);
#8813=AXIS2_PLACEMENT_3D('',#13446,#10871,#10872);
#8814=AXIS2_PLACEMENT_3D('',#13447,#10873,#10874);
#8815=AXIS2_PLACEMENT_3D('',#13448,#10875,#10876);
#8816=AXIS2_PLACEMENT_3D('',#13451,#10878,#10879);
#8817=AXIS2_PLACEMENT_3D('',#13454,#10881,#10882);
#8818=AXIS2_PLACEMENT_3D('',#13455,#10883,#10884);
#8819=AXIS2_PLACEMENT_3D('',#13456,#10885,#10886);
#8820=AXIS2_PLACEMENT_3D('',#13457,#10887,#10888);
#8821=AXIS2_PLACEMENT_3D('',#13459,#10889,#10890);
#8822=AXIS2_PLACEMENT_3D('',#13461,#10891,#10892);
#8823=AXIS2_PLACEMENT_3D('',#13462,#10893,#10894);
#8824=AXIS2_PLACEMENT_3D('',#13463,#10895,#10896);
#8825=AXIS2_PLACEMENT_3D('',#13464,#10897,#10898);
#8826=AXIS2_PLACEMENT_3D('',#13465,#10899,#10900);
#8827=AXIS2_PLACEMENT_3D('',#13467,#10901,#10902);
#8828=AXIS2_PLACEMENT_3D('',#13469,#10903,#10904);
#8829=AXIS2_PLACEMENT_3D('',#13470,#10905,#10906);
#8830=AXIS2_PLACEMENT_3D('',#13471,#10907,#10908);
#8831=AXIS2_PLACEMENT_3D('',#13472,#10909,#10910);
#8832=AXIS2_PLACEMENT_3D('',#13473,#10911,#10912);
#8833=DIRECTION('',(0.,0.,1.));
#8834=DIRECTION('',(1.,0.,0.));
#8835=DIRECTION('',(0.,1.,0.));
#8836=DIRECTION('',(0.,0.,-1.));
#8837=DIRECTION('',(0.,1.,0.));
#8838=DIRECTION('',(0.,0.,-1.));
#8839=DIRECTION('',(-0.202605217232505,0.,-0.979260499535323));
#8840=DIRECTION('',(0.,0.,1.));
#8841=DIRECTION('',(1.,0.,0.));
#8842=DIRECTION('',(0.,0.,-1.));
#8843=DIRECTION('',(-0.202605217232504,0.,0.979260499535323));
#8844=DIRECTION('',(0.,-1.,0.));
#8845=DIRECTION('',(0.,0.,-1.));
#8846=DIRECTION('',(0.,-1.,0.));
#8847=DIRECTION('',(0.,0.,-1.));
#8848=DIRECTION('',(-0.202605217232508,0.,-0.979260499535322));
#8849=DIRECTION('',(0.,0.,-1.));
#8850=DIRECTION('',(1.,0.,0.));
#8851=DIRECTION('',(0.,0.,1.));
#8852=DIRECTION('',(-0.202605217232506,0.,0.979260499535322));
#8853=DIRECTION('',(0.,-1.,0.));
#8854=DIRECTION('',(0.,0.,-1.));
#8855=DIRECTION('',(0.,-1.,0.));
#8856=DIRECTION('',(0.,0.,-1.));
#8857=DIRECTION('',(0.,0.,1.));
#8858=DIRECTION('',(-1.,0.,0.));
#8859=DIRECTION('',(7.83076734865298E-008,0.,0.999999999999997));
#8860=DIRECTION('',(-1.,0.,0.));
#8861=DIRECTION('',(0.,-1.,0.));
#8862=DIRECTION('',(0.,0.,-1.));
#8863=DIRECTION('',(-6.26796033703299E-008,0.,0.999999999999998));
#8864=DIRECTION('',(-1.,0.,0.));
#8865=DIRECTION('',(0.,0.,1.));
#8866=DIRECTION('',(-1.,0.,0.));
#8867=DIRECTION('',(0.,-1.,0.));
#8868=DIRECTION('',(0.,0.,-1.));
#8869=DIRECTION('',(1.,0.,0.));
#8870=DIRECTION('',(0.,0.,-1.));
#8871=DIRECTION('',(-0.927183854566793,0.,-0.374606593415897));
#8872=DIRECTION('',(0.,1.,0.));
#8873=DIRECTION('',(0.,0.,-1.));
#8874=DIRECTION('',(0.,0.,1.));
#8875=DIRECTION('',(0.,1.,0.));
#8876=DIRECTION('',(0.,0.,-1.));
#8877=DIRECTION('',(0.927183854566793,0.,-0.374606593415897));
#8878=DIRECTION('',(0.,0.,-1.));
#8879=DIRECTION('',(1.,0.,0.));
#8880=DIRECTION('',(0.,0.,-1.));
#8881=DIRECTION('',(3.696598583793E-011,0.,-1.));
#8882=DIRECTION('',(0.,1.,0.));
#8883=DIRECTION('',(1.,0.,1.41931920761765E-012));
#8884=DIRECTION('',(0.,0.,1.));
#8885=DIRECTION('',(1.,0.,0.));
#8886=DIRECTION('',(0.,0.,1.));
#8887=DIRECTION('',(-3.723243936385E-011,0.,1.));
#8888=DIRECTION('',(0.,1.,0.));
#8889=DIRECTION('',(0.999999999999997,0.,-4.89665126627999E-013));
#8890=DIRECTION('',(0.,0.,-1.));
#8891=DIRECTION('',(1.,0.,0.));
#8892=DIRECTION('',(0.,0.,1.));
#8893=DIRECTION('',(-0.927183854566793,0.,0.374606593415897));
#8894=DIRECTION('',(0.,-1.,0.));
#8895=DIRECTION('',(0.,0.,-1.));
#8896=DIRECTION('',(0.,-1.,0.));
#8897=DIRECTION('',(0.,0.,1.));
#8898=DIRECTION('',(0.,0.,1.));
#8899=DIRECTION('',(0.,-1.,0.));
#8900=DIRECTION('',(-0.999999999999994,0.,-2.68882138776405E-013));
#8901=DIRECTION('',(0.,-1.,0.));
#8902=DIRECTION('',(0.,0.,-1.));
#8903=DIRECTION('',(0.927183854566793,0.,0.374606593415897));
#8904=DIRECTION('',(0.,0.,1.));
#8905=DIRECTION('',(0.,-1.,0.));
#8906=DIRECTION('',(0.,0.,-1.));
#8907=DIRECTION('',(0.,1.,0.));
#8908=DIRECTION('',(1.,0.,0.));
#8909=DIRECTION('',(0.,-1.,0.));
#8910=DIRECTION('',(0.,1.,0.));
#8911=DIRECTION('',(-1.,0.,0.));
#8912=DIRECTION('',(0.,1.,0.));
#8913=DIRECTION('',(1.,0.,0.));
#8914=DIRECTION('',(0.,-1.,0.));
#8915=DIRECTION('',(0.,1.,0.));
#8916=DIRECTION('',(0.,1.,0.));
#8917=DIRECTION('',(0.,1.,0.));
#8918=DIRECTION('',(1.,0.,0.));
#8919=DIRECTION('',(0.,-1.,0.));
#8920=DIRECTION('',(-1.,0.,0.));
#8921=DIRECTION('',(0.,1.,0.));
#8922=DIRECTION('',(0.,0.,-1.));
#8923=DIRECTION('',(-1.,0.,0.));
#8924=DIRECTION('',(0.,-1.,0.));
#8925=DIRECTION('',(0.,0.,-1.));
#8926=DIRECTION('',(1.,0.,0.));
#8927=DIRECTION('',(0.,0.,-1.));
#8928=DIRECTION('',(1.,0.,0.));
#8929=DIRECTION('',(0.,0.,-1.));
#8930=DIRECTION('',(0.,-1.,0.));
#8931=DIRECTION('',(0.,0.,-1.));
#8932=DIRECTION('',(0.,-1.,0.));
#8933=DIRECTION('',(0.,0.,-1.));
#8934=DIRECTION('',(0.,0.468502629884701,-0.883462102068402));
#8935=DIRECTION('',(0.,0.883462102068402,0.468502629884701));
#8936=DIRECTION('',(1.,0.,0.));
#8937=DIRECTION('',(0.,0.468502629884701,-0.883462102068402));
#8938=DIRECTION('',(0.,0.883462102068402,0.468502629884701));
#8939=DIRECTION('',(0.,0.468502629884701,-0.883462102068402));
#8940=DIRECTION('',(0.,0.883462102068402,0.468502629884701));
#8941=DIRECTION('',(1.,0.,0.));
#8942=DIRECTION('',(0.,0.468502629884701,-0.883462102068402));
#8943=DIRECTION('',(0.,0.883462102068402,0.468502629884701));
#8944=DIRECTION('',(1.,0.,0.));
#8945=DIRECTION('',(0.,-0.883462102068402,-0.468502629884701));
#8946=DIRECTION('',(0.,0.883462102068402,0.468502629884701));
#8947=DIRECTION('',(0.,-0.468502629884701,0.883462102068402));
#8948=DIRECTION('',(0.,-0.883462102068402,-0.468502629884701));
#8949=DIRECTION('',(0.,-1.,0.));
#8950=DIRECTION('',(0.,1.,0.));
#8951=DIRECTION('',(0.,0.,1.));
#8952=DIRECTION('',(1.,0.,0.));
#8953=DIRECTION('',(0.,-0.952088580077446,0.305822392388315));
#8954=DIRECTION('',(0.,0.952088580077446,-0.305822392388315));
#8955=DIRECTION('',(0.,-0.305822392388315,-0.952088580077446));
#8956=DIRECTION('',(0.,0.952088580077446,-0.305822392388315));
#8957=DIRECTION('',(0.,0.,-1.));
#8958=DIRECTION('',(0.,1.,0.));
#8959=DIRECTION('',(0.,1.,0.));
#8960=DIRECTION('',(1.,0.,0.));
#8961=DIRECTION('',(0.,0.,-1.));
#8962=DIRECTION('',(0.,-1.,0.));
#8963=DIRECTION('',(0.650794467801118,0.,-0.759253950058516));
#8964=DIRECTION('',(0.,-1.,0.));
#8965=DIRECTION('',(0.759253950058516,0.,0.650794467801118));
#8966=DIRECTION('',(-0.650794467801118,0.,0.759253950058516));
#8967=DIRECTION('',(0.,1.,0.));
#8968=DIRECTION('',(-0.202605217232505,0.,-0.979260499535323));
#8969=DIRECTION('',(0.,-1.,0.));
#8970=DIRECTION('',(0.979260499535323,0.,-0.202605217232505));
#8971=DIRECTION('',(0.202605217232505,0.,0.979260499535323));
#8972=DIRECTION('',(0.,-1.,0.));
#8973=DIRECTION('',(-0.202605217232505,0.,0.979260499535323));
#8974=DIRECTION('',(0.,-1.,0.));
#8975=DIRECTION('',(-0.979260499535323,0.,-0.202605217232504));
#8976=DIRECTION('',(0.202605217232504,0.,-0.979260499535323));
#8977=DIRECTION('',(0.,1.,0.));
#8978=DIRECTION('',(0.650794467801116,0.,0.759253950058517));
#8979=DIRECTION('',(0.,-1.,0.));
#8980=DIRECTION('',(-0.759253950058518,0.,0.650794467801116));
#8981=DIRECTION('',(-0.650794467801116,0.,-0.759253950058518));
#8982=DIRECTION('',(0.,1.,2.22044604925E-014));
#8983=DIRECTION('',(0.,1.,-3.55494378266275E-015));
#8984=DIRECTION('',(5.59028589659242E-016,0.,1.));
#8985=DIRECTION('',(-1.,0.,0.));
#8986=DIRECTION('',(0.,0.,1.));
#8987=DIRECTION('',(0.,-1.,6.476300976979E-013));
#8988=DIRECTION('',(-1.95660006374821E-015,0.,-1.));
#8989=DIRECTION('',(0.,-1.,3.55494378266275E-015));
#8990=DIRECTION('',(6.26796376783999E-008,0.,-0.999999999999998));
#8991=DIRECTION('',(1.,0.,0.));
#8992=DIRECTION('',(0.,0.,-1.));
#8993=DIRECTION('',(0.,0.,1.));
#8994=DIRECTION('',(1.,0.,0.));
#8995=DIRECTION('',(0.,0.,1.));
#8996=DIRECTION('',(0.,1.,0.));
#8997=DIRECTION('',(0.,0.,1.));
#8998=DIRECTION('',(-1.,0.,0.));
#8999=DIRECTION('',(0.,0.,1.));
#9000=DIRECTION('',(0.,-1.,0.));
#9001=DIRECTION('',(0.,0.,-1.));
#9002=DIRECTION('',(0.,1.,0.));
#9003=DIRECTION('',(0.,0.,-0.999999999999999));
#9004=DIRECTION('',(0.,-1.,0.));
#9005=DIRECTION('',(0.,0.,-0.999999999999999));
#9006=DIRECTION('',(0.,1.,-3.55494378266275E-015));
#9007=DIRECTION('',(-1.,0.,0.));
#9008=DIRECTION('',(0.,0.,1.));
#9009=DIRECTION('',(0.,1.,-3.55494378266275E-015));
#9010=DIRECTION('',(0.,0.,1.));
#9011=DIRECTION('',(-1.,0.,0.));
#9012=DIRECTION('',(0.,0.,1.));
#9013=DIRECTION('',(0.,1.,6.66288334333E-014));
#9014=DIRECTION('',(0.,-1.,0.));
#9015=DIRECTION('',(0.,0.,1.));
#9016=DIRECTION('',(0.,1.,0.));
#9017=DIRECTION('',(0.,0.,1.));
#9018=DIRECTION('',(0.,-1.,0.));
#9019=DIRECTION('',(0.,0.,1.));
#9020=DIRECTION('',(0.,1.,0.));
#9021=DIRECTION('',(0.,0.,1.));
#9022=DIRECTION('',(0.,-1.,3.55494378266275E-015));
#9023=DIRECTION('',(1.,0.,0.));
#9024=DIRECTION('',(0.,0.,-1.));
#9025=DIRECTION('',(0.,-1.,0.));
#9026=DIRECTION('',(-0.927183854566793,0.,-0.374606593415897));
#9027=DIRECTION('',(0.374606593415897,0.,-0.927183854566793));
#9028=DIRECTION('',(0.927183854566793,0.,0.374606593415897));
#9029=DIRECTION('',(0.,1.,0.));
#9030=DIRECTION('',(-0.999999999999994,0.,2.34187669256869E-013));
#9031=DIRECTION('',(0.,1.,0.));
#9032=DIRECTION('',(0.,0.,-1.));
#9033=DIRECTION('',(0.927183854566793,0.,-0.374606593415897));
#9034=DIRECTION('',(0.,1.,0.));
#9035=DIRECTION('',(0.,0.,-1.));
#9036=DIRECTION('',(0.,1.,0.));
#9037=DIRECTION('',(0.,0.,-1.));
#9038=DIRECTION('',(0.,0.,1.));
#9039=DIRECTION('',(0.,-1.,0.));
#9040=DIRECTION('',(0.,0.,1.));
#9041=DIRECTION('',(0.,-1.,0.));
#9042=DIRECTION('',(0.,1.,0.));
#9043=DIRECTION('',(-1.,0.,0.));
#9044=DIRECTION('',(0.,0.,-1.));
#9045=DIRECTION('',(0.,-1.,0.));
#9046=DIRECTION('',(0.,0.,1.));
#9047=DIRECTION('',(0.,1.,0.));
#9048=DIRECTION('',(0.,-1.,0.));
#9049=DIRECTION('',(0.,0.,1.));
#9050=DIRECTION('',(0.374606593415897,0.,0.927183854566793));
#9051=DIRECTION('',(-0.927183854566793,0.,0.374606593415897));
#9052=DIRECTION('',(0.,1.,0.));
#9053=DIRECTION('',(0.,0.,-1.));
#9054=DIRECTION('',(0.,-1.,0.));
#9055=DIRECTION('',(0.,0.,1.));
#9056=DIRECTION('',(0.,1.,0.));
#9057=DIRECTION('',(0.,0.,-1.));
#9058=DIRECTION('',(0.,-1.,0.));
#9059=DIRECTION('',(0.,0.,1.));
#9060=DIRECTION('',(0.,-1.,0.));
#9061=DIRECTION('',(0.,0.,1.));
#9062=DIRECTION('',(0.,-1.,0.));
#9063=DIRECTION('',(0.,0.,1.));
#9064=DIRECTION('',(0.,1.,0.));
#9065=DIRECTION('',(0.,0.,-1.));
#9066=DIRECTION('',(0.,-1.,0.));
#9067=DIRECTION('',(0.,0.,1.));
#9068=DIRECTION('',(0.,1.,0.));
#9069=DIRECTION('',(0.,0.,-1.));
#9070=DIRECTION('',(0.,-1.,0.));
#9071=DIRECTION('',(0.,0.,1.));
#9072=DIRECTION('',(0.,-0.0588615494035133,-0.998266155893216));
#9073=DIRECTION('',(0.,-0.194318825080669,-0.980938425294508));
#9074=DIRECTION('',(0.,-0.351561116653581,-0.936164932721413));
#9075=DIRECTION('',(0.,-0.522212592635108,-0.852815342318206));
#9076=DIRECTION('',(0.,-0.707987621154041,-0.706224842590971));
#9077=DIRECTION('',(0.,-0.872075964387021,-0.489370526634418));
#9078=DIRECTION('',(0.,-0.962364849873835,-0.271760732497009));
#9079=DIRECTION('',(0.,-0.995739318864428,-0.0922128454576954));
#9080=DIRECTION('',(0.,-0.997694111960222,0.0678708992124252));
#9081=DIRECTION('',(0.,-0.0519461064159613,0.998649889615085));
#9082=DIRECTION('',(0.,0.999861769023234,-0.0166265704740398));
#9083=DIRECTION('',(0.,0.990116987289655,0.140243899975921));
#9084=DIRECTION('',(0.,0.912053752098852,0.410070668644328));
#9085=DIRECTION('',(0.,0.64366828793237,0.76530460282832));
#9086=DIRECTION('',(0.,0.31463412060549,0.949213026749428));
#9087=DIRECTION('',(0.,0.0820785053860501,0.99662586709035));
#9088=DIRECTION('',(0.,-0.0652968742327053,0.997865881877639));
#9089=DIRECTION('',(0.,-0.234230933220745,0.972180986196778));
#9090=DIRECTION('',(0.,-0.461505361233328,0.887137419768153));
#9091=DIRECTION('',(0.,-0.679295076658597,0.733865245687102));
#9092=DIRECTION('',(0.,-0.846482981434947,0.532415779387691));
#9093=DIRECTION('',(0.,-0.966201076594397,0.257789603335409));
#9094=DIRECTION('',(0.,-0.999388094545814,-0.034977656869606));
#9095=DIRECTION('',(0.,-0.934676878301097,-0.355498429207944));
#9096=DIRECTION('',(0.,-0.772403389210571,-0.635132273102244));
#9097=DIRECTION('',(0.,-0.581110200988656,-0.813824879385562));
#9098=DIRECTION('',(0.,-0.477716034393445,-0.878514308638966));
#9099=DIRECTION('',(0.,-0.429355818348192,-0.903135416895249));
#9100=DIRECTION('',(0.,-0.429185423052014,-0.903216404102397));
#9101=DIRECTION('',(0.,-0.464888509103558,-0.885369230379886));
#9102=DIRECTION('',(0.,-0.52137270842734,-0.853329068359411));
#9103=DIRECTION('',(0.,-0.632061021485183,-0.774918618384607));
#9104=DIRECTION('',(0.,-0.760841913451846,-0.648937271802856));
#9105=DIRECTION('',(0.,-0.867172836711433,-0.498007300418223));
#9106=DIRECTION('',(0.,-0.947524997200978,-0.319681684929378));
#9107=DIRECTION('',(0.,-0.991359508515768,-0.131172881630977));
#9108=DIRECTION('',(0.,-0.999306225685077,0.0372433525215796));
#9109=DIRECTION('',(0.,-0.972553566394177,0.232679093375331));
#9110=DIRECTION('',(0.,-0.876813305447268,0.480830975905916));
#9111=DIRECTION('',(0.,-0.723554460862122,0.690267297622106));
#9112=DIRECTION('',(0.,-0.523200062066149,0.85220988908483));
#9113=DIRECTION('',(0.,-0.290368134406897,0.956915015307555));
#9114=DIRECTION('',(0.,-0.0856555569815664,0.996324809265622));
#9115=DIRECTION('',(0.,0.0849408574989528,0.996385994847048));
#9116=DIRECTION('',(0.,0.298802250421085,0.954315050255048));
#9117=DIRECTION('',(0.,0.558348373334605,0.829606589893427));
#9118=DIRECTION('',(0.,0.787859118883105,0.615855509671496));
#9119=DIRECTION('',(0.,0.937301604918251,0.348519298486713));
#9120=DIRECTION('',(0.,0.997000813421135,0.0773910720793693));
#9121=DIRECTION('',(0.,0.044538703393109,-0.999007659580276));
#9122=DIRECTION('',(0.,-0.995363226071787,-0.0961875677203923));
#9123=DIRECTION('',(0.,-0.94077389175506,-0.339034636271928));
#9124=DIRECTION('',(0.,-0.795382347527613,-0.606108011200532));
#9125=DIRECTION('',(0.,-0.553463255788673,-0.832873594545896));
#9126=DIRECTION('',(0.,-0.289186123771266,-0.957272889942126));
#9127=DIRECTION('',(0.,-0.0808667413031717,-0.996724922007575));
#9128=DIRECTION('',(0.,0.0642814661272842,-0.997931807846872));
#9129=DIRECTION('',(0.,0.233275691574736,-0.972410639452453));
#9130=DIRECTION('',(0.,0.467244849531147,-0.884127960527556));
#9131=DIRECTION('',(0.,0.69080927170611,-0.723037032332974));
#9132=DIRECTION('',(0.,0.85977847823867,-0.510667179636206));
#9133=DIRECTION('',(0.,0.969692029649379,-0.244330447620571));
#9134=DIRECTION('',(0.,0.999644564924228,0.0266597790210375));
#9135=DIRECTION('',(0.,0.940740910587515,0.339126140465421));
#9136=DIRECTION('',(0.,0.778879656351338,0.627173405783457));
#9137=DIRECTION('',(0.,0.596997622469535,0.802243004809467));
#9138=DIRECTION('',(0.,0.490931332962294,0.871198270381585));
#9139=DIRECTION('',(0.,0.435208672561373,0.900329612601611));
#9140=DIRECTION('',(0.,0.435132050042005,0.9003666469979));
#9141=DIRECTION('',(0.,0.504412722939686,0.863462683001745));
#9142=DIRECTION('',(0.,0.633488271437108,0.773752292372452));
#9143=DIRECTION('',(0.,0.830404976803856,0.557160277208801));
#9144=DIRECTION('',(0.,0.960434220730734,0.278506925675733));
#9145=DIRECTION('',(0.,0.999984476109939,0.00557203186741405));
#9146=DIRECTION('',(0.,0.970149645240995,-0.242507042864267));
#9147=DIRECTION('',(0.,0.867008838541792,-0.49829275921933));
#9148=DIRECTION('',(0.,0.712951147931449,-0.701213705415994));
#9149=DIRECTION('',(0.,0.524194664685234,-0.851598469653119));
#9150=DIRECTION('',(0.,0.296432146924139,-0.95505391589687));
#9151=DIRECTION('',(0.,0.0888048019082542,-0.996049048570418));
#9152=DIRECTION('',(0.,0.0495754459657358,-0.998770381597942));
#9153=DIRECTION('',(0.,-0.0821628662505896,-0.996618915839694));
#9154=DIRECTION('',(0.,-0.291384127481929,-0.956606131201131));
#9155=DIRECTION('',(0.,-0.551019848715898,-0.834492136764098));
#9156=DIRECTION('',(0.,-0.803149212620027,-0.595777930329608));
#9157=DIRECTION('',(0.,-0.959035131229279,-0.28328716361325));
#9158=DIRECTION('',(0.,-0.999999207836611,-0.00125870018315789));
#9159=DIRECTION('',(0.,-0.984428575815234,0.175785036673748));
#9160=DIRECTION('',(0.,-0.952802183359436,0.303591830235089));
#9161=DIRECTION('',(0.,-0.906054032173937,0.423162014813889));
#9162=DIRECTION('',(0.,-0.840144954031057,0.542361923641541));
#9163=DIRECTION('',(0.,-0.741697878604587,0.670734117868963));
#9164=DIRECTION('',(0.,-0.613584732461971,0.789628885040036));
#9165=DIRECTION('',(0.,-0.456873457952748,0.889531698939559));
#9166=DIRECTION('',(0.,-0.273974953246315,0.961736827304476));
#9167=DIRECTION('',(0.,-0.0879759705724683,0.996122597174581));
#9168=DIRECTION('',(0.,0.0833050206411339,0.996524095813032));
#9169=DIRECTION('',(0.,0.286698752599462,0.958020785399728));
#9170=DIRECTION('',(0.,0.525738497794954,0.850646243709043));
#9171=DIRECTION('',(0.,0.747037444409295,0.66478196173665));
#9172=DIRECTION('',(0.,0.901312041888728,0.433170408899745));
#9173=DIRECTION('',(0.,0.978085666527184,0.208202855249573));
#9174=DIRECTION('',(0.,0.112029679984044,-0.993704861013909));
#9175=DIRECTION('',(0.,-0.962495508742601,-0.271297614531203));
#9176=DIRECTION('',(0.,-0.884873158968327,-0.465832043270333));
#9177=DIRECTION('',(0.,-0.739374555460245,-0.673294338857802));
#9178=DIRECTION('',(0.,-0.529631465451982,-0.848227864906115));
#9179=DIRECTION('',(0.,-0.298732646011996,-0.954336841061201));
#9180=DIRECTION('',(0.,-0.0890403673610169,-0.99602801817028));
#9181=DIRECTION('',(0.,0.0875358665117202,-0.996161368491091));
#9182=DIRECTION('',(0.,0.264236175462255,-0.964458005087355));
#9183=DIRECTION('',(0.,0.428386376463422,-0.90359565761492));
#9184=DIRECTION('',(0.,0.590360630299031,-0.807139595233024));
#9185=DIRECTION('',(0.,0.734803444868105,-0.678280102472398));
#9186=DIRECTION('',(0.,0.839546858557664,-0.543287283383255));
#9187=DIRECTION('',(0.,0.907531158742339,-0.419984756761227));
#9188=DIRECTION('',(0.,0.955203225177756,-0.29595066921704));
#9189=DIRECTION('',(0.,0.985211298245178,-0.17134380003388));
#9190=DIRECTION('',(0.,0.999592309387895,-0.0285519703798936));
#9191=DIRECTION('',(0.,0.981425923309925,0.191841489400133));
#9192=DIRECTION('',(0.,0.873473588208155,0.486871534085503));
#9193=DIRECTION('',(0.,0.639159181811039,0.769074469935548));
#9194=DIRECTION('',(0.,0.350259361579755,0.936652752959037));
#9195=DIRECTION('',(0.,0.0990792077721939,0.99507954987892));
#9196=DIRECTION('',(0.,-0.0469281005666974,0.998898269783866));
#9197=DIRECTION('',(0.,-0.135639528795594,0.990758254181165));
#9198=DIRECTION('',(0.,-0.216309538928995,0.976324834964432));
#9199=DIRECTION('',(0.,-0.277245006416112,0.960799253963766));
#9200=DIRECTION('',(0.,-0.336787891755509,0.941580541412618));
#9201=DIRECTION('',(0.,-0.404569848694491,0.914507100862162));
#9202=DIRECTION('',(0.,-0.952924008668797,0.303209224303271));
#9203=DIRECTION('',(0.,0.,-1.));
#9204=DIRECTION('',(0.,-0.952389022080167,0.304885471318629));
#9205=DIRECTION('',(0.,0.,1.));
#9206=DIRECTION('',(0.,0.952054040108798,-0.305929901631917));
#9207=DIRECTION('',(0.,0.471364915090059,-0.881938272682472));
#9208=DIRECTION('',(0.,0.391133104073828,-0.92033412133723));
#9209=DIRECTION('',(0.,0.31949207366842,-0.94758894825924));
#9210=DIRECTION('',(0.,0.240444730288711,-0.97066283109862));
#9211=DIRECTION('',(0.,0.147196766991849,-0.989107229670852));
#9212=DIRECTION('',(0.,0.,-1.));
#9213=DIRECTION('',(0.,-0.960263915503136,-0.279093555250897));
#9214=DIRECTION('',(0.,0.95235898953866,-0.304979269860925));
#9215=DIRECTION('',(0.,0.,-1.));
#9216=DIRECTION('',(0.,-0.952451871401928,0.304689075391564));
#9217=DIRECTION('',(0.,0.,1.));
#9218=DIRECTION('',(0.,0.959567380004137,0.281479028050041));
#9219=DIRECTION('',(0.,-0.952306731648552,0.305142407503206));
#9220=DIRECTION('',(0.,-6.03322409524639E-012,1.));
#9221=DIRECTION('',(0.,0.952447512637305,-0.30470270046557));
#9222=DIRECTION('',(0.,0.,-1.));
#9223=DIRECTION('',(0.,-0.952377751806073,0.304920674708702));
#9224=DIRECTION('',(0.,-1.55387679928859E-012,1.));
#9225=DIRECTION('',(0.,0.952727679570608,-0.3038255561667));
#9226=DIRECTION('',(0.,0.,-1.));
#9227=DIRECTION('',(0.,0.952004245667576,-0.306084818687417));
#9228=DIRECTION('',(0.,0.,1.));
#9229=DIRECTION('',(0.,0.952727680311532,-0.303825553843333));
#9230=DIRECTION('',(0.,0.,-1.));
#9231=DIRECTION('',(0.,0.946205466861272,-0.323566398876402));
#9232=DIRECTION('',(0.,0.,1.));
#9233=DIRECTION('',(0.,0.951603934557164,-0.307327108689299));
#9234=DIRECTION('',(0.,0.,-1.));
#9235=DIRECTION('',(0.,-0.952246843212386,0.305329247849015));
#9236=DIRECTION('',(0.,0.,1.));
#9237=DIRECTION('',(0.,0.00588552207372449,0.999982680164972));
#9238=DIRECTION('',(0.,0.0241369592257833,0.999708661160507));
#9239=DIRECTION('',(0.,0.0649149341758847,0.997890801300894));
#9240=DIRECTION('',(0.,0.137405563066964,0.990514871790551));
#9241=DIRECTION('',(0.,0.22675798475719,0.9739511365304));
#9242=DIRECTION('',(0.,0.326616229116189,0.945157044558163));
#9243=DIRECTION('',(0.,0.435818003867145,0.900034814607333));
#9244=DIRECTION('',(0.,0.543291166633931,0.839544345617039));
#9245=DIRECTION('',(0.,0.645799228425952,0.763507273419478));
#9246=DIRECTION('',(0.,0.733531520416511,0.679655433698166));
#9247=DIRECTION('',(0.,0.811660388865887,0.584129620158127));
#9248=DIRECTION('',(0.,0.874255937772027,0.485465297699386));
#9249=DIRECTION('',(0.,0.923622257460331,0.383303959702848));
#9250=DIRECTION('',(0.,0.960434229820818,0.278506894328476));
#9251=DIRECTION('',(0.,0.98345019333301,0.181178688684034));
#9252=DIRECTION('',(0.,0.995931678300051,0.090111553967535));
#9253=DIRECTION('',(0.,0.99999244724523,0.00388657336172556));
#9254=DIRECTION('',(0.,0.997203323950812,-0.0747364081385502));
#9255=DIRECTION('',(0.,0.984584083426971,-0.174911928301852));
#9256=DIRECTION('',(0.,0.950557624783966,-0.310548228082313));
#9257=DIRECTION('',(0.,0.893523039073685,-0.449017347821357));
#9258=DIRECTION('',(0.,0.824552088625467,-0.565786048911936));
#9259=DIRECTION('',(0.,0.746072079802509,-0.665865190364506));
#9260=DIRECTION('',(0.,0.645093352557527,-0.764103766831502));
#9261=DIRECTION('',(0.,0.526603424523848,-0.850111071142916));
#9262=DIRECTION('',(0.,0.399495668880762,-0.916735081986891));
#9263=DIRECTION('',(0.,0.283551799690247,-0.958956921291265));
#9264=DIRECTION('',(0.,0.159778584903078,-0.987152877626546));
#9265=DIRECTION('',(0.,0.0744281427934561,-0.997226379294249));
#9266=DIRECTION('',(0.,0.0201227675288491,-0.999797516613729));
#9267=DIRECTION('',(0.,1.,0.));
#9268=DIRECTION('',(0.,0.,-1.));
#9269=DIRECTION('',(0.,1.,0.));
#9270=DIRECTION('',(0.,0.,-1.));
#9271=DIRECTION('',(0.,-1.,0.));
#9272=DIRECTION('',(0.,-0.707300350795595,0.706913158573547));
#9273=DIRECTION('',(0.,0.706913264552435,0.707300244874706));
#9274=DIRECTION('',(0.,1.,0.));
#9275=DIRECTION('',(0.,-0.0805196557443508,-0.996753021083363));
#9276=DIRECTION('',(0.,-0.268201398971731,-0.963362864962941));
#9277=DIRECTION('',(0.,-0.479083052422866,-0.877769576187959));
#9278=DIRECTION('',(0.,-0.661158924680266,-0.750245877240012));
#9279=DIRECTION('',(0.,-0.803022242332007,-0.595949056816164));
#9280=DIRECTION('',(0.,-0.915595151437575,-0.402101378590033));
#9281=DIRECTION('',(0.,-0.972541951013981,-0.232727638062004));
#9282=DIRECTION('',(0.,-0.995219364781138,-0.0976648143633527));
#9283=DIRECTION('',(0.,-0.999129202542092,0.0417233343298834));
#9284=DIRECTION('',(0.,-0.987208234080847,0.159436202171824));
#9285=DIRECTION('',(0.,-0.968971912577387,0.247170857173982));
#9286=DIRECTION('',(0.,-0.946419543783214,0.322939695833717));
#9287=DIRECTION('',(0.,-0.91699788319925,0.398892068369496));
#9288=DIRECTION('',(0.,-0.866896611851453,0.498487978150398));
#9289=DIRECTION('',(0.,-0.801826213533082,0.597557297078029));
#9290=DIRECTION('',(0.,-0.716866740553033,0.697210209541477));
#9291=DIRECTION('',(0.,-0.613594623192058,0.789621199303689));
#9292=DIRECTION('',(0.,-0.499489606890813,0.866319878917748));
#9293=DIRECTION('',(0.,-0.36843078697182,0.929655180812394));
#9294=DIRECTION('',(0.,-0.216814579211079,0.976212803768483));
#9295=DIRECTION('',(0.,-0.0692574000741966,0.997598823443053));
#9296=DIRECTION('',(0.,0.111389661015501,0.9937768076479));
#9297=DIRECTION('',(0.,0.372902978458815,0.927870340433697));
#9298=DIRECTION('',(0.,0.639729735588205,0.768599938462296));
#9299=DIRECTION('',(0.,0.844192985335625,0.536039367500304));
#9300=DIRECTION('',(0.,0.967252107505918,0.253817573318632));
#9301=DIRECTION('',(0.,0.99999073120872,-0.00430551932410323));
#9302=DIRECTION('',(0.,0.982399516148701,-0.186791837805612));
#9303=DIRECTION('',(0.,0.942800210633316,-0.333358309975579));
#9304=DIRECTION('',(0.,0.885404136628509,-0.464822024909668));
#9305=DIRECTION('',(0.,0.81141800753921,-0.584466266811951));
#9306=DIRECTION('',(0.,0.707866201190751,-0.70634654470152));
#9307=DIRECTION('',(0.,0.577315142823209,-0.816521417886278));
#9308=DIRECTION('',(0.,0.427722766399958,-0.903909970684673));
#9309=DIRECTION('',(0.,0.259086634016834,-0.965854086326619));
#9310=DIRECTION('',(0.,0.0844253802806376,-0.996429804434045));
#9311=DIRECTION('',(1.,0.,0.));
#9312=DIRECTION('',(0.,0.,-1.));
#9313=DIRECTION('',(0.,-0.109862250406905,0.993946822488774));
#9314=DIRECTION('',(0.,-0.31444223358609,0.949276609707303));
#9315=DIRECTION('',(0.,-0.482778058210915,0.875742739912868));
#9316=DIRECTION('',(0.,-0.628834276022952,0.77753935803835));
#9317=DIRECTION('',(0.,-0.753239488821522,0.657746358773572));
#9318=DIRECTION('',(0.,-0.84009474031674,0.542439699222088));
#9319=DIRECTION('',(0.,-0.898543991450644,0.438883464518708));
#9320=DIRECTION('',(0.,-0.946202726927149,0.323574411157042));
#9321=DIRECTION('',(0.,-0.982496372342891,0.186281717656507));
#9322=DIRECTION('',(0.,-0.99989219706983,0.0146831276936361));
#9323=DIRECTION('',(0.,-0.974332404312645,-0.22511411751896));
#9324=DIRECTION('',(0.,-0.86268307464398,-0.505744908746306));
#9325=DIRECTION('',(0.,-0.664815897653944,-0.74700724375777));
#9326=DIRECTION('',(0.,-0.399736872559712,-0.916629932260659));
#9327=DIRECTION('',(0.,-0.121672126756627,-0.992570346912761));
#9328=DIRECTION('',(0.,0.160712380672386,-0.987001282014676));
#9329=DIRECTION('',(0.,0.474483770064332,-0.88026425120275));
#9330=DIRECTION('',(0.,0.70779662800208,-0.706416260705319));
#9331=DIRECTION('',(0.,0.836955179392748,-0.547271438764762));
#9332=DIRECTION('',(0.,0.922501967739657,-0.385992382718183));
#9333=DIRECTION('',(0.,0.979009109226057,-0.203816496026212));
#9334=DIRECTION('',(0.,0.999993370315713,-0.00364133555472028));
#9335=DIRECTION('',(0.,0.969455856551357,0.245265860237976));
#9336=DIRECTION('',(0.,0.862636640998648,0.505824105402826));
#9337=DIRECTION('',(0.,0.677391791647148,0.735622430740843));
#9338=DIRECTION('',(0.,0.404998417327603,0.914317385792339));
#9339=DIRECTION('',(0.,0.122249410259647,0.992499411431145));
#9340=DIRECTION('',(1.,0.,0.));
#9341=DIRECTION('',(0.,0.,-1.));
#9342=DIRECTION('',(0.,-0.707300244875363,0.706913264551777));
#9343=DIRECTION('',(0.,-3.04977496640323E-013,-1.));
#9344=DIRECTION('',(0.,0.707106781186546,0.707106781186549));
#9345=DIRECTION('',(1.,0.,0.));
#9346=DIRECTION('',(0.,0.,-1.));
#9347=DIRECTION('',(0.,0.,1.));
#9348=DIRECTION('',(0.,-0.0225322866650212,0.999746115800229));
#9349=DIRECTION('',(0.,-0.0840901012716269,0.996458155101421));
#9350=DIRECTION('',(0.,-0.182763178258422,0.983156966446803));
#9351=DIRECTION('',(0.,-0.334318618102346,0.942460111405325));
#9352=DIRECTION('',(0.,-0.466431206743271,0.884557476581379));
#9353=DIRECTION('',(0.,-0.584783049319618,0.811189734420036));
#9354=DIRECTION('',(0.,-0.689872185060276,0.723931190293774));
#9355=DIRECTION('',(0.,-0.778837695123555,0.627225513395803));
#9356=DIRECTION('',(0.,-0.845053052673796,0.534682464801959));
#9357=DIRECTION('',(0.,-0.906325138296366,0.422581049849698));
#9358=DIRECTION('',(0.,-0.956893343093584,0.290439546107594));
#9359=DIRECTION('',(0.,-0.985889202402607,0.167399165427879));
#9360=DIRECTION('',(0.,-0.998605332182913,0.0527957435391646));
#9361=DIRECTION('',(0.,-0.994654349293996,-0.103260473708661));
#9362=DIRECTION('',(0.,-0.943608492341768,-0.331063457935932));
#9363=DIRECTION('',(0.,-0.830435215650251,-0.557115205866723));
#9364=DIRECTION('',(0.,-0.679515995517463,-0.733660692579281));
#9365=DIRECTION('',(0.,-0.464779464482361,-0.885426478819947));
#9366=DIRECTION('',(0.,-0.229127949503165,-0.973396313305364));
#9367=DIRECTION('',(0.,-0.0987696326455418,-0.995110325374561));
#9368=DIRECTION('',(0.,-0.0254786868693143,-0.999675365563949));
#9369=DIRECTION('',(0.,0.,-1.));
#9370=DIRECTION('',(0.,0.952431132453471,-0.304753897322739));
#9371=DIRECTION('',(1.,0.,0.));
#9372=DIRECTION('',(0.,0.,-1.));
#9373=DIRECTION('',(-1.,0.,0.));
#9374=DIRECTION('',(0.,0.31444223358609,-0.949276609707303));
#9375=DIRECTION('',(-1.,0.,0.));
#9376=DIRECTION('',(0.,0.949276609707303,0.31444223358609));
#9377=DIRECTION('',(0.,0.31444223358609,-0.949276609707303));
#9378=DIRECTION('',(0.,0.482778058210915,-0.875742739912868));
#9379=DIRECTION('',(-1.,0.,0.));
#9380=DIRECTION('',(0.,0.875742739912868,0.482778058210915));
#9381=DIRECTION('',(0.,0.482778058210915,-0.875742739912868));
#9382=DIRECTION('',(0.,0.628834276022952,-0.77753935803835));
#9383=DIRECTION('',(-1.,0.,0.));
#9384=DIRECTION('',(0.,0.77753935803835,0.628834276022952));
#9385=DIRECTION('',(0.,0.628834276022952,-0.77753935803835));
#9386=DIRECTION('',(0.,0.753239488821522,-0.657746358773572));
#9387=DIRECTION('',(-1.,0.,0.));
#9388=DIRECTION('',(0.,0.657746358773572,0.753239488821522));
#9389=DIRECTION('',(0.,0.753239488821522,-0.657746358773572));
#9390=DIRECTION('',(0.,0.84009474031674,-0.542439699222088));
#9391=DIRECTION('',(-1.,0.,0.));
#9392=DIRECTION('',(0.,0.542439699222088,0.84009474031674));
#9393=DIRECTION('',(0.,0.84009474031674,-0.542439699222088));
#9394=DIRECTION('',(0.,0.898543991450644,-0.438883464518708));
#9395=DIRECTION('',(-1.,0.,0.));
#9396=DIRECTION('',(0.,0.438883464518708,0.898543991450644));
#9397=DIRECTION('',(0.,0.898543991450644,-0.438883464518708));
#9398=DIRECTION('',(0.,0.946202726927149,-0.323574411157042));
#9399=DIRECTION('',(-1.,0.,0.));
#9400=DIRECTION('',(0.,0.323574411157042,0.946202726927149));
#9401=DIRECTION('',(0.,0.946202726927149,-0.323574411157042));
#9402=DIRECTION('',(0.,0.982496372342891,-0.186281717656507));
#9403=DIRECTION('',(-1.,0.,0.));
#9404=DIRECTION('',(0.,0.186281717656507,0.982496372342891));
#9405=DIRECTION('',(0.,0.982496372342891,-0.186281717656507));
#9406=DIRECTION('',(0.,0.99989219706983,-0.0146831276936361));
#9407=DIRECTION('',(-1.,0.,0.));
#9408=DIRECTION('',(0.,0.0146831276936361,0.99989219706983));
#9409=DIRECTION('',(0.,0.99989219706983,-0.0146831276936361));
#9410=DIRECTION('',(0.,0.974332404312645,0.22511411751896));
#9411=DIRECTION('',(-1.,0.,0.));
#9412=DIRECTION('',(0.,-0.22511411751896,0.974332404312645));
#9413=DIRECTION('',(0.,0.974332404312645,0.22511411751896));
#9414=DIRECTION('',(0.,0.86268307464398,0.505744908746306));
#9415=DIRECTION('',(-1.,0.,0.));
#9416=DIRECTION('',(0.,-0.505744908746306,0.86268307464398));
#9417=DIRECTION('',(0.,0.86268307464398,0.505744908746306));
#9418=DIRECTION('',(0.,0.664815897653944,0.74700724375777));
#9419=DIRECTION('',(-1.,0.,0.));
#9420=DIRECTION('',(0.,-0.74700724375777,0.664815897653944));
#9421=DIRECTION('',(0.,0.664815897653944,0.74700724375777));
#9422=DIRECTION('',(0.,0.399736872559712,0.916629932260659));
#9423=DIRECTION('',(-1.,0.,0.));
#9424=DIRECTION('',(0.,-0.916629932260659,0.399736872559712));
#9425=DIRECTION('',(0.,0.399736872559712,0.916629932260659));
#9426=DIRECTION('',(0.,0.121672126756627,0.992570346912761));
#9427=DIRECTION('',(-1.,0.,0.));
#9428=DIRECTION('',(0.,-0.992570346912761,0.121672126756627));
#9429=DIRECTION('',(0.,0.121672126756627,0.992570346912761));
#9430=DIRECTION('',(0.,-0.160712380672386,0.987001282014676));
#9431=DIRECTION('',(-1.,0.,0.));
#9432=DIRECTION('',(0.,-0.987001282014676,-0.160712380672386));
#9433=DIRECTION('',(0.,-0.160712380672386,0.987001282014676));
#9434=DIRECTION('',(0.,-0.474483770064332,0.88026425120275));
#9435=DIRECTION('',(-1.,0.,0.));
#9436=DIRECTION('',(0.,-0.88026425120275,-0.474483770064332));
#9437=DIRECTION('',(0.,-0.474483770064332,0.88026425120275));
#9438=DIRECTION('',(0.,-0.70779662800208,0.706416260705319));
#9439=DIRECTION('',(-1.,0.,0.));
#9440=DIRECTION('',(0.,-0.706416260705319,-0.70779662800208));
#9441=DIRECTION('',(0.,-0.70779662800208,0.706416260705319));
#9442=DIRECTION('',(0.,-0.836955179392748,0.547271438764762));
#9443=DIRECTION('',(-1.,0.,0.));
#9444=DIRECTION('',(0.,-0.547271438764762,-0.836955179392748));
#9445=DIRECTION('',(0.,-0.836955179392748,0.547271438764762));
#9446=DIRECTION('',(0.,-0.922501967739657,0.385992382718183));
#9447=DIRECTION('',(-1.,0.,0.));
#9448=DIRECTION('',(0.,-0.385992382718183,-0.922501967739657));
#9449=DIRECTION('',(0.,-0.922501967739657,0.385992382718183));
#9450=DIRECTION('',(0.,-0.979009109226057,0.203816496026212));
#9451=DIRECTION('',(-1.,0.,0.));
#9452=DIRECTION('',(0.,-0.203816496026212,-0.979009109226057));
#9453=DIRECTION('',(0.,-0.979009109226057,0.203816496026212));
#9454=DIRECTION('',(0.,-0.999993370315713,0.00364133555472028));
#9455=DIRECTION('',(-1.,0.,0.));
#9456=DIRECTION('',(0.,-0.00364133555472029,-0.999993370315713));
#9457=DIRECTION('',(0.,-0.999993370315713,0.00364133555472029));
#9458=DIRECTION('',(0.,-0.969455856551357,-0.245265860237976));
#9459=DIRECTION('',(-1.,0.,0.));
#9460=DIRECTION('',(0.,0.245265860237976,-0.969455856551357));
#9461=DIRECTION('',(0.,-0.969455856551357,-0.245265860237976));
#9462=DIRECTION('',(0.,-0.862636640998648,-0.505824105402826));
#9463=DIRECTION('',(-1.,0.,0.));
#9464=DIRECTION('',(0.,0.505824105402826,-0.862636640998648));
#9465=DIRECTION('',(0.,-0.862636640998648,-0.505824105402826));
#9466=DIRECTION('',(0.,-0.677391791647148,-0.735622430740843));
#9467=DIRECTION('',(-1.,0.,0.));
#9468=DIRECTION('',(0.,0.735622430740843,-0.677391791647148));
#9469=DIRECTION('',(0.,-0.677391791647148,-0.735622430740843));
#9470=DIRECTION('',(0.,-0.404998417327603,-0.914317385792339));
#9471=DIRECTION('',(-1.,0.,0.));
#9472=DIRECTION('',(0.,0.914317385792339,-0.404998417327603));
#9473=DIRECTION('',(0.,-0.404998417327603,-0.914317385792339));
#9474=DIRECTION('',(0.,-0.122249410259647,-0.992499411431145));
#9475=DIRECTION('',(-1.,0.,0.));
#9476=DIRECTION('',(0.,0.992499411431145,-0.122249410259647));
#9477=DIRECTION('',(0.,-0.122249410259647,-0.992499411431145));
#9478=DIRECTION('',(0.,0.109862250406905,-0.993946822488774));
#9479=DIRECTION('',(0.,0.993946822488774,0.109862250406905));
#9480=DIRECTION('',(0.,0.109862250406905,-0.993946822488774));
#9481=DIRECTION('',(-1.,0.,0.));
#9482=DIRECTION('',(0.,3.04977496640323E-013,1.));
#9483=DIRECTION('',(-1.,0.,0.));
#9484=DIRECTION('',(0.,-1.,3.04977496640323E-013));
#9485=DIRECTION('',(0.,3.04978264864531E-013,1.));
#9486=DIRECTION('',(0.,-0.707106781186546,-0.707106781186549));
#9487=DIRECTION('',(-1.,0.,0.));
#9488=DIRECTION('',(0.,0.707106781186549,-0.707106781186546));
#9489=DIRECTION('',(0.,-0.707106781186546,-0.707106781186549));
#9490=DIRECTION('',(0.,0.707300244875363,-0.706913264551777));
#9491=DIRECTION('',(0.,0.706913264551777,0.707300244875363));
#9492=DIRECTION('',(0.,0.707300244875363,-0.706913264551777));
#9493=DIRECTION('',(-1.,0.,0.));
#9494=DIRECTION('',(0.,0.0225322866650212,-0.999746115800229));
#9495=DIRECTION('',(-1.,0.,0.));
#9496=DIRECTION('',(0.,0.999746115800229,0.0225322866650212));
#9497=DIRECTION('',(0.,0.0225322866650212,-0.999746115800229));
#9498=DIRECTION('',(0.,0.0840901012716269,-0.996458155101421));
#9499=DIRECTION('',(-1.,0.,0.));
#9500=DIRECTION('',(0.,0.996458155101421,0.0840901012716269));
#9501=DIRECTION('',(0.,0.0840901012716269,-0.996458155101421));
#9502=DIRECTION('',(0.,0.182763178258422,-0.983156966446803));
#9503=DIRECTION('',(-1.,0.,0.));
#9504=DIRECTION('',(0.,0.983156966446803,0.182763178258422));
#9505=DIRECTION('',(0.,0.182763178258422,-0.983156966446803));
#9506=DIRECTION('',(0.,0.334318618102346,-0.942460111405325));
#9507=DIRECTION('',(-1.,0.,0.));
#9508=DIRECTION('',(0.,0.942460111405325,0.334318618102346));
#9509=DIRECTION('',(0.,0.334318618102346,-0.942460111405325));
#9510=DIRECTION('',(0.,0.466431206743271,-0.884557476581379));
#9511=DIRECTION('',(-1.,0.,0.));
#9512=DIRECTION('',(0.,0.884557476581379,0.466431206743271));
#9513=DIRECTION('',(0.,0.466431206743271,-0.884557476581379));
#9514=DIRECTION('',(0.,0.584783049319618,-0.811189734420036));
#9515=DIRECTION('',(-1.,0.,0.));
#9516=DIRECTION('',(0.,0.811189734420037,0.584783049319618));
#9517=DIRECTION('',(0.,0.584783049319618,-0.811189734420037));
#9518=DIRECTION('',(0.,0.689872185060276,-0.723931190293774));
#9519=DIRECTION('',(-1.,0.,0.));
#9520=DIRECTION('',(0.,0.723931190293774,0.689872185060276));
#9521=DIRECTION('',(0.,0.689872185060276,-0.723931190293774));
#9522=DIRECTION('',(0.,0.778837695123555,-0.627225513395803));
#9523=DIRECTION('',(-1.,0.,0.));
#9524=DIRECTION('',(0.,0.627225513395803,0.778837695123555));
#9525=DIRECTION('',(0.,0.778837695123555,-0.627225513395803));
#9526=DIRECTION('',(0.,0.845053052673796,-0.534682464801959));
#9527=DIRECTION('',(-1.,0.,0.));
#9528=DIRECTION('',(0.,0.534682464801959,0.845053052673796));
#9529=DIRECTION('',(0.,0.845053052673796,-0.534682464801959));
#9530=DIRECTION('',(0.,0.906325138296366,-0.422581049849698));
#9531=DIRECTION('',(-1.,0.,0.));
#9532=DIRECTION('',(0.,0.422581049849698,0.906325138296366));
#9533=DIRECTION('',(0.,0.906325138296366,-0.422581049849698));
#9534=DIRECTION('',(0.,0.956893343093584,-0.290439546107594));
#9535=DIRECTION('',(-1.,0.,0.));
#9536=DIRECTION('',(0.,0.290439546107594,0.956893343093584));
#9537=DIRECTION('',(0.,0.956893343093584,-0.290439546107594));
#9538=DIRECTION('',(0.,0.985889202402607,-0.167399165427879));
#9539=DIRECTION('',(-1.,0.,0.));
#9540=DIRECTION('',(0.,0.167399165427879,0.985889202402607));
#9541=DIRECTION('',(0.,0.985889202402607,-0.167399165427879));
#9542=DIRECTION('',(0.,0.998605332182913,-0.0527957435391646));
#9543=DIRECTION('',(-1.,0.,0.));
#9544=DIRECTION('',(0.,0.0527957435391646,0.998605332182913));
#9545=DIRECTION('',(0.,0.998605332182913,-0.0527957435391646));
#9546=DIRECTION('',(0.,0.994654349293996,0.103260473708661));
#9547=DIRECTION('',(-1.,0.,0.));
#9548=DIRECTION('',(0.,-0.103260473708661,0.994654349293996));
#9549=DIRECTION('',(0.,0.994654349293996,0.103260473708661));
#9550=DIRECTION('',(0.,0.943608492341768,0.331063457935932));
#9551=DIRECTION('',(-1.,0.,0.));
#9552=DIRECTION('',(0.,-0.331063457935932,0.943608492341767));
#9553=DIRECTION('',(0.,0.943608492341767,0.331063457935932));
#9554=DIRECTION('',(0.,0.830435215650251,0.557115205866723));
#9555=DIRECTION('',(-1.,0.,0.));
#9556=DIRECTION('',(0.,-0.557115205866723,0.830435215650251));
#9557=DIRECTION('',(0.,0.830435215650251,0.557115205866723));
#9558=DIRECTION('',(0.,0.679515995517463,0.733660692579281));
#9559=DIRECTION('',(-1.,0.,0.));
#9560=DIRECTION('',(0.,-0.733660692579281,0.679515995517463));
#9561=DIRECTION('',(0.,0.679515995517463,0.733660692579281));
#9562=DIRECTION('',(0.,0.464779464482361,0.885426478819947));
#9563=DIRECTION('',(-1.,0.,0.));
#9564=DIRECTION('',(0.,-0.885426478819947,0.464779464482361));
#9565=DIRECTION('',(0.,0.464779464482361,0.885426478819947));
#9566=DIRECTION('',(0.,0.229127949503165,0.973396313305364));
#9567=DIRECTION('',(-1.,0.,0.));
#9568=DIRECTION('',(0.,-0.973396313305364,0.229127949503165));
#9569=DIRECTION('',(0.,0.229127949503165,0.973396313305364));
#9570=DIRECTION('',(0.,0.0987696326455418,0.995110325374561));
#9571=DIRECTION('',(-1.,0.,0.));
#9572=DIRECTION('',(0.,-0.995110325374561,0.0987696326455418));
#9573=DIRECTION('',(0.,0.0987696326455418,0.995110325374561));
#9574=DIRECTION('',(0.,0.0254786868693143,0.999675365563949));
#9575=DIRECTION('',(-1.,0.,0.));
#9576=DIRECTION('',(0.,-0.999675365563949,0.0254786868693143));
#9577=DIRECTION('',(0.,0.0254786868693143,0.999675365563949));
#9578=DIRECTION('',(0.,0.,1.));
#9579=DIRECTION('',(-1.,0.,0.));
#9580=DIRECTION('',(0.,-1.,0.));
#9581=DIRECTION('',(0.,0.,1.));
#9582=DIRECTION('',(0.,-0.952431132453471,0.304753897322739));
#9583=DIRECTION('',(-1.,0.,0.));
#9584=DIRECTION('',(0.,-0.304753897322739,-0.952431132453471));
#9585=DIRECTION('',(0.,-0.952431132453471,0.304753897322739));
#9586=DIRECTION('',(0.,0.,-1.));
#9587=DIRECTION('',(0.,1.,0.));
#9588=DIRECTION('',(0.,0.,-1.));
#9589=DIRECTION('',(0.,-1.,0.));
#9590=DIRECTION('',(0.,0.,1.));
#9591=DIRECTION('',(0.,1.,0.));
#9592=DIRECTION('',(0.,0.,-1.));
#9593=DIRECTION('',(0.,-1.,0.));
#9594=DIRECTION('',(0.,0.,1.));
#9595=DIRECTION('',(0.,0.0805196557443508,0.996753021083363));
#9596=DIRECTION('',(0.,-0.0844253802806376,0.996429804434045));
#9597=DIRECTION('',(0.,-0.259086634016834,0.965854086326619));
#9598=DIRECTION('',(0.,-0.427722766399958,0.903909970684673));
#9599=DIRECTION('',(0.,-0.577315142823209,0.816521417886278));
#9600=DIRECTION('',(0.,-0.707866201190751,0.70634654470152));
#9601=DIRECTION('',(0.,-0.81141800753921,0.584466266811951));
#9602=DIRECTION('',(0.,-0.885404136628509,0.464822024909668));
#9603=DIRECTION('',(0.,-0.942800210633316,0.333358309975579));
#9604=DIRECTION('',(0.,-0.982399516148701,0.186791837805612));
#9605=DIRECTION('',(0.,-0.99999073120872,0.00430551932410323));
#9606=DIRECTION('',(0.,-0.967252107505918,-0.253817573318632));
#9607=DIRECTION('',(0.,-0.844192985335625,-0.536039367500304));
#9608=DIRECTION('',(0.,-0.639729735588205,-0.768599938462296));
#9609=DIRECTION('',(0.,-0.372902978458815,-0.927870340433697));
#9610=DIRECTION('',(0.,-0.111389661015501,-0.9937768076479));
#9611=DIRECTION('',(0.,0.0692574000741966,-0.997598823443053));
#9612=DIRECTION('',(0.,0.216814579211079,-0.976212803768483));
#9613=DIRECTION('',(0.,0.36843078697182,-0.929655180812394));
#9614=DIRECTION('',(0.,0.499489606890813,-0.866319878917748));
#9615=DIRECTION('',(0.,0.613594623192058,-0.789621199303689));
#9616=DIRECTION('',(0.,0.716866740553033,-0.697210209541477));
#9617=DIRECTION('',(0.,0.801826213533082,-0.597557297078029));
#9618=DIRECTION('',(0.,0.866896611851453,-0.498487978150398));
#9619=DIRECTION('',(0.,0.91699788319925,-0.398892068369496));
#9620=DIRECTION('',(0.,0.946419543783214,-0.322939695833717));
#9621=DIRECTION('',(0.,0.968971912577387,-0.247170857173982));
#9622=DIRECTION('',(0.,0.987208234080847,-0.159436202171824));
#9623=DIRECTION('',(0.,0.999129202542092,-0.0417233343298834));
#9624=DIRECTION('',(0.,0.995219364781138,0.0976648143633527));
#9625=DIRECTION('',(0.,0.972541951013981,0.232727638062004));
#9626=DIRECTION('',(0.,0.915595151437575,0.402101378590033));
#9627=DIRECTION('',(0.,0.803022242332007,0.595949056816164));
#9628=DIRECTION('',(0.,0.661158924680266,0.750245877240012));
#9629=DIRECTION('',(0.,0.479083052422866,0.877769576187959));
#9630=DIRECTION('',(0.,0.268201398971731,0.963362864962941));
#9631=DIRECTION('',(-1.,0.,0.));
#9632=DIRECTION('',(0.,0.,-1.));
#9633=DIRECTION('',(0.,0.,1.));
#9634=DIRECTION('',(0.,-1.,0.));
#9635=DIRECTION('',(0.,-0.706913264552435,-0.707300244874706));
#9636=DIRECTION('',(0.,0.707300350795595,-0.706913158573547));
#9637=DIRECTION('',(0.,1.,0.));
#9638=DIRECTION('',(1.,0.,0.));
#9639=DIRECTION('',(0.,0.,1.));
#9640=DIRECTION('',(0.,0.,1.));
#9641=DIRECTION('',(0.,-0.0201227675288491,0.999797516613729));
#9642=DIRECTION('',(0.,-0.0744281427934561,0.997226379294249));
#9643=DIRECTION('',(0.,-0.159778584903078,0.987152877626546));
#9644=DIRECTION('',(0.,-0.283551799690247,0.958956921291265));
#9645=DIRECTION('',(0.,-0.399495668880762,0.916735081986891));
#9646=DIRECTION('',(0.,-0.526603424523848,0.850111071142916));
#9647=DIRECTION('',(0.,-0.645093352557527,0.764103766831502));
#9648=DIRECTION('',(0.,-0.746072079802509,0.665865190364506));
#9649=DIRECTION('',(0.,-0.824552088625467,0.565786048911936));
#9650=DIRECTION('',(0.,-0.893523039073685,0.449017347821357));
#9651=DIRECTION('',(0.,-0.950557624783966,0.310548228082313));
#9652=DIRECTION('',(0.,-0.984584083426971,0.174911928301852));
#9653=DIRECTION('',(0.,-0.997203323950812,0.0747364081385502));
#9654=DIRECTION('',(0.,-0.99999244724523,-0.00388657336172556));
#9655=DIRECTION('',(0.,-0.995931678300051,-0.090111553967535));
#9656=DIRECTION('',(0.,-0.98345019333301,-0.181178688684034));
#9657=DIRECTION('',(0.,-0.960434229820818,-0.278506894328476));
#9658=DIRECTION('',(0.,-0.923622257460331,-0.383303959702848));
#9659=DIRECTION('',(0.,-0.874255937772027,-0.485465297699386));
#9660=DIRECTION('',(0.,-0.811660388865887,-0.584129620158127));
#9661=DIRECTION('',(0.,-0.733531520416511,-0.679655433698166));
#9662=DIRECTION('',(0.,-0.645799228425952,-0.763507273419478));
#9663=DIRECTION('',(0.,-0.543291166633931,-0.839544345617039));
#9664=DIRECTION('',(0.,-0.435818003867145,-0.900034814607333));
#9665=DIRECTION('',(0.,-0.326616229116189,-0.945157044558163));
#9666=DIRECTION('',(0.,-0.22675798475719,-0.9739511365304));
#9667=DIRECTION('',(0.,-0.137405563066964,-0.990514871790551));
#9668=DIRECTION('',(0.,-0.0649149341758847,-0.997890801300894));
#9669=DIRECTION('',(0.,-0.0241369592257833,-0.999708661160507));
#9670=DIRECTION('',(0.,-0.00588552207372449,-0.999982680164972));
#9671=DIRECTION('',(0.,0.,-1.));
#9672=DIRECTION('',(0.,0.952246843212386,-0.305329247849015));
#9673=DIRECTION('',(1.,0.,0.));
#9674=DIRECTION('',(0.,0.,1.));
#9675=DIRECTION('',(0.,0.,1.));
#9676=DIRECTION('',(0.,-0.951603934557164,0.307327108689299));
#9677=DIRECTION('',(0.,0.,-1.));
#9678=DIRECTION('',(0.,-0.946205466861272,0.323566398876402));
#9679=DIRECTION('',(0.,0.,1.));
#9680=DIRECTION('',(0.,-0.952727680311532,0.303825553843333));
#9681=DIRECTION('',(0.,0.,-1.));
#9682=DIRECTION('',(0.,-0.952004245667576,0.306084818687417));
#9683=DIRECTION('',(0.,0.,1.));
#9684=DIRECTION('',(0.,-0.952727679570608,0.3038255561667));
#9685=DIRECTION('',(0.,1.55387679928859E-012,-1.));
#9686=DIRECTION('',(0.,0.952377751806073,-0.304920674708702));
#9687=DIRECTION('',(1.,0.,0.));
#9688=DIRECTION('',(0.,0.,1.));
#9689=DIRECTION('',(0.,0.,1.));
#9690=DIRECTION('',(0.,-0.952447512637305,0.30470270046557));
#9691=DIRECTION('',(0.,6.03322409524639E-012,-1.));
#9692=DIRECTION('',(0.,0.952306731648552,-0.305142407503206));
#9693=DIRECTION('',(0.,-0.959567380004137,-0.281479028050041));
#9694=DIRECTION('',(0.,0.,-1.));
#9695=DIRECTION('',(0.,0.952451871401928,-0.304689075391564));
#9696=DIRECTION('',(0.,0.,1.));
#9697=DIRECTION('',(0.,-0.95235898953866,0.304979269860925));
#9698=DIRECTION('',(0.,0.960263915503136,0.279093555250897));
#9699=DIRECTION('',(-1.,0.,0.));
#9700=DIRECTION('',(0.,0.,-1.));
#9701=DIRECTION('',(0.,-0.0495754459657358,0.998770381597942));
#9702=DIRECTION('',(0.,-0.147196766991849,0.989107229670852));
#9703=DIRECTION('',(0.,-0.240444730288711,0.97066283109862));
#9704=DIRECTION('',(0.,-0.31949207366842,0.94758894825924));
#9705=DIRECTION('',(0.,-0.391133104073828,0.92033412133723));
#9706=DIRECTION('',(0.,-0.471364915090059,0.881938272682472));
#9707=DIRECTION('',(0.,-0.952054040108798,0.305929901631917));
#9708=DIRECTION('',(0.,0.,-1.));
#9709=DIRECTION('',(0.,0.952389022080167,-0.304885471318629));
#9710=DIRECTION('',(0.,0.,1.));
#9711=DIRECTION('',(0.,0.952924008668797,-0.303209224303271));
#9712=DIRECTION('',(0.,0.404569848694491,-0.914507100862162));
#9713=DIRECTION('',(0.,0.336787891755509,-0.941580541412618));
#9714=DIRECTION('',(0.,0.277245006416112,-0.960799253963766));
#9715=DIRECTION('',(0.,0.216309538928995,-0.976324834964432));
#9716=DIRECTION('',(0.,0.135639528795594,-0.990758254181165));
#9717=DIRECTION('',(0.,0.0469281005666974,-0.998898269783866));
#9718=DIRECTION('',(0.,-0.0990792077721939,-0.99507954987892));
#9719=DIRECTION('',(0.,-0.350259361579755,-0.936652752959037));
#9720=DIRECTION('',(0.,-0.639159181811039,-0.769074469935548));
#9721=DIRECTION('',(0.,-0.873473588208155,-0.486871534085503));
#9722=DIRECTION('',(0.,-0.981425923309925,-0.191841489400133));
#9723=DIRECTION('',(0.,-0.999592309387895,0.0285519703798936));
#9724=DIRECTION('',(0.,-0.985211298245178,0.17134380003388));
#9725=DIRECTION('',(0.,-0.955203225177756,0.29595066921704));
#9726=DIRECTION('',(0.,-0.907531158742339,0.419984756761227));
#9727=DIRECTION('',(0.,-0.839546858557664,0.543287283383255));
#9728=DIRECTION('',(0.,-0.734803444868105,0.678280102472398));
#9729=DIRECTION('',(0.,-0.590360630299031,0.807139595233024));
#9730=DIRECTION('',(0.,-0.428386376463422,0.90359565761492));
#9731=DIRECTION('',(0.,-0.264236175462255,0.964458005087355));
#9732=DIRECTION('',(0.,-0.0875358665117202,0.996161368491091));
#9733=DIRECTION('',(0.,0.0890403673610169,0.99602801817028));
#9734=DIRECTION('',(0.,0.298732646011996,0.954336841061201));
#9735=DIRECTION('',(0.,0.529631465451982,0.848227864906115));
#9736=DIRECTION('',(0.,0.739374555460245,0.673294338857802));
#9737=DIRECTION('',(0.,0.884873158968327,0.465832043270333));
#9738=DIRECTION('',(0.,0.962495508742601,0.271297614531203));
#9739=DIRECTION('',(0.,-0.112029679984044,0.993704861013909));
#9740=DIRECTION('',(0.,-0.978085666527184,-0.208202855249573));
#9741=DIRECTION('',(0.,-0.901312041888728,-0.433170408899745));
#9742=DIRECTION('',(0.,-0.747037444409295,-0.66478196173665));
#9743=DIRECTION('',(0.,-0.525738497794954,-0.850646243709043));
#9744=DIRECTION('',(0.,-0.286698752599462,-0.958020785399728));
#9745=DIRECTION('',(0.,-0.0833050206411339,-0.996524095813032));
#9746=DIRECTION('',(0.,0.0879759705724683,-0.996122597174581));
#9747=DIRECTION('',(0.,0.273974953246315,-0.961736827304476));
#9748=DIRECTION('',(0.,0.456873457952748,-0.889531698939559));
#9749=DIRECTION('',(0.,0.613584732461971,-0.789628885040036));
#9750=DIRECTION('',(0.,0.741697878604587,-0.670734117868963));
#9751=DIRECTION('',(0.,0.840144954031057,-0.542361923641541));
#9752=DIRECTION('',(0.,0.906054032173937,-0.423162014813889));
#9753=DIRECTION('',(0.,0.952802183359436,-0.303591830235089));
#9754=DIRECTION('',(0.,0.984428575815234,-0.175785036673748));
#9755=DIRECTION('',(0.,0.999999207836611,0.00125870018315789));
#9756=DIRECTION('',(0.,0.959035131229279,0.28328716361325));
#9757=DIRECTION('',(0.,0.803149212620027,0.595777930329608));
#9758=DIRECTION('',(0.,0.551019848715898,0.834492136764098));
#9759=DIRECTION('',(0.,0.291384127481929,0.956606131201131));
#9760=DIRECTION('',(0.,0.0821628662505896,0.996618915839694));
#9761=DIRECTION('',(-1.,0.,0.));
#9762=DIRECTION('',(0.,0.,-1.));
#9763=DIRECTION('',(0.,0.0588615494035133,0.998266155893216));
#9764=DIRECTION('',(0.,-0.0888048019082542,0.996049048570418));
#9765=DIRECTION('',(0.,-0.296432146924139,0.95505391589687));
#9766=DIRECTION('',(0.,-0.524194664685234,0.851598469653119));
#9767=DIRECTION('',(0.,-0.712951147931449,0.701213705415994));
#9768=DIRECTION('',(0.,-0.867008838541792,0.49829275921933));
#9769=DIRECTION('',(0.,-0.970149645240995,0.242507042864267));
#9770=DIRECTION('',(0.,-0.999984476109939,-0.00557203186741405));
#9771=DIRECTION('',(0.,-0.960434220730734,-0.278506925675733));
#9772=DIRECTION('',(0.,-0.830404976803856,-0.557160277208801));
#9773=DIRECTION('',(0.,-0.633488271437108,-0.773752292372452));
#9774=DIRECTION('',(0.,-0.504412722939686,-0.863462683001745));
#9775=DIRECTION('',(0.,-0.435132050042005,-0.9003666469979));
#9776=DIRECTION('',(0.,-0.435208672561373,-0.900329612601611));
#9777=DIRECTION('',(0.,-0.490931332962294,-0.871198270381585));
#9778=DIRECTION('',(0.,-0.596997622469535,-0.802243004809467));
#9779=DIRECTION('',(0.,-0.778879656351338,-0.627173405783457));
#9780=DIRECTION('',(0.,-0.940740910587515,-0.339126140465421));
#9781=DIRECTION('',(0.,-0.999644564924228,-0.0266597790210375));
#9782=DIRECTION('',(0.,-0.969692029649379,0.244330447620571));
#9783=DIRECTION('',(0.,-0.85977847823867,0.510667179636206));
#9784=DIRECTION('',(0.,-0.69080927170611,0.723037032332974));
#9785=DIRECTION('',(0.,-0.467244849531147,0.884127960527556));
#9786=DIRECTION('',(0.,-0.233275691574736,0.972410639452453));
#9787=DIRECTION('',(0.,-0.0642814661272842,0.997931807846872));
#9788=DIRECTION('',(0.,0.0808667413031717,0.996724922007575));
#9789=DIRECTION('',(0.,0.289186123771266,0.957272889942126));
#9790=DIRECTION('',(0.,0.553463255788673,0.832873594545896));
#9791=DIRECTION('',(0.,0.795382347527613,0.606108011200532));
#9792=DIRECTION('',(0.,0.94077389175506,0.339034636271928));
#9793=DIRECTION('',(0.,0.995363226071787,0.0961875677203923));
#9794=DIRECTION('',(0.,-0.044538703393109,0.999007659580276));
#9795=DIRECTION('',(0.,-0.997000813421135,-0.0773910720793693));
#9796=DIRECTION('',(0.,-0.937301604918251,-0.348519298486713));
#9797=DIRECTION('',(0.,-0.787859118883105,-0.615855509671496));
#9798=DIRECTION('',(0.,-0.558348373334605,-0.829606589893427));
#9799=DIRECTION('',(0.,-0.298802250421085,-0.954315050255048));
#9800=DIRECTION('',(0.,-0.0849408574989528,-0.996385994847048));
#9801=DIRECTION('',(0.,0.0856555569815664,-0.996324809265622));
#9802=DIRECTION('',(0.,0.290368134406897,-0.956915015307555));
#9803=DIRECTION('',(0.,0.523200062066149,-0.85220988908483));
#9804=DIRECTION('',(0.,0.723554460862122,-0.690267297622106));
#9805=DIRECTION('',(0.,0.876813305447268,-0.480830975905916));
#9806=DIRECTION('',(0.,0.972553566394177,-0.232679093375331));
#9807=DIRECTION('',(0.,0.999306225685077,-0.0372433525215796));
#9808=DIRECTION('',(0.,0.991359508515768,0.131172881630977));
#9809=DIRECTION('',(0.,0.947524997200978,0.319681684929378));
#9810=DIRECTION('',(0.,0.867172836711433,0.498007300418223));
#9811=DIRECTION('',(0.,0.760841913451846,0.648937271802856));
#9812=DIRECTION('',(0.,0.632061021485183,0.774918618384607));
#9813=DIRECTION('',(0.,0.52137270842734,0.853329068359411));
#9814=DIRECTION('',(0.,0.464888509103558,0.885369230379886));
#9815=DIRECTION('',(0.,0.429185423052014,0.903216404102397));
#9816=DIRECTION('',(0.,0.429355818348192,0.903135416895249));
#9817=DIRECTION('',(0.,0.477716034393445,0.878514308638966));
#9818=DIRECTION('',(0.,0.581110200988656,0.813824879385562));
#9819=DIRECTION('',(0.,0.772403389210571,0.635132273102244));
#9820=DIRECTION('',(0.,0.934676878301097,0.355498429207944));
#9821=DIRECTION('',(0.,0.999388094545814,0.034977656869606));
#9822=DIRECTION('',(0.,0.966201076594397,-0.257789603335409));
#9823=DIRECTION('',(0.,0.846482981434947,-0.532415779387691));
#9824=DIRECTION('',(0.,0.679295076658597,-0.733865245687102));
#9825=DIRECTION('',(0.,0.461505361233328,-0.887137419768153));
#9826=DIRECTION('',(0.,0.234230933220745,-0.972180986196778));
#9827=DIRECTION('',(0.,0.0652968742327053,-0.997865881877639));
#9828=DIRECTION('',(0.,-0.0820785053860501,-0.99662586709035));
#9829=DIRECTION('',(0.,-0.31463412060549,-0.949213026749428));
#9830=DIRECTION('',(0.,-0.64366828793237,-0.76530460282832));
#9831=DIRECTION('',(0.,-0.912053752098852,-0.410070668644328));
#9832=DIRECTION('',(0.,-0.990116987289655,-0.140243899975921));
#9833=DIRECTION('',(0.,-0.999861769023234,0.0166265704740398));
#9834=DIRECTION('',(0.,0.0519461064159613,-0.998649889615085));
#9835=DIRECTION('',(0.,0.997694111960222,-0.0678708992124252));
#9836=DIRECTION('',(0.,0.995739318864428,0.0922128454576954));
#9837=DIRECTION('',(0.,0.962364849873835,0.271760732497009));
#9838=DIRECTION('',(0.,0.872075964387021,0.489370526634418));
#9839=DIRECTION('',(0.,0.707987621154041,0.706224842590971));
#9840=DIRECTION('',(0.,0.522212592635108,0.852815342318206));
#9841=DIRECTION('',(0.,0.351561116653581,0.936164932721413));
#9842=DIRECTION('',(0.,0.194318825080669,0.980938425294508));
#9843=DIRECTION('',(-1.,0.,0.));
#9844=DIRECTION('',(0.,0.,-1.));
#9845=DIRECTION('',(0.,-1.,0.));
#9846=DIRECTION('',(0.,0.,-1.));
#9847=DIRECTION('',(0.650794467801116,0.,-0.759253950058518));
#9848=DIRECTION('',(0.,0.,1.));
#9849=DIRECTION('',(-0.202605217232506,0.,-0.979260499535322));
#9850=DIRECTION('',(0.,-1.,0.));
#9851=DIRECTION('',(0.,0.,1.));
#9852=DIRECTION('',(0.,-1.,0.));
#9853=DIRECTION('',(0.,-1.,0.));
#9854=DIRECTION('',(0.979260499535322,0.,-0.202605217232508));
#9855=DIRECTION('',(0.202605217232508,0.,0.979260499535322));
#9856=DIRECTION('',(0.,1.,0.));
#9857=DIRECTION('',(0.,-1.,0.));
#9858=DIRECTION('',(0.759253950058521,0.,0.650794467801112));
#9859=DIRECTION('',(-0.650794467801112,0.,0.759253950058521));
#9860=DIRECTION('',(0.,1.,0.));
#9861=DIRECTION('',(0.,-1.,0.));
#9862=DIRECTION('',(-0.202605217232506,0.,0.979260499535322));
#9863=DIRECTION('',(-0.979260499535322,0.,-0.202605217232506));
#9864=DIRECTION('',(0.202605217232506,0.,-0.979260499535322));
#9865=DIRECTION('',(0.,-1.,0.));
#9866=DIRECTION('',(0.,0.,-1.));
#9867=DIRECTION('',(0.,0.,-1.));
#9868=DIRECTION('',(0.650794467801124,0.,0.759253950058511));
#9869=DIRECTION('',(0.,-1.,0.));
#9870=DIRECTION('',(0.,0.,1.));
#9871=DIRECTION('',(0.,-1.,0.));
#9872=DIRECTION('',(0.,-1.,0.));
#9873=DIRECTION('',(-0.759253950058513,0.,0.650794467801121));
#9874=DIRECTION('',(-0.650794467801121,0.,-0.759253950058513));
#9875=DIRECTION('',(0.,1.,0.));
#9876=DIRECTION('',(0.,0.,-1.));
#9877=DIRECTION('',(0.,-1.,0.));
#9878=DIRECTION('',(0.,0.,1.));
#9879=DIRECTION('',(-1.,0.,0.));
#9880=DIRECTION('',(-1.,0.,0.));
#9881=DIRECTION('',(0.,-0.996429804434045,-0.0844253802806376));
#9882=DIRECTION('',(0.,-0.0844253802806376,0.996429804434045));
#9883=DIRECTION('',(-1.,0.,0.));
#9884=DIRECTION('',(0.,-0.965854086326619,-0.259086634016834));
#9885=DIRECTION('',(0.,-0.259086634016834,0.965854086326619));
#9886=DIRECTION('',(-1.,0.,0.));
#9887=DIRECTION('',(0.,-0.903909970684673,-0.427722766399958));
#9888=DIRECTION('',(0.,-0.427722766399958,0.903909970684673));
#9889=DIRECTION('',(-1.,0.,0.));
#9890=DIRECTION('',(0.,-0.816521417886278,-0.57731514282321));
#9891=DIRECTION('',(0.,-0.57731514282321,0.816521417886278));
#9892=DIRECTION('',(-1.,0.,0.));
#9893=DIRECTION('',(0.,-0.70634654470152,-0.70786620119075));
#9894=DIRECTION('',(0.,-0.70786620119075,0.70634654470152));
#9895=DIRECTION('',(-1.,0.,0.));
#9896=DIRECTION('',(0.,-0.584466266811951,-0.81141800753921));
#9897=DIRECTION('',(0.,-0.81141800753921,0.584466266811951));
#9898=DIRECTION('',(-1.,0.,0.));
#9899=DIRECTION('',(0.,-0.464822024909668,-0.885404136628509));
#9900=DIRECTION('',(0.,-0.885404136628509,0.464822024909668));
#9901=DIRECTION('',(-1.,0.,0.));
#9902=DIRECTION('',(0.,-0.333358309975579,-0.942800210633316));
#9903=DIRECTION('',(0.,-0.942800210633316,0.333358309975579));
#9904=DIRECTION('',(-1.,0.,0.));
#9905=DIRECTION('',(0.,-0.186791837805612,-0.982399516148701));
#9906=DIRECTION('',(0.,-0.982399516148701,0.186791837805612));
#9907=DIRECTION('',(-1.,0.,0.));
#9908=DIRECTION('',(0.,-0.00430551932410324,-0.99999073120872));
#9909=DIRECTION('',(0.,-0.99999073120872,0.00430551932410324));
#9910=DIRECTION('',(-1.,0.,0.));
#9911=DIRECTION('',(0.,0.253817573318632,-0.967252107505918));
#9912=DIRECTION('',(0.,-0.967252107505918,-0.253817573318632));
#9913=DIRECTION('',(-1.,0.,0.));
#9914=DIRECTION('',(0.,0.536039367500304,-0.844192985335625));
#9915=DIRECTION('',(0.,-0.844192985335625,-0.536039367500304));
#9916=DIRECTION('',(-1.,0.,0.));
#9917=DIRECTION('',(0.,0.768599938462296,-0.639729735588205));
#9918=DIRECTION('',(0.,-0.639729735588205,-0.768599938462296));
#9919=DIRECTION('',(-1.,0.,0.));
#9920=DIRECTION('',(0.,0.927870340433697,-0.372902978458815));
#9921=DIRECTION('',(0.,-0.372902978458815,-0.927870340433697));
#9922=DIRECTION('',(-1.,0.,0.));
#9923=DIRECTION('',(0.,0.9937768076479,-0.111389661015501));
#9924=DIRECTION('',(0.,-0.111389661015501,-0.9937768076479));
#9925=DIRECTION('',(-1.,0.,0.));
#9926=DIRECTION('',(0.,0.997598823443053,0.0692574000741966));
#9927=DIRECTION('',(0.,0.0692574000741966,-0.997598823443053));
#9928=DIRECTION('',(-1.,0.,0.));
#9929=DIRECTION('',(0.,0.976212803768483,0.216814579211079));
#9930=DIRECTION('',(0.,0.216814579211079,-0.976212803768483));
#9931=DIRECTION('',(-1.,0.,0.));
#9932=DIRECTION('',(0.,0.929655180812394,0.36843078697182));
#9933=DIRECTION('',(0.,0.36843078697182,-0.929655180812394));
#9934=DIRECTION('',(-1.,0.,0.));
#9935=DIRECTION('',(0.,0.866319878917748,0.499489606890813));
#9936=DIRECTION('',(0.,0.499489606890813,-0.866319878917748));
#9937=DIRECTION('',(-1.,0.,0.));
#9938=DIRECTION('',(0.,0.789621199303689,0.613594623192058));
#9939=DIRECTION('',(0.,0.613594623192058,-0.789621199303689));
#9940=DIRECTION('',(-1.,0.,0.));
#9941=DIRECTION('',(0.,0.697210209541477,0.716866740553033));
#9942=DIRECTION('',(0.,0.716866740553033,-0.697210209541477));
#9943=DIRECTION('',(-1.,0.,0.));
#9944=DIRECTION('',(0.,0.597557297078029,0.801826213533082));
#9945=DIRECTION('',(0.,0.801826213533082,-0.597557297078029));
#9946=DIRECTION('',(-1.,0.,0.));
#9947=DIRECTION('',(0.,0.498487978150398,0.866896611851453));
#9948=DIRECTION('',(0.,0.866896611851453,-0.498487978150398));
#9949=DIRECTION('',(-1.,0.,0.));
#9950=DIRECTION('',(0.,0.398892068369495,0.91699788319925));
#9951=DIRECTION('',(0.,0.91699788319925,-0.398892068369495));
#9952=DIRECTION('',(-1.,0.,0.));
#9953=DIRECTION('',(0.,0.322939695833717,0.946419543783214));
#9954=DIRECTION('',(0.,0.946419543783214,-0.322939695833717));
#9955=DIRECTION('',(-1.,0.,0.));
#9956=DIRECTION('',(0.,0.247170857173982,0.968971912577387));
#9957=DIRECTION('',(0.,0.968971912577387,-0.247170857173982));
#9958=DIRECTION('',(-1.,0.,0.));
#9959=DIRECTION('',(0.,0.159436202171824,0.987208234080847));
#9960=DIRECTION('',(0.,0.987208234080847,-0.159436202171824));
#9961=DIRECTION('',(-1.,0.,0.));
#9962=DIRECTION('',(0.,0.0417233343298834,0.999129202542092));
#9963=DIRECTION('',(0.,0.999129202542092,-0.0417233343298834));
#9964=DIRECTION('',(-1.,0.,0.));
#9965=DIRECTION('',(0.,-0.0976648143633527,0.995219364781138));
#9966=DIRECTION('',(0.,0.995219364781138,0.0976648143633527));
#9967=DIRECTION('',(-1.,0.,0.));
#9968=DIRECTION('',(0.,-0.232727638062004,0.972541951013981));
#9969=DIRECTION('',(0.,0.972541951013981,0.232727638062004));
#9970=DIRECTION('',(-1.,0.,0.));
#9971=DIRECTION('',(0.,-0.402101378590033,0.915595151437575));
#9972=DIRECTION('',(0.,0.915595151437575,0.402101378590033));
#9973=DIRECTION('',(-1.,0.,0.));
#9974=DIRECTION('',(0.,-0.595949056816164,0.803022242332007));
#9975=DIRECTION('',(0.,0.803022242332007,0.595949056816164));
#9976=DIRECTION('',(-1.,0.,0.));
#9977=DIRECTION('',(0.,-0.750245877240012,0.661158924680266));
#9978=DIRECTION('',(0.,0.661158924680266,0.750245877240012));
#9979=DIRECTION('',(-1.,0.,0.));
#9980=DIRECTION('',(0.,-0.877769576187959,0.479083052422866));
#9981=DIRECTION('',(0.,0.479083052422866,0.877769576187959));
#9982=DIRECTION('',(-1.,0.,0.));
#9983=DIRECTION('',(0.,-0.963362864962941,0.268201398971731));
#9984=DIRECTION('',(0.,0.268201398971731,0.963362864962941));
#9985=DIRECTION('',(0.,-0.996753021083363,0.0805196557443508));
#9986=DIRECTION('',(0.,0.0805196557443508,0.996753021083363));
#9987=DIRECTION('',(-1.,0.,0.));
#9988=DIRECTION('',(-1.,0.,0.));
#9989=DIRECTION('',(0.,0.,-1.));
#9990=DIRECTION('',(1.,0.,0.));
#9991=DIRECTION('',(-1.,0.,0.));
#9992=DIRECTION('',(0.,0.707300244874706,-0.706913264552435));
#9993=DIRECTION('',(0.,-0.706913264552435,-0.707300244874706));
#9994=DIRECTION('',(-1.,0.,0.));
#9995=DIRECTION('',(0.,0.706913158573547,0.707300350795595));
#9996=DIRECTION('',(0.,0.707300350795595,-0.706913158573547));
#9997=DIRECTION('',(-1.,0.,0.));
#9998=DIRECTION('',(0.,0.,1.));
#9999=DIRECTION('',(-1.,0.,0.));
#10000=DIRECTION('',(0.,-1.,0.));
#10001=DIRECTION('',(0.,0.,1.));
#10002=DIRECTION('',(0.,0.,-1.));
#10003=DIRECTION('',(0.,-1.,0.));
#10004=DIRECTION('',(0.,0.,-1.));
#10005=DIRECTION('',(0.927183854566793,0.,0.374606593415897));
#10006=DIRECTION('',(-0.927183854566793,0.,0.374606593415897));
#10007=DIRECTION('',(0.,-1.,0.));
#10008=DIRECTION('',(0.,0.,-1.));
#10009=DIRECTION('',(0.,-1.,0.));
#10010=DIRECTION('',(0.,0.,1.));
#10011=DIRECTION('',(-1.,0.,0.));
#10012=DIRECTION('',(-1.,0.,0.));
#10013=DIRECTION('',(0.,-0.999797516613729,-0.020122767528849));
#10014=DIRECTION('',(0.,-0.020122767528849,0.999797516613729));
#10015=DIRECTION('',(-1.,0.,0.));
#10016=DIRECTION('',(0.,-0.997226379294249,-0.0744281427934561));
#10017=DIRECTION('',(0.,-0.0744281427934561,0.997226379294249));
#10018=DIRECTION('',(-1.,0.,0.));
#10019=DIRECTION('',(0.,-0.987152877626546,-0.159778584903078));
#10020=DIRECTION('',(0.,-0.159778584903078,0.987152877626546));
#10021=DIRECTION('',(-1.,0.,0.));
#10022=DIRECTION('',(0.,-0.958956921291265,-0.283551799690247));
#10023=DIRECTION('',(0.,-0.283551799690247,0.958956921291265));
#10024=DIRECTION('',(-1.,0.,0.));
#10025=DIRECTION('',(0.,-0.916735081986891,-0.399495668880762));
#10026=DIRECTION('',(0.,-0.399495668880762,0.916735081986891));
#10027=DIRECTION('',(-1.,0.,0.));
#10028=DIRECTION('',(0.,-0.850111071142916,-0.526603424523848));
#10029=DIRECTION('',(0.,-0.526603424523848,0.850111071142916));
#10030=DIRECTION('',(-1.,0.,0.));
#10031=DIRECTION('',(0.,-0.764103766831502,-0.645093352557527));
#10032=DIRECTION('',(0.,-0.645093352557527,0.764103766831502));
#10033=DIRECTION('',(-1.,0.,0.));
#10034=DIRECTION('',(0.,-0.665865190364505,-0.746072079802508));
#10035=DIRECTION('',(0.,-0.746072079802508,0.665865190364505));
#10036=DIRECTION('',(-1.,0.,0.));
#10037=DIRECTION('',(0.,-0.565786048911936,-0.824552088625467));
#10038=DIRECTION('',(0.,-0.824552088625467,0.565786048911936));
#10039=DIRECTION('',(-1.,0.,0.));
#10040=DIRECTION('',(0.,-0.449017347821357,-0.893523039073685));
#10041=DIRECTION('',(0.,-0.893523039073685,0.449017347821357));
#10042=DIRECTION('',(-1.,0.,0.));
#10043=DIRECTION('',(0.,-0.310548228082313,-0.950557624783966));
#10044=DIRECTION('',(0.,-0.950557624783966,0.310548228082313));
#10045=DIRECTION('',(-1.,0.,0.));
#10046=DIRECTION('',(0.,-0.174911928301852,-0.984584083426971));
#10047=DIRECTION('',(0.,-0.984584083426971,0.174911928301852));
#10048=DIRECTION('',(-1.,0.,0.));
#10049=DIRECTION('',(0.,-0.0747364081385502,-0.997203323950812));
#10050=DIRECTION('',(0.,-0.997203323950812,0.0747364081385502));
#10051=DIRECTION('',(-1.,0.,0.));
#10052=DIRECTION('',(0.,0.00388657336172556,-0.99999244724523));
#10053=DIRECTION('',(0.,-0.99999244724523,-0.00388657336172556));
#10054=DIRECTION('',(-1.,0.,0.));
#10055=DIRECTION('',(0.,0.090111553967535,-0.995931678300051));
#10056=DIRECTION('',(0.,-0.995931678300051,-0.090111553967535));
#10057=DIRECTION('',(-1.,0.,0.));
#10058=DIRECTION('',(0.,0.181178688684034,-0.98345019333301));
#10059=DIRECTION('',(0.,-0.98345019333301,-0.181178688684034));
#10060=DIRECTION('',(-1.,0.,0.));
#10061=DIRECTION('',(0.,0.278506894328476,-0.960434229820818));
#10062=DIRECTION('',(0.,-0.960434229820818,-0.278506894328476));
#10063=DIRECTION('',(-1.,0.,0.));
#10064=DIRECTION('',(0.,0.383303959702848,-0.923622257460331));
#10065=DIRECTION('',(0.,-0.923622257460331,-0.383303959702848));
#10066=DIRECTION('',(-1.,0.,0.));
#10067=DIRECTION('',(0.,0.485465297699386,-0.874255937772027));
#10068=DIRECTION('',(0.,-0.874255937772027,-0.485465297699386));
#10069=DIRECTION('',(-1.,0.,0.));
#10070=DIRECTION('',(0.,0.584129620158127,-0.811660388865887));
#10071=DIRECTION('',(0.,-0.811660388865887,-0.584129620158127));
#10072=DIRECTION('',(-1.,0.,0.));
#10073=DIRECTION('',(0.,0.679655433698166,-0.733531520416511));
#10074=DIRECTION('',(0.,-0.733531520416511,-0.679655433698166));
#10075=DIRECTION('',(-1.,0.,0.));
#10076=DIRECTION('',(0.,0.763507273419478,-0.645799228425952));
#10077=DIRECTION('',(0.,-0.645799228425952,-0.763507273419478));
#10078=DIRECTION('',(-1.,0.,0.));
#10079=DIRECTION('',(0.,0.839544345617039,-0.543291166633931));
#10080=DIRECTION('',(0.,-0.543291166633931,-0.839544345617039));
#10081=DIRECTION('',(-1.,0.,0.));
#10082=DIRECTION('',(0.,0.900034814607333,-0.435818003867145));
#10083=DIRECTION('',(0.,-0.435818003867145,-0.900034814607333));
#10084=DIRECTION('',(-1.,0.,0.));
#10085=DIRECTION('',(0.,0.945157044558163,-0.326616229116189));
#10086=DIRECTION('',(0.,-0.326616229116189,-0.945157044558163));
#10087=DIRECTION('',(-1.,0.,0.));
#10088=DIRECTION('',(0.,0.9739511365304,-0.226757984757191));
#10089=DIRECTION('',(0.,-0.226757984757191,-0.9739511365304));
#10090=DIRECTION('',(-1.,0.,0.));
#10091=DIRECTION('',(0.,0.990514871790551,-0.137405563066964));
#10092=DIRECTION('',(0.,-0.137405563066964,-0.990514871790551));
#10093=DIRECTION('',(-1.,0.,0.));
#10094=DIRECTION('',(0.,0.997890801300894,-0.0649149341758847));
#10095=DIRECTION('',(0.,-0.0649149341758847,-0.997890801300894));
#10096=DIRECTION('',(-1.,0.,0.));
#10097=DIRECTION('',(0.,0.999708661160507,-0.0241369592257833));
#10098=DIRECTION('',(0.,-0.0241369592257833,-0.999708661160507));
#10099=DIRECTION('',(-1.,0.,0.));
#10100=DIRECTION('',(0.,0.999982680164971,-0.00588552207372449));
#10101=DIRECTION('',(0.,-0.00588552207372449,-0.999982680164971));
#10102=DIRECTION('',(-1.,0.,0.));
#10103=DIRECTION('',(0.,1.,0.));
#10104=DIRECTION('',(0.,0.,-1.));
#10105=DIRECTION('',(-1.,0.,0.));
#10106=DIRECTION('',(0.,0.305329247849015,0.952246843212386));
#10107=DIRECTION('',(0.,0.952246843212386,-0.305329247849015));
#10108=DIRECTION('',(0.,-1.,0.));
#10109=DIRECTION('',(0.,0.,1.));
#10110=DIRECTION('',(-1.,0.,0.));
#10111=DIRECTION('',(-1.,0.,0.));
#10112=DIRECTION('',(0.,-0.307327108689299,-0.951603934557164));
#10113=DIRECTION('',(0.,-0.951603934557164,0.307327108689299));
#10114=DIRECTION('',(-1.,0.,0.));
#10115=DIRECTION('',(0.,1.,0.));
#10116=DIRECTION('',(0.,0.,-1.));
#10117=DIRECTION('',(-1.,0.,0.));
#10118=DIRECTION('',(0.,-0.323566398876402,-0.946205466861272));
#10119=DIRECTION('',(0.,-0.946205466861272,0.323566398876402));
#10120=DIRECTION('',(-1.,0.,0.));
#10121=DIRECTION('',(0.,-1.,0.));
#10122=DIRECTION('',(0.,0.,1.));
#10123=DIRECTION('',(-1.,0.,0.));
#10124=DIRECTION('',(0.,-0.303825553843333,-0.952727680311532));
#10125=DIRECTION('',(0.,-0.952727680311532,0.303825553843333));
#10126=DIRECTION('',(-1.,0.,0.));
#10127=DIRECTION('',(0.,1.,0.));
#10128=DIRECTION('',(0.,0.,-1.));
#10129=DIRECTION('',(-1.,0.,0.));
#10130=DIRECTION('',(0.,-0.306084818687417,-0.952004245667576));
#10131=DIRECTION('',(0.,-0.952004245667576,0.306084818687417));
#10132=DIRECTION('',(-1.,0.,0.));
#10133=DIRECTION('',(0.,-1.,0.));
#10134=DIRECTION('',(0.,0.,1.));
#10135=DIRECTION('',(-1.,0.,0.));
#10136=DIRECTION('',(0.,-0.3038255561667,-0.952727679570608));
#10137=DIRECTION('',(0.,-0.952727679570608,0.3038255561667));
#10138=DIRECTION('',(-1.,0.,0.));
#10139=DIRECTION('',(0.,1.,1.55387679928859E-012));
#10140=DIRECTION('',(0.,1.55387681888275E-012,-1.));
#10141=DIRECTION('',(-1.,0.,0.));
#10142=DIRECTION('',(0.,0.304920674708702,0.952377751806073));
#10143=DIRECTION('',(0.,0.952377751806073,-0.304920674708702));
#10144=DIRECTION('',(0.,-1.,0.));
#10145=DIRECTION('',(0.,0.,1.));
#10146=DIRECTION('',(-1.,0.,0.));
#10147=DIRECTION('',(-1.,0.,0.));
#10148=DIRECTION('',(0.,-0.30470270046557,-0.952447512637305));
#10149=DIRECTION('',(0.,-0.952447512637305,0.30470270046557));
#10150=DIRECTION('',(-1.,0.,0.));
#10151=DIRECTION('',(0.,1.,6.03322409524639E-012));
#10152=DIRECTION('',(0.,6.03322426739883E-012,-1.));
#10153=DIRECTION('',(-1.,0.,0.));
#10154=DIRECTION('',(0.,0.305142407503206,0.952306731648552));
#10155=DIRECTION('',(0.,0.952306731648552,-0.305142407503206));
#10156=DIRECTION('',(-1.,0.,0.));
#10157=DIRECTION('',(0.,0.281479028050041,-0.959567380004137));
#10158=DIRECTION('',(0.,-0.959567380004137,-0.281479028050041));
#10159=DIRECTION('',(-1.,0.,0.));
#10160=DIRECTION('',(0.,1.,0.));
#10161=DIRECTION('',(0.,0.,-1.));
#10162=DIRECTION('',(-1.,0.,0.));
#10163=DIRECTION('',(0.,0.304689075391564,0.952451871401928));
#10164=DIRECTION('',(0.,0.952451871401928,-0.304689075391564));
#10165=DIRECTION('',(-1.,0.,0.));
#10166=DIRECTION('',(0.,-1.,0.));
#10167=DIRECTION('',(0.,0.,1.));
#10168=DIRECTION('',(-1.,0.,0.));
#10169=DIRECTION('',(0.,-0.304979269860925,-0.95235898953866));
#10170=DIRECTION('',(0.,-0.95235898953866,0.304979269860925));
#10171=DIRECTION('',(-1.,0.,0.));
#10172=DIRECTION('',(0.,-0.279093555250897,0.960263915503136));
#10173=DIRECTION('',(0.,0.960263915503136,0.279093555250897));
#10174=DIRECTION('',(0.,-1.,0.));
#10175=DIRECTION('',(0.,0.,1.));
#10176=DIRECTION('',(-1.,0.,0.));
#10177=DIRECTION('',(-1.,0.,0.));
#10178=DIRECTION('',(0.,-0.989107229670852,-0.147196766991849));
#10179=DIRECTION('',(0.,-0.147196766991849,0.989107229670852));
#10180=DIRECTION('',(-1.,0.,0.));
#10181=DIRECTION('',(0.,-0.97066283109862,-0.240444730288711));
#10182=DIRECTION('',(0.,-0.240444730288711,0.97066283109862));
#10183=DIRECTION('',(-1.,0.,0.));
#10184=DIRECTION('',(0.,-0.94758894825924,-0.31949207366842));
#10185=DIRECTION('',(0.,-0.31949207366842,0.94758894825924));
#10186=DIRECTION('',(-1.,0.,0.));
#10187=DIRECTION('',(0.,-0.920334121337231,-0.391133104073828));
#10188=DIRECTION('',(0.,-0.391133104073828,0.920334121337231));
#10189=DIRECTION('',(-1.,0.,0.));
#10190=DIRECTION('',(0.,-0.881938272682472,-0.471364915090058));
#10191=DIRECTION('',(0.,-0.471364915090058,0.881938272682472));
#10192=DIRECTION('',(-1.,0.,0.));
#10193=DIRECTION('',(0.,-0.305929901631917,-0.952054040108798));
#10194=DIRECTION('',(0.,-0.952054040108798,0.305929901631917));
#10195=DIRECTION('',(-1.,0.,0.));
#10196=DIRECTION('',(0.,1.,0.));
#10197=DIRECTION('',(0.,0.,-1.));
#10198=DIRECTION('',(-1.,0.,0.));
#10199=DIRECTION('',(0.,0.304885471318629,0.952389022080167));
#10200=DIRECTION('',(0.,0.952389022080167,-0.304885471318629));
#10201=DIRECTION('',(-1.,0.,0.));
#10202=DIRECTION('',(0.,-1.,0.));
#10203=DIRECTION('',(0.,0.,1.));
#10204=DIRECTION('',(-1.,0.,0.));
#10205=DIRECTION('',(0.,0.303209224303271,0.952924008668797));
#10206=DIRECTION('',(0.,0.952924008668797,-0.303209224303271));
#10207=DIRECTION('',(-1.,0.,0.));
#10208=DIRECTION('',(0.,0.914507100862162,0.404569848694491));
#10209=DIRECTION('',(0.,0.404569848694491,-0.914507100862162));
#10210=DIRECTION('',(-1.,0.,0.));
#10211=DIRECTION('',(0.,0.941580541412618,0.336787891755509));
#10212=DIRECTION('',(0.,0.336787891755509,-0.941580541412618));
#10213=DIRECTION('',(-1.,0.,0.));
#10214=DIRECTION('',(0.,0.960799253963766,0.277245006416112));
#10215=DIRECTION('',(0.,0.277245006416112,-0.960799253963766));
#10216=DIRECTION('',(-1.,0.,0.));
#10217=DIRECTION('',(0.,0.976324834964432,0.216309538928995));
#10218=DIRECTION('',(0.,0.216309538928995,-0.976324834964432));
#10219=DIRECTION('',(-1.,0.,0.));
#10220=DIRECTION('',(0.,0.990758254181165,0.135639528795594));
#10221=DIRECTION('',(0.,0.135639528795594,-0.990758254181165));
#10222=DIRECTION('',(-1.,0.,0.));
#10223=DIRECTION('',(0.,0.998898269783866,0.0469281005666974));
#10224=DIRECTION('',(0.,0.0469281005666974,-0.998898269783866));
#10225=DIRECTION('',(-1.,0.,0.));
#10226=DIRECTION('',(0.,0.99507954987892,-0.0990792077721939));
#10227=DIRECTION('',(0.,-0.0990792077721939,-0.99507954987892));
#10228=DIRECTION('',(-1.,0.,0.));
#10229=DIRECTION('',(0.,0.936652752959037,-0.350259361579755));
#10230=DIRECTION('',(0.,-0.350259361579755,-0.936652752959037));
#10231=DIRECTION('',(-1.,0.,0.));
#10232=DIRECTION('',(0.,0.769074469935547,-0.639159181811039));
#10233=DIRECTION('',(0.,-0.639159181811039,-0.769074469935547));
#10234=DIRECTION('',(-1.,0.,0.));
#10235=DIRECTION('',(0.,0.486871534085503,-0.873473588208155));
#10236=DIRECTION('',(0.,-0.873473588208155,-0.486871534085503));
#10237=DIRECTION('',(-1.,0.,0.));
#10238=DIRECTION('',(0.,0.191841489400133,-0.981425923309925));
#10239=DIRECTION('',(0.,-0.981425923309925,-0.191841489400133));
#10240=DIRECTION('',(-1.,0.,0.));
#10241=DIRECTION('',(0.,-0.0285519703798936,-0.999592309387895));
#10242=DIRECTION('',(0.,-0.999592309387895,0.0285519703798936));
#10243=DIRECTION('',(-1.,0.,0.));
#10244=DIRECTION('',(0.,-0.17134380003388,-0.985211298245178));
#10245=DIRECTION('',(0.,-0.985211298245178,0.17134380003388));
#10246=DIRECTION('',(-1.,0.,0.));
#10247=DIRECTION('',(0.,-0.29595066921704,-0.955203225177756));
#10248=DIRECTION('',(0.,-0.955203225177756,0.29595066921704));
#10249=DIRECTION('',(-1.,0.,0.));
#10250=DIRECTION('',(0.,-0.419984756761227,-0.907531158742339));
#10251=DIRECTION('',(0.,-0.907531158742339,0.419984756761227));
#10252=DIRECTION('',(-1.,0.,0.));
#10253=DIRECTION('',(0.,-0.543287283383255,-0.839546858557664));
#10254=DIRECTION('',(0.,-0.839546858557664,0.543287283383255));
#10255=DIRECTION('',(-1.,0.,0.));
#10256=DIRECTION('',(0.,-0.678280102472397,-0.734803444868105));
#10257=DIRECTION('',(0.,-0.734803444868105,0.678280102472397));
#10258=DIRECTION('',(-1.,0.,0.));
#10259=DIRECTION('',(0.,-0.807139595233024,-0.590360630299031));
#10260=DIRECTION('',(0.,-0.590360630299031,0.807139595233024));
#10261=DIRECTION('',(-1.,0.,0.));
#10262=DIRECTION('',(0.,-0.90359565761492,-0.428386376463422));
#10263=DIRECTION('',(0.,-0.428386376463422,0.90359565761492));
#10264=DIRECTION('',(-1.,0.,0.));
#10265=DIRECTION('',(0.,-0.964458005087355,-0.264236175462255));
#10266=DIRECTION('',(0.,-0.264236175462255,0.964458005087355));
#10267=DIRECTION('',(-1.,0.,0.));
#10268=DIRECTION('',(0.,-0.996161368491091,-0.0875358665117202));
#10269=DIRECTION('',(0.,-0.0875358665117202,0.996161368491091));
#10270=DIRECTION('',(-1.,0.,0.));
#10271=DIRECTION('',(0.,-0.99602801817028,0.0890403673610169));
#10272=DIRECTION('',(0.,0.0890403673610169,0.99602801817028));
#10273=DIRECTION('',(-1.,0.,0.));
#10274=DIRECTION('',(0.,-0.954336841061201,0.298732646011996));
#10275=DIRECTION('',(0.,0.298732646011996,0.954336841061201));
#10276=DIRECTION('',(-1.,0.,0.));
#10277=DIRECTION('',(0.,-0.848227864906115,0.529631465451982));
#10278=DIRECTION('',(0.,0.529631465451982,0.848227864906115));
#10279=DIRECTION('',(-1.,0.,0.));
#10280=DIRECTION('',(0.,-0.673294338857802,0.739374555460245));
#10281=DIRECTION('',(0.,0.739374555460245,0.673294338857802));
#10282=DIRECTION('',(-1.,0.,0.));
#10283=DIRECTION('',(0.,-0.465832043270333,0.884873158968327));
#10284=DIRECTION('',(0.,0.884873158968327,0.465832043270333));
#10285=DIRECTION('',(-1.,0.,0.));
#10286=DIRECTION('',(0.,-0.271297614531203,0.962495508742601));
#10287=DIRECTION('',(0.,0.962495508742601,0.271297614531203));
#10288=DIRECTION('',(-1.,0.,0.));
#10289=DIRECTION('',(0.,-0.993704861013909,-0.112029679984044));
#10290=DIRECTION('',(0.,-0.112029679984044,0.993704861013909));
#10291=DIRECTION('',(-1.,0.,0.));
#10292=DIRECTION('',(0.,0.208202855249573,-0.978085666527184));
#10293=DIRECTION('',(0.,-0.978085666527184,-0.208202855249573));
#10294=DIRECTION('',(-1.,0.,0.));
#10295=DIRECTION('',(0.,0.433170408899745,-0.901312041888728));
#10296=DIRECTION('',(0.,-0.901312041888728,-0.433170408899745));
#10297=DIRECTION('',(-1.,0.,0.));
#10298=DIRECTION('',(0.,0.66478196173665,-0.747037444409295));
#10299=DIRECTION('',(0.,-0.747037444409295,-0.66478196173665));
#10300=DIRECTION('',(-1.,0.,0.));
#10301=DIRECTION('',(0.,0.850646243709043,-0.525738497794954));
#10302=DIRECTION('',(0.,-0.525738497794954,-0.850646243709043));
#10303=DIRECTION('',(-1.,0.,0.));
#10304=DIRECTION('',(0.,0.958020785399728,-0.286698752599463));
#10305=DIRECTION('',(0.,-0.286698752599463,-0.958020785399728));
#10306=DIRECTION('',(-1.,0.,0.));
#10307=DIRECTION('',(0.,0.996524095813032,-0.0833050206411339));
#10308=DIRECTION('',(0.,-0.0833050206411339,-0.996524095813032));
#10309=DIRECTION('',(-1.,0.,0.));
#10310=DIRECTION('',(0.,0.996122597174581,0.0879759705724683));
#10311=DIRECTION('',(0.,0.0879759705724683,-0.996122597174581));
#10312=DIRECTION('',(-1.,0.,0.));
#10313=DIRECTION('',(0.,0.961736827304476,0.273974953246315));
#10314=DIRECTION('',(0.,0.273974953246315,-0.961736827304476));
#10315=DIRECTION('',(-1.,0.,0.));
#10316=DIRECTION('',(0.,0.88953169893956,0.456873457952747));
#10317=DIRECTION('',(0.,0.456873457952747,-0.88953169893956));
#10318=DIRECTION('',(-1.,0.,0.));
#10319=DIRECTION('',(0.,0.789628885040036,0.613584732461971));
#10320=DIRECTION('',(0.,0.613584732461971,-0.789628885040036));
#10321=DIRECTION('',(-1.,0.,0.));
#10322=DIRECTION('',(0.,0.670734117868963,0.741697878604587));
#10323=DIRECTION('',(0.,0.741697878604587,-0.670734117868963));
#10324=DIRECTION('',(-1.,0.,0.));
#10325=DIRECTION('',(0.,0.542361923641541,0.840144954031057));
#10326=DIRECTION('',(0.,0.840144954031057,-0.542361923641541));
#10327=DIRECTION('',(-1.,0.,0.));
#10328=DIRECTION('',(0.,0.423162014813889,0.906054032173937));
#10329=DIRECTION('',(0.,0.906054032173937,-0.423162014813889));
#10330=DIRECTION('',(-1.,0.,0.));
#10331=DIRECTION('',(0.,0.30359183023509,0.952802183359436));
#10332=DIRECTION('',(0.,0.952802183359436,-0.30359183023509));
#10333=DIRECTION('',(-1.,0.,0.));
#10334=DIRECTION('',(0.,0.175785036673748,0.984428575815234));
#10335=DIRECTION('',(0.,0.984428575815234,-0.175785036673748));
#10336=DIRECTION('',(-1.,0.,0.));
#10337=DIRECTION('',(0.,-0.00125870018315789,0.999999207836611));
#10338=DIRECTION('',(0.,0.999999207836611,0.00125870018315789));
#10339=DIRECTION('',(-1.,0.,0.));
#10340=DIRECTION('',(0.,-0.28328716361325,0.959035131229279));
#10341=DIRECTION('',(0.,0.959035131229279,0.28328716361325));
#10342=DIRECTION('',(-1.,0.,0.));
#10343=DIRECTION('',(0.,-0.595777930329608,0.803149212620027));
#10344=DIRECTION('',(0.,0.803149212620027,0.595777930329608));
#10345=DIRECTION('',(-1.,0.,0.));
#10346=DIRECTION('',(0.,-0.834492136764098,0.551019848715897));
#10347=DIRECTION('',(0.,0.551019848715897,0.834492136764098));
#10348=DIRECTION('',(-1.,0.,0.));
#10349=DIRECTION('',(0.,-0.956606131201131,0.291384127481929));
#10350=DIRECTION('',(0.,0.291384127481929,0.956606131201131));
#10351=DIRECTION('',(-1.,0.,0.));
#10352=DIRECTION('',(0.,-0.996618915839694,0.0821628662505896));
#10353=DIRECTION('',(0.,0.0821628662505896,0.996618915839694));
#10354=DIRECTION('',(0.,-0.998770381597942,-0.0495754459657358));
#10355=DIRECTION('',(0.,-0.0495754459657358,0.998770381597942));
#10356=DIRECTION('',(-1.,0.,0.));
#10357=DIRECTION('',(-1.,0.,0.));
#10358=DIRECTION('',(0.,-0.996049048570418,-0.0888048019082542));
#10359=DIRECTION('',(0.,-0.0888048019082542,0.996049048570418));
#10360=DIRECTION('',(-1.,0.,0.));
#10361=DIRECTION('',(0.,-0.95505391589687,-0.296432146924139));
#10362=DIRECTION('',(0.,-0.296432146924139,0.95505391589687));
#10363=DIRECTION('',(-1.,0.,0.));
#10364=DIRECTION('',(0.,-0.851598469653119,-0.524194664685234));
#10365=DIRECTION('',(0.,-0.524194664685234,0.851598469653119));
#10366=DIRECTION('',(-1.,0.,0.));
#10367=DIRECTION('',(0.,-0.701213705415994,-0.712951147931449));
#10368=DIRECTION('',(0.,-0.712951147931449,0.701213705415994));
#10369=DIRECTION('',(-1.,0.,0.));
#10370=DIRECTION('',(0.,-0.49829275921933,-0.867008838541792));
#10371=DIRECTION('',(0.,-0.867008838541792,0.49829275921933));
#10372=DIRECTION('',(-1.,0.,0.));
#10373=DIRECTION('',(0.,-0.242507042864267,-0.970149645240995));
#10374=DIRECTION('',(0.,-0.970149645240995,0.242507042864267));
#10375=DIRECTION('',(-1.,0.,0.));
#10376=DIRECTION('',(0.,0.00557203186741405,-0.999984476109939));
#10377=DIRECTION('',(0.,-0.999984476109939,-0.00557203186741405));
#10378=DIRECTION('',(-1.,0.,0.));
#10379=DIRECTION('',(0.,0.278506925675733,-0.960434220730734));
#10380=DIRECTION('',(0.,-0.960434220730734,-0.278506925675733));
#10381=DIRECTION('',(-1.,0.,0.));
#10382=DIRECTION('',(0.,0.557160277208801,-0.830404976803856));
#10383=DIRECTION('',(0.,-0.830404976803856,-0.557160277208801));
#10384=DIRECTION('',(-1.,0.,0.));
#10385=DIRECTION('',(0.,0.773752292372452,-0.633488271437108));
#10386=DIRECTION('',(0.,-0.633488271437108,-0.773752292372452));
#10387=DIRECTION('',(-1.,0.,0.));
#10388=DIRECTION('',(0.,0.863462683001745,-0.504412722939686));
#10389=DIRECTION('',(0.,-0.504412722939686,-0.863462683001745));
#10390=DIRECTION('',(-1.,0.,0.));
#10391=DIRECTION('',(0.,0.9003666469979,-0.435132050042005));
#10392=DIRECTION('',(0.,-0.435132050042005,-0.9003666469979));
#10393=DIRECTION('',(-1.,0.,0.));
#10394=DIRECTION('',(0.,0.900329612601611,-0.435208672561373));
#10395=DIRECTION('',(0.,-0.435208672561373,-0.900329612601611));
#10396=DIRECTION('',(-1.,0.,0.));
#10397=DIRECTION('',(0.,0.871198270381585,-0.490931332962293));
#10398=DIRECTION('',(0.,-0.490931332962293,-0.871198270381585));
#10399=DIRECTION('',(-1.,0.,0.));
#10400=DIRECTION('',(0.,0.802243004809467,-0.596997622469535));
#10401=DIRECTION('',(0.,-0.596997622469535,-0.802243004809467));
#10402=DIRECTION('',(-1.,0.,0.));
#10403=DIRECTION('',(0.,0.627173405783458,-0.778879656351338));
#10404=DIRECTION('',(0.,-0.778879656351338,-0.627173405783458));
#10405=DIRECTION('',(-1.,0.,0.));
#10406=DIRECTION('',(0.,0.339126140465421,-0.940740910587515));
#10407=DIRECTION('',(0.,-0.940740910587515,-0.339126140465421));
#10408=DIRECTION('',(-1.,0.,0.));
#10409=DIRECTION('',(0.,0.0266597790210375,-0.999644564924228));
#10410=DIRECTION('',(0.,-0.999644564924228,-0.0266597790210375));
#10411=DIRECTION('',(-1.,0.,0.));
#10412=DIRECTION('',(0.,-0.244330447620571,-0.969692029649379));
#10413=DIRECTION('',(0.,-0.969692029649379,0.244330447620571));
#10414=DIRECTION('',(-1.,0.,0.));
#10415=DIRECTION('',(0.,-0.510667179636206,-0.85977847823867));
#10416=DIRECTION('',(0.,-0.85977847823867,0.510667179636206));
#10417=DIRECTION('',(-1.,0.,0.));
#10418=DIRECTION('',(0.,-0.723037032332974,-0.69080927170611));
#10419=DIRECTION('',(0.,-0.69080927170611,0.723037032332974));
#10420=DIRECTION('',(-1.,0.,0.));
#10421=DIRECTION('',(0.,-0.884127960527556,-0.467244849531147));
#10422=DIRECTION('',(0.,-0.467244849531147,0.884127960527556));
#10423=DIRECTION('',(-1.,0.,0.));
#10424=DIRECTION('',(0.,-0.972410639452453,-0.233275691574736));
#10425=DIRECTION('',(0.,-0.233275691574736,0.972410639452453));
#10426=DIRECTION('',(-1.,0.,0.));
#10427=DIRECTION('',(0.,-0.997931807846872,-0.0642814661272842));
#10428=DIRECTION('',(0.,-0.0642814661272842,0.997931807846872));
#10429=DIRECTION('',(-1.,0.,0.));
#10430=DIRECTION('',(0.,-0.996724922007575,0.0808667413031717));
#10431=DIRECTION('',(0.,0.0808667413031717,0.996724922007575));
#10432=DIRECTION('',(-1.,0.,0.));
#10433=DIRECTION('',(0.,-0.957272889942126,0.289186123771266));
#10434=DIRECTION('',(0.,0.289186123771266,0.957272889942126));
#10435=DIRECTION('',(-1.,0.,0.));
#10436=DIRECTION('',(0.,-0.832873594545896,0.553463255788673));
#10437=DIRECTION('',(0.,0.553463255788673,0.832873594545896));
#10438=DIRECTION('',(-1.,0.,0.));
#10439=DIRECTION('',(0.,-0.606108011200531,0.795382347527613));
#10440=DIRECTION('',(0.,0.795382347527613,0.606108011200531));
#10441=DIRECTION('',(-1.,0.,0.));
#10442=DIRECTION('',(0.,-0.339034636271928,0.94077389175506));
#10443=DIRECTION('',(0.,0.94077389175506,0.339034636271928));
#10444=DIRECTION('',(-1.,0.,0.));
#10445=DIRECTION('',(0.,-0.0961875677203923,0.995363226071787));
#10446=DIRECTION('',(0.,0.995363226071787,0.0961875677203923));
#10447=DIRECTION('',(-1.,0.,0.));
#10448=DIRECTION('',(0.,-0.999007659580276,-0.044538703393109));
#10449=DIRECTION('',(0.,-0.044538703393109,0.999007659580276));
#10450=DIRECTION('',(-1.,0.,0.));
#10451=DIRECTION('',(0.,0.0773910720793693,-0.997000813421135));
#10452=DIRECTION('',(0.,-0.997000813421135,-0.0773910720793693));
#10453=DIRECTION('',(-1.,0.,0.));
#10454=DIRECTION('',(0.,0.348519298486713,-0.937301604918251));
#10455=DIRECTION('',(0.,-0.937301604918251,-0.348519298486713));
#10456=DIRECTION('',(-1.,0.,0.));
#10457=DIRECTION('',(0.,0.615855509671496,-0.787859118883105));
#10458=DIRECTION('',(0.,-0.787859118883105,-0.615855509671496));
#10459=DIRECTION('',(-1.,0.,0.));
#10460=DIRECTION('',(0.,0.829606589893427,-0.558348373334605));
#10461=DIRECTION('',(0.,-0.558348373334605,-0.829606589893427));
#10462=DIRECTION('',(-1.,0.,0.));
#10463=DIRECTION('',(0.,0.954315050255048,-0.298802250421085));
#10464=DIRECTION('',(0.,-0.298802250421085,-0.954315050255048));
#10465=DIRECTION('',(-1.,0.,0.));
#10466=DIRECTION('',(0.,0.996385994847048,-0.0849408574989528));
#10467=DIRECTION('',(0.,-0.0849408574989529,-0.996385994847048));
#10468=DIRECTION('',(-1.,0.,0.));
#10469=DIRECTION('',(0.,0.996324809265622,0.0856555569815664));
#10470=DIRECTION('',(0.,0.0856555569815664,-0.996324809265622));
#10471=DIRECTION('',(-1.,0.,0.));
#10472=DIRECTION('',(0.,0.956915015307555,0.290368134406897));
#10473=DIRECTION('',(0.,0.290368134406897,-0.956915015307555));
#10474=DIRECTION('',(-1.,0.,0.));
#10475=DIRECTION('',(0.,0.85220988908483,0.523200062066149));
#10476=DIRECTION('',(0.,0.523200062066149,-0.85220988908483));
#10477=DIRECTION('',(-1.,0.,0.));
#10478=DIRECTION('',(0.,0.690267297622106,0.723554460862121));
#10479=DIRECTION('',(0.,0.723554460862121,-0.690267297622106));
#10480=DIRECTION('',(-1.,0.,0.));
#10481=DIRECTION('',(0.,0.480830975905916,0.876813305447268));
#10482=DIRECTION('',(0.,0.876813305447268,-0.480830975905916));
#10483=DIRECTION('',(-1.,0.,0.));
#10484=DIRECTION('',(0.,0.232679093375331,0.972553566394177));
#10485=DIRECTION('',(0.,0.972553566394177,-0.232679093375331));
#10486=DIRECTION('',(-1.,0.,0.));
#10487=DIRECTION('',(0.,0.0372433525215796,0.999306225685077));
#10488=DIRECTION('',(0.,0.999306225685077,-0.0372433525215796));
#10489=DIRECTION('',(-1.,0.,0.));
#10490=DIRECTION('',(0.,-0.131172881630977,0.991359508515768));
#10491=DIRECTION('',(0.,0.991359508515768,0.131172881630977));
#10492=DIRECTION('',(-1.,0.,0.));
#10493=DIRECTION('',(0.,-0.319681684929378,0.947524997200978));
#10494=DIRECTION('',(0.,0.947524997200978,0.319681684929378));
#10495=DIRECTION('',(-1.,0.,0.));
#10496=DIRECTION('',(0.,-0.498007300418223,0.867172836711433));
#10497=DIRECTION('',(0.,0.867172836711433,0.498007300418223));
#10498=DIRECTION('',(-1.,0.,0.));
#10499=DIRECTION('',(0.,-0.648937271802856,0.760841913451846));
#10500=DIRECTION('',(0.,0.760841913451846,0.648937271802856));
#10501=DIRECTION('',(-1.,0.,0.));
#10502=DIRECTION('',(0.,-0.774918618384607,0.632061021485183));
#10503=DIRECTION('',(0.,0.632061021485183,0.774918618384607));
#10504=DIRECTION('',(-1.,0.,0.));
#10505=DIRECTION('',(0.,-0.853329068359411,0.52137270842734));
#10506=DIRECTION('',(0.,0.52137270842734,0.853329068359411));
#10507=DIRECTION('',(-1.,0.,0.));
#10508=DIRECTION('',(0.,-0.885369230379885,0.464888509103558));
#10509=DIRECTION('',(0.,0.464888509103558,0.885369230379885));
#10510=DIRECTION('',(-1.,0.,0.));
#10511=DIRECTION('',(0.,-0.903216404102397,0.429185423052014));
#10512=DIRECTION('',(0.,0.429185423052014,0.903216404102397));
#10513=DIRECTION('',(-1.,0.,0.));
#10514=DIRECTION('',(0.,-0.903135416895249,0.429355818348192));
#10515=DIRECTION('',(0.,0.429355818348192,0.903135416895249));
#10516=DIRECTION('',(-1.,0.,0.));
#10517=DIRECTION('',(0.,-0.878514308638966,0.477716034393445));
#10518=DIRECTION('',(0.,0.477716034393445,0.878514308638966));
#10519=DIRECTION('',(-1.,0.,0.));
#10520=DIRECTION('',(0.,-0.813824879385562,0.581110200988656));
#10521=DIRECTION('',(0.,0.581110200988656,0.813824879385562));
#10522=DIRECTION('',(-1.,0.,0.));
#10523=DIRECTION('',(0.,-0.635132273102244,0.772403389210571));
#10524=DIRECTION('',(0.,0.772403389210571,0.635132273102244));
#10525=DIRECTION('',(-1.,0.,0.));
#10526=DIRECTION('',(0.,-0.355498429207944,0.934676878301097));
#10527=DIRECTION('',(0.,0.934676878301097,0.355498429207944));
#10528=DIRECTION('',(-1.,0.,0.));
#10529=DIRECTION('',(0.,-0.034977656869606,0.999388094545814));
#10530=DIRECTION('',(0.,0.999388094545814,0.034977656869606));
#10531=DIRECTION('',(-1.,0.,0.));
#10532=DIRECTION('',(0.,0.257789603335409,0.966201076594397));
#10533=DIRECTION('',(0.,0.966201076594397,-0.257789603335409));
#10534=DIRECTION('',(-1.,0.,0.));
#10535=DIRECTION('',(0.,0.532415779387691,0.846482981434947));
#10536=DIRECTION('',(0.,0.846482981434947,-0.532415779387691));
#10537=DIRECTION('',(-1.,0.,0.));
#10538=DIRECTION('',(0.,0.733865245687102,0.679295076658597));
#10539=DIRECTION('',(0.,0.679295076658597,-0.733865245687102));
#10540=DIRECTION('',(-1.,0.,0.));
#10541=DIRECTION('',(0.,0.887137419768153,0.461505361233328));
#10542=DIRECTION('',(0.,0.461505361233328,-0.887137419768153));
#10543=DIRECTION('',(-1.,0.,0.));
#10544=DIRECTION('',(0.,0.972180986196778,0.234230933220745));
#10545=DIRECTION('',(0.,0.234230933220745,-0.972180986196778));
#10546=DIRECTION('',(-1.,0.,0.));
#10547=DIRECTION('',(0.,0.997865881877639,0.0652968742327053));
#10548=DIRECTION('',(0.,0.0652968742327053,-0.997865881877639));
#10549=DIRECTION('',(-1.,0.,0.));
#10550=DIRECTION('',(0.,0.99662586709035,-0.0820785053860501));
#10551=DIRECTION('',(0.,-0.0820785053860501,-0.99662586709035));
#10552=DIRECTION('',(-1.,0.,0.));
#10553=DIRECTION('',(0.,0.949213026749428,-0.31463412060549));
#10554=DIRECTION('',(0.,-0.31463412060549,-0.949213026749428));
#10555=DIRECTION('',(-1.,0.,0.));
#10556=DIRECTION('',(0.,0.76530460282832,-0.64366828793237));
#10557=DIRECTION('',(0.,-0.64366828793237,-0.76530460282832));
#10558=DIRECTION('',(-1.,0.,0.));
#10559=DIRECTION('',(0.,0.410070668644328,-0.912053752098852));
#10560=DIRECTION('',(0.,-0.912053752098852,-0.410070668644328));
#10561=DIRECTION('',(-1.,0.,0.));
#10562=DIRECTION('',(0.,0.140243899975921,-0.990116987289655));
#10563=DIRECTION('',(0.,-0.990116987289655,-0.140243899975921));
#10564=DIRECTION('',(-1.,0.,0.));
#10565=DIRECTION('',(0.,-0.0166265704740398,-0.999861769023234));
#10566=DIRECTION('',(0.,-0.999861769023234,0.0166265704740398));
#10567=DIRECTION('',(-1.,0.,0.));
#10568=DIRECTION('',(0.,0.998649889615085,0.0519461064159613));
#10569=DIRECTION('',(0.,0.0519461064159613,-0.998649889615085));
#10570=DIRECTION('',(-1.,0.,0.));
#10571=DIRECTION('',(0.,0.0678708992124252,0.997694111960222));
#10572=DIRECTION('',(0.,0.997694111960223,-0.0678708992124252));
#10573=DIRECTION('',(-1.,0.,0.));
#10574=DIRECTION('',(0.,-0.0922128454576954,0.995739318864428));
#10575=DIRECTION('',(0.,0.995739318864428,0.0922128454576954));
#10576=DIRECTION('',(-1.,0.,0.));
#10577=DIRECTION('',(0.,-0.271760732497009,0.962364849873835));
#10578=DIRECTION('',(0.,0.962364849873835,0.271760732497009));
#10579=DIRECTION('',(-1.,0.,0.));
#10580=DIRECTION('',(0.,-0.489370526634418,0.872075964387021));
#10581=DIRECTION('',(0.,0.872075964387021,0.489370526634418));
#10582=DIRECTION('',(-1.,0.,0.));
#10583=DIRECTION('',(0.,-0.706224842590971,0.707987621154041));
#10584=DIRECTION('',(0.,0.707987621154041,0.706224842590971));
#10585=DIRECTION('',(-1.,0.,0.));
#10586=DIRECTION('',(0.,-0.852815342318206,0.522212592635108));
#10587=DIRECTION('',(0.,0.522212592635108,0.852815342318206));
#10588=DIRECTION('',(-1.,0.,0.));
#10589=DIRECTION('',(0.,-0.936164932721413,0.351561116653581));
#10590=DIRECTION('',(0.,0.351561116653581,0.936164932721413));
#10591=DIRECTION('',(-1.,0.,0.));
#10592=DIRECTION('',(0.,-0.980938425294508,0.194318825080669));
#10593=DIRECTION('',(0.,0.194318825080669,0.980938425294508));
#10594=DIRECTION('',(0.,-0.998266155893216,0.0588615494035133));
#10595=DIRECTION('',(0.,0.0588615494035133,0.998266155893216));
#10596=DIRECTION('',(0.,1.,2.812564995717E-013));
#10597=DIRECTION('',(0.,1.,0.));
#10598=DIRECTION('',(0.,0.,-1.));
#10599=DIRECTION('',(0.,-1.,1.361873576873E-013));
#10600=DIRECTION('',(0.,-1.,0.));
#10601=DIRECTION('',(0.,0.,-1.));
#10602=DIRECTION('',(0.,1.,0.));
#10603=DIRECTION('',(0.374606593415897,0.,0.927183854566793));
#10604=DIRECTION('',(-0.927183854566793,0.,0.374606593415897));
#10605=DIRECTION('',(0.,-1.,0.));
#10606=DIRECTION('',(0.,1.,0.));
#10607=DIRECTION('',(0.,0.,-1.));
#10608=DIRECTION('',(0.,1.,0.));
#10609=DIRECTION('',(-1.,0.,0.));
#10610=DIRECTION('',(0.,0.,-1.));
#10611=DIRECTION('',(0.,-1.,0.));
#10612=DIRECTION('',(0.,1.,0.));
#10613=DIRECTION('',(0.,0.,-1.));
#10614=DIRECTION('',(0.374606593415897,0.,-0.927183854566793));
#10615=DIRECTION('',(0.927183854566793,0.,0.374606593415897));
#10616=DIRECTION('',(-7.83076734865298E-008,0.,-0.999999999999997));
#10617=DIRECTION('',(0.,-1.,3.55494378266275E-015));
#10618=DIRECTION('',(1.,0.,0.));
#10619=DIRECTION('',(0.,0.,-1.));
#10620=DIRECTION('',(0.,-1.,3.55494378266275E-015));
#10621=DIRECTION('',(0.,0.,1.));
#10622=DIRECTION('',(0.,0.,1.));
#10623=DIRECTION('',(1.,0.,0.));
#10624=DIRECTION('',(0.,0.,-1.));
#10625=DIRECTION('',(1.,0.,0.));
#10626=DIRECTION('',(0.,1.,0.));
#10627=DIRECTION('',(0.,0.,1.));
#10628=DIRECTION('',(-1.,0.,0.));
#10629=DIRECTION('',(0.,-1.,0.));
#10630=DIRECTION('',(0.,0.,-1.));
#10631=DIRECTION('',(0.,1.,-3.55494378266275E-015));
#10632=DIRECTION('',(-1.,0.,0.));
#10633=DIRECTION('',(0.,0.,1.));
#10634=DIRECTION('',(0.,-1.,0.));
#10635=DIRECTION('',(0.,0.,1.));
#10636=DIRECTION('',(0.,1.,6.662883343329E-014));
#10637=DIRECTION('',(0.,-1.,0.));
#10638=DIRECTION('',(0.,0.,1.));
#10639=DIRECTION('',(0.,1.,0.));
#10640=DIRECTION('',(0.,0.,1.));
#10641=DIRECTION('',(0.,-1.,0.));
#10642=DIRECTION('',(0.,0.,1.));
#10643=DIRECTION('',(0.,1.,0.));
#10644=DIRECTION('',(0.,0.,1.));
#10645=DIRECTION('',(0.,1.,0.));
#10646=DIRECTION('',(0.,0.,1.));
#10647=DIRECTION('',(0.,-1.,0.));
#10648=DIRECTION('',(0.,0.,-1.));
#10649=DIRECTION('',(0.,-1.,0.));
#10650=DIRECTION('',(0.,0.,-1.));
#10651=DIRECTION('',(0.,-1.,0.));
#10652=DIRECTION('',(0.,0.,-1.));
#10653=DIRECTION('',(0.,3.55494378266275E-015,1.));
#10654=DIRECTION('',(0.,-1.,3.55499050336272E-015));
#10655=DIRECTION('',(0.,-1.,0.));
#10656=DIRECTION('',(0.,0.,1.));
#10657=DIRECTION('',(0.,-1.,0.));
#10658=DIRECTION('',(0.,0.,1.));
#10659=DIRECTION('',(0.,1.,0.));
#10660=DIRECTION('',(0.,0.,1.));
#10661=DIRECTION('',(0.,1.,0.));
#10662=DIRECTION('',(0.,0.,1.));
#10663=DIRECTION('',(0.,1.,0.));
#10664=DIRECTION('',(0.,0.,1.));
#10665=DIRECTION('',(0.,1.,0.));
#10666=DIRECTION('',(0.,0.,1.));
#10667=DIRECTION('',(0.,3.55494378266275E-015,1.));
#10668=DIRECTION('',(0.,-1.,3.55499050336272E-015));
#10669=DIRECTION('',(0.,1.,0.));
#10670=DIRECTION('',(0.,0.,-1.));
#10671=DIRECTION('',(0.,1.,0.));
#10672=DIRECTION('',(0.,0.,-1.));
#10673=DIRECTION('',(0.,-1.,0.));
#10674=DIRECTION('',(0.,0.,-1.));
#10675=DIRECTION('',(0.,1.,0.));
#10676=DIRECTION('',(0.,0.,1.));
#10677=DIRECTION('',(0.,-0.994004326870549,0.109340743378794));
#10678=DIRECTION('',(0.,1.,0.));
#10679=DIRECTION('',(-0.234302258320389,0.,0.972163798825057));
#10680=DIRECTION('',(0.,1.,0.));
#10681=DIRECTION('',(-0.244050143224392,0.,-0.969762614041268));
#10682=DIRECTION('',(0.,1.,0.));
#10683=DIRECTION('',(0.,0.,-1.));
#10684=DIRECTION('',(0.,-0.994004355935432,-0.109340479152904));
#10685=DIRECTION('',(0.,-1.,0.));
#10686=DIRECTION('',(0.,0.,1.));
#10687=DIRECTION('',(0.,-1.,0.));
#10688=DIRECTION('',(0.,-2.64027841215607E-016,-1.));
#10689=DIRECTION('',(1.,0.,0.));
#10690=DIRECTION('',(0.,0.109340479153,-0.994004355935421));
#10691=DIRECTION('',(0.,-1.,0.));
#10692=DIRECTION('',(0.,0.,1.));
#10693=DIRECTION('',(-1.,0.,0.));
#10694=DIRECTION('',(0.,0.109340479153,0.994004355935422));
#10695=DIRECTION('',(0.,-1.,0.));
#10696=DIRECTION('',(0.,0.,-1.));
#10697=DIRECTION('',(0.,-1.,0.));
#10698=DIRECTION('',(0.,0.,-1.));
#10699=DIRECTION('',(0.,-1.,0.));
#10700=DIRECTION('',(0.,0.,-1.));
#10701=DIRECTION('',(0.,-1.,0.));
#10702=DIRECTION('',(0.,0.,-1.));
#10703=DIRECTION('',(0.,1.,0.));
#10704=DIRECTION('',(0.234302258320389,0.,-0.972163798825057));
#10705=DIRECTION('',(0.,1.,0.));
#10706=DIRECTION('',(0.244050143224392,0.,0.969762614041268));
#10707=DIRECTION('',(0.,1.,0.));
#10708=DIRECTION('',(0.,0.,1.));
#10709=DIRECTION('',(0.,-1.,0.));
#10710=DIRECTION('',(0.,-2.64027841215607E-016,-1.));
#10711=DIRECTION('',(0.,0.,-1.));
#10712=DIRECTION('',(0.,0.,-1.));
#10713=DIRECTION('',(0.,1.,0.));
#10714=DIRECTION('',(0.,0.,1.));
#10715=DIRECTION('',(0.,0.,1.));
#10716=DIRECTION('',(1.,0.,0.));
#10717=DIRECTION('',(0.,0.,-1.));
#10718=DIRECTION('',(0.,1.,0.));
#10719=DIRECTION('',(-0.28776978417271,0.,-0.957699614345329));
#10720=DIRECTION('',(0.,-1.,0.));
#10721=DIRECTION('',(0.,0.,-1.));
#10722=DIRECTION('',(0.,1.,0.));
#10723=DIRECTION('',(0.,0.,1.));
#10724=DIRECTION('',(0.,0.,-1.));
#10725=DIRECTION('',(-1.,0.,0.));
#10726=DIRECTION('',(0.,0.,1.));
#10727=DIRECTION('',(0.,1.,0.));
#10728=DIRECTION('',(0.28776978417271,0.,0.957699614345329));
#10729=DIRECTION('',(0.,-1.,0.));
#10730=DIRECTION('',(0.,0.,-1.));
#10731=DIRECTION('',(0.,1.,0.));
#10732=DIRECTION('',(0.,0.,1.));
#10733=DIRECTION('',(1.,0.,0.));
#10734=DIRECTION('',(0.,-0.6673303233208,0.744761867697693));
#10735=DIRECTION('',(-1.,0.,0.));
#10736=DIRECTION('',(0.,-0.6673303233208,-0.744761867697698));
#10737=DIRECTION('',(0.,-1.,0.));
#10738=DIRECTION('',(0.,0.,-1.));
#10739=DIRECTION('',(0.,-1.,0.));
#10740=DIRECTION('',(0.,0.,-1.));
#10741=DIRECTION('',(0.,1.,0.));
#10742=DIRECTION('',(0.,0.,1.));
#10743=DIRECTION('',(0.,-1.,0.));
#10744=DIRECTION('',(0.,-1.,0.));
#10745=DIRECTION('',(0.,0.,-1.));
#10746=DIRECTION('',(0.,-1.,0.));
#10747=DIRECTION('',(0.,1.,0.));
#10748=DIRECTION('',(0.,0.,1.));
#10749=DIRECTION('',(0.,1.,0.));
#10750=DIRECTION('',(0.,0.,1.));
#10751=DIRECTION('',(0.,1.,0.));
#10752=DIRECTION('',(0.,0.,-1.));
#10753=DIRECTION('',(0.,-1.,0.));
#10754=DIRECTION('',(0.,0.,1.));
#10755=DIRECTION('',(0.,1.,0.));
#10756=DIRECTION('',(0.,0.,-1.));
#10757=DIRECTION('',(0.,1.,0.));
#10758=DIRECTION('',(0.,0.,1.));
#10759=DIRECTION('',(0.,0.707106781186498,0.707106781186598));
#10760=DIRECTION('',(0.,1.,0.));
#10761=DIRECTION('',(0.,1.0077033983725E-016,1.));
#10762=DIRECTION('',(0.,0.707106781186498,-0.707106781186598));
#10763=DIRECTION('',(0.,1.,0.));
#10764=DIRECTION('',(0.,1.0077033983725E-016,1.));
#10765=DIRECTION('',(0.,1.,0.));
#10766=DIRECTION('',(0.,1.0077033983725E-016,1.));
#10767=DIRECTION('',(0.,1.,0.));
#10768=DIRECTION('',(0.,1.0077033983725E-016,1.));
#10769=DIRECTION('',(1.,0.,0.));
#10770=DIRECTION('',(0.,0.,-1.));
#10771=DIRECTION('',(0.,-1.,0.));
#10772=DIRECTION('',(0.,0.,1.));
#10773=DIRECTION('',(-1.,0.,0.));
#10774=DIRECTION('',(0.,0.,1.));
#10775=DIRECTION('',(0.,-1.,0.));
#10776=DIRECTION('',(0.,0.,-1.));
#10777=DIRECTION('',(0.,-1.,0.));
#10778=DIRECTION('',(0.,0.,-1.));
#10779=DIRECTION('',(0.,-1.,0.));
#10780=DIRECTION('',(0.,0.,-1.));
#10781=DIRECTION('',(-1.,0.,0.));
#10782=DIRECTION('',(0.,-0.707106781186548,-0.707106781186548));
#10783=DIRECTION('',(1.,0.,0.));
#10784=DIRECTION('',(0.,-0.707106781186548,0.707106781186548));
#10785=DIRECTION('',(0.,-1.,0.));
#10786=DIRECTION('',(0.,0.,-1.));
#10787=DIRECTION('',(0.,-1.,0.));
#10788=DIRECTION('',(0.,0.,-1.));
#10789=DIRECTION('',(0.,-1.,0.));
#10790=DIRECTION('',(0.,0.,1.));
#10791=DIRECTION('',(0.,-1.,0.));
#10792=DIRECTION('',(0.,0.,-1.));
#10793=DIRECTION('',(0.,-1.,0.));
#10794=DIRECTION('',(0.,0.,-1.));
#10795=DIRECTION('',(0.,-0.994004326870549,0.109340743378794));
#10796=DIRECTION('',(0.,1.,0.));
#10797=DIRECTION('',(-0.234302258320389,0.,0.972163798825057));
#10798=DIRECTION('',(0.,1.,0.));
#10799=DIRECTION('',(-0.244050143224392,0.,-0.969762614041268));
#10800=DIRECTION('',(0.,1.,0.));
#10801=DIRECTION('',(0.,0.,-1.));
#10802=DIRECTION('',(0.,-0.994004355935432,-0.109340479152904));
#10803=DIRECTION('',(0.,-1.,0.));
#10804=DIRECTION('',(0.,0.,1.));
#10805=DIRECTION('',(0.,-1.,0.));
#10806=DIRECTION('',(0.,-2.64027841215607E-016,-1.));
#10807=DIRECTION('',(1.,0.,0.));
#10808=DIRECTION('',(0.,0.109340479153,-0.994004355935421));
#10809=DIRECTION('',(0.,-1.,0.));
#10810=DIRECTION('',(0.,0.,1.));
#10811=DIRECTION('',(-1.,0.,0.));
#10812=DIRECTION('',(0.,0.109340479153,0.994004355935422));
#10813=DIRECTION('',(0.,-1.,0.));
#10814=DIRECTION('',(0.,0.,-1.));
#10815=DIRECTION('',(0.,-1.,0.));
#10816=DIRECTION('',(0.,0.,-1.));
#10817=DIRECTION('',(0.,-1.,0.));
#10818=DIRECTION('',(0.,0.,-1.));
#10819=DIRECTION('',(0.,-1.,0.));
#10820=DIRECTION('',(0.,0.,-1.));
#10821=DIRECTION('',(0.,1.,0.));
#10822=DIRECTION('',(0.234302258320389,0.,-0.972163798825057));
#10823=DIRECTION('',(0.,1.,0.));
#10824=DIRECTION('',(0.244050143224392,0.,0.969762614041268));
#10825=DIRECTION('',(0.,1.,0.));
#10826=DIRECTION('',(0.,0.,1.));
#10827=DIRECTION('',(0.,-1.,0.));
#10828=DIRECTION('',(0.,-2.64027841215607E-016,-1.));
#10829=DIRECTION('',(0.,0.,-1.));
#10830=DIRECTION('',(0.,0.,-1.));
#10831=DIRECTION('',(0.,1.,0.));
#10832=DIRECTION('',(0.,0.,1.));
#10833=DIRECTION('',(0.,0.,1.));
#10834=DIRECTION('',(1.,0.,0.));
#10835=DIRECTION('',(0.,0.,-1.));
#10836=DIRECTION('',(0.,1.,0.));
#10837=DIRECTION('',(-0.28776978417271,0.,-0.957699614345329));
#10838=DIRECTION('',(0.,-1.,0.));
#10839=DIRECTION('',(0.,0.,-1.));
#10840=DIRECTION('',(0.,1.,0.));
#10841=DIRECTION('',(0.,0.,1.));
#10842=DIRECTION('',(0.,0.,-1.));
#10843=DIRECTION('',(-1.,0.,0.));
#10844=DIRECTION('',(0.,0.,1.));
#10845=DIRECTION('',(0.,1.,0.));
#10846=DIRECTION('',(0.28776978417271,0.,0.957699614345329));
#10847=DIRECTION('',(0.,-1.,0.));
#10848=DIRECTION('',(0.,0.,-1.));
#10849=DIRECTION('',(0.,1.,0.));
#10850=DIRECTION('',(0.,0.,1.));
#10851=DIRECTION('',(-1.,0.,0.));
#10852=DIRECTION('',(0.,-0.6673303233208,-0.744761867697698));
#10853=DIRECTION('',(1.,0.,0.));
#10854=DIRECTION('',(0.,-0.6673303233208,0.744761867697693));
#10855=DIRECTION('',(0.,-1.,0.));
#10856=DIRECTION('',(0.,0.,-1.));
#10857=DIRECTION('',(0.,-1.,0.));
#10858=DIRECTION('',(0.,0.,-1.));
#10859=DIRECTION('',(0.,1.,0.));
#10860=DIRECTION('',(0.,0.,1.));
#10861=DIRECTION('',(0.,0.707106781186498,0.707106781186598));
#10862=DIRECTION('',(0.,1.,0.));
#10863=DIRECTION('',(0.,1.0077033983725E-016,1.));
#10864=DIRECTION('',(0.,1.,0.));
#10865=DIRECTION('',(0.,0.,1.));
#10866=DIRECTION('',(0.,0.707106781186498,-0.707106781186598));
#10867=DIRECTION('',(0.,1.,0.));
#10868=DIRECTION('',(0.,1.0077033983725E-016,1.));
#10869=DIRECTION('',(0.,1.,0.));
#10870=DIRECTION('',(0.,0.,-1.));
#10871=DIRECTION('',(0.,1.,0.));
#10872=DIRECTION('',(0.,1.0077033983725E-016,1.));
#10873=DIRECTION('',(0.,1.,0.));
#10874=DIRECTION('',(0.,0.,-1.));
#10875=DIRECTION('',(0.,1.,0.));
#10876=DIRECTION('',(0.,1.0077033983725E-016,1.));
#10877=DIRECTION('',(0.,-1.,0.));
#10878=DIRECTION('',(0.,-1.,0.));
#10879=DIRECTION('',(0.,0.,1.));
#10880=DIRECTION('',(0.,-1.,0.));
#10881=DIRECTION('',(0.,1.,0.));
#10882=DIRECTION('',(0.,0.,1.));
#10883=DIRECTION('',(0.,-1.,0.));
#10884=DIRECTION('',(0.,0.,-1.));
#10885=DIRECTION('',(0.,1.,0.));
#10886=DIRECTION('',(0.,0.,1.));
#10887=DIRECTION('',(1.,0.,0.));
#10888=DIRECTION('',(0.,0.,-1.));
#10889=DIRECTION('',(0.,-1.,0.));
#10890=DIRECTION('',(0.,0.,1.));
#10891=DIRECTION('',(-1.,0.,0.));
#10892=DIRECTION('',(0.,0.,1.));
#10893=DIRECTION('',(0.,-1.,0.));
#10894=DIRECTION('',(0.,0.,-1.));
#10895=DIRECTION('',(0.,-1.,0.));
#10896=DIRECTION('',(0.,0.,-1.));
#10897=DIRECTION('',(0.,-1.,0.));
#10898=DIRECTION('',(0.,0.,-1.));
#10899=DIRECTION('',(-1.,0.,0.));
#10900=DIRECTION('',(0.,-0.707106781186548,-0.707106781186548));
#10901=DIRECTION('',(1.,0.,0.));
#10902=DIRECTION('',(0.,-0.707106781186548,0.707106781186548));
#10903=DIRECTION('',(0.,-1.,0.));
#10904=DIRECTION('',(0.,0.,-1.));
#10905=DIRECTION('',(0.,-1.,0.));
#10906=DIRECTION('',(0.,0.,-1.));
#10907=DIRECTION('',(0.,-1.,0.));
#10908=DIRECTION('',(0.,0.,1.));
#10909=DIRECTION('',(0.,-1.,0.));
#10910=DIRECTION('',(0.,0.,-1.));
#10911=DIRECTION('',(0.,-1.,0.));
#10912=DIRECTION('',(0.,0.,-1.));
#10913=CARTESIAN_POINT('',(0.,0.,0.));
#10914=CARTESIAN_POINT('',(17.5,1.19825687385585,-3.1));
#10915=CARTESIAN_POINT('',(16.9857254658387,1.19825687385585,-2.6276819234879));
#10916=CARTESIAN_POINT('',(17.5,1.19825687385585,-2.40174312614412));
#10917=CARTESIAN_POINT('',(17.5,1.19825687385585,-3.1));
#10918=CARTESIAN_POINT('',(18.014274534164,1.19825687385585,-2.62768192349083));
#10919=CARTESIAN_POINT('',(17.9510369750251,1.19825687385585,-2.933330734502));
#10920=CARTESIAN_POINT('',(18.05,1.19825687385585,-2.45500849484716));
#10921=CARTESIAN_POINT('',(18.05,1.19825687385585,0.));
#10922=CARTESIAN_POINT('',(18.05,1.19825687385585,-0.54584036185017));
#10923=CARTESIAN_POINT('',(15.,1.19825687385585,-0.54584036185017));
#10924=CARTESIAN_POINT('',(16.95,1.19825687385585,-0.54584036185017));
#10925=CARTESIAN_POINT('',(16.95,1.19825687385585,-3.4));
#10926=CARTESIAN_POINT('',(16.95,1.19825687385585,-2.45500849483104));
#10927=CARTESIAN_POINT('',(16.95,1.19825687385585,-2.45500849483106));
#10928=CARTESIAN_POINT('',(15.,1.19825687385585,-0.54584036185017));
#10929=CARTESIAN_POINT('',(22.5,1.19825687385585,-3.1));
#10930=CARTESIAN_POINT('',(23.0142745341648,1.19825687385585,-2.62768192349172));
#10931=CARTESIAN_POINT('',(22.5,1.19825687385585,-2.40174312614412));
#10932=CARTESIAN_POINT('',(22.9510369750261,1.19825687385585,-2.933330734502));
#10933=CARTESIAN_POINT('',(23.050000000001,1.19825687385585,-2.45500849484712));
#10934=CARTESIAN_POINT('',(23.050000000001,1.19825687385585,-3.4));
#10935=CARTESIAN_POINT('',(23.050000000001,1.19825687385585,-0.54584036185017));
#10936=CARTESIAN_POINT('',(15.,1.19825687385585,-0.54584036185017));
#10937=CARTESIAN_POINT('',(21.950000000001,1.19825687385585,-0.54584036185017));
#10938=CARTESIAN_POINT('',(21.950000000001,1.19825687385585,0.));
#10939=CARTESIAN_POINT('',(21.950000000001,1.19825687385585,-2.4550088666986));
#10940=CARTESIAN_POINT('',(21.950000000001,1.19825687385585,-2.45500849483106));
#10941=CARTESIAN_POINT('',(21.9857254658395,1.19825687385585,-2.62768192348701));
#10942=CARTESIAN_POINT('',(22.5,1.19825687385585,-3.1));
#10943=CARTESIAN_POINT('',(15.,1.19825687385585,-0.54584036185017));
#10944=CARTESIAN_POINT('',(19.550000000001,1.2,-5.4));
#10945=CARTESIAN_POINT('',(19.550000000001,1.2,-0.54584036185018));
#10946=CARTESIAN_POINT('',(19.550000000001,1.2,0.));
#10947=CARTESIAN_POINT('',(15.450000000001,1.2,-0.545840361850171));
#10948=CARTESIAN_POINT('',(18.0499999038768,1.2,-0.545840361850171));
#10949=CARTESIAN_POINT('',(18.049999800315,1.2,-2.550001930175));
#10950=CARTESIAN_POINT('',(18.05,1.2,0.));
#10951=CARTESIAN_POINT('',(19.550000000001,1.2,0.));
#10952=CARTESIAN_POINT('',(15.450000000001,1.2,-5.4));
#10953=CARTESIAN_POINT('',(21.950000159831,1.2,-2.550001544988));
#10954=CARTESIAN_POINT('',(21.950000000001,1.2,-0.54584036185017));
#10955=CARTESIAN_POINT('',(21.950000000001,1.2,0.));
#10956=CARTESIAN_POINT('',(20.450000000001,1.2,-0.545840361850171));
#10957=CARTESIAN_POINT('',(20.450000000001,1.2,-0.545840361850171));
#10958=CARTESIAN_POINT('',(20.450000000001,1.2,-5.4));
#10959=CARTESIAN_POINT('',(20.450000000001,1.2,0.));
#10960=CARTESIAN_POINT('',(21.950000000001,1.2,0.));
#10961=CARTESIAN_POINT('',(20.450000000001,1.2,-5.4));
#10962=CARTESIAN_POINT('',(15.,0.4,-7.6));
#10963=CARTESIAN_POINT('',(15.,0.4,-7.6));
#10964=CARTESIAN_POINT('',(25.000000000001,0.4,-7.6));
#10965=CARTESIAN_POINT('',(25.000000000001,0.4,-6.7400000005));
#10966=CARTESIAN_POINT('',(25.000000000001,0.4,-6.76000000049992));
#10967=CARTESIAN_POINT('',(25.000000000001,0.4,-6.7600000005));
#10968=CARTESIAN_POINT('',(24.5374606593426,0.4,-6.94687802460648));
#10969=CARTESIAN_POINT('',(24.500000000001,0.4,-6.85415963914973));
#10970=CARTESIAN_POINT('',(24.400000000001,0.4,-6.85415963914973));
#10971=CARTESIAN_POINT('',(24.400000000001,0.4,-6.982415736001));
#10972=CARTESIAN_POINT('',(24.400000000001,0.4,-5.94584036185019));
#10973=CARTESIAN_POINT('',(24.500000000001,0.4,-5.94584036185019));
#10974=CARTESIAN_POINT('',(24.5374606593426,0.4,-5.85312197639358));
#10975=CARTESIAN_POINT('',(24.400000000001,0.4,-5.797584264999));
#10976=CARTESIAN_POINT('',(25.000000000001,0.4,-6.0400000005));
#10977=CARTESIAN_POINT('',(25.000000000001,0.4,0.));
#10978=CARTESIAN_POINT('',(25.000000000001,0.4,0.));
#10979=CARTESIAN_POINT('',(23.050000000001,0.4,0.));
#10980=CARTESIAN_POINT('',(23.050000000001,0.4,0.));
#10981=CARTESIAN_POINT('',(23.050000000001,0.4,-3.4));
#10982=CARTESIAN_POINT('',(23.0499999999947,0.4,-3.2307843263812));
#10983=CARTESIAN_POINT('',(23.049999999991,0.4,-3.200000000054));
#10984=CARTESIAN_POINT('',(23.050000000001,0.4,-3.4));
#10985=CARTESIAN_POINT('',(22.500000000001,0.4,-3.4));
#10986=CARTESIAN_POINT('',(21.950000000001,0.4,-3.39999999999989));
#10987=CARTESIAN_POINT('',(21.950000000001,0.4,0.));
#10988=CARTESIAN_POINT('',(21.950000000001,0.4,0.));
#10989=CARTESIAN_POINT('',(18.05,0.4,0.));
#10990=CARTESIAN_POINT('',(18.05,0.4,0.));
#10991=CARTESIAN_POINT('',(18.05,0.4,0.));
#10992=CARTESIAN_POINT('',(18.0499999999937,0.4,-3.2307843263812));
#10993=CARTESIAN_POINT('',(18.05,0.4,-3.4));
#10994=CARTESIAN_POINT('',(18.05,0.4,-3.4));
#10995=CARTESIAN_POINT('',(17.5,0.4,-3.4));
#10996=CARTESIAN_POINT('',(16.95,0.4,-3.40000000000048));
#10997=CARTESIAN_POINT('',(16.95,0.4,-3.4));
#10998=CARTESIAN_POINT('',(16.95,0.4,0.));
#10999=CARTESIAN_POINT('',(15.,0.4,0.));
#11000=CARTESIAN_POINT('',(15.,0.4,0.));
#11001=CARTESIAN_POINT('',(15.,0.4,-6.0600000005));
#11002=CARTESIAN_POINT('',(15.,0.4,-6.0600000005));
#11003=CARTESIAN_POINT('',(15.,0.4,-6.0600000005));
#11004=CARTESIAN_POINT('',(14.5377509943497,0.4,-5.87323954390545));
#11005=CARTESIAN_POINT('',(14.5,0.4,-5.96584036185));
#11006=CARTESIAN_POINT('',(14.5,0.4,-5.86584036185));
#11007=CARTESIAN_POINT('',(14.5,0.4,-5.96584036185));
#11008=CARTESIAN_POINT('',(14.4,0.4,-5.96584036185));
#11009=CARTESIAN_POINT('',(14.4,0.4,-6.83415963915));
#11010=CARTESIAN_POINT('',(14.4,0.4,-6.83415963915));
#11011=CARTESIAN_POINT('',(14.5,0.4,-6.83415963915));
#11012=CARTESIAN_POINT('',(14.5,0.4,-6.93415963915));
#11013=CARTESIAN_POINT('',(14.5,0.4,-6.83415963915));
#11014=CARTESIAN_POINT('',(14.5377510869495,0.4,-6.926760684236));
#11015=CARTESIAN_POINT('',(14.5377510869495,0.4,-6.926760684236));
#11016=CARTESIAN_POINT('',(15.,0.4,-6.7400000005));
#11017=CARTESIAN_POINT('',(15.,0.4,-7.6));
#11018=CARTESIAN_POINT('',(9.082294136249,0.4,0.));
#11019=CARTESIAN_POINT('',(25.000000000001,0.,0.));
#11020=CARTESIAN_POINT('',(25.000000000001,7.1,0.));
#11021=CARTESIAN_POINT('',(15.,7.1,0.));
#11022=CARTESIAN_POINT('',(15.,7.1,0.));
#11023=CARTESIAN_POINT('',(15.,7.1,0.));
#11024=CARTESIAN_POINT('',(16.95,0.,0.));
#11025=CARTESIAN_POINT('',(16.95,1.2,0.));
#11026=CARTESIAN_POINT('',(16.95,1.2,0.));
#11027=CARTESIAN_POINT('',(15.450000000001,1.2,0.));
#11028=CARTESIAN_POINT('',(15.450000000001,1.2,0.));
#11029=CARTESIAN_POINT('',(15.450000000001,6.2,0.));
#11030=CARTESIAN_POINT('',(15.450000000001,6.2,0.));
#11031=CARTESIAN_POINT('',(19.550000000001,6.2,0.));
#11032=CARTESIAN_POINT('',(19.550000000001,6.2,0.));
#11033=CARTESIAN_POINT('',(18.05,0.,0.));
#11034=CARTESIAN_POINT('',(21.950000000001,0.,0.));
#11035=CARTESIAN_POINT('',(20.450000000001,1.2,0.));
#11036=CARTESIAN_POINT('',(20.450000000001,6.2,0.));
#11037=CARTESIAN_POINT('',(20.450000000001,6.2,0.));
#11038=CARTESIAN_POINT('',(24.550000000001,6.2,0.));
#11039=CARTESIAN_POINT('',(24.550000000001,6.2,0.));
#11040=CARTESIAN_POINT('',(24.550000000001,1.2,0.));
#11041=CARTESIAN_POINT('',(24.550000000001,1.2,0.));
#11042=CARTESIAN_POINT('',(23.050000000001,1.2,0.));
#11043=CARTESIAN_POINT('',(23.050000000001,0.,0.));
#11044=CARTESIAN_POINT('',(30.,7.1,0.));
#11045=CARTESIAN_POINT('',(17.5,10.4,-3.4));
#11046=CARTESIAN_POINT('',(17.5,10.4,-5.165));
#11047=CARTESIAN_POINT('',(15.,10.4,-1.059999999999));
#11048=CARTESIAN_POINT('',(15.,10.4,-1.059999999999));
#11049=CARTESIAN_POINT('',(25.000000000001,10.4,-1.059999999999));
#11050=CARTESIAN_POINT('',(25.000000000001,10.4,-1.059999999999));
#11051=CARTESIAN_POINT('',(25.000000000001,10.4,-5.85));
#11052=CARTESIAN_POINT('',(15.,10.4,-5.85));
#11053=CARTESIAN_POINT('',(15.,10.4,-5.85));
#11054=CARTESIAN_POINT('',(15.,10.4,-1.059999999999));
#11055=CARTESIAN_POINT('',(22.500000000001,10.4,-3.4));
#11056=CARTESIAN_POINT('',(22.500000000001,10.4,-5.165));
#11057=CARTESIAN_POINT('',(30.,10.4,-5.85));
#11058=CARTESIAN_POINT('',(17.5,9.26857142857358,-6.449999999999));
#11059=CARTESIAN_POINT('',(17.3306597591989,8.28181138964349,-6.97328183882528));
#11060=CARTESIAN_POINT('',(17.5,10.3057142857176,-5.89999999999986));
#11061=CARTESIAN_POINT('',(15.,8.28181138964349,-6.97328183882528));
#11062=CARTESIAN_POINT('',(17.6693402408011,8.28181138964349,-6.97328183882528));
#11063=CARTESIAN_POINT('',(17.5,9.26857142857358,-6.449999999999));
#11064=CARTESIAN_POINT('',(22.500000000001,9.26857142857358,-6.449999999999));
#11065=CARTESIAN_POINT('',(22.3306597591999,8.28181138964349,-6.97328183882528));
#11066=CARTESIAN_POINT('',(22.500000000001,10.3057142857176,-5.89999999999986));
#11067=CARTESIAN_POINT('',(15.,8.28181138964349,-6.97328183882528));
#11068=CARTESIAN_POINT('',(22.6693402408021,8.28181138964349,-6.97328183882528));
#11069=CARTESIAN_POINT('',(22.500000000001,9.26857142857358,-6.449999999999));
#11070=CARTESIAN_POINT('',(15.,7.1,-7.6));
#11071=CARTESIAN_POINT('',(15.,7.1,-7.6));
#11072=CARTESIAN_POINT('',(25.000000000001,7.1,-7.6));
#11073=CARTESIAN_POINT('',(15.,10.4,-5.85));
#11074=CARTESIAN_POINT('',(25.000000000001,7.1,-7.6));
#11075=CARTESIAN_POINT('',(30.,7.1,-7.6));
#11076=CARTESIAN_POINT('',(25.000000000001,7.1,-7.6));
#11077=CARTESIAN_POINT('',(15.,0.,-7.6));
#11078=CARTESIAN_POINT('',(30.,0.4000000000001,-7.6));
#11079=CARTESIAN_POINT('',(25.000000000001,10.4,-1.059999999999));
#11080=CARTESIAN_POINT('',(15.,7.1,0.));
#11081=CARTESIAN_POINT('',(30.,10.4,-1.059999999999));
#11082=CARTESIAN_POINT('',(15.,7.1,-6.0600000005));
#11083=CARTESIAN_POINT('',(15.,7.1,-6.0600000005));
#11084=CARTESIAN_POINT('',(15.,7.1,-6.7400000005));
#11085=CARTESIAN_POINT('',(15.,0.,-6.0600000005));
#11086=CARTESIAN_POINT('',(15.,0.,-6.7400000005));
#11087=CARTESIAN_POINT('',(15.,33.98893407222,-3.455));
#11088=CARTESIAN_POINT('',(18.05,1.06533577635297,-3.23078432638213));
#11089=CARTESIAN_POINT('',(18.0320781513851,1.04306310037522,-3.209875675454));
#11090=CARTESIAN_POINT('',(18.0139358263269,1.02119422152159,-3.18870980413669));
#11091=CARTESIAN_POINT('',(17.9954683775545,1.,-3.16716462494155));
#11092=CARTESIAN_POINT('',(18.05,1.06533577635297,-3.23078432638213));
#11093=CARTESIAN_POINT('',(17.9954683775545,1.,-3.16716462494155));
#11094=CARTESIAN_POINT('',(18.0499999999937,1.2,-3.2307843263812));
#11095=CARTESIAN_POINT('',(18.0499999999937,0.8,-3.2307843263812));
#11096=CARTESIAN_POINT('',(17.9594390631807,0.8,-3.12513077153679));
#11097=CARTESIAN_POINT('',(17.9954683775545,0.8,-3.16716462494156));
#11098=CARTESIAN_POINT('',(17.9954683775545,-3.9,-3.16716462494155));
#11099=CARTESIAN_POINT('',(18.0499999999937,1.2,-3.2307843263812));
#11100=CARTESIAN_POINT('',(17.9580372589362,1.,-2.89949596157125));
#11101=CARTESIAN_POINT('',(17.9779792388787,1.05692007590157,-2.80310953328979));
#11102=CARTESIAN_POINT('',(17.9963879194408,1.12660481807169,-2.71413406676775));
#11103=CARTESIAN_POINT('',(18.014274534164,1.19825687385585,-2.62768192349083));
#11104=CARTESIAN_POINT('',(17.9580372589362,1.,-2.89949596157125));
#11105=CARTESIAN_POINT('',(17.9580372589362,-3.9,-2.89949596157125));
#11106=CARTESIAN_POINT('',(17.9580372589362,0.8,-2.89949596157131));
#11107=CARTESIAN_POINT('',(18.05,0.8,-2.45500849484716));
#11108=CARTESIAN_POINT('',(18.0499999999937,0.8,-2.45500849484716));
#11109=CARTESIAN_POINT('',(18.05,1.2,-2.45500849484715));
#11110=CARTESIAN_POINT('',(17.9510369750251,1.2,-2.933330734502));
#11111=CARTESIAN_POINT('',(16.9857254658387,1.19825687385585,-2.6276819234879));
#11112=CARTESIAN_POINT('',(17.0036120805617,1.12660481807189,-2.71413406676423));
#11113=CARTESIAN_POINT('',(17.0220207611237,1.05692007590194,-2.80310953328558));
#11114=CARTESIAN_POINT('',(17.0419627410661,1.,-2.89949596156615));
#11115=CARTESIAN_POINT('',(17.0419627410661,1.,-2.89949596156615));
#11116=CARTESIAN_POINT('',(16.95,1.2,-2.45500849483106));
#11117=CARTESIAN_POINT('',(16.95,0.8,-2.45500849483106));
#11118=CARTESIAN_POINT('',(17.0489630249782,0.8,-2.933330734502));
#11119=CARTESIAN_POINT('',(17.0419627410661,0.8,-2.89949596156614));
#11120=CARTESIAN_POINT('',(17.0419627410661,-3.9,-2.89949596156615));
#11121=CARTESIAN_POINT('',(16.95,1.2,-2.45500849483106));
#11122=CARTESIAN_POINT('',(17.0045316224455,1.,-3.16716462494156));
#11123=CARTESIAN_POINT('',(16.986064173672,1.02119422152287,-3.188709804138));
#11124=CARTESIAN_POINT('',(16.9679218486159,1.04306310037574,-3.20987567546152));
#11125=CARTESIAN_POINT('',(16.95,1.06533577635498,-3.23078432639082));
#11126=CARTESIAN_POINT('',(17.0045316224455,1.,-3.16716462494156));
#11127=CARTESIAN_POINT('',(16.95,1.06533577635498,-3.23078432639082));
#11128=CARTESIAN_POINT('',(17.0045316224455,-3.9,-3.16716462494156));
#11129=CARTESIAN_POINT('',(17.0045316224455,0.8,-3.16716462494155));
#11130=CARTESIAN_POINT('',(16.95,0.8,-3.23078432638855));
#11131=CARTESIAN_POINT('',(16.95,0.8,-3.23078432638855));
#11132=CARTESIAN_POINT('',(16.95,1.2,-3.23078432638855));
#11133=CARTESIAN_POINT('',(17.0405609368193,1.2,-3.12513077153679));
#11134=CARTESIAN_POINT('',(18.05,1.06533577635297,-3.23078432638213));
#11135=CARTESIAN_POINT('',(18.05,1.06927196683992,-3.24779912751601));
#11136=CARTESIAN_POINT('',(18.05,1.07390232298975,-3.26466453486548));
#11137=CARTESIAN_POINT('',(18.05,1.07912076834996,-3.28133081463024));
#11138=CARTESIAN_POINT('',(18.05,1.09184774421625,-3.32197727649878));
#11139=CARTESIAN_POINT('',(18.05,1.1081030050042,-3.36158480222957));
#11140=CARTESIAN_POINT('',(18.05,1.12649820430707,-3.39999999999997));
#11141=CARTESIAN_POINT('',(18.05,1.12649820430707,-3.39999999999997));
#11142=CARTESIAN_POINT('',(18.05,0.,-3.4));
#11143=CARTESIAN_POINT('',(18.05,1.2,-0.54584036185017));
#11144=CARTESIAN_POINT('',(18.0499999999937,0.8,-3.2307843263812));
#11145=CARTESIAN_POINT('',(18.05,1.2,0.));
#11146=CARTESIAN_POINT('',(16.95,1.2,-3.400000000001));
#11147=CARTESIAN_POINT('',(16.95,1.12649820430754,-3.40000000000095));
#11148=CARTESIAN_POINT('',(16.95,1.12649820430754,-3.40000000000095));
#11149=CARTESIAN_POINT('',(16.95,1.10810300499847,-3.3615848022177));
#11150=CARTESIAN_POINT('',(16.95,1.09184774420572,-3.3219772764732));
#11151=CARTESIAN_POINT('',(16.95,1.07912076833747,-3.28133081459033));
#11152=CARTESIAN_POINT('',(16.95,1.07390232298325,-3.26466453484141));
#11153=CARTESIAN_POINT('',(16.95,1.06927196683836,-3.24779912750818));
#11154=CARTESIAN_POINT('',(16.95,1.06533577635498,-3.23078432639082));
#11155=CARTESIAN_POINT('',(16.95,0.8,-2.45500849483106));
#11156=CARTESIAN_POINT('',(16.95,1.20000000000001,-0.54584036185017));
#11157=CARTESIAN_POINT('',(16.9500000769395,1.2,-0.545840361850171));
#11158=CARTESIAN_POINT('',(16.95,1.2,0.));
#11159=CARTESIAN_POINT('',(16.95,1.2,-3.4));
#11160=CARTESIAN_POINT('',(15.450000000001,6.2,-5.4));
#11161=CARTESIAN_POINT('',(15.450000000001,6.2,-0.545840361850188));
#11162=CARTESIAN_POINT('',(15.,6.2,-0.545840361850188));
#11163=CARTESIAN_POINT('',(19.550000000001,6.2,-0.545840361850188));
#11164=CARTESIAN_POINT('',(19.550000000001,6.2,-5.4));
#11165=CARTESIAN_POINT('',(19.550000000001,6.2,-5.4));
#11166=CARTESIAN_POINT('',(15.450000000001,1.2,-0.545840361850171));
#11167=CARTESIAN_POINT('',(15.450000000001,1.2,-0.545840361850171));
#11168=CARTESIAN_POINT('',(15.450000000001,1.2,-5.4));
#11169=CARTESIAN_POINT('',(15.450000000001,1.2,-5.4));
#11170=CARTESIAN_POINT('',(18.0266853644228,1.19825687385585,-3.55843776981158));
#11171=CARTESIAN_POINT('',(18.0422686730754,1.17600030374715,-3.50663509292207));
#11172=CARTESIAN_POINT('',(18.05,1.15176175022075,-3.45275855383113));
#11173=CARTESIAN_POINT('',(18.05,1.12649820430707,-3.39999999999997));
#11174=CARTESIAN_POINT('',(18.0266853644228,1.19825687385585,-3.55843776981158));
#11175=CARTESIAN_POINT('',(17.5,1.19825687385585,-3.4));
#11176=CARTESIAN_POINT('',(16.9733146355772,1.19825687385585,-3.55843776981158));
#11177=CARTESIAN_POINT('',(16.95,1.12649820430754,-3.40000000000095));
#11178=CARTESIAN_POINT('',(16.9500000000001,1.15176175022104,-3.45275855383179));
#11179=CARTESIAN_POINT('',(16.9577313269247,1.17600030374729,-3.50663509292238));
#11180=CARTESIAN_POINT('',(16.9733146355772,1.19825687385585,-3.55843776981158));
#11181=CARTESIAN_POINT('',(17.5,1.2,-3.4));
#11182=CARTESIAN_POINT('',(15.450000000001,6.20000000000002,-0.545840361850188));
#11183=CARTESIAN_POINT('',(15.450000000001,6.2,-5.4));
#11184=CARTESIAN_POINT('',(20.450000000001,6.20000000000002,-0.545840361850188));
#11185=CARTESIAN_POINT('',(20.450000000001,6.2,-0.545840361850188));
#11186=CARTESIAN_POINT('',(20.450000000001,6.2,-5.4));
#11187=CARTESIAN_POINT('',(20.450000000001,6.2,-5.4));
#11188=CARTESIAN_POINT('',(17.5,6.2,-5.9));
#11189=CARTESIAN_POINT('',(17.5,8.28181138964349,-5.89999999999986));
#11190=CARTESIAN_POINT('',(17.5,8.28181138964349,-6.449999999999));
#11191=CARTESIAN_POINT('',(17.5,6.2,-6.449999999999));
#11192=CARTESIAN_POINT('',(17.5,8.28181138964349,-6.449999999999));
#11193=CARTESIAN_POINT('',(17.5,6.2,-6.449999999999));
#11194=CARTESIAN_POINT('',(19.550000000001,1.20000000000002,-0.545840361850171));
#11195=CARTESIAN_POINT('',(19.550000000001,1.2,-5.4));
#11196=CARTESIAN_POINT('',(14.5377510869495,6.7,-6.926760684236));
#11197=CARTESIAN_POINT('',(14.5377510869495,7.1,-6.926760684236));
#11198=CARTESIAN_POINT('',(15.,7.1,-6.7400000005));
#11199=CARTESIAN_POINT('',(14.5374606593416,6.7,-6.926878024607));
#11200=CARTESIAN_POINT('',(14.5,7.1,-5.96584036185));
#11201=CARTESIAN_POINT('',(14.4,7.1,-5.96584036185));
#11202=CARTESIAN_POINT('',(14.5,7.1,-5.86584036185));
#11203=CARTESIAN_POINT('',(14.5,7.1,-5.96584036185));
#11204=CARTESIAN_POINT('',(14.5377510869495,7.1,-5.873239316764));
#11205=CARTESIAN_POINT('',(14.5377510869495,7.1,-5.873239316764));
#11206=CARTESIAN_POINT('',(14.5,7.1,-6.83415963915));
#11207=CARTESIAN_POINT('',(14.5,7.1,-6.93415963915));
#11208=CARTESIAN_POINT('',(14.5,7.1,-6.83415963915));
#11209=CARTESIAN_POINT('',(14.4,7.1,-6.83415963915));
#11210=CARTESIAN_POINT('',(14.4,7.1,-6.83415963915));
#11211=CARTESIAN_POINT('',(14.5,7.1,-6.83415963915));
#11212=CARTESIAN_POINT('',(14.4,6.7,-5.96584036185));
#11213=CARTESIAN_POINT('',(14.4,0.,-6.83415963915));
#11214=CARTESIAN_POINT('',(14.4,6.7,-5.96584036185));
#11215=CARTESIAN_POINT('',(14.5,6.7,-6.83415963915));
#11216=CARTESIAN_POINT('',(14.5377510869495,0.,-5.873239316764));
#11217=CARTESIAN_POINT('',(14.5,6.7,-5.96584036185));
#11218=CARTESIAN_POINT('',(15.,6.7,-6.0600000005));
#11219=CARTESIAN_POINT('',(17.5,10.05,-3.4));
#11220=CARTESIAN_POINT('',(17.5,10.05,-5.165));
#11221=CARTESIAN_POINT('',(17.5,10.4,-3.4));
#11222=CARTESIAN_POINT('',(17.5,9.05,-3.4));
#11223=CARTESIAN_POINT('',(17.5,9.05,-5.165));
#11224=CARTESIAN_POINT('',(17.5,9.55,-3.4));
#11225=CARTESIAN_POINT('',(17.5,8.28181138964349,-3.4));
#11226=CARTESIAN_POINT('',(17.5,8.28181138964349,-1.635));
#11227=CARTESIAN_POINT('',(17.5,10.4,-3.4));
#11228=CARTESIAN_POINT('',(17.5,0.8,-3.1));
#11229=CARTESIAN_POINT('',(17.010000000025,0.8,-3.099268908667));
#11230=CARTESIAN_POINT('',(17.5,0.8,-3.1));
#11231=CARTESIAN_POINT('',(17.989999999975,0.8,-3.099268908667));
#11232=CARTESIAN_POINT('',(25.000000000001,7.39160236984244,-3.77340048682163));
#11233=CARTESIAN_POINT('',(25.000000000001,7.39160236984244,-3.77340048682163));
#11234=CARTESIAN_POINT('',(25.000000000001,7.3878070230493,-3.83776790989941));
#11235=CARTESIAN_POINT('',(25.000000000001,7.40298841022232,-3.71592275909279));
#11236=CARTESIAN_POINT('',(25.000000000001,7.40298841022232,-3.71592275909279));
#11237=CARTESIAN_POINT('',(25.000000000001,7.42197344019805,-3.6653679096853));
#11238=CARTESIAN_POINT('',(25.000000000001,7.42197344019805,-3.6653679096853));
#11239=CARTESIAN_POINT('',(25.000000000001,7.44770298806398,-3.62334947987256));
#11240=CARTESIAN_POINT('',(25.000000000001,7.44770298806397,-3.62334947987256));
#11241=CARTESIAN_POINT('',(25.000000000001,7.47935576579393,-3.59177551261382));
#11242=CARTESIAN_POINT('',(25.000000000001,7.47935576579394,-3.59177551261382));
#11243=CARTESIAN_POINT('',(25.000000000001,7.51696495670685,-3.57067089522388));
#11244=CARTESIAN_POINT('',(25.000000000001,7.51696495670685,-3.57067089522388));
#11245=CARTESIAN_POINT('',(25.000000000001,7.5595475040026,-3.55864607506737));
#11246=CARTESIAN_POINT('',(25.000000000001,7.5595475040026,-3.55864607506737));
#11247=CARTESIAN_POINT('',(25.000000000001,7.60617427298566,-3.55432809046943));
#11248=CARTESIAN_POINT('',(25.000000000001,7.60617427298566,-3.55432809046943));
#11249=CARTESIAN_POINT('',(25.000000000001,7.65696555380637,-3.557783307715));
#11250=CARTESIAN_POINT('',(25.000000000001,7.65696555380637,-3.557783307715));
#11251=CARTESIAN_POINT('',(25.000000000001,7.66504985005886,-3.71320172339983));
#11252=CARTESIAN_POINT('',(25.000000000001,7.66504985005886,-3.71320172339983));
#11253=CARTESIAN_POINT('',(25.000000000001,7.62114826424013,-3.71247168967602));
#11254=CARTESIAN_POINT('',(25.000000000001,7.62114826424013,-3.71247168967602));
#11255=CARTESIAN_POINT('',(25.000000000001,7.5879400165767,-3.71717543097475));
#11256=CARTESIAN_POINT('',(25.000000000001,7.5879400165767,-3.71717543097475));
#11257=CARTESIAN_POINT('',(25.000000000001,7.56546658568768,-3.72727976398164));
#11258=CARTESIAN_POINT('',(25.000000000001,7.56546658568768,-3.72727976398164));
#11259=CARTESIAN_POINT('',(25.000000000001,7.54206816898513,-3.75509986377074));
#11260=CARTESIAN_POINT('',(25.000000000001,7.54206816898513,-3.75509986377074));
#11261=CARTESIAN_POINT('',(25.000000000001,7.5280606428677,-3.7973588731802));
#11262=CARTESIAN_POINT('',(25.000000000001,7.5280606428677,-3.7973588731802));
#11263=CARTESIAN_POINT('',(25.000000000001,7.52339838089383,-3.85396968572422));
#11264=CARTESIAN_POINT('',(25.000000000001,7.52339838089383,-3.85396968572422));
#11265=CARTESIAN_POINT('',(25.000000000001,7.52657568739951,-3.90252523751042));
#11266=CARTESIAN_POINT('',(25.000000000001,7.52657568739951,-3.90252523751042));
#11267=CARTESIAN_POINT('',(25.000000000001,7.53608272030979,-3.94198440075343));
#11268=CARTESIAN_POINT('',(25.000000000001,7.53608272030979,-3.94198440075343));
#11269=CARTESIAN_POINT('',(25.000000000001,7.55187799959176,-3.97234717545507));
#11270=CARTESIAN_POINT('',(25.000000000001,7.55187799959176,-3.97234717545507));
#11271=CARTESIAN_POINT('',(25.000000000001,7.57227332274479,-3.99438092684068));
#11272=CARTESIAN_POINT('',(25.000000000001,7.57227332274479,-3.99438092684068));
#11273=CARTESIAN_POINT('',(25.000000000001,7.59523620776681,-4.00882398428439));
#11274=CARTESIAN_POINT('',(25.000000000001,7.59523620776681,-4.00882398428439));
#11275=CARTESIAN_POINT('',(25.000000000001,7.62077909955124,-4.0156390169941));
#11276=CARTESIAN_POINT('',(25.000000000001,7.62077909955124,-4.0156390169941));
#11277=CARTESIAN_POINT('',(25.000000000001,7.64294143603174,-4.01486335576192));
#11278=CARTESIAN_POINT('',(25.000000000001,7.64294143603174,-4.01486335576192));
#11279=CARTESIAN_POINT('',(25.000000000001,7.66273531055404,-4.0073348809874));
#11280=CARTESIAN_POINT('',(25.000000000001,7.66273531055404,-4.0073348809874));
#11281=CARTESIAN_POINT('',(25.000000000001,7.68012339127008,-3.99303700065138));
#11282=CARTESIAN_POINT('',(25.000000000001,7.68012339127008,-3.99303700065138));
#11283=CARTESIAN_POINT('',(25.000000000001,7.69437564445243,-3.9730772095354));
#11284=CARTESIAN_POINT('',(25.000000000001,7.69437564445243,-3.9730772095354));
#11285=CARTESIAN_POINT('',(25.000000000001,7.7135680706996,-3.93778255777215));
#11286=CARTESIAN_POINT('',(25.000000000001,7.7135680706996,-3.93778255777215));
#11287=CARTESIAN_POINT('',(25.000000000001,7.73762185883461,-3.88718622939632));
#11288=CARTESIAN_POINT('',(25.000000000001,7.73762185883461,-3.88718622939632));
#11289=CARTESIAN_POINT('',(25.000000000001,7.76274995842769,-3.83430439665608));
#11290=CARTESIAN_POINT('',(25.000000000001,7.76274995842769,-3.83430439665608));
#11291=CARTESIAN_POINT('',(25.000000000001,7.78489570359889,-3.79212834589453));
#11292=CARTESIAN_POINT('',(25.000000000001,7.78489570359889,-3.79212834589453));
#11293=CARTESIAN_POINT('',(25.000000000001,7.8041337566473,-3.76064148511432));
#11294=CARTESIAN_POINT('',(25.000000000001,7.8041337566473,-3.76064148511432));
#11295=CARTESIAN_POINT('',(25.000000000001,7.82367875592254,-3.73667895092876));
#11296=CARTESIAN_POINT('',(25.000000000001,7.82367875592254,-3.73667895092876));
#11297=CARTESIAN_POINT('',(25.000000000001,7.84669141592522,-3.71705099335304));
#11298=CARTESIAN_POINT('',(25.000000000001,7.84669141592522,-3.71705099335304));
#11299=CARTESIAN_POINT('',(25.000000000001,7.87321321668142,-3.70181983084694));
#11300=CARTESIAN_POINT('',(25.000000000001,7.87321321668142,-3.70181983084694));
#11301=CARTESIAN_POINT('',(25.000000000001,7.90323586183231,-3.69169061017601));
#11302=CARTESIAN_POINT('',(25.000000000001,7.90323586183231,-3.69169061017601));
#11303=CARTESIAN_POINT('',(25.000000000001,7.93640263052512,-3.68730211076036));
#11304=CARTESIAN_POINT('',(25.000000000001,7.93640263052512,-3.68730211076036));
#11305=CARTESIAN_POINT('',(25.000000000001,7.97279648105259,-3.68865848077985));
#11306=CARTESIAN_POINT('',(25.000000000001,7.97279648105259,-3.68865848077985));
#11307=CARTESIAN_POINT('',(25.000000000001,8.03547155274364,-3.70365321151985));
#11308=CARTESIAN_POINT('',(25.000000000001,8.03547155274364,-3.70365321151985));
#11309=CARTESIAN_POINT('',(25.000000000001,8.09055178266945,-3.73385836527814));
#11310=CARTESIAN_POINT('',(25.000000000001,8.09055178266945,-3.73385836527814));
#11311=CARTESIAN_POINT('',(25.000000000001,8.13815746097671,-3.77927394170547));
#11312=CARTESIAN_POINT('',(25.000000000001,8.13815746097671,-3.77927394170547));
#11313=CARTESIAN_POINT('',(25.000000000001,8.17460108648438,-3.83863482543529));
#11314=CARTESIAN_POINT('',(25.000000000001,8.17460108648438,-3.83863482543529));
#11315=CARTESIAN_POINT('',(25.000000000001,8.19646892091978,-3.91070078806661));
#11316=CARTESIAN_POINT('',(25.000000000001,8.19646892091978,-3.91070078806661));
#11317=CARTESIAN_POINT('',(25.000000000001,8.20375681610303,-3.99547182959941));
#11318=CARTESIAN_POINT('',(25.000000000001,8.20375681610303,-3.99547182959941));
#11319=CARTESIAN_POINT('',(25.000000000001,8.19652699155122,-4.08028020263373));
#11320=CARTESIAN_POINT('',(25.000000000001,8.19652699155122,-4.08028020263373));
#11321=CARTESIAN_POINT('',(25.000000000001,8.1748458135502,-4.14952557961624));
#11322=CARTESIAN_POINT('',(25.000000000001,8.1748458135502,-4.14952557961624));
#11323=CARTESIAN_POINT('',(25.000000000001,8.13871328210089,-4.20321210872862));
#11324=CARTESIAN_POINT('',(25.000000000001,8.13871328210089,-4.20321210872862));
#11325=CARTESIAN_POINT('',(25.000000000001,8.09043564105368,-4.24094988509023));
#11326=CARTESIAN_POINT('',(25.000000000001,8.09043564105368,-4.24094988509023));
#11327=CARTESIAN_POINT('',(25.000000000001,8.03265096709438,-4.2624361110029));
#11328=CARTESIAN_POINT('',(25.000000000001,8.03265096709438,-4.2624361110029));
#11329=CARTESIAN_POINT('',(25.000000000001,7.96526800592474,-4.26766663793387));
#11330=CARTESIAN_POINT('',(25.000000000001,7.96526800592474,-4.26766663793387));
#11331=CARTESIAN_POINT('',(25.000000000001,7.95829535262456,-4.11126931327453));
#11332=CARTESIAN_POINT('',(25.000000000001,7.95829535262456,-4.11126931327453));
#11333=CARTESIAN_POINT('',(25.000000000001,7.99306321804843,-4.10790949816146));
#11334=CARTESIAN_POINT('',(25.000000000001,7.99306321804843,-4.10790949816146));
#11335=CARTESIAN_POINT('',(25.000000000001,8.0219991082653,-4.0974816269154));
#11336=CARTESIAN_POINT('',(25.000000000001,8.0219991082653,-4.0974816269154));
#11337=CARTESIAN_POINT('',(25.000000000001,8.04500762079342,-4.07994836908983));
#11338=CARTESIAN_POINT('',(25.000000000001,8.04500762079342,-4.07994836908983));
#11339=CARTESIAN_POINT('',(25.000000000001,8.0617195905892,-4.05479953001122));
#11340=CARTESIAN_POINT('',(25.000000000001,8.0617195905892,-4.05479953001122));
#11341=CARTESIAN_POINT('',(25.000000000001,8.0717741486159,-4.02151661970493));
#11342=CARTESIAN_POINT('',(25.000000000001,8.0717741486159,-4.02151661970493));
#11343=CARTESIAN_POINT('',(25.000000000001,8.07513811190884,-3.98005401101364));
#11344=CARTESIAN_POINT('',(25.000000000001,8.07513811190884,-3.98005401101364));
#11345=CARTESIAN_POINT('',(25.000000000001,8.07250418269396,-3.93916381510644));
#11346=CARTESIAN_POINT('',(25.000000000001,8.07250418269396,-3.93916381510644));
#11347=CARTESIAN_POINT('',(25.000000000001,8.06460239504886,-3.90622518217424));
#11348=CARTESIAN_POINT('',(25.000000000001,8.06460239504886,-3.90622518217424));
#11349=CARTESIAN_POINT('',(25.000000000001,8.05144104462889,-3.8813210705157));
#11350=CARTESIAN_POINT('',(25.000000000001,8.05144104462889,-3.8813210705157));
#11351=CARTESIAN_POINT('',(25.000000000001,8.03428109967345,-3.86336057666631));
#11352=CARTESIAN_POINT('',(25.000000000001,8.03428109967345,-3.86336057666631));
#11353=CARTESIAN_POINT('',(25.000000000001,8.01439182301911,-3.85154730025715));
#11354=CARTESIAN_POINT('',(25.000000000001,8.01439182301911,-3.85154730025715));
#11355=CARTESIAN_POINT('',(25.000000000001,7.99172344004173,-3.84583561449472));
#11356=CARTESIAN_POINT('',(25.000000000001,7.99172344004173,-3.84583561449472));
#11357=CARTESIAN_POINT('',(25.000000000001,7.97041557491039,-3.84640387945183));
#11358=CARTESIAN_POINT('',(25.000000000001,7.97041557491039,-3.84640387945183));
#11359=CARTESIAN_POINT('',(25.000000000001,7.95172919516053,-3.85314010169168));
#11360=CARTESIAN_POINT('',(25.000000000001,7.95172919516053,-3.85314010169168));
#11361=CARTESIAN_POINT('',(25.000000000001,7.93569333628548,-3.8660525768646));
#11362=CARTESIAN_POINT('',(25.000000000001,7.93569333628548,-3.8660525768646));
#11363=CARTESIAN_POINT('',(25.000000000001,7.91877811839586,-3.88878317865601));
#11364=CARTESIAN_POINT('',(25.000000000001,7.91877811839586,-3.88878317865601));
#11365=CARTESIAN_POINT('',(25.000000000001,7.89815051201085,-3.92538857293039));
#11366=CARTESIAN_POINT('',(25.000000000001,7.89815051201085,-3.92538857293039));
#11367=CARTESIAN_POINT('',(25.000000000001,7.87376903815757,-3.9758272803665));
#11368=CARTESIAN_POINT('',(25.000000000001,7.87376903815757,-3.9758272803665));
#11369=CARTESIAN_POINT('',(25.000000000001,7.83713460838853,-4.05163051915952));
#11370=CARTESIAN_POINT('',(25.000000000001,7.83713460838853,-4.05163051915952));
#11371=CARTESIAN_POINT('',(25.000000000001,7.80544035133507,-4.10588531287613));
#11372=CARTESIAN_POINT('',(25.000000000001,7.80544035133507,-4.10588531287613));
#11373=CARTESIAN_POINT('',(25.000000000001,7.77859501304047,-4.13867462087364));
#11374=CARTESIAN_POINT('',(25.000000000001,7.77859501304047,-4.13867462087364));
#11375=CARTESIAN_POINT('',(25.000000000001,7.73921466026732,-4.16509687131838));
#11376=CARTESIAN_POINT('',(25.000000000001,7.73921466026732,-4.16509687131838));
#11377=CARTESIAN_POINT('',(25.000000000001,7.69309808525568,-4.17846976584042));
#11378=CARTESIAN_POINT('',(25.000000000001,7.69309808525568,-4.17846976584042));
#11379=CARTESIAN_POINT('',(25.000000000001,7.6402452880051,-4.1787642678828));
#11380=CARTESIAN_POINT('',(25.000000000001,7.6402452880051,-4.1787642678828));
#11381=CARTESIAN_POINT('',(25.000000000001,7.57398641361933,-4.16220162337777));
#11382=CARTESIAN_POINT('',(25.000000000001,7.57398641361933,-4.16220162337777));
#11383=CARTESIAN_POINT('',(25.000000000001,7.51450938827329,-4.12801861421758));
#11384=CARTESIAN_POINT('',(25.000000000001,7.51450938827329,-4.12801861421758));
#11385=CARTESIAN_POINT('',(25.000000000001,7.46185154346167,-4.07622768494184));
#11386=CARTESIAN_POINT('',(25.000000000001,7.46185154346167,-4.07622768494184));
#11387=CARTESIAN_POINT('',(25.000000000001,7.42068343716883,-4.00934662208601));
#11388=CARTESIAN_POINT('',(25.000000000001,7.42068343716883,-4.00934662208601));
#11389=CARTESIAN_POINT('',(25.000000000001,7.3960199043976,-3.92988491795768));
#11390=CARTESIAN_POINT('',(25.000000000001,7.3960199043976,-3.92988491795768));
#11391=CARTESIAN_POINT('',(25.000000000001,7.3878070230493,-3.83776790989941));
#11392=CARTESIAN_POINT('',(25.000000000001,7.3878070230493,-2.96755502677115));
#11393=CARTESIAN_POINT('',(25.000000000001,7.3878070230493,-2.96755502677115));
#11394=CARTESIAN_POINT('',(25.000000000001,7.39092211074321,-3.03031305676268));
#11395=CARTESIAN_POINT('',(25.000000000001,7.39515713704386,-2.87839963364968));
#11396=CARTESIAN_POINT('',(25.000000000001,7.39515713704386,-2.87839963364968));
#11397=CARTESIAN_POINT('',(25.000000000001,7.41720333225967,-2.80602257696046));
#11398=CARTESIAN_POINT('',(25.000000000001,7.41720333225967,-2.80602257696046));
#11399=CARTESIAN_POINT('',(25.000000000001,7.45394560763807,-2.75037822955346));
#11400=CARTESIAN_POINT('',(25.000000000001,7.45394560763807,-2.75037822955346));
#11401=CARTESIAN_POINT('',(25.000000000001,7.52326564726527,-2.69895646496661));
#11402=CARTESIAN_POINT('',(25.000000000001,7.52326564726527,-2.69895646496661));
#11403=CARTESIAN_POINT('',(25.000000000001,7.61067891401845,-2.67313566279336));
#11404=CARTESIAN_POINT('',(25.000000000001,7.61067891401845,-2.67313566279336));
#11405=CARTESIAN_POINT('',(25.000000000001,7.71613148509632,-2.67300292951768));
#11406=CARTESIAN_POINT('',(25.000000000001,7.71613148509632,-2.67300292951768));
#11407=CARTESIAN_POINT('',(25.000000000001,7.79183517358106,-2.68652100079635));
#11408=CARTESIAN_POINT('',(25.000000000001,7.79183517358106,-2.68652100079635));
#11409=CARTESIAN_POINT('',(25.000000000001,7.86537364784808,-2.70995260116979));
#11410=CARTESIAN_POINT('',(25.000000000001,7.86537364784808,-2.70995260116979));
#11411=CARTESIAN_POINT('',(25.000000000001,7.93678838722544,-2.74330602594273));
#11412=CARTESIAN_POINT('',(25.000000000001,7.93678838722544,-2.74330602594273));
#11413=CARTESIAN_POINT('',(25.000000000001,8.01512600492415,-2.79387746700741));
#11414=CARTESIAN_POINT('',(25.000000000001,8.01512600492415,-2.79387746700741));
#11415=CARTESIAN_POINT('',(25.000000000001,8.08076269154835,-2.85323420291388));
#11416=CARTESIAN_POINT('',(25.000000000001,8.08076269154835,-2.85323420291388));
#11417=CARTESIAN_POINT('',(25.000000000001,8.13374822207416,-2.92142186010096));
#11418=CARTESIAN_POINT('',(25.000000000001,8.13374822207416,-2.92142186010096));
#11419=CARTESIAN_POINT('',(25.000000000001,8.17264326818977,-2.9971504362511));
#11420=CARTESIAN_POINT('',(25.000000000001,8.17264326818977,-2.9971504362511));
#11421=CARTESIAN_POINT('',(25.000000000001,8.19597946608055,-3.07906770881527));
#11422=CARTESIAN_POINT('',(25.000000000001,8.19597946608055,-3.07906770881527));
#11423=CARTESIAN_POINT('',(25.000000000001,8.20375681610303,-3.16712805135103));
#11424=CARTESIAN_POINT('',(25.000000000001,8.20375681610303,-3.16712805135103));
#11425=CARTESIAN_POINT('',(25.000000000001,8.19670535233299,-3.25148015286322));
#11426=CARTESIAN_POINT('',(25.000000000001,8.19670535233299,-3.25148015286322));
#11427=CARTESIAN_POINT('',(25.000000000001,8.17552607265034,-3.3222519646406));
#11428=CARTESIAN_POINT('',(25.000000000001,8.17552607265034,-3.3222519646406));
#11429=CARTESIAN_POINT('',(25.000000000001,8.14018164591098,-3.37943933815041));
#11430=CARTESIAN_POINT('',(25.000000000001,8.14018164591098,-3.37943933815041));
#11431=CARTESIAN_POINT('',(25.000000000001,8.09143528986388,-3.42281828580963));
#11432=CARTESIAN_POINT('',(25.000000000001,8.09143528986387,-3.42281828580963));
#11433=CARTESIAN_POINT('',(25.000000000001,8.02975157097526,-3.45246347026477));
#11434=CARTESIAN_POINT('',(25.000000000001,8.02975157097526,-3.45246347026477));
#11435=CARTESIAN_POINT('',(25.000000000001,7.95515952509086,-3.46834170819784));
#11436=CARTESIAN_POINT('',(25.000000000001,7.95515952509086,-3.46834170819784));
#11437=CARTESIAN_POINT('',(25.000000000001,7.93789588164591,-3.31521294435152));
#11438=CARTESIAN_POINT('',(25.000000000001,7.93789588164591,-3.31521294435152));
#11439=CARTESIAN_POINT('',(25.000000000001,7.97873215439622,-3.30370246634629));
#11440=CARTESIAN_POINT('',(25.000000000001,7.97873215439622,-3.30370246634629));
#11441=CARTESIAN_POINT('',(25.000000000001,8.0123054192758,-3.28602817888532));
#11442=CARTESIAN_POINT('',(25.000000000001,8.0123054192758,-3.28602817888532));
#11443=CARTESIAN_POINT('',(25.000000000001,8.03857419695842,-3.26210712402644));
#11444=CARTESIAN_POINT('',(25.000000000001,8.03857419695842,-3.26210712402644));
#11445=CARTESIAN_POINT('',(25.000000000001,8.057385013978,-3.2319807810909));
#11446=CARTESIAN_POINT('',(25.000000000001,8.057385013978,-3.2319807810909));
#11447=CARTESIAN_POINT('',(25.000000000001,8.0686383210822,-3.19603075789564));
#11448=CARTESIAN_POINT('',(25.000000000001,8.0686383210822,-3.19603075789564));
#11449=CARTESIAN_POINT('',(25.000000000001,8.07237974507088,-3.15417824502947));
#11450=CARTESIAN_POINT('',(25.000000000001,8.07237974507088,-3.15417824502947));
#11451=CARTESIAN_POINT('',(25.000000000001,8.0678502163727,-3.10263204246803));
#11452=CARTESIAN_POINT('',(25.000000000001,8.0678502163727,-3.10263204246803));
#11453=CARTESIAN_POINT('',(25.000000000001,8.05425748245116,-3.05301877123929));
#11454=CARTESIAN_POINT('',(25.000000000001,8.05425748245116,-3.05301877123929));
#11455=CARTESIAN_POINT('',(25.000000000001,8.03160154330626,-3.00523058432373));
#11456=CARTESIAN_POINT('',(25.000000000001,8.03160154330626,-3.00523058432373));
#11457=CARTESIAN_POINT('',(25.000000000001,7.99930583797677,-2.96107597578521));
#11458=CARTESIAN_POINT('',(25.000000000001,7.99930583797677,-2.96107597578521));
#11459=CARTESIAN_POINT('',(25.000000000001,7.95713808287192,-2.92215189417766));
#11460=CARTESIAN_POINT('',(25.000000000001,7.95713808287192,-2.92215189417766));
#11461=CARTESIAN_POINT('',(25.000000000001,7.90500702369254,-2.88841686053092));
#11462=CARTESIAN_POINT('',(25.000000000001,7.90500702369254,-2.88841686053092));
#11463=CARTESIAN_POINT('',(25.000000000001,7.84628077191146,-2.86123968833999));
#11464=CARTESIAN_POINT('',(25.000000000001,7.84628077191146,-2.86123968833999));
#11465=CARTESIAN_POINT('',(25.000000000001,7.78404123189912,-2.84195600814201));
#11466=CARTESIAN_POINT('',(25.000000000001,7.78404123189912,-2.84195600814201));
#11467=CARTESIAN_POINT('',(25.000000000001,7.718334030811,-2.83052848843727));
#11468=CARTESIAN_POINT('',(25.000000000001,7.718334030811,-2.83052848843727));
#11469=CARTESIAN_POINT('',(25.000000000001,7.65763336907266,-2.82879465807491));
#11470=CARTESIAN_POINT('',(25.000000000001,7.65763336907266,-2.82879465807491));
#11471=CARTESIAN_POINT('',(25.000000000001,7.60853029146383,-2.83839294493373));
#11472=CARTESIAN_POINT('',(25.000000000001,7.60853029146383,-2.83839294493373));
#11473=CARTESIAN_POINT('',(25.000000000001,7.57098746718921,-2.85931920154326));
#11474=CARTESIAN_POINT('',(25.000000000001,7.57098746718921,-2.85931920154326));
#11475=CARTESIAN_POINT('',(25.000000000001,7.54451958959035,-2.89116693136384));
#11476=CARTESIAN_POINT('',(25.000000000001,7.54451958959035,-2.89116693136384));
#11477=CARTESIAN_POINT('',(25.000000000001,7.52867038715058,-2.93355037839137));
#11478=CARTESIAN_POINT('',(25.000000000001,7.52867038715058,-2.93355037839137));
#11479=CARTESIAN_POINT('',(25.000000000001,7.52339838089383,-2.98649857742203));
#11480=CARTESIAN_POINT('',(25.000000000001,7.52339838089383,-2.98649857742203));
#11481=CARTESIAN_POINT('',(25.000000000001,7.52505340078633,-3.02172686254562));
#11482=CARTESIAN_POINT('',(25.000000000001,7.52505340078633,-3.02172686254562));
#11483=CARTESIAN_POINT('',(25.000000000001,7.5300143133376,-3.05796309177822));
#11484=CARTESIAN_POINT('',(25.000000000001,7.5300143133376,-3.05796309177822));
#11485=CARTESIAN_POINT('',(25.000000000001,7.53827697001761,-3.09525704080806));
#11486=CARTESIAN_POINT('',(25.000000000001,7.53827697001762,-3.09525704080806));
#11487=CARTESIAN_POINT('',(25.000000000001,7.54868410142663,-3.13132320561635));
#11488=CARTESIAN_POINT('',(25.000000000001,7.54868410142663,-3.13132320561635));
#11489=CARTESIAN_POINT('',(25.000000000001,7.56044345467662,-3.16419961973588));
#11490=CARTESIAN_POINT('',(25.000000000001,7.56044345467662,-3.16419961973588));
#11491=CARTESIAN_POINT('',(25.000000000001,7.57355088193881,-3.19382821253384));
#11492=CARTESIAN_POINT('',(25.000000000001,7.57355088193881,-3.19382821253385));
#11493=CARTESIAN_POINT('',(25.000000000001,7.69077110191793,-3.23112630939067));
#11494=CARTESIAN_POINT('',(25.000000000001,7.69077110191793,-3.23112630939067));
#11495=CARTESIAN_POINT('',(25.000000000001,7.69077110191793,-3.02975723563941));
#11496=CARTESIAN_POINT('',(25.000000000001,7.69077110191793,-3.02975723563941));
#11497=CARTESIAN_POINT('',(25.000000000001,7.82268740276768,-3.07198720955421));
#11498=CARTESIAN_POINT('',(25.000000000001,7.82268740276768,-3.07198720955421));
#11499=CARTESIAN_POINT('',(25.000000000001,7.82268740276768,-3.42513282531218));
#11500=CARTESIAN_POINT('',(25.000000000001,7.82268740276768,-3.42513282531218));
#11501=CARTESIAN_POINT('',(25.000000000001,7.48407609875212,-3.31632458695094));
#11502=CARTESIAN_POINT('',(25.000000000001,7.48407609875212,-3.31632458695094));
#11503=CARTESIAN_POINT('',(25.000000000001,7.45860372213783,-3.26866498583695));
#11504=CARTESIAN_POINT('',(25.000000000001,7.45860372213783,-3.26866498583695));
#11505=CARTESIAN_POINT('',(25.000000000001,7.43581919719136,-3.21505311936926));
#11506=CARTESIAN_POINT('',(25.000000000001,7.43581919719136,-3.21505311936926));
#11507=CARTESIAN_POINT('',(25.000000000001,7.41573496844867,-3.15548483971725));
#11508=CARTESIAN_POINT('',(25.000000000001,7.41573496844867,-3.15548483971725));
#11509=CARTESIAN_POINT('',(25.000000000001,7.4002424872182,-3.09294250130188));
#11510=CARTESIAN_POINT('',(25.000000000001,7.4002424872182,-3.09294250130188));
#11511=CARTESIAN_POINT('',(25.000000000001,7.39092211074321,-3.03031305676268));
#11512=CARTESIAN_POINT('',(25.000000000001,7.40121724836345,-5.6993212374291));
#11513=CARTESIAN_POINT('',(25.000000000001,7.40121724836345,-5.6993212374291));
#11514=CARTESIAN_POINT('',(25.000000000001,7.40121724836345,-5.85072031839081));
#11515=CARTESIAN_POINT('',(25.000000000001,7.9314624578109,-5.54520941642841));
#11516=CARTESIAN_POINT('',(25.000000000001,7.9314624578109,-5.54520941642841));
#11517=CARTESIAN_POINT('',(25.000000000001,7.40121724836345,-5.37540601392902));
#11518=CARTESIAN_POINT('',(25.000000000001,7.40121724836345,-5.37540601392902));
#11519=CARTESIAN_POINT('',(25.000000000001,7.40121724836345,-5.22420188505566));
#11520=CARTESIAN_POINT('',(25.000000000001,7.40121724836345,-5.22420188505566));
#11521=CARTESIAN_POINT('',(25.000000000001,8.19033414695596,-5.47664015036571));
#11522=CARTESIAN_POINT('',(25.000000000001,8.19033414695596,-5.47664015036571));
#11523=CARTESIAN_POINT('',(25.000000000001,8.19033414695596,-5.62841254419618));
#11524=CARTESIAN_POINT('',(25.000000000001,8.19033414695596,-5.62841254419618));
#11525=CARTESIAN_POINT('',(25.000000000001,7.66229148322091,-5.78330832207939));
#11526=CARTESIAN_POINT('',(25.000000000001,7.66229148322091,-5.78330832207939));
#11527=CARTESIAN_POINT('',(25.000000000001,8.19033414695505,-5.95250612812379));
#11528=CARTESIAN_POINT('',(25.000000000001,8.19033414695505,-5.95250612812379));
#11529=CARTESIAN_POINT('',(25.000000000001,8.19033414695596,-6.10317102753106));
#11530=CARTESIAN_POINT('',(25.000000000001,8.19033414695596,-6.10317102753106));
#11531=CARTESIAN_POINT('',(25.000000000001,7.40121724836345,-5.85072031839081));
#11532=CARTESIAN_POINT('',(25.000000000001,7.40121724836345,-1.78923464361287));
#11533=CARTESIAN_POINT('',(25.000000000001,7.40121724836345,-1.78923464361287));
#11534=CARTESIAN_POINT('',(25.000000000001,7.40121724836345,-2.40564459576126));
#11535=CARTESIAN_POINT('',(25.000000000001,8.19033414695505,-2.04188445266846));
#11536=CARTESIAN_POINT('',(25.000000000001,8.19033414695505,-2.04188445266846));
#11537=CARTESIAN_POINT('',(25.000000000001,8.19033414695596,-2.62686976284749));
#11538=CARTESIAN_POINT('',(25.000000000001,8.19033414695596,-2.62686976284749));
#11539=CARTESIAN_POINT('',(25.000000000001,8.05841784610757,-2.58480155770121));
#11540=CARTESIAN_POINT('',(25.000000000001,8.05841784610757,-2.58480155770121));
#11541=CARTESIAN_POINT('',(25.000000000001,8.05841784610757,-2.16223635235656));
#11542=CARTESIAN_POINT('',(25.000000000001,8.05841784610757,-2.16223635235656));
#11543=CARTESIAN_POINT('',(25.000000000001,7.87928577183256,-2.10464248265998));
#11544=CARTESIAN_POINT('',(25.000000000001,7.87928577183256,-2.10464248265998));
#11545=CARTESIAN_POINT('',(25.000000000001,7.87928577183256,-2.51306328078499));
#11546=CARTESIAN_POINT('',(25.000000000001,7.87928577183256,-2.51306328078499));
#11547=CARTESIAN_POINT('',(25.000000000001,7.74736947098509,-2.47099507599341));
#11548=CARTESIAN_POINT('',(25.000000000001,7.74736947098509,-2.47099507599341));
#11549=CARTESIAN_POINT('',(25.000000000001,7.74736947098509,-2.06237932542717));
#11550=CARTESIAN_POINT('',(25.000000000001,7.74736947098509,-2.06237932542717));
#11551=CARTESIAN_POINT('',(25.000000000001,7.53313354921047,-1.98911876189595));
#11552=CARTESIAN_POINT('',(25.000000000001,7.53313354921047,-1.98911876189595));
#11553=CARTESIAN_POINT('',(25.000000000001,7.53313354921047,-2.44824788254482));
#11554=CARTESIAN_POINT('',(25.000000000001,7.53313354921047,-2.44824788254482));
#11555=CARTESIAN_POINT('',(25.000000000001,7.40121724836345,-2.40564459576126));
#11556=CARTESIAN_POINT('',(25.000000000001,7.40121724836345,-0.934617939499731));
#11557=CARTESIAN_POINT('',(25.000000000001,7.40121724836345,-0.934617939499731));
#11558=CARTESIAN_POINT('',(25.000000000001,7.40121724836345,-1.21278990085557));
#11559=CARTESIAN_POINT('',(25.000000000001,8.19033414695596,-1.18764106142407));
#11560=CARTESIAN_POINT('',(25.000000000001,8.19033414695596,-1.18764106142407));
#11561=CARTESIAN_POINT('',(25.000000000001,8.19033414695596,-1.4002136673007));
#11562=CARTESIAN_POINT('',(25.000000000001,8.19033414695596,-1.4002136673007));
#11563=CARTESIAN_POINT('',(25.000000000001,8.19002720107746,-1.45236546596789));
#11564=CARTESIAN_POINT('',(25.000000000001,8.19002720107746,-1.45236546596789));
#11565=CARTESIAN_POINT('',(25.000000000001,8.18911465839201,-1.49016131331518));
#11566=CARTESIAN_POINT('',(25.000000000001,8.18911465839201,-1.49016131331518));
#11567=CARTESIAN_POINT('',(25.000000000001,8.18758822394957,-1.51362609700846));
#11568=CARTESIAN_POINT('',(25.000000000001,8.18758822394957,-1.51362609700846));
#11569=CARTESIAN_POINT('',(25.000000000001,8.1832951266646,-1.54457372832621));
#11570=CARTESIAN_POINT('',(25.000000000001,8.1832951266646,-1.54457372832621));
#11571=CARTESIAN_POINT('',(25.000000000001,8.17667504639612,-1.57300772022427));
#11572=CARTESIAN_POINT('',(25.000000000001,8.17667504639612,-1.57300772022427));
#11573=CARTESIAN_POINT('',(25.000000000001,8.16773213061597,-1.59888659302669));
#11574=CARTESIAN_POINT('',(25.000000000001,8.16773213061597,-1.59888659302669));
#11575=CARTESIAN_POINT('',(25.000000000001,8.15633779458212,-1.62241774371068));
#11576=CARTESIAN_POINT('',(25.000000000001,8.15633779458212,-1.62241774371068));
#11577=CARTESIAN_POINT('',(25.000000000001,8.14228049348676,-1.64414040068368));
#11578=CARTESIAN_POINT('',(25.000000000001,8.14228049348676,-1.64414040068368));
#11579=CARTESIAN_POINT('',(25.000000000001,8.12548556539414,-1.66399649401865));
#11580=CARTESIAN_POINT('',(25.000000000001,8.12548556539414,-1.66399649401865));
#11581=CARTESIAN_POINT('',(25.000000000001,8.10611477871853,-1.68194454403783));
#11582=CARTESIAN_POINT('',(25.000000000001,8.10611477871853,-1.68194454403783));
#11583=CARTESIAN_POINT('',(25.000000000001,8.08433405076075,-1.69761953387751));
#11584=CARTESIAN_POINT('',(25.000000000001,8.08433405076075,-1.69761953387751));
#11585=CARTESIAN_POINT('',(25.000000000001,8.06006457034519,-1.7110961258295));
#11586=CARTESIAN_POINT('',(25.000000000001,8.06006457034519,-1.7110961258295));
#11587=CARTESIAN_POINT('',(25.000000000001,8.03329804252271,-1.72220425582418));
#11588=CARTESIAN_POINT('',(25.000000000001,8.03329804252271,-1.72220425582418));
#11589=CARTESIAN_POINT('',(25.000000000001,8.00398883943572,-1.73070334391741));
#11590=CARTESIAN_POINT('',(25.000000000001,8.00398883943572,-1.73070334391741));
#11591=CARTESIAN_POINT('',(25.000000000001,7.972062299148,-1.73658509445522));
#11592=CARTESIAN_POINT('',(25.000000000001,7.972062299148,-1.73658509445522));
#11593=CARTESIAN_POINT('',(25.000000000001,7.93781707117514,-1.73968359084392));
#11594=CARTESIAN_POINT('',(25.000000000001,7.93781707117514,-1.73968359084392));
#11595=CARTESIAN_POINT('',(25.000000000001,7.90153106696371,-1.73982462012646));
#11596=CARTESIAN_POINT('',(25.000000000001,7.90153106696371,-1.73982462012646));
#11597=CARTESIAN_POINT('',(25.000000000001,7.86312132750836,-1.73694596349196));
#11598=CARTESIAN_POINT('',(25.000000000001,7.86312132750836,-1.73694596349196));
#11599=CARTESIAN_POINT('',(25.000000000001,7.78123723790932,-1.72239920791253));
#11600=CARTESIAN_POINT('',(25.000000000001,7.78123723790932,-1.72239920791253));
#11601=CARTESIAN_POINT('',(25.000000000001,7.7057699808378,-1.69774397150104));
#11602=CARTESIAN_POINT('',(25.000000000001,7.7057699808378,-1.69774397150104));
#11603=CARTESIAN_POINT('',(25.000000000001,7.63676518309503,-1.66306736002662));
#11604=CARTESIAN_POINT('',(25.000000000001,7.63676518309503,-1.66306736002662));
#11605=CARTESIAN_POINT('',(25.000000000001,7.57538426261081,-1.62094937990332));
#11606=CARTESIAN_POINT('',(25.000000000001,7.57538426261081,-1.62094937990332));
#11607=CARTESIAN_POINT('',(25.000000000001,7.52310387849584,-1.574289427248));
#11608=CARTESIAN_POINT('',(25.000000000001,7.52310387849584,-1.574289427248));
#11609=CARTESIAN_POINT('',(25.000000000001,7.47984522063134,-1.52305017126855));
#11610=CARTESIAN_POINT('',(25.000000000001,7.47984522063134,-1.52305017126855));
#11611=CARTESIAN_POINT('',(25.000000000001,7.4523445105523,-1.47865498313695));
#11612=CARTESIAN_POINT('',(25.000000000001,7.4523445105523,-1.47865498313695));
#11613=CARTESIAN_POINT('',(25.000000000001,7.43006603210315,-1.42753186877417));
#11614=CARTESIAN_POINT('',(25.000000000001,7.43006603210315,-1.42753186877417));
#11615=CARTESIAN_POINT('',(25.000000000001,7.4129724537851,-1.36972230715037));
#11616=CARTESIAN_POINT('',(25.000000000001,7.4129724537851,-1.36972230715037));
#11617=CARTESIAN_POINT('',(25.000000000001,7.40641044414806,-1.32918053679896));
#11618=CARTESIAN_POINT('',(25.000000000001,7.40641044414806,-1.32918053679896));
#11619=CARTESIAN_POINT('',(25.000000000001,7.40250725139131,-1.2768835610259));
#11620=CARTESIAN_POINT('',(25.000000000001,7.40250725139131,-1.2768835610259));
#11621=CARTESIAN_POINT('',(25.000000000001,7.40121724836345,-1.21278990085557));
#11622=CARTESIAN_POINT('',(25.000000000001,0.,-6.0400000005));
#11623=CARTESIAN_POINT('',(25.000000000001,7.1,-6.0400000005));
#11624=CARTESIAN_POINT('',(25.000000000001,7.1,-6.0600000005));
#11625=CARTESIAN_POINT('',(25.000000000001,7.1,-6.7600000005));
#11626=CARTESIAN_POINT('',(25.000000000001,0.,-6.7600000005));
#11627=CARTESIAN_POINT('',(25.000000000001,8.56398958638456,-2.71360041423031));
#11628=CARTESIAN_POINT('',(25.000000000001,8.56398958638456,-2.71360041423031));
#11629=CARTESIAN_POINT('',(25.000000000001,8.56398958638456,-4.30573002723577));
#11630=CARTESIAN_POINT('',(25.000000000001,9.36005439288729,-2.71360041423031));
#11631=CARTESIAN_POINT('',(25.000000000001,9.36005439288729,-2.71360041423031));
#11632=CARTESIAN_POINT('',(25.000000000001,10.15611919939,-3.50922943683872));
#11633=CARTESIAN_POINT('',(25.000000000001,10.15611919939,-3.50922943683872));
#11634=CARTESIAN_POINT('',(25.000000000001,9.36005439288729,-4.30573002723577));
#11635=CARTESIAN_POINT('',(25.000000000001,9.36005439288729,-4.30573002723577));
#11636=CARTESIAN_POINT('',(25.000000000001,8.56398958638456,-4.30573002723577));
#11637=CARTESIAN_POINT('',(25.000000000001,7.3928218580535,-4.60407539658991));
#11638=CARTESIAN_POINT('',(25.000000000001,7.3928218580535,-4.60407539658991));
#11639=CARTESIAN_POINT('',(25.000000000001,7.38725120157315,-4.67303456717855));
#11640=CARTESIAN_POINT('',(25.000000000001,7.40949234887594,-4.54419602287817));
#11641=CARTESIAN_POINT('',(25.000000000001,7.40949234887594,-4.54419602287817));
#11642=CARTESIAN_POINT('',(25.000000000001,7.43722534218969,-4.49338400257329));
#11643=CARTESIAN_POINT('',(25.000000000001,7.43722534218969,-4.49338400257329));
#11644=CARTESIAN_POINT('',(25.000000000001,7.47330395047984,-4.45244403168908));
#11645=CARTESIAN_POINT('',(25.000000000001,7.47330395047984,-4.45244403168908));
#11646=CARTESIAN_POINT('',(25.000000000001,7.5146918965278,-4.42172868395573));
#11647=CARTESIAN_POINT('',(25.000000000001,7.5146918965278,-4.42172868395573));
#11648=CARTESIAN_POINT('',(25.000000000001,7.56143480748133,-4.40120062752794));
#11649=CARTESIAN_POINT('',(25.000000000001,7.56143480748133,-4.40120062752794));
#11650=CARTESIAN_POINT('',(25.000000000001,7.61085312662171,-4.38937490764147));
#11651=CARTESIAN_POINT('',(25.000000000001,7.61085312662171,-4.38937490764147));
#11652=CARTESIAN_POINT('',(25.000000000001,7.66064475898238,-4.38448865773171));
#11653=CARTESIAN_POINT('',(25.000000000001,7.66064475898238,-4.38448865773171));
#11654=CARTESIAN_POINT('',(25.000000000001,7.71080555568178,-4.38658335748187));
#11655=CARTESIAN_POINT('',(25.000000000001,7.71080555568178,-4.38658335748187));
#11656=CARTESIAN_POINT('',(25.000000000001,7.7581913942362,-4.39423626988173));
#11657=CARTESIAN_POINT('',(25.000000000001,7.7581913942362,-4.39423626988173));
#11658=CARTESIAN_POINT('',(25.000000000001,7.80733180299139,-4.40677128436073));
#11659=CARTESIAN_POINT('',(25.000000000001,7.80733180299139,-4.40677128436073));
#11660=CARTESIAN_POINT('',(25.000000000001,7.85815626713147,-4.42411373792493));
#11661=CARTESIAN_POINT('',(25.000000000001,7.85815626713147,-4.42411373792493));
#11662=CARTESIAN_POINT('',(25.000000000001,7.92436121870915,-4.45291274668489));
#11663=CARTESIAN_POINT('',(25.000000000001,7.92436121870915,-4.45291274668489));
#11664=CARTESIAN_POINT('',(25.000000000001,7.98448531948443,-4.48748566002178));
#11665=CARTESIAN_POINT('',(25.000000000001,7.98448531948443,-4.48748566002177));
#11666=CARTESIAN_POINT('',(25.000000000001,8.03857419695842,-4.52779514713984));
#11667=CARTESIAN_POINT('',(25.000000000001,8.03857419695842,-4.52779514713984));
#11668=CARTESIAN_POINT('',(25.000000000001,8.08592270401359,-4.5738453551603));
#11669=CARTESIAN_POINT('',(25.000000000001,8.08592270401359,-4.5738453551603));
#11670=CARTESIAN_POINT('',(25.000000000001,8.12616167631486,-4.62562798878571));
#11671=CARTESIAN_POINT('',(25.000000000001,8.12616167631486,-4.62562798878571));
#11672=CARTESIAN_POINT('',(25.000000000001,8.15928696568144,-4.68308082919975));
#11673=CARTESIAN_POINT('',(25.000000000001,8.15928696568144,-4.68308082919975));
#11674=CARTESIAN_POINT('',(25.000000000001,8.18405004805609,-4.74556509662943));
#11675=CARTESIAN_POINT('',(25.000000000001,8.18405004805609,-4.74556509662943));
#11676=CARTESIAN_POINT('',(25.000000000001,8.19884153105513,-4.81216410091656));
#11677=CARTESIAN_POINT('',(25.000000000001,8.19884153105513,-4.81216410091656));
#11678=CARTESIAN_POINT('',(25.000000000001,8.20375681610303,-4.88296494783572));
#11679=CARTESIAN_POINT('',(25.000000000001,8.20375681610303,-4.88296494783572));
#11680=CARTESIAN_POINT('',(25.000000000001,8.19364833526915,-4.97314902525977));
#11681=CARTESIAN_POINT('',(25.000000000001,8.19364833526915,-4.97314902525977));
#11682=CARTESIAN_POINT('',(25.000000000001,8.1633270395404,-5.04859554249197));
#11683=CARTESIAN_POINT('',(25.000000000001,8.1633270395404,-5.04859554249197));
#11684=CARTESIAN_POINT('',(25.000000000001,8.11279707779968,-5.10930450023443));
#11685=CARTESIAN_POINT('',(25.000000000001,8.11279707779968,-5.10930450023443));
#11686=CARTESIAN_POINT('',(25.000000000001,8.04557173792355,-5.15199074531483));
#11687=CARTESIAN_POINT('',(25.000000000001,8.04557173792355,-5.15199074531483));
#11688=CARTESIAN_POINT('',(25.000000000001,7.96519334363247,-5.17308291852169));
#11689=CARTESIAN_POINT('',(25.000000000001,7.96519334363247,-5.17308291852169));
#11690=CARTESIAN_POINT('',(25.000000000001,7.87174485322466,-5.17268057051115));
#11691=CARTESIAN_POINT('',(25.000000000001,7.87174485322466,-5.17268057051115));
#11692=CARTESIAN_POINT('',(25.000000000001,7.78930494250235,-5.15700558067329));
#11693=CARTESIAN_POINT('',(25.000000000001,7.78930494250235,-5.15700558067329));
#11694=CARTESIAN_POINT('',(25.000000000001,7.70873574359657,-5.12851766596941));
#11695=CARTESIAN_POINT('',(25.000000000001,7.70873574359657,-5.12851766596941));
#11696=CARTESIAN_POINT('',(25.000000000001,7.62995429856519,-5.08715875506096));
#11697=CARTESIAN_POINT('',(25.000000000001,7.62995429856519,-5.08715875506096));
#11698=CARTESIAN_POINT('',(25.000000000001,7.55805840070743,-5.0353719736122));
#11699=CARTESIAN_POINT('',(25.000000000001,7.55805840070743,-5.0353719736122));
#11700=CARTESIAN_POINT('',(25.000000000001,7.49816243533942,-4.97560459369197));
#11701=CARTESIAN_POINT('',(25.000000000001,7.49816243533942,-4.97560459369197));
#11702=CARTESIAN_POINT('',(25.000000000001,7.45027055064056,-4.90786905949426));
#11703=CARTESIAN_POINT('',(25.000000000001,7.45027055064056,-4.90786905949426));
#11704=CARTESIAN_POINT('',(25.000000000001,7.4152372179582,-4.83383283508556));
#11705=CARTESIAN_POINT('',(25.000000000001,7.4152372179582,-4.83383283508556));
#11706=CARTESIAN_POINT('',(25.000000000001,7.39424459471038,-4.75557402785853));
#11707=CARTESIAN_POINT('',(25.000000000001,7.39424459471038,-4.75557402785853));
#11708=CARTESIAN_POINT('',(25.000000000001,7.38725120157315,-4.67303456717855));
#11709=CARTESIAN_POINT('',(25.000000000001,33.98893407222,-3.455));
#11710=CARTESIAN_POINT('',(25.000000000001,7.52767488652025,-4.74965909364619));
#11711=CARTESIAN_POINT('',(25.000000000001,7.52767488652025,-4.74965909364619));
#11712=CARTESIAN_POINT('',(25.000000000001,7.52284255941768,-4.70594001679274));
#11713=CARTESIAN_POINT('',(25.000000000001,7.54214283127649,-4.79333669188418));
#11714=CARTESIAN_POINT('',(25.000000000001,7.54214283127649,-4.79333669188418));
#11715=CARTESIAN_POINT('',(25.000000000001,7.56620076759273,-4.83697695827141));
#11716=CARTESIAN_POINT('',(25.000000000001,7.56620076759273,-4.83697695827141));
#11717=CARTESIAN_POINT('',(25.000000000001,7.60001875953676,-4.87879214034547));
#11718=CARTESIAN_POINT('',(25.000000000001,7.60001875953676,-4.87879214034547));
#11719=CARTESIAN_POINT('',(25.000000000001,7.64379590773106,-4.91701937119251));
#11720=CARTESIAN_POINT('',(25.000000000001,7.64379590773105,-4.91701937119251));
#11721=CARTESIAN_POINT('',(25.000000000001,7.69757783897594,-4.95174575764395));
#11722=CARTESIAN_POINT('',(25.000000000001,7.69757783897594,-4.95174575764395));
#11723=CARTESIAN_POINT('',(25.000000000001,7.75569849430249,-4.98013412239015));
#11724=CARTESIAN_POINT('',(25.000000000001,7.75569849430249,-4.98013412239015));
#11725=CARTESIAN_POINT('',(25.000000000001,7.81284024066044,-4.99967497384205));
#11726=CARTESIAN_POINT('',(25.000000000001,7.81284024066044,-4.99967497384205));
#11727=CARTESIAN_POINT('',(25.000000000001,7.8689989298663,-5.01032268449126));
#11728=CARTESIAN_POINT('',(25.000000000001,7.8689989298663,-5.01032268449126));
#11729=CARTESIAN_POINT('',(25.000000000001,7.92662183505527,-5.01116886018644));
#11730=CARTESIAN_POINT('',(25.000000000001,7.92662183505527,-5.01116886018644));
#11731=CARTESIAN_POINT('',(25.000000000001,7.97531012047184,-4.99991970090923));
#11732=CARTESIAN_POINT('',(25.000000000001,7.97531012047184,-4.99991970090923));
#11733=CARTESIAN_POINT('',(25.000000000001,8.0150596382854,-4.97661668633737));
#11734=CARTESIAN_POINT('',(25.000000000001,8.0150596382854,-4.97661668633737));
#11735=CARTESIAN_POINT('',(25.000000000001,8.04458453294583,-4.94344162199195));
#11736=CARTESIAN_POINT('',(25.000000000001,8.04458453294583,-4.94344162199195));
#11737=CARTESIAN_POINT('',(25.000000000001,8.06227541171384,-4.90287496397286));
#11738=CARTESIAN_POINT('',(25.000000000001,8.06227541171384,-4.90287496397286));
#11739=CARTESIAN_POINT('',(25.000000000001,8.06816545825714,-4.85482545833293));
#11740=CARTESIAN_POINT('',(25.000000000001,8.06816545825714,-4.85482545833293));
#11741=CARTESIAN_POINT('',(25.000000000001,8.055846135704,-4.77916739700231));
#11742=CARTESIAN_POINT('',(25.000000000001,8.055846135704,-4.77916739700231));
#11743=CARTESIAN_POINT('',(25.000000000001,8.01886328073297,-4.71055665161475));
#11744=CARTESIAN_POINT('',(25.000000000001,8.01886328073297,-4.71055665161475));
#11745=CARTESIAN_POINT('',(25.000000000001,7.95718371002513,-4.64899737035012));
#11746=CARTESIAN_POINT('',(25.000000000001,7.95718371002513,-4.64899737035012));
#11747=CARTESIAN_POINT('',(25.000000000001,7.88092834789122,-4.59913522387433));
#11748=CARTESIAN_POINT('',(25.000000000001,7.88092834789122,-4.59913522387433));
#11749=CARTESIAN_POINT('',(25.000000000001,7.79985725102088,-4.56521353379139));
#11750=CARTESIAN_POINT('',(25.000000000001,7.79985725102088,-4.56521353379139));
#11751=CARTESIAN_POINT('',(25.000000000001,7.71392479155556,-4.54732355440501));
#11752=CARTESIAN_POINT('',(25.000000000001,7.71392479155556,-4.54732355440501));
#11753=CARTESIAN_POINT('',(25.000000000001,7.66266479608967,-4.54713689832352));
#11754=CARTESIAN_POINT('',(25.000000000001,7.66266479608967,-4.54713689832352));
#11755=CARTESIAN_POINT('',(25.000000000001,7.61728240298171,-4.55861834083589));
#11756=CARTESIAN_POINT('',(25.000000000001,7.61728240298171,-4.55861834083589));
#11757=CARTESIAN_POINT('',(25.000000000001,7.57778176041247,-4.58178032612705));
#11758=CARTESIAN_POINT('',(25.000000000001,7.57778176041247,-4.58178032612705));
#11759=CARTESIAN_POINT('',(25.000000000001,7.54728625243515,-4.61489731983966));
#11760=CARTESIAN_POINT('',(25.000000000001,7.54728625243515,-4.61489731983966));
#11761=CARTESIAN_POINT('',(25.000000000001,7.52896074172159,-4.65626867422543));
#11762=CARTESIAN_POINT('',(25.000000000001,7.52896074172159,-4.65626867422543));
#11763=CARTESIAN_POINT('',(25.000000000001,7.52284255941768,-4.70594001679274));
#11764=CARTESIAN_POINT('',(25.000000000001,33.98893407222,-3.455));
#11765=CARTESIAN_POINT('',(25.000000000001,9.36005439288729,-4.26027457333294));
#11766=CARTESIAN_POINT('',(25.000000000001,9.36005439288729,-4.26027457333294));
#11767=CARTESIAN_POINT('',(25.000000000001,8.60902797429153,-3.50965905866178));
#11768=CARTESIAN_POINT('',(25.000000000001,9.36005439288775,-2.75863264006603));
#11769=CARTESIAN_POINT('',(25.000000000001,9.36005439288729,-2.75863264006603));
#11770=CARTESIAN_POINT('',(25.000000000001,8.60902797429153,-3.50965905866178));
#11771=CARTESIAN_POINT('',(25.000000000001,33.98893407222,-3.455));
#11772=CARTESIAN_POINT('',(25.000000000001,7.52816848883222,-1.21994091493616));
#11773=CARTESIAN_POINT('',(25.000000000001,7.52816848883222,-1.21994091493616));
#11774=CARTESIAN_POINT('',(25.000000000001,7.52816848883222,-1.13762129400857));
#11775=CARTESIAN_POINT('',(25.000000000001,7.52939212522315,-1.27423304015065));
#11776=CARTESIAN_POINT('',(25.000000000001,7.52939212522315,-1.27423304015065));
#11777=CARTESIAN_POINT('',(25.000000000001,7.53306718257218,-1.31778205258524));
#11778=CARTESIAN_POINT('',(25.000000000001,7.53306718257218,-1.31778205258524));
#11779=CARTESIAN_POINT('',(25.000000000001,7.53918951235019,-1.35071653769046));
#11780=CARTESIAN_POINT('',(25.000000000001,7.53918951235019,-1.35071653769046));
#11781=CARTESIAN_POINT('',(25.000000000001,7.54877120755045,-1.377727792933));
#11782=CARTESIAN_POINT('',(25.000000000001,7.54877120755045,-1.377727792933));
#11783=CARTESIAN_POINT('',(25.000000000001,7.56250911893576,-1.40378087868885));
#11784=CARTESIAN_POINT('',(25.000000000001,7.56250911893576,-1.40378087868885));
#11785=CARTESIAN_POINT('',(25.000000000001,7.58054012725179,-1.42879283631009));
#11786=CARTESIAN_POINT('',(25.000000000001,7.58054012725179,-1.42879283631009));
#11787=CARTESIAN_POINT('',(25.000000000001,7.61280264926236,-1.46264815975519));
#11788=CARTESIAN_POINT('',(25.000000000001,7.61280264926236,-1.46264815975519));
#11789=CARTESIAN_POINT('',(25.000000000001,7.65151933494863,-1.49382807465736));
#11790=CARTESIAN_POINT('',(25.000000000001,7.65151933494863,-1.49382807465736));
#11791=CARTESIAN_POINT('',(25.000000000001,7.69664870463012,-1.52238235600089));
#11792=CARTESIAN_POINT('',(25.000000000001,7.69664870463012,-1.52238235600089));
#11793=CARTESIAN_POINT('',(25.000000000001,7.74803313807197,-1.54634074235946));
#11794=CARTESIAN_POINT('',(25.000000000001,7.74803313807197,-1.54634074235946));
#11795=CARTESIAN_POINT('',(25.000000000001,7.80512925727808,-1.56367075208982));
#11796=CARTESIAN_POINT('',(25.000000000001,7.80512925727808,-1.56367075208982));
#11797=CARTESIAN_POINT('',(25.000000000001,7.86788728761885,-1.57432675874588));
#11798=CARTESIAN_POINT('',(25.000000000001,7.86788728761885,-1.57432675874588));
#11799=CARTESIAN_POINT('',(25.000000000001,7.91927586888769,-1.57704364625897));
#11800=CARTESIAN_POINT('',(25.000000000001,7.91927586888769,-1.57704364625897));
#11801=CARTESIAN_POINT('',(25.000000000001,7.96134822150716,-1.57267588668037));
#11802=CARTESIAN_POINT('',(25.000000000001,7.96134822150716,-1.57267588668037));
#11803=CARTESIAN_POINT('',(25.000000000001,7.99410849400956,-1.56118199998309));
#11804=CARTESIAN_POINT('',(25.000000000001,7.99410849400956,-1.56118199998309));
#11805=CARTESIAN_POINT('',(25.000000000001,8.01909971214618,-1.54441610738286));
#11806=CARTESIAN_POINT('',(25.000000000001,8.01909971214618,-1.54441610738286));
#11807=CARTESIAN_POINT('',(25.000000000001,8.03784001505337,-1.52418255335215));
#11808=CARTESIAN_POINT('',(25.000000000001,8.03784001505337,-1.52418255335215));
#11809=CARTESIAN_POINT('',(25.000000000001,8.05033355020796,-1.50038178828981));
#11810=CARTESIAN_POINT('',(25.000000000001,8.05033355020796,-1.50038178828981));
#11811=CARTESIAN_POINT('',(25.000000000001,8.05571340242741,-1.4775267488767));
#11812=CARTESIAN_POINT('',(25.000000000001,8.05571340242741,-1.4775267488767));
#11813=CARTESIAN_POINT('',(25.000000000001,8.05897366758372,-1.4446793702482));
#11814=CARTESIAN_POINT('',(25.000000000001,8.05897366758372,-1.4446793702482));
#11815=CARTESIAN_POINT('',(25.000000000001,8.06006457034519,-1.40187698320005));
#11816=CARTESIAN_POINT('',(25.000000000001,8.06006457034519,-1.40187698320005));
#11817=CARTESIAN_POINT('',(25.000000000001,8.06006457034519,-1.30781460068283));
#11818=CARTESIAN_POINT('',(25.000000000001,8.06006457034519,-1.30781460068283));
#11819=CARTESIAN_POINT('',(25.000000000001,7.52816848883222,-1.13762129400857));
#11820=CARTESIAN_POINT('',(25.000000000001,33.98893407222,-3.455));
#11821=CARTESIAN_POINT('',(24.990000000001,7.52767488652025,-4.74965909364619));
#11822=CARTESIAN_POINT('',(24.990000000001,7.52767488652025,-4.74965909364619));
#11823=CARTESIAN_POINT('',(24.990000000001,7.54214283127649,-4.79333669188418));
#11824=CARTESIAN_POINT('',(24.990000000001,7.54214283127649,-4.79333669188418));
#11825=CARTESIAN_POINT('',(24.990000000001,7.54214283127649,-4.79333669188418));
#11826=CARTESIAN_POINT('',(24.990000000001,7.54214283127649,-4.79333669188418));
#11827=CARTESIAN_POINT('',(24.990000000001,7.56620076759273,-4.83697695827141));
#11828=CARTESIAN_POINT('',(24.990000000001,7.56620076759273,-4.83697695827141));
#11829=CARTESIAN_POINT('',(24.990000000001,7.56620076759273,-4.83697695827141));
#11830=CARTESIAN_POINT('',(24.990000000001,7.56620076759273,-4.83697695827141));
#11831=CARTESIAN_POINT('',(24.990000000001,7.60001875953676,-4.87879214034547));
#11832=CARTESIAN_POINT('',(24.990000000001,7.60001875953676,-4.87879214034547));
#11833=CARTESIAN_POINT('',(24.990000000001,7.60001875953676,-4.87879214034547));
#11834=CARTESIAN_POINT('',(24.990000000001,7.60001875953676,-4.87879214034547));
#11835=CARTESIAN_POINT('',(24.990000000001,7.64379590773106,-4.91701937119251));
#11836=CARTESIAN_POINT('',(24.990000000001,7.64379590773105,-4.91701937119251));
#11837=CARTESIAN_POINT('',(24.990000000001,7.64379590773105,-4.91701937119251));
#11838=CARTESIAN_POINT('',(24.990000000001,7.64379590773106,-4.91701937119251));
#11839=CARTESIAN_POINT('',(24.990000000001,7.69757783897594,-4.95174575764395));
#11840=CARTESIAN_POINT('',(24.990000000001,7.69757783897594,-4.95174575764395));
#11841=CARTESIAN_POINT('',(24.990000000001,7.69757783897594,-4.95174575764395));
#11842=CARTESIAN_POINT('',(24.990000000001,7.69757783897594,-4.95174575764395));
#11843=CARTESIAN_POINT('',(24.990000000001,7.75569849430249,-4.98013412239015));
#11844=CARTESIAN_POINT('',(24.990000000001,7.75569849430249,-4.98013412239015));
#11845=CARTESIAN_POINT('',(24.990000000001,7.75569849430249,-4.98013412239015));
#11846=CARTESIAN_POINT('',(24.990000000001,7.75569849430249,-4.98013412239015));
#11847=CARTESIAN_POINT('',(24.990000000001,7.81284024066044,-4.99967497384205));
#11848=CARTESIAN_POINT('',(24.990000000001,7.81284024066044,-4.99967497384205));
#11849=CARTESIAN_POINT('',(24.990000000001,7.81284024066044,-4.99967497384205));
#11850=CARTESIAN_POINT('',(24.990000000001,7.81284024066044,-4.99967497384205));
#11851=CARTESIAN_POINT('',(24.990000000001,7.8689989298663,-5.01032268449126));
#11852=CARTESIAN_POINT('',(24.990000000001,7.8689989298663,-5.01032268449126));
#11853=CARTESIAN_POINT('',(24.990000000001,7.8689989298663,-5.01032268449126));
#11854=CARTESIAN_POINT('',(24.990000000001,7.8689989298663,-5.01032268449126));
#11855=CARTESIAN_POINT('',(24.990000000001,7.92662183505527,-5.01116886018644));
#11856=CARTESIAN_POINT('',(24.990000000001,7.92662183505527,-5.01116886018644));
#11857=CARTESIAN_POINT('',(24.990000000001,7.92662183505527,-5.01116886018644));
#11858=CARTESIAN_POINT('',(24.990000000001,7.92662183505527,-5.01116886018644));
#11859=CARTESIAN_POINT('',(24.990000000001,7.97531012047184,-4.99991970090923));
#11860=CARTESIAN_POINT('',(24.990000000001,7.97531012047184,-4.99991970090923));
#11861=CARTESIAN_POINT('',(24.990000000001,7.97531012047184,-4.99991970090923));
#11862=CARTESIAN_POINT('',(24.990000000001,7.97531012047184,-4.99991970090923));
#11863=CARTESIAN_POINT('',(24.990000000001,8.0150596382854,-4.97661668633737));
#11864=CARTESIAN_POINT('',(24.990000000001,8.0150596382854,-4.97661668633737));
#11865=CARTESIAN_POINT('',(24.990000000001,8.0150596382854,-4.97661668633737));
#11866=CARTESIAN_POINT('',(24.990000000001,8.0150596382854,-4.97661668633737));
#11867=CARTESIAN_POINT('',(24.990000000001,8.04458453294583,-4.94344162199195));
#11868=CARTESIAN_POINT('',(24.990000000001,8.04458453294583,-4.94344162199195));
#11869=CARTESIAN_POINT('',(24.990000000001,8.04458453294583,-4.94344162199195));
#11870=CARTESIAN_POINT('',(24.990000000001,8.04458453294583,-4.94344162199195));
#11871=CARTESIAN_POINT('',(24.990000000001,8.06227541171384,-4.90287496397286));
#11872=CARTESIAN_POINT('',(24.990000000001,8.06227541171384,-4.90287496397286));
#11873=CARTESIAN_POINT('',(24.990000000001,8.06227541171384,-4.90287496397286));
#11874=CARTESIAN_POINT('',(24.990000000001,8.06227541171384,-4.90287496397286));
#11875=CARTESIAN_POINT('',(24.990000000001,8.06816545825714,-4.85482545833293));
#11876=CARTESIAN_POINT('',(24.990000000001,8.06816545825714,-4.85482545833293));
#11877=CARTESIAN_POINT('',(24.990000000001,8.06816545825714,-4.85482545833293));
#11878=CARTESIAN_POINT('',(24.990000000001,8.06816545825714,-4.85482545833293));
#11879=CARTESIAN_POINT('',(24.990000000001,8.055846135704,-4.77916739700231));
#11880=CARTESIAN_POINT('',(24.990000000001,8.055846135704,-4.77916739700231));
#11881=CARTESIAN_POINT('',(24.990000000001,8.055846135704,-4.77916739700231));
#11882=CARTESIAN_POINT('',(24.990000000001,8.055846135704,-4.77916739700231));
#11883=CARTESIAN_POINT('',(24.990000000001,8.01886328073297,-4.71055665161475));
#11884=CARTESIAN_POINT('',(24.990000000001,8.01886328073297,-4.71055665161475));
#11885=CARTESIAN_POINT('',(24.990000000001,8.01886328073297,-4.71055665161475));
#11886=CARTESIAN_POINT('',(24.990000000001,8.01886328073297,-4.71055665161475));
#11887=CARTESIAN_POINT('',(24.990000000001,7.95718371002513,-4.64899737035012));
#11888=CARTESIAN_POINT('',(24.990000000001,7.95718371002513,-4.64899737035012));
#11889=CARTESIAN_POINT('',(24.990000000001,7.95718371002513,-4.64899737035012));
#11890=CARTESIAN_POINT('',(24.990000000001,7.95718371002513,-4.64899737035012));
#11891=CARTESIAN_POINT('',(24.990000000001,7.88092834789122,-4.59913522387433));
#11892=CARTESIAN_POINT('',(24.990000000001,7.88092834789122,-4.59913522387433));
#11893=CARTESIAN_POINT('',(24.990000000001,7.88092834789122,-4.59913522387433));
#11894=CARTESIAN_POINT('',(24.990000000001,7.88092834789122,-4.59913522387433));
#11895=CARTESIAN_POINT('',(24.990000000001,7.79985725102088,-4.56521353379139));
#11896=CARTESIAN_POINT('',(24.990000000001,7.79985725102088,-4.56521353379139));
#11897=CARTESIAN_POINT('',(24.990000000001,7.79985725102088,-4.56521353379139));
#11898=CARTESIAN_POINT('',(24.990000000001,7.79985725102088,-4.56521353379139));
#11899=CARTESIAN_POINT('',(24.990000000001,7.71392479155556,-4.54732355440501));
#11900=CARTESIAN_POINT('',(24.990000000001,7.71392479155556,-4.54732355440501));
#11901=CARTESIAN_POINT('',(24.990000000001,7.71392479155556,-4.54732355440501));
#11902=CARTESIAN_POINT('',(24.990000000001,7.71392479155556,-4.54732355440501));
#11903=CARTESIAN_POINT('',(24.990000000001,7.66266479608967,-4.54713689832352));
#11904=CARTESIAN_POINT('',(24.990000000001,7.66266479608967,-4.54713689832352));
#11905=CARTESIAN_POINT('',(24.990000000001,7.66266479608967,-4.54713689832352));
#11906=CARTESIAN_POINT('',(24.990000000001,7.66266479608967,-4.54713689832352));
#11907=CARTESIAN_POINT('',(24.990000000001,7.61728240298171,-4.55861834083589));
#11908=CARTESIAN_POINT('',(24.990000000001,7.61728240298171,-4.55861834083589));
#11909=CARTESIAN_POINT('',(24.990000000001,7.61728240298171,-4.55861834083589));
#11910=CARTESIAN_POINT('',(24.990000000001,7.61728240298171,-4.55861834083589));
#11911=CARTESIAN_POINT('',(24.990000000001,7.57778176041247,-4.58178032612705));
#11912=CARTESIAN_POINT('',(24.990000000001,7.57778176041247,-4.58178032612705));
#11913=CARTESIAN_POINT('',(24.990000000001,7.57778176041247,-4.58178032612705));
#11914=CARTESIAN_POINT('',(24.990000000001,7.57778176041247,-4.58178032612705));
#11915=CARTESIAN_POINT('',(24.990000000001,7.54728625243515,-4.61489731983966));
#11916=CARTESIAN_POINT('',(24.990000000001,7.54728625243515,-4.61489731983966));
#11917=CARTESIAN_POINT('',(24.990000000001,7.54728625243515,-4.61489731983966));
#11918=CARTESIAN_POINT('',(24.990000000001,7.54728625243515,-4.61489731983966));
#11919=CARTESIAN_POINT('',(24.990000000001,7.52896074172159,-4.65626867422543));
#11920=CARTESIAN_POINT('',(24.990000000001,7.52896074172159,-4.65626867422543));
#11921=CARTESIAN_POINT('',(24.990000000001,7.52896074172159,-4.65626867422543));
#11922=CARTESIAN_POINT('',(24.990000000001,7.52896074172159,-4.65626867422543));
#11923=CARTESIAN_POINT('',(24.990000000001,7.52284255941768,-4.70594001679274));
#11924=CARTESIAN_POINT('',(24.990000000001,7.52284255941768,-4.70594001679274));
#11925=CARTESIAN_POINT('',(24.990000000001,7.52284255941768,-4.70594001679274));
#11926=CARTESIAN_POINT('',(24.990000000001,7.52284255941768,-4.70594001679274));
#11927=CARTESIAN_POINT('',(24.990000000001,7.52767488652025,-4.74965909364619));
#11928=CARTESIAN_POINT('',(24.990000000001,7.52767488652025,-4.74965909364619));
#11929=CARTESIAN_POINT('',(24.990000000001,9.36005439288729,-4.26027457333294));
#11930=CARTESIAN_POINT('',(24.990000000001,9.36005439288729,-4.26027457333294));
#11931=CARTESIAN_POINT('',(24.990000000001,9.36005439288775,-2.75863264006603));
#11932=CARTESIAN_POINT('',(24.990000000001,9.36005439288729,-2.75863264006603));
#11933=CARTESIAN_POINT('',(24.990000000001,9.36005439288729,-2.75863264006603));
#11934=CARTESIAN_POINT('',(24.990000000001,9.36005439288775,-2.75863264006603));
#11935=CARTESIAN_POINT('',(24.990000000001,8.60902797429153,-3.50965905866178));
#11936=CARTESIAN_POINT('',(24.990000000001,8.60902797429153,-3.50965905866178));
#11937=CARTESIAN_POINT('',(24.990000000001,8.60902797429153,-3.50965905866178));
#11938=CARTESIAN_POINT('',(24.990000000001,8.60902797429153,-3.50965905866178));
#11939=CARTESIAN_POINT('',(24.990000000001,9.36005439288729,-4.26027457333294));
#11940=CARTESIAN_POINT('',(24.990000000001,9.36005439288729,-4.26027457333294));
#11941=CARTESIAN_POINT('',(24.990000000001,7.52816848883222,-1.21994091493616));
#11942=CARTESIAN_POINT('',(24.990000000001,7.52816848883222,-1.21994091493616));
#11943=CARTESIAN_POINT('',(24.990000000001,7.52939212522315,-1.27423304015065));
#11944=CARTESIAN_POINT('',(24.990000000001,7.52939212522315,-1.27423304015065));
#11945=CARTESIAN_POINT('',(24.990000000001,7.52939212522315,-1.27423304015065));
#11946=CARTESIAN_POINT('',(24.990000000001,7.52939212522315,-1.27423304015065));
#11947=CARTESIAN_POINT('',(24.990000000001,7.53306718257218,-1.31778205258524));
#11948=CARTESIAN_POINT('',(24.990000000001,7.53306718257218,-1.31778205258524));
#11949=CARTESIAN_POINT('',(24.990000000001,7.53306718257218,-1.31778205258524));
#11950=CARTESIAN_POINT('',(24.990000000001,7.53306718257218,-1.31778205258524));
#11951=CARTESIAN_POINT('',(24.990000000001,7.53918951235019,-1.35071653769046));
#11952=CARTESIAN_POINT('',(24.990000000001,7.53918951235019,-1.35071653769046));
#11953=CARTESIAN_POINT('',(24.990000000001,7.53918951235019,-1.35071653769046));
#11954=CARTESIAN_POINT('',(24.990000000001,7.53918951235019,-1.35071653769046));
#11955=CARTESIAN_POINT('',(24.990000000001,7.54877120755045,-1.377727792933));
#11956=CARTESIAN_POINT('',(24.990000000001,7.54877120755045,-1.377727792933));
#11957=CARTESIAN_POINT('',(24.990000000001,7.54877120755045,-1.377727792933));
#11958=CARTESIAN_POINT('',(24.990000000001,7.54877120755045,-1.377727792933));
#11959=CARTESIAN_POINT('',(24.990000000001,7.56250911893576,-1.40378087868885));
#11960=CARTESIAN_POINT('',(24.990000000001,7.56250911893576,-1.40378087868885));
#11961=CARTESIAN_POINT('',(24.990000000001,7.56250911893576,-1.40378087868885));
#11962=CARTESIAN_POINT('',(24.990000000001,7.56250911893576,-1.40378087868885));
#11963=CARTESIAN_POINT('',(24.990000000001,7.58054012725179,-1.42879283631009));
#11964=CARTESIAN_POINT('',(24.990000000001,7.58054012725179,-1.42879283631009));
#11965=CARTESIAN_POINT('',(24.990000000001,7.58054012725179,-1.42879283631009));
#11966=CARTESIAN_POINT('',(24.990000000001,7.58054012725179,-1.42879283631009));
#11967=CARTESIAN_POINT('',(24.990000000001,7.61280264926236,-1.46264815975519));
#11968=CARTESIAN_POINT('',(24.990000000001,7.61280264926236,-1.46264815975519));
#11969=CARTESIAN_POINT('',(24.990000000001,7.61280264926236,-1.46264815975519));
#11970=CARTESIAN_POINT('',(24.990000000001,7.61280264926236,-1.46264815975519));
#11971=CARTESIAN_POINT('',(24.990000000001,7.65151933494863,-1.49382807465736));
#11972=CARTESIAN_POINT('',(24.990000000001,7.65151933494863,-1.49382807465736));
#11973=CARTESIAN_POINT('',(24.990000000001,7.65151933494863,-1.49382807465736));
#11974=CARTESIAN_POINT('',(24.990000000001,7.65151933494863,-1.49382807465736));
#11975=CARTESIAN_POINT('',(24.990000000001,7.69664870463012,-1.52238235600089));
#11976=CARTESIAN_POINT('',(24.990000000001,7.69664870463012,-1.52238235600089));
#11977=CARTESIAN_POINT('',(24.990000000001,7.69664870463012,-1.52238235600089));
#11978=CARTESIAN_POINT('',(24.990000000001,7.69664870463012,-1.52238235600089));
#11979=CARTESIAN_POINT('',(24.990000000001,7.74803313807197,-1.54634074235946));
#11980=CARTESIAN_POINT('',(24.990000000001,7.74803313807197,-1.54634074235946));
#11981=CARTESIAN_POINT('',(24.990000000001,7.74803313807197,-1.54634074235946));
#11982=CARTESIAN_POINT('',(24.990000000001,7.74803313807197,-1.54634074235946));
#11983=CARTESIAN_POINT('',(24.990000000001,7.80512925727808,-1.56367075208982));
#11984=CARTESIAN_POINT('',(24.990000000001,7.80512925727808,-1.56367075208982));
#11985=CARTESIAN_POINT('',(24.990000000001,7.80512925727808,-1.56367075208982));
#11986=CARTESIAN_POINT('',(24.990000000001,7.80512925727808,-1.56367075208982));
#11987=CARTESIAN_POINT('',(24.990000000001,7.86788728761885,-1.57432675874588));
#11988=CARTESIAN_POINT('',(24.990000000001,7.86788728761885,-1.57432675874588));
#11989=CARTESIAN_POINT('',(24.990000000001,7.86788728761885,-1.57432675874588));
#11990=CARTESIAN_POINT('',(24.990000000001,7.86788728761885,-1.57432675874588));
#11991=CARTESIAN_POINT('',(24.990000000001,7.91927586888769,-1.57704364625897));
#11992=CARTESIAN_POINT('',(24.990000000001,7.91927586888769,-1.57704364625897));
#11993=CARTESIAN_POINT('',(24.990000000001,7.91927586888769,-1.57704364625897));
#11994=CARTESIAN_POINT('',(24.990000000001,7.91927586888769,-1.57704364625897));
#11995=CARTESIAN_POINT('',(24.990000000001,7.96134822150716,-1.57267588668037));
#11996=CARTESIAN_POINT('',(24.990000000001,7.96134822150716,-1.57267588668037));
#11997=CARTESIAN_POINT('',(24.990000000001,7.96134822150716,-1.57267588668037));
#11998=CARTESIAN_POINT('',(24.990000000001,7.96134822150716,-1.57267588668037));
#11999=CARTESIAN_POINT('',(24.990000000001,7.99410849400956,-1.56118199998309));
#12000=CARTESIAN_POINT('',(24.990000000001,7.99410849400956,-1.56118199998309));
#12001=CARTESIAN_POINT('',(24.990000000001,7.99410849400956,-1.56118199998309));
#12002=CARTESIAN_POINT('',(24.990000000001,7.99410849400956,-1.56118199998309));
#12003=CARTESIAN_POINT('',(24.990000000001,8.01909971214618,-1.54441610738286));
#12004=CARTESIAN_POINT('',(24.990000000001,8.01909971214618,-1.54441610738286));
#12005=CARTESIAN_POINT('',(24.990000000001,8.01909971214618,-1.54441610738286));
#12006=CARTESIAN_POINT('',(24.990000000001,8.01909971214618,-1.54441610738286));
#12007=CARTESIAN_POINT('',(24.990000000001,8.03784001505337,-1.52418255335215));
#12008=CARTESIAN_POINT('',(24.990000000001,8.03784001505337,-1.52418255335215));
#12009=CARTESIAN_POINT('',(24.990000000001,8.03784001505337,-1.52418255335215));
#12010=CARTESIAN_POINT('',(24.990000000001,8.03784001505337,-1.52418255335215));
#12011=CARTESIAN_POINT('',(24.990000000001,8.05033355020796,-1.50038178828981));
#12012=CARTESIAN_POINT('',(24.990000000001,8.05033355020796,-1.50038178828981));
#12013=CARTESIAN_POINT('',(24.990000000001,8.05033355020796,-1.50038178828981));
#12014=CARTESIAN_POINT('',(24.990000000001,8.05033355020796,-1.50038178828981));
#12015=CARTESIAN_POINT('',(24.990000000001,8.05571340242741,-1.4775267488767));
#12016=CARTESIAN_POINT('',(24.990000000001,8.05571340242741,-1.4775267488767));
#12017=CARTESIAN_POINT('',(24.990000000001,8.05571340242741,-1.4775267488767));
#12018=CARTESIAN_POINT('',(24.990000000001,8.05571340242741,-1.4775267488767));
#12019=CARTESIAN_POINT('',(24.990000000001,8.05897366758372,-1.4446793702482));
#12020=CARTESIAN_POINT('',(24.990000000001,8.05897366758372,-1.4446793702482));
#12021=CARTESIAN_POINT('',(24.990000000001,8.05897366758372,-1.4446793702482));
#12022=CARTESIAN_POINT('',(24.990000000001,8.05897366758372,-1.4446793702482));
#12023=CARTESIAN_POINT('',(24.990000000001,8.06006457034519,-1.40187698320005));
#12024=CARTESIAN_POINT('',(24.990000000001,8.06006457034519,-1.40187698320005));
#12025=CARTESIAN_POINT('',(24.990000000001,8.06006457034519,-1.40187698320005));
#12026=CARTESIAN_POINT('',(24.990000000001,8.06006457034519,-1.40187698320005));
#12027=CARTESIAN_POINT('',(24.990000000001,8.06006457034519,-1.30781460068283));
#12028=CARTESIAN_POINT('',(24.990000000001,8.06006457034519,-1.30781460068283));
#12029=CARTESIAN_POINT('',(24.990000000001,8.06006457034519,-1.30781460068283));
#12030=CARTESIAN_POINT('',(24.990000000001,8.06006457034519,-1.30781460068283));
#12031=CARTESIAN_POINT('',(24.990000000001,7.52816848883222,-1.13762129400857));
#12032=CARTESIAN_POINT('',(24.990000000001,7.52816848883222,-1.13762129400857));
#12033=CARTESIAN_POINT('',(24.990000000001,7.52816848883222,-1.13762129400857));
#12034=CARTESIAN_POINT('',(24.990000000001,7.52816848883222,-1.13762129400857));
#12035=CARTESIAN_POINT('',(24.990000000001,7.52816848883222,-1.21994091493616));
#12036=CARTESIAN_POINT('',(24.990000000001,7.52816848883222,-1.21994091493616));
#12037=CARTESIAN_POINT('',(22.500000000001,8.28181138964349,-3.4));
#12038=CARTESIAN_POINT('',(22.500000000001,8.28181138964349,-1.635));
#12039=CARTESIAN_POINT('',(22.500000000001,9.05,-3.4));
#12040=CARTESIAN_POINT('',(22.500000000001,9.05,-5.165));
#12041=CARTESIAN_POINT('',(22.500000000001,10.4,-3.4));
#12042=CARTESIAN_POINT('',(24.990000000001,7.3928218580535,-4.60407539658991));
#12043=CARTESIAN_POINT('',(24.990000000001,7.38725120157315,-4.67303456717855));
#12044=CARTESIAN_POINT('',(24.990000000001,7.3928218580535,-4.60407539658991));
#12045=CARTESIAN_POINT('',(24.990000000001,7.38725120157315,-4.67303456717855));
#12046=CARTESIAN_POINT('',(24.990000000001,7.39424459471038,-4.75557402785853));
#12047=CARTESIAN_POINT('',(24.990000000001,7.39424459471038,-4.75557402785853));
#12048=CARTESIAN_POINT('',(24.990000000001,7.4152372179582,-4.83383283508556));
#12049=CARTESIAN_POINT('',(24.990000000001,7.4152372179582,-4.83383283508556));
#12050=CARTESIAN_POINT('',(24.990000000001,7.45027055064056,-4.90786905949426));
#12051=CARTESIAN_POINT('',(24.990000000001,7.45027055064056,-4.90786905949426));
#12052=CARTESIAN_POINT('',(24.990000000001,7.49816243533942,-4.97560459369197));
#12053=CARTESIAN_POINT('',(24.990000000001,7.49816243533942,-4.97560459369197));
#12054=CARTESIAN_POINT('',(24.990000000001,7.55805840070743,-5.0353719736122));
#12055=CARTESIAN_POINT('',(24.990000000001,7.55805840070743,-5.0353719736122));
#12056=CARTESIAN_POINT('',(24.990000000001,7.62995429856519,-5.08715875506096));
#12057=CARTESIAN_POINT('',(24.990000000001,7.62995429856519,-5.08715875506096));
#12058=CARTESIAN_POINT('',(24.990000000001,7.70873574359657,-5.12851766596941));
#12059=CARTESIAN_POINT('',(24.990000000001,7.70873574359657,-5.12851766596941));
#12060=CARTESIAN_POINT('',(24.990000000001,7.78930494250235,-5.15700558067329));
#12061=CARTESIAN_POINT('',(24.990000000001,7.78930494250235,-5.15700558067329));
#12062=CARTESIAN_POINT('',(24.990000000001,7.87174485322466,-5.17268057051115));
#12063=CARTESIAN_POINT('',(24.990000000001,7.87174485322466,-5.17268057051115));
#12064=CARTESIAN_POINT('',(24.990000000001,7.96519334363247,-5.17308291852169));
#12065=CARTESIAN_POINT('',(24.990000000001,7.96519334363247,-5.17308291852169));
#12066=CARTESIAN_POINT('',(24.990000000001,8.04557173792355,-5.15199074531483));
#12067=CARTESIAN_POINT('',(24.990000000001,8.04557173792355,-5.15199074531483));
#12068=CARTESIAN_POINT('',(24.990000000001,8.11279707779968,-5.10930450023443));
#12069=CARTESIAN_POINT('',(24.990000000001,8.11279707779968,-5.10930450023443));
#12070=CARTESIAN_POINT('',(24.990000000001,8.1633270395404,-5.04859554249197));
#12071=CARTESIAN_POINT('',(24.990000000001,8.1633270395404,-5.04859554249197));
#12072=CARTESIAN_POINT('',(24.990000000001,8.19364833526915,-4.97314902525977));
#12073=CARTESIAN_POINT('',(24.990000000001,8.19364833526915,-4.97314902525977));
#12074=CARTESIAN_POINT('',(24.990000000001,8.20375681610303,-4.88296494783572));
#12075=CARTESIAN_POINT('',(24.990000000001,8.20375681610303,-4.88296494783572));
#12076=CARTESIAN_POINT('',(24.990000000001,8.19884153105513,-4.81216410091656));
#12077=CARTESIAN_POINT('',(24.990000000001,8.19884153105513,-4.81216410091656));
#12078=CARTESIAN_POINT('',(24.990000000001,8.18405004805609,-4.74556509662943));
#12079=CARTESIAN_POINT('',(24.990000000001,8.18405004805609,-4.74556509662943));
#12080=CARTESIAN_POINT('',(24.990000000001,8.15928696568144,-4.68308082919975));
#12081=CARTESIAN_POINT('',(24.990000000001,8.15928696568144,-4.68308082919975));
#12082=CARTESIAN_POINT('',(24.990000000001,8.12616167631486,-4.62562798878571));
#12083=CARTESIAN_POINT('',(24.990000000001,8.12616167631486,-4.62562798878571));
#12084=CARTESIAN_POINT('',(24.990000000001,8.08592270401359,-4.5738453551603));
#12085=CARTESIAN_POINT('',(24.990000000001,8.08592270401359,-4.5738453551603));
#12086=CARTESIAN_POINT('',(24.990000000001,8.03857419695842,-4.52779514713984));
#12087=CARTESIAN_POINT('',(24.990000000001,8.03857419695842,-4.52779514713984));
#12088=CARTESIAN_POINT('',(24.990000000001,7.98448531948443,-4.48748566002177));
#12089=CARTESIAN_POINT('',(24.990000000001,7.98448531948443,-4.48748566002178));
#12090=CARTESIAN_POINT('',(24.990000000001,7.92436121870915,-4.45291274668489));
#12091=CARTESIAN_POINT('',(24.990000000001,7.92436121870915,-4.45291274668489));
#12092=CARTESIAN_POINT('',(24.990000000001,7.85815626713147,-4.42411373792493));
#12093=CARTESIAN_POINT('',(24.990000000001,7.85815626713147,-4.42411373792493));
#12094=CARTESIAN_POINT('',(24.990000000001,7.80733180299139,-4.40677128436073));
#12095=CARTESIAN_POINT('',(24.990000000001,7.80733180299139,-4.40677128436073));
#12096=CARTESIAN_POINT('',(24.990000000001,7.7581913942362,-4.39423626988173));
#12097=CARTESIAN_POINT('',(24.990000000001,7.7581913942362,-4.39423626988173));
#12098=CARTESIAN_POINT('',(24.990000000001,7.71080555568178,-4.38658335748187));
#12099=CARTESIAN_POINT('',(24.990000000001,7.71080555568178,-4.38658335748187));
#12100=CARTESIAN_POINT('',(24.990000000001,7.66064475898238,-4.38448865773171));
#12101=CARTESIAN_POINT('',(24.990000000001,7.66064475898238,-4.38448865773171));
#12102=CARTESIAN_POINT('',(24.990000000001,7.61085312662171,-4.38937490764147));
#12103=CARTESIAN_POINT('',(24.990000000001,7.61085312662171,-4.38937490764147));
#12104=CARTESIAN_POINT('',(24.990000000001,7.56143480748133,-4.40120062752794));
#12105=CARTESIAN_POINT('',(24.990000000001,7.56143480748133,-4.40120062752794));
#12106=CARTESIAN_POINT('',(24.990000000001,7.5146918965278,-4.42172868395573));
#12107=CARTESIAN_POINT('',(24.990000000001,7.5146918965278,-4.42172868395573));
#12108=CARTESIAN_POINT('',(24.990000000001,7.47330395047984,-4.45244403168908));
#12109=CARTESIAN_POINT('',(24.990000000001,7.47330395047984,-4.45244403168908));
#12110=CARTESIAN_POINT('',(24.990000000001,7.43722534218969,-4.49338400257329));
#12111=CARTESIAN_POINT('',(24.990000000001,7.43722534218969,-4.49338400257329));
#12112=CARTESIAN_POINT('',(24.990000000001,7.40949234887594,-4.54419602287817));
#12113=CARTESIAN_POINT('',(24.990000000001,7.40949234887594,-4.54419602287817));
#12114=CARTESIAN_POINT('',(24.990000000001,0.,0.));
#12115=CARTESIAN_POINT('',(24.990000000001,8.56398958638456,-2.71360041423031));
#12116=CARTESIAN_POINT('',(24.990000000001,8.56398958638456,-4.30573002723577));
#12117=CARTESIAN_POINT('',(24.990000000001,8.56398958638456,-2.71360041423031));
#12118=CARTESIAN_POINT('',(24.990000000001,8.56398958638456,-4.30573002723577));
#12119=CARTESIAN_POINT('',(24.990000000001,9.36005439288729,-4.30573002723577));
#12120=CARTESIAN_POINT('',(24.990000000001,9.36005439288729,-4.30573002723577));
#12121=CARTESIAN_POINT('',(24.990000000001,10.15611919939,-3.50922943683872));
#12122=CARTESIAN_POINT('',(24.990000000001,10.15611919939,-3.50922943683872));
#12123=CARTESIAN_POINT('',(24.990000000001,9.36005439288729,-2.71360041423031));
#12124=CARTESIAN_POINT('',(24.990000000001,9.36005439288729,-2.71360041423031));
#12125=CARTESIAN_POINT('',(24.990000000001,0.,0.));
#12126=CARTESIAN_POINT('',(24.990000000001,7.40121724836345,-0.934617939499731));
#12127=CARTESIAN_POINT('',(24.990000000001,7.40121724836345,-1.21278990085557));
#12128=CARTESIAN_POINT('',(24.990000000001,7.40121724836345,-0.934617939499731));
#12129=CARTESIAN_POINT('',(24.990000000001,7.40121724836345,-1.21278990085557));
#12130=CARTESIAN_POINT('',(24.990000000001,7.40250725139131,-1.2768835610259));
#12131=CARTESIAN_POINT('',(24.990000000001,7.40250725139131,-1.2768835610259));
#12132=CARTESIAN_POINT('',(24.990000000001,7.40641044414806,-1.32918053679896));
#12133=CARTESIAN_POINT('',(24.990000000001,7.40641044414806,-1.32918053679896));
#12134=CARTESIAN_POINT('',(24.990000000001,7.4129724537851,-1.36972230715037));
#12135=CARTESIAN_POINT('',(24.990000000001,7.4129724537851,-1.36972230715037));
#12136=CARTESIAN_POINT('',(24.990000000001,7.43006603210315,-1.42753186877417));
#12137=CARTESIAN_POINT('',(24.990000000001,7.43006603210315,-1.42753186877417));
#12138=CARTESIAN_POINT('',(24.990000000001,7.4523445105523,-1.47865498313695));
#12139=CARTESIAN_POINT('',(24.990000000001,7.4523445105523,-1.47865498313695));
#12140=CARTESIAN_POINT('',(24.990000000001,7.47984522063134,-1.52305017126855));
#12141=CARTESIAN_POINT('',(24.990000000001,7.47984522063134,-1.52305017126855));
#12142=CARTESIAN_POINT('',(24.990000000001,7.52310387849584,-1.574289427248));
#12143=CARTESIAN_POINT('',(24.990000000001,7.52310387849584,-1.574289427248));
#12144=CARTESIAN_POINT('',(24.990000000001,7.57538426261081,-1.62094937990332));
#12145=CARTESIAN_POINT('',(24.990000000001,7.57538426261081,-1.62094937990332));
#12146=CARTESIAN_POINT('',(24.990000000001,7.63676518309503,-1.66306736002662));
#12147=CARTESIAN_POINT('',(24.990000000001,7.63676518309503,-1.66306736002662));
#12148=CARTESIAN_POINT('',(24.990000000001,7.7057699808378,-1.69774397150104));
#12149=CARTESIAN_POINT('',(24.990000000001,7.7057699808378,-1.69774397150104));
#12150=CARTESIAN_POINT('',(24.990000000001,7.78123723790932,-1.72239920791253));
#12151=CARTESIAN_POINT('',(24.990000000001,7.78123723790932,-1.72239920791253));
#12152=CARTESIAN_POINT('',(24.990000000001,7.86312132750836,-1.73694596349196));
#12153=CARTESIAN_POINT('',(24.990000000001,7.86312132750836,-1.73694596349196));
#12154=CARTESIAN_POINT('',(24.990000000001,7.90153106696371,-1.73982462012646));
#12155=CARTESIAN_POINT('',(24.990000000001,7.90153106696371,-1.73982462012646));
#12156=CARTESIAN_POINT('',(24.990000000001,7.93781707117514,-1.73968359084392));
#12157=CARTESIAN_POINT('',(24.990000000001,7.93781707117514,-1.73968359084392));
#12158=CARTESIAN_POINT('',(24.990000000001,7.972062299148,-1.73658509445522));
#12159=CARTESIAN_POINT('',(24.990000000001,7.972062299148,-1.73658509445522));
#12160=CARTESIAN_POINT('',(24.990000000001,8.00398883943572,-1.73070334391741));
#12161=CARTESIAN_POINT('',(24.990000000001,8.00398883943572,-1.73070334391741));
#12162=CARTESIAN_POINT('',(24.990000000001,8.03329804252271,-1.72220425582418));
#12163=CARTESIAN_POINT('',(24.990000000001,8.03329804252271,-1.72220425582418));
#12164=CARTESIAN_POINT('',(24.990000000001,8.06006457034519,-1.7110961258295));
#12165=CARTESIAN_POINT('',(24.990000000001,8.06006457034519,-1.7110961258295));
#12166=CARTESIAN_POINT('',(24.990000000001,8.08433405076075,-1.69761953387751));
#12167=CARTESIAN_POINT('',(24.990000000001,8.08433405076075,-1.69761953387751));
#12168=CARTESIAN_POINT('',(24.990000000001,8.10611477871853,-1.68194454403783));
#12169=CARTESIAN_POINT('',(24.990000000001,8.10611477871853,-1.68194454403783));
#12170=CARTESIAN_POINT('',(24.990000000001,8.12548556539414,-1.66399649401865));
#12171=CARTESIAN_POINT('',(24.990000000001,8.12548556539414,-1.66399649401865));
#12172=CARTESIAN_POINT('',(24.990000000001,8.14228049348676,-1.64414040068368));
#12173=CARTESIAN_POINT('',(24.990000000001,8.14228049348676,-1.64414040068368));
#12174=CARTESIAN_POINT('',(24.990000000001,8.15633779458212,-1.62241774371068));
#12175=CARTESIAN_POINT('',(24.990000000001,8.15633779458212,-1.62241774371068));
#12176=CARTESIAN_POINT('',(24.990000000001,8.16773213061597,-1.59888659302669));
#12177=CARTESIAN_POINT('',(24.990000000001,8.16773213061597,-1.59888659302669));
#12178=CARTESIAN_POINT('',(24.990000000001,8.17667504639612,-1.57300772022427));
#12179=CARTESIAN_POINT('',(24.990000000001,8.17667504639612,-1.57300772022427));
#12180=CARTESIAN_POINT('',(24.990000000001,8.1832951266646,-1.54457372832621));
#12181=CARTESIAN_POINT('',(24.990000000001,8.1832951266646,-1.54457372832621));
#12182=CARTESIAN_POINT('',(24.990000000001,8.18758822394957,-1.51362609700846));
#12183=CARTESIAN_POINT('',(24.990000000001,8.18758822394957,-1.51362609700846));
#12184=CARTESIAN_POINT('',(24.990000000001,8.18911465839201,-1.49016131331518));
#12185=CARTESIAN_POINT('',(24.990000000001,8.18911465839201,-1.49016131331518));
#12186=CARTESIAN_POINT('',(24.990000000001,8.19002720107746,-1.45236546596789));
#12187=CARTESIAN_POINT('',(24.990000000001,8.19002720107746,-1.45236546596789));
#12188=CARTESIAN_POINT('',(24.990000000001,8.19033414695596,-1.4002136673007));
#12189=CARTESIAN_POINT('',(24.990000000001,8.19033414695596,-1.4002136673007));
#12190=CARTESIAN_POINT('',(24.990000000001,8.19033414695596,-1.18764106142407));
#12191=CARTESIAN_POINT('',(24.990000000001,8.19033414695596,-1.18764106142407));
#12192=CARTESIAN_POINT('',(24.990000000001,0.,0.));
#12193=CARTESIAN_POINT('',(24.990000000001,7.40121724836345,-1.78923464361287));
#12194=CARTESIAN_POINT('',(24.990000000001,7.40121724836345,-2.40564459576126));
#12195=CARTESIAN_POINT('',(24.990000000001,7.40121724836345,-1.78923464361287));
#12196=CARTESIAN_POINT('',(24.990000000001,7.40121724836345,-2.40564459576126));
#12197=CARTESIAN_POINT('',(24.990000000001,7.53313354921047,-2.44824788254482));
#12198=CARTESIAN_POINT('',(24.990000000001,7.53313354921047,-2.44824788254482));
#12199=CARTESIAN_POINT('',(24.990000000001,7.53313354921047,-1.98911876189595));
#12200=CARTESIAN_POINT('',(24.990000000001,7.53313354921047,-1.98911876189595));
#12201=CARTESIAN_POINT('',(24.990000000001,7.74736947098509,-2.06237932542717));
#12202=CARTESIAN_POINT('',(24.990000000001,7.74736947098509,-2.06237932542717));
#12203=CARTESIAN_POINT('',(24.990000000001,7.74736947098509,-2.47099507599341));
#12204=CARTESIAN_POINT('',(24.990000000001,7.74736947098509,-2.47099507599341));
#12205=CARTESIAN_POINT('',(24.990000000001,7.87928577183256,-2.51306328078499));
#12206=CARTESIAN_POINT('',(24.990000000001,7.87928577183256,-2.51306328078499));
#12207=CARTESIAN_POINT('',(24.990000000001,7.87928577183256,-2.10464248265998));
#12208=CARTESIAN_POINT('',(24.990000000001,7.87928577183256,-2.10464248265998));
#12209=CARTESIAN_POINT('',(24.990000000001,8.05841784610757,-2.16223635235656));
#12210=CARTESIAN_POINT('',(24.990000000001,8.05841784610757,-2.16223635235656));
#12211=CARTESIAN_POINT('',(24.990000000001,8.05841784610757,-2.58480155770121));
#12212=CARTESIAN_POINT('',(24.990000000001,8.05841784610757,-2.58480155770121));
#12213=CARTESIAN_POINT('',(24.990000000001,8.19033414695596,-2.62686976284749));
#12214=CARTESIAN_POINT('',(24.990000000001,8.19033414695596,-2.62686976284749));
#12215=CARTESIAN_POINT('',(24.990000000001,8.19033414695505,-2.04188445266846));
#12216=CARTESIAN_POINT('',(24.990000000001,8.19033414695505,-2.04188445266846));
#12217=CARTESIAN_POINT('',(24.990000000001,0.,0.));
#12218=CARTESIAN_POINT('',(24.990000000001,7.40121724836345,-5.6993212374291));
#12219=CARTESIAN_POINT('',(24.990000000001,7.40121724836345,-5.85072031839081));
#12220=CARTESIAN_POINT('',(24.990000000001,7.40121724836345,-5.6993212374291));
#12221=CARTESIAN_POINT('',(24.990000000001,7.40121724836345,-5.85072031839081));
#12222=CARTESIAN_POINT('',(24.990000000001,8.19033414695596,-6.10317102753106));
#12223=CARTESIAN_POINT('',(24.990000000001,8.19033414695596,-6.10317102753106));
#12224=CARTESIAN_POINT('',(24.990000000001,8.19033414695505,-5.95250612812379));
#12225=CARTESIAN_POINT('',(24.990000000001,8.19033414695505,-5.95250612812379));
#12226=CARTESIAN_POINT('',(24.990000000001,7.66229148322091,-5.78330832207939));
#12227=CARTESIAN_POINT('',(24.990000000001,7.66229148322091,-5.78330832207939));
#12228=CARTESIAN_POINT('',(24.990000000001,8.19033414695596,-5.62841254419618));
#12229=CARTESIAN_POINT('',(24.990000000001,8.19033414695596,-5.62841254419618));
#12230=CARTESIAN_POINT('',(24.990000000001,8.19033414695596,-5.47664015036571));
#12231=CARTESIAN_POINT('',(24.990000000001,8.19033414695596,-5.47664015036571));
#12232=CARTESIAN_POINT('',(24.990000000001,7.40121724836345,-5.22420188505566));
#12233=CARTESIAN_POINT('',(24.990000000001,7.40121724836345,-5.22420188505566));
#12234=CARTESIAN_POINT('',(24.990000000001,7.40121724836345,-5.37540601392902));
#12235=CARTESIAN_POINT('',(24.990000000001,7.40121724836345,-5.37540601392902));
#12236=CARTESIAN_POINT('',(24.990000000001,7.9314624578109,-5.54520941642841));
#12237=CARTESIAN_POINT('',(24.990000000001,7.9314624578109,-5.54520941642841));
#12238=CARTESIAN_POINT('',(24.990000000001,0.,0.));
#12239=CARTESIAN_POINT('',(24.990000000001,7.3878070230493,-2.96755502677115));
#12240=CARTESIAN_POINT('',(24.990000000001,7.39092211074321,-3.03031305676268));
#12241=CARTESIAN_POINT('',(24.990000000001,7.3878070230493,-2.96755502677115));
#12242=CARTESIAN_POINT('',(24.990000000001,7.39092211074321,-3.03031305676268));
#12243=CARTESIAN_POINT('',(24.990000000001,7.4002424872182,-3.09294250130188));
#12244=CARTESIAN_POINT('',(24.990000000001,7.4002424872182,-3.09294250130188));
#12245=CARTESIAN_POINT('',(24.990000000001,7.41573496844867,-3.15548483971725));
#12246=CARTESIAN_POINT('',(24.990000000001,7.41573496844867,-3.15548483971725));
#12247=CARTESIAN_POINT('',(24.990000000001,7.43581919719136,-3.21505311936926));
#12248=CARTESIAN_POINT('',(24.990000000001,7.43581919719136,-3.21505311936926));
#12249=CARTESIAN_POINT('',(24.990000000001,7.45860372213783,-3.26866498583695));
#12250=CARTESIAN_POINT('',(24.990000000001,7.45860372213783,-3.26866498583695));
#12251=CARTESIAN_POINT('',(24.990000000001,7.48407609875212,-3.31632458695094));
#12252=CARTESIAN_POINT('',(24.990000000001,7.48407609875212,-3.31632458695094));
#12253=CARTESIAN_POINT('',(24.990000000001,7.82268740276768,-3.42513282531218));
#12254=CARTESIAN_POINT('',(24.990000000001,7.82268740276768,-3.42513282531218));
#12255=CARTESIAN_POINT('',(24.990000000001,7.82268740276768,-3.07198720955421));
#12256=CARTESIAN_POINT('',(24.990000000001,7.82268740276768,-3.07198720955421));
#12257=CARTESIAN_POINT('',(24.990000000001,7.69077110191793,-3.02975723563941));
#12258=CARTESIAN_POINT('',(24.990000000001,7.69077110191793,-3.02975723563941));
#12259=CARTESIAN_POINT('',(24.990000000001,7.69077110191793,-3.23112630939067));
#12260=CARTESIAN_POINT('',(24.990000000001,7.69077110191793,-3.23112630939067));
#12261=CARTESIAN_POINT('',(24.990000000001,7.57355088193881,-3.19382821253385));
#12262=CARTESIAN_POINT('',(24.990000000001,7.57355088193881,-3.19382821253384));
#12263=CARTESIAN_POINT('',(24.990000000001,7.56044345467662,-3.16419961973588));
#12264=CARTESIAN_POINT('',(24.990000000001,7.56044345467662,-3.16419961973588));
#12265=CARTESIAN_POINT('',(24.990000000001,7.54868410142663,-3.13132320561635));
#12266=CARTESIAN_POINT('',(24.990000000001,7.54868410142663,-3.13132320561635));
#12267=CARTESIAN_POINT('',(24.990000000001,7.53827697001762,-3.09525704080806));
#12268=CARTESIAN_POINT('',(24.990000000001,7.53827697001761,-3.09525704080806));
#12269=CARTESIAN_POINT('',(24.990000000001,7.5300143133376,-3.05796309177822));
#12270=CARTESIAN_POINT('',(24.990000000001,7.5300143133376,-3.05796309177822));
#12271=CARTESIAN_POINT('',(24.990000000001,7.52505340078633,-3.02172686254562));
#12272=CARTESIAN_POINT('',(24.990000000001,7.52505340078633,-3.02172686254562));
#12273=CARTESIAN_POINT('',(24.990000000001,7.52339838089383,-2.98649857742203));
#12274=CARTESIAN_POINT('',(24.990000000001,7.52339838089383,-2.98649857742203));
#12275=CARTESIAN_POINT('',(24.990000000001,7.52867038715058,-2.93355037839137));
#12276=CARTESIAN_POINT('',(24.990000000001,7.52867038715058,-2.93355037839137));
#12277=CARTESIAN_POINT('',(24.990000000001,7.54451958959035,-2.89116693136384));
#12278=CARTESIAN_POINT('',(24.990000000001,7.54451958959035,-2.89116693136384));
#12279=CARTESIAN_POINT('',(24.990000000001,7.57098746718921,-2.85931920154326));
#12280=CARTESIAN_POINT('',(24.990000000001,7.57098746718921,-2.85931920154326));
#12281=CARTESIAN_POINT('',(24.990000000001,7.60853029146383,-2.83839294493373));
#12282=CARTESIAN_POINT('',(24.990000000001,7.60853029146383,-2.83839294493373));
#12283=CARTESIAN_POINT('',(24.990000000001,7.65763336907266,-2.82879465807491));
#12284=CARTESIAN_POINT('',(24.990000000001,7.65763336907266,-2.82879465807491));
#12285=CARTESIAN_POINT('',(24.990000000001,7.718334030811,-2.83052848843727));
#12286=CARTESIAN_POINT('',(24.990000000001,7.718334030811,-2.83052848843727));
#12287=CARTESIAN_POINT('',(24.990000000001,7.78404123189912,-2.84195600814201));
#12288=CARTESIAN_POINT('',(24.990000000001,7.78404123189912,-2.84195600814201));
#12289=CARTESIAN_POINT('',(24.990000000001,7.84628077191146,-2.86123968833999));
#12290=CARTESIAN_POINT('',(24.990000000001,7.84628077191146,-2.86123968833999));
#12291=CARTESIAN_POINT('',(24.990000000001,7.90500702369254,-2.88841686053092));
#12292=CARTESIAN_POINT('',(24.990000000001,7.90500702369254,-2.88841686053092));
#12293=CARTESIAN_POINT('',(24.990000000001,7.95713808287192,-2.92215189417766));
#12294=CARTESIAN_POINT('',(24.990000000001,7.95713808287192,-2.92215189417766));
#12295=CARTESIAN_POINT('',(24.990000000001,7.99930583797677,-2.96107597578521));
#12296=CARTESIAN_POINT('',(24.990000000001,7.99930583797677,-2.96107597578521));
#12297=CARTESIAN_POINT('',(24.990000000001,8.03160154330626,-3.00523058432373));
#12298=CARTESIAN_POINT('',(24.990000000001,8.03160154330626,-3.00523058432373));
#12299=CARTESIAN_POINT('',(24.990000000001,8.05425748245116,-3.05301877123929));
#12300=CARTESIAN_POINT('',(24.990000000001,8.05425748245116,-3.05301877123929));
#12301=CARTESIAN_POINT('',(24.990000000001,8.0678502163727,-3.10263204246803));
#12302=CARTESIAN_POINT('',(24.990000000001,8.0678502163727,-3.10263204246803));
#12303=CARTESIAN_POINT('',(24.990000000001,8.07237974507088,-3.15417824502947));
#12304=CARTESIAN_POINT('',(24.990000000001,8.07237974507088,-3.15417824502947));
#12305=CARTESIAN_POINT('',(24.990000000001,8.0686383210822,-3.19603075789564));
#12306=CARTESIAN_POINT('',(24.990000000001,8.0686383210822,-3.19603075789564));
#12307=CARTESIAN_POINT('',(24.990000000001,8.057385013978,-3.2319807810909));
#12308=CARTESIAN_POINT('',(24.990000000001,8.057385013978,-3.2319807810909));
#12309=CARTESIAN_POINT('',(24.990000000001,8.03857419695842,-3.26210712402644));
#12310=CARTESIAN_POINT('',(24.990000000001,8.03857419695842,-3.26210712402644));
#12311=CARTESIAN_POINT('',(24.990000000001,8.0123054192758,-3.28602817888532));
#12312=CARTESIAN_POINT('',(24.990000000001,8.0123054192758,-3.28602817888532));
#12313=CARTESIAN_POINT('',(24.990000000001,7.97873215439622,-3.30370246634629));
#12314=CARTESIAN_POINT('',(24.990000000001,7.97873215439622,-3.30370246634629));
#12315=CARTESIAN_POINT('',(24.990000000001,7.93789588164591,-3.31521294435152));
#12316=CARTESIAN_POINT('',(24.990000000001,7.93789588164591,-3.31521294435152));
#12317=CARTESIAN_POINT('',(24.990000000001,7.95515952509086,-3.46834170819784));
#12318=CARTESIAN_POINT('',(24.990000000001,7.95515952509086,-3.46834170819784));
#12319=CARTESIAN_POINT('',(24.990000000001,8.02975157097526,-3.45246347026477));
#12320=CARTESIAN_POINT('',(24.990000000001,8.02975157097526,-3.45246347026477));
#12321=CARTESIAN_POINT('',(24.990000000001,8.09143528986387,-3.42281828580963));
#12322=CARTESIAN_POINT('',(24.990000000001,8.09143528986388,-3.42281828580963));
#12323=CARTESIAN_POINT('',(24.990000000001,8.14018164591098,-3.37943933815041));
#12324=CARTESIAN_POINT('',(24.990000000001,8.14018164591098,-3.37943933815041));
#12325=CARTESIAN_POINT('',(24.990000000001,8.17552607265034,-3.3222519646406));
#12326=CARTESIAN_POINT('',(24.990000000001,8.17552607265034,-3.3222519646406));
#12327=CARTESIAN_POINT('',(24.990000000001,8.19670535233299,-3.25148015286322));
#12328=CARTESIAN_POINT('',(24.990000000001,8.19670535233299,-3.25148015286322));
#12329=CARTESIAN_POINT('',(24.990000000001,8.20375681610303,-3.16712805135103));
#12330=CARTESIAN_POINT('',(24.990000000001,8.20375681610303,-3.16712805135103));
#12331=CARTESIAN_POINT('',(24.990000000001,8.19597946608055,-3.07906770881527));
#12332=CARTESIAN_POINT('',(24.990000000001,8.19597946608055,-3.07906770881527));
#12333=CARTESIAN_POINT('',(24.990000000001,8.17264326818977,-2.9971504362511));
#12334=CARTESIAN_POINT('',(24.990000000001,8.17264326818977,-2.9971504362511));
#12335=CARTESIAN_POINT('',(24.990000000001,8.13374822207416,-2.92142186010096));
#12336=CARTESIAN_POINT('',(24.990000000001,8.13374822207416,-2.92142186010096));
#12337=CARTESIAN_POINT('',(24.990000000001,8.08076269154835,-2.85323420291388));
#12338=CARTESIAN_POINT('',(24.990000000001,8.08076269154835,-2.85323420291388));
#12339=CARTESIAN_POINT('',(24.990000000001,8.01512600492415,-2.79387746700741));
#12340=CARTESIAN_POINT('',(24.990000000001,8.01512600492415,-2.79387746700741));
#12341=CARTESIAN_POINT('',(24.990000000001,7.93678838722544,-2.74330602594273));
#12342=CARTESIAN_POINT('',(24.990000000001,7.93678838722544,-2.74330602594273));
#12343=CARTESIAN_POINT('',(24.990000000001,7.86537364784808,-2.70995260116979));
#12344=CARTESIAN_POINT('',(24.990000000001,7.86537364784808,-2.70995260116979));
#12345=CARTESIAN_POINT('',(24.990000000001,7.79183517358106,-2.68652100079635));
#12346=CARTESIAN_POINT('',(24.990000000001,7.79183517358106,-2.68652100079635));
#12347=CARTESIAN_POINT('',(24.990000000001,7.71613148509632,-2.67300292951768));
#12348=CARTESIAN_POINT('',(24.990000000001,7.71613148509632,-2.67300292951768));
#12349=CARTESIAN_POINT('',(24.990000000001,7.61067891401845,-2.67313566279336));
#12350=CARTESIAN_POINT('',(24.990000000001,7.61067891401845,-2.67313566279336));
#12351=CARTESIAN_POINT('',(24.990000000001,7.52326564726527,-2.69895646496661));
#12352=CARTESIAN_POINT('',(24.990000000001,7.52326564726527,-2.69895646496661));
#12353=CARTESIAN_POINT('',(24.990000000001,7.45394560763807,-2.75037822955346));
#12354=CARTESIAN_POINT('',(24.990000000001,7.45394560763807,-2.75037822955346));
#12355=CARTESIAN_POINT('',(24.990000000001,7.41720333225967,-2.80602257696046));
#12356=CARTESIAN_POINT('',(24.990000000001,7.41720333225967,-2.80602257696046));
#12357=CARTESIAN_POINT('',(24.990000000001,7.39515713704386,-2.87839963364968));
#12358=CARTESIAN_POINT('',(24.990000000001,7.39515713704386,-2.87839963364968));
#12359=CARTESIAN_POINT('',(24.990000000001,0.,0.));
#12360=CARTESIAN_POINT('',(24.990000000001,7.39160236984244,-3.77340048682163));
#12361=CARTESIAN_POINT('',(24.990000000001,7.3878070230493,-3.83776790989941));
#12362=CARTESIAN_POINT('',(24.990000000001,7.39160236984244,-3.77340048682163));
#12363=CARTESIAN_POINT('',(24.990000000001,7.3878070230493,-3.83776790989941));
#12364=CARTESIAN_POINT('',(24.990000000001,7.3960199043976,-3.92988491795768));
#12365=CARTESIAN_POINT('',(24.990000000001,7.3960199043976,-3.92988491795768));
#12366=CARTESIAN_POINT('',(24.990000000001,7.42068343716883,-4.00934662208601));
#12367=CARTESIAN_POINT('',(24.990000000001,7.42068343716883,-4.00934662208601));
#12368=CARTESIAN_POINT('',(24.990000000001,7.46185154346167,-4.07622768494184));
#12369=CARTESIAN_POINT('',(24.990000000001,7.46185154346167,-4.07622768494184));
#12370=CARTESIAN_POINT('',(24.990000000001,7.51450938827329,-4.12801861421758));
#12371=CARTESIAN_POINT('',(24.990000000001,7.51450938827329,-4.12801861421758));
#12372=CARTESIAN_POINT('',(24.990000000001,7.57398641361933,-4.16220162337777));
#12373=CARTESIAN_POINT('',(24.990000000001,7.57398641361933,-4.16220162337777));
#12374=CARTESIAN_POINT('',(24.990000000001,7.6402452880051,-4.1787642678828));
#12375=CARTESIAN_POINT('',(24.990000000001,7.6402452880051,-4.1787642678828));
#12376=CARTESIAN_POINT('',(24.990000000001,7.69309808525568,-4.17846976584042));
#12377=CARTESIAN_POINT('',(24.990000000001,7.69309808525568,-4.17846976584042));
#12378=CARTESIAN_POINT('',(24.990000000001,7.73921466026732,-4.16509687131838));
#12379=CARTESIAN_POINT('',(24.990000000001,7.73921466026732,-4.16509687131838));
#12380=CARTESIAN_POINT('',(24.990000000001,7.77859501304047,-4.13867462087364));
#12381=CARTESIAN_POINT('',(24.990000000001,7.77859501304047,-4.13867462087364));
#12382=CARTESIAN_POINT('',(24.990000000001,7.80544035133507,-4.10588531287613));
#12383=CARTESIAN_POINT('',(24.990000000001,7.80544035133507,-4.10588531287613));
#12384=CARTESIAN_POINT('',(24.990000000001,7.83713460838853,-4.05163051915952));
#12385=CARTESIAN_POINT('',(24.990000000001,7.83713460838853,-4.05163051915952));
#12386=CARTESIAN_POINT('',(24.990000000001,7.87376903815757,-3.9758272803665));
#12387=CARTESIAN_POINT('',(24.990000000001,7.87376903815757,-3.9758272803665));
#12388=CARTESIAN_POINT('',(24.990000000001,7.89815051201085,-3.92538857293039));
#12389=CARTESIAN_POINT('',(24.990000000001,7.89815051201085,-3.92538857293039));
#12390=CARTESIAN_POINT('',(24.990000000001,7.91877811839586,-3.88878317865601));
#12391=CARTESIAN_POINT('',(24.990000000001,7.91877811839586,-3.88878317865601));
#12392=CARTESIAN_POINT('',(24.990000000001,7.93569333628548,-3.8660525768646));
#12393=CARTESIAN_POINT('',(24.990000000001,7.93569333628548,-3.8660525768646));
#12394=CARTESIAN_POINT('',(24.990000000001,7.95172919516053,-3.85314010169168));
#12395=CARTESIAN_POINT('',(24.990000000001,7.95172919516053,-3.85314010169168));
#12396=CARTESIAN_POINT('',(24.990000000001,7.97041557491039,-3.84640387945183));
#12397=CARTESIAN_POINT('',(24.990000000001,7.97041557491039,-3.84640387945183));
#12398=CARTESIAN_POINT('',(24.990000000001,7.99172344004173,-3.84583561449472));
#12399=CARTESIAN_POINT('',(24.990000000001,7.99172344004173,-3.84583561449472));
#12400=CARTESIAN_POINT('',(24.990000000001,8.01439182301911,-3.85154730025715));
#12401=CARTESIAN_POINT('',(24.990000000001,8.01439182301911,-3.85154730025715));
#12402=CARTESIAN_POINT('',(24.990000000001,8.03428109967345,-3.86336057666631));
#12403=CARTESIAN_POINT('',(24.990000000001,8.03428109967345,-3.86336057666631));
#12404=CARTESIAN_POINT('',(24.990000000001,8.05144104462889,-3.8813210705157));
#12405=CARTESIAN_POINT('',(24.990000000001,8.05144104462889,-3.8813210705157));
#12406=CARTESIAN_POINT('',(24.990000000001,8.06460239504886,-3.90622518217424));
#12407=CARTESIAN_POINT('',(24.990000000001,8.06460239504886,-3.90622518217424));
#12408=CARTESIAN_POINT('',(24.990000000001,8.07250418269396,-3.93916381510644));
#12409=CARTESIAN_POINT('',(24.990000000001,8.07250418269396,-3.93916381510644));
#12410=CARTESIAN_POINT('',(24.990000000001,8.07513811190884,-3.98005401101364));
#12411=CARTESIAN_POINT('',(24.990000000001,8.07513811190884,-3.98005401101364));
#12412=CARTESIAN_POINT('',(24.990000000001,8.0717741486159,-4.02151661970493));
#12413=CARTESIAN_POINT('',(24.990000000001,8.0717741486159,-4.02151661970493));
#12414=CARTESIAN_POINT('',(24.990000000001,8.0617195905892,-4.05479953001122));
#12415=CARTESIAN_POINT('',(24.990000000001,8.0617195905892,-4.05479953001122));
#12416=CARTESIAN_POINT('',(24.990000000001,8.04500762079342,-4.07994836908983));
#12417=CARTESIAN_POINT('',(24.990000000001,8.04500762079342,-4.07994836908983));
#12418=CARTESIAN_POINT('',(24.990000000001,8.0219991082653,-4.0974816269154));
#12419=CARTESIAN_POINT('',(24.990000000001,8.0219991082653,-4.0974816269154));
#12420=CARTESIAN_POINT('',(24.990000000001,7.99306321804843,-4.10790949816146));
#12421=CARTESIAN_POINT('',(24.990000000001,7.99306321804843,-4.10790949816146));
#12422=CARTESIAN_POINT('',(24.990000000001,7.95829535262456,-4.11126931327453));
#12423=CARTESIAN_POINT('',(24.990000000001,7.95829535262456,-4.11126931327453));
#12424=CARTESIAN_POINT('',(24.990000000001,7.96526800592474,-4.26766663793387));
#12425=CARTESIAN_POINT('',(24.990000000001,7.96526800592474,-4.26766663793387));
#12426=CARTESIAN_POINT('',(24.990000000001,8.03265096709438,-4.2624361110029));
#12427=CARTESIAN_POINT('',(24.990000000001,8.03265096709438,-4.2624361110029));
#12428=CARTESIAN_POINT('',(24.990000000001,8.09043564105368,-4.24094988509023));
#12429=CARTESIAN_POINT('',(24.990000000001,8.09043564105368,-4.24094988509023));
#12430=CARTESIAN_POINT('',(24.990000000001,8.13871328210089,-4.20321210872862));
#12431=CARTESIAN_POINT('',(24.990000000001,8.13871328210089,-4.20321210872862));
#12432=CARTESIAN_POINT('',(24.990000000001,8.1748458135502,-4.14952557961624));
#12433=CARTESIAN_POINT('',(24.990000000001,8.1748458135502,-4.14952557961624));
#12434=CARTESIAN_POINT('',(24.990000000001,8.19652699155122,-4.08028020263373));
#12435=CARTESIAN_POINT('',(24.990000000001,8.19652699155122,-4.08028020263373));
#12436=CARTESIAN_POINT('',(24.990000000001,8.20375681610303,-3.99547182959941));
#12437=CARTESIAN_POINT('',(24.990000000001,8.20375681610303,-3.99547182959941));
#12438=CARTESIAN_POINT('',(24.990000000001,8.19646892091978,-3.91070078806661));
#12439=CARTESIAN_POINT('',(24.990000000001,8.19646892091978,-3.91070078806661));
#12440=CARTESIAN_POINT('',(24.990000000001,8.17460108648438,-3.83863482543529));
#12441=CARTESIAN_POINT('',(24.990000000001,8.17460108648438,-3.83863482543529));
#12442=CARTESIAN_POINT('',(24.990000000001,8.13815746097671,-3.77927394170547));
#12443=CARTESIAN_POINT('',(24.990000000001,8.13815746097671,-3.77927394170547));
#12444=CARTESIAN_POINT('',(24.990000000001,8.09055178266945,-3.73385836527814));
#12445=CARTESIAN_POINT('',(24.990000000001,8.09055178266945,-3.73385836527814));
#12446=CARTESIAN_POINT('',(24.990000000001,8.03547155274364,-3.70365321151985));
#12447=CARTESIAN_POINT('',(24.990000000001,8.03547155274364,-3.70365321151985));
#12448=CARTESIAN_POINT('',(24.990000000001,7.97279648105259,-3.68865848077985));
#12449=CARTESIAN_POINT('',(24.990000000001,7.97279648105259,-3.68865848077985));
#12450=CARTESIAN_POINT('',(24.990000000001,7.93640263052512,-3.68730211076036));
#12451=CARTESIAN_POINT('',(24.990000000001,7.93640263052512,-3.68730211076036));
#12452=CARTESIAN_POINT('',(24.990000000001,7.90323586183231,-3.69169061017601));
#12453=CARTESIAN_POINT('',(24.990000000001,7.90323586183231,-3.69169061017601));
#12454=CARTESIAN_POINT('',(24.990000000001,7.87321321668142,-3.70181983084694));
#12455=CARTESIAN_POINT('',(24.990000000001,7.87321321668142,-3.70181983084694));
#12456=CARTESIAN_POINT('',(24.990000000001,7.84669141592522,-3.71705099335304));
#12457=CARTESIAN_POINT('',(24.990000000001,7.84669141592522,-3.71705099335304));
#12458=CARTESIAN_POINT('',(24.990000000001,7.82367875592254,-3.73667895092876));
#12459=CARTESIAN_POINT('',(24.990000000001,7.82367875592254,-3.73667895092876));
#12460=CARTESIAN_POINT('',(24.990000000001,7.8041337566473,-3.76064148511432));
#12461=CARTESIAN_POINT('',(24.990000000001,7.8041337566473,-3.76064148511432));
#12462=CARTESIAN_POINT('',(24.990000000001,7.78489570359889,-3.79212834589453));
#12463=CARTESIAN_POINT('',(24.990000000001,7.78489570359889,-3.79212834589453));
#12464=CARTESIAN_POINT('',(24.990000000001,7.76274995842769,-3.83430439665608));
#12465=CARTESIAN_POINT('',(24.990000000001,7.76274995842769,-3.83430439665608));
#12466=CARTESIAN_POINT('',(24.990000000001,7.73762185883461,-3.88718622939632));
#12467=CARTESIAN_POINT('',(24.990000000001,7.73762185883461,-3.88718622939632));
#12468=CARTESIAN_POINT('',(24.990000000001,7.7135680706996,-3.93778255777215));
#12469=CARTESIAN_POINT('',(24.990000000001,7.7135680706996,-3.93778255777215));
#12470=CARTESIAN_POINT('',(24.990000000001,7.69437564445243,-3.9730772095354));
#12471=CARTESIAN_POINT('',(24.990000000001,7.69437564445243,-3.9730772095354));
#12472=CARTESIAN_POINT('',(24.990000000001,7.68012339127008,-3.99303700065138));
#12473=CARTESIAN_POINT('',(24.990000000001,7.68012339127008,-3.99303700065138));
#12474=CARTESIAN_POINT('',(24.990000000001,7.66273531055404,-4.0073348809874));
#12475=CARTESIAN_POINT('',(24.990000000001,7.66273531055404,-4.0073348809874));
#12476=CARTESIAN_POINT('',(24.990000000001,7.64294143603174,-4.01486335576192));
#12477=CARTESIAN_POINT('',(24.990000000001,7.64294143603174,-4.01486335576192));
#12478=CARTESIAN_POINT('',(24.990000000001,7.62077909955124,-4.0156390169941));
#12479=CARTESIAN_POINT('',(24.990000000001,7.62077909955124,-4.0156390169941));
#12480=CARTESIAN_POINT('',(24.990000000001,7.59523620776681,-4.00882398428439));
#12481=CARTESIAN_POINT('',(24.990000000001,7.59523620776681,-4.00882398428439));
#12482=CARTESIAN_POINT('',(24.990000000001,7.57227332274479,-3.99438092684068));
#12483=CARTESIAN_POINT('',(24.990000000001,7.57227332274479,-3.99438092684068));
#12484=CARTESIAN_POINT('',(24.990000000001,7.55187799959176,-3.97234717545507));
#12485=CARTESIAN_POINT('',(24.990000000001,7.55187799959176,-3.97234717545507));
#12486=CARTESIAN_POINT('',(24.990000000001,7.53608272030979,-3.94198440075343));
#12487=CARTESIAN_POINT('',(24.990000000001,7.53608272030979,-3.94198440075343));
#12488=CARTESIAN_POINT('',(24.990000000001,7.52657568739951,-3.90252523751042));
#12489=CARTESIAN_POINT('',(24.990000000001,7.52657568739951,-3.90252523751042));
#12490=CARTESIAN_POINT('',(24.990000000001,7.52339838089383,-3.85396968572422));
#12491=CARTESIAN_POINT('',(24.990000000001,7.52339838089383,-3.85396968572422));
#12492=CARTESIAN_POINT('',(24.990000000001,7.5280606428677,-3.7973588731802));
#12493=CARTESIAN_POINT('',(24.990000000001,7.5280606428677,-3.7973588731802));
#12494=CARTESIAN_POINT('',(24.990000000001,7.54206816898513,-3.75509986377074));
#12495=CARTESIAN_POINT('',(24.990000000001,7.54206816898513,-3.75509986377074));
#12496=CARTESIAN_POINT('',(24.990000000001,7.56546658568768,-3.72727976398164));
#12497=CARTESIAN_POINT('',(24.990000000001,7.56546658568768,-3.72727976398164));
#12498=CARTESIAN_POINT('',(24.990000000001,7.5879400165767,-3.71717543097475));
#12499=CARTESIAN_POINT('',(24.990000000001,7.5879400165767,-3.71717543097475));
#12500=CARTESIAN_POINT('',(24.990000000001,7.62114826424013,-3.71247168967602));
#12501=CARTESIAN_POINT('',(24.990000000001,7.62114826424013,-3.71247168967602));
#12502=CARTESIAN_POINT('',(24.990000000001,7.66504985005886,-3.71320172339983));
#12503=CARTESIAN_POINT('',(24.990000000001,7.66504985005886,-3.71320172339983));
#12504=CARTESIAN_POINT('',(24.990000000001,7.65696555380637,-3.557783307715));
#12505=CARTESIAN_POINT('',(24.990000000001,7.65696555380637,-3.557783307715));
#12506=CARTESIAN_POINT('',(24.990000000001,7.60617427298566,-3.55432809046943));
#12507=CARTESIAN_POINT('',(24.990000000001,7.60617427298566,-3.55432809046943));
#12508=CARTESIAN_POINT('',(24.990000000001,7.5595475040026,-3.55864607506737));
#12509=CARTESIAN_POINT('',(24.990000000001,7.5595475040026,-3.55864607506737));
#12510=CARTESIAN_POINT('',(24.990000000001,7.51696495670685,-3.57067089522388));
#12511=CARTESIAN_POINT('',(24.990000000001,7.51696495670685,-3.57067089522388));
#12512=CARTESIAN_POINT('',(24.990000000001,7.47935576579394,-3.59177551261382));
#12513=CARTESIAN_POINT('',(24.990000000001,7.47935576579393,-3.59177551261382));
#12514=CARTESIAN_POINT('',(24.990000000001,7.44770298806397,-3.62334947987256));
#12515=CARTESIAN_POINT('',(24.990000000001,7.44770298806398,-3.62334947987256));
#12516=CARTESIAN_POINT('',(24.990000000001,7.42197344019805,-3.6653679096853));
#12517=CARTESIAN_POINT('',(24.990000000001,7.42197344019805,-3.6653679096853));
#12518=CARTESIAN_POINT('',(24.990000000001,7.40298841022232,-3.71592275909279));
#12519=CARTESIAN_POINT('',(24.990000000001,7.40298841022232,-3.71592275909279));
#12520=CARTESIAN_POINT('',(24.990000000001,0.,0.));
#12521=CARTESIAN_POINT('',(22.5,0.8,-3.1));
#12522=CARTESIAN_POINT('',(22.9954683775546,0.8,-3.16716462494054));
#12523=CARTESIAN_POINT('',(22.9580372589369,0.8,-2.89949596157281));
#12524=CARTESIAN_POINT('',(22.9594390631817,0.8,-3.12513077153679));
#12525=CARTESIAN_POINT('',(23.0499999999947,0.8,-3.2307843263812));
#12526=CARTESIAN_POINT('',(23.0499999999947,0.8,-3.2307843263812));
#12527=CARTESIAN_POINT('',(23.0499999999947,0.8,-2.45500849484716));
#12528=CARTESIAN_POINT('',(23.050000000001,0.8,-2.45500849484716));
#12529=CARTESIAN_POINT('',(22.989999999976,0.8,-3.099268908667));
#12530=CARTESIAN_POINT('',(23.0142745341648,1.19825687385585,-2.62768192349172));
#12531=CARTESIAN_POINT('',(22.9963879194416,1.12660481807163,-2.71413406676882));
#12532=CARTESIAN_POINT('',(22.9779792388794,1.05692007590146,-2.80310953329107));
#12533=CARTESIAN_POINT('',(22.9580372589369,1.,-2.8994959615728));
#12534=CARTESIAN_POINT('',(22.9580372589369,1.,-2.8994959615728));
#12535=CARTESIAN_POINT('',(22.9580372589369,-3.9,-2.8994959615728));
#12536=CARTESIAN_POINT('',(23.050000000001,1.2,-2.45500849484715));
#12537=CARTESIAN_POINT('',(22.9510369750261,1.2,-2.933330734502));
#12538=CARTESIAN_POINT('',(22.9954683775546,-3.9,-3.16716462494054));
#12539=CARTESIAN_POINT('',(22.9954683775546,1.,-3.16716462494054));
#12540=CARTESIAN_POINT('',(22.9954683775546,1.,-3.16716462494054));
#12541=CARTESIAN_POINT('',(23.0139358263263,1.02119422152064,-3.18870980413476));
#12542=CARTESIAN_POINT('',(23.0320781513806,1.04306310037313,-3.20987567545398));
#12543=CARTESIAN_POINT('',(23.0499999999947,1.06533577634991,-3.2307843263812));
#12544=CARTESIAN_POINT('',(23.0499999999947,1.06533577634991,-3.2307843263812));
#12545=CARTESIAN_POINT('',(23.0499999999947,1.2,-3.2307843263812));
#12546=CARTESIAN_POINT('',(23.0499999999947,1.2,-3.2307843263812));
#12547=CARTESIAN_POINT('',(22.0419627410667,-3.9,-2.8994959615646));
#12548=CARTESIAN_POINT('',(22.0419627410667,0.8,-2.89949596156458));
#12549=CARTESIAN_POINT('',(22.0419627410667,1.,-2.8994959615646));
#12550=CARTESIAN_POINT('',(22.0419627410667,1.,-2.8994959615646));
#12551=CARTESIAN_POINT('',(22.0220207611245,1.05692007590205,-2.8031095332843));
#12552=CARTESIAN_POINT('',(22.0036120805625,1.12660481807195,-2.71413406676315));
#12553=CARTESIAN_POINT('',(21.9857254658395,1.19825687385585,-2.62768192348701));
#12554=CARTESIAN_POINT('',(21.950000000001,1.2,-2.45500849483106));
#12555=CARTESIAN_POINT('',(21.950000000001,0.8,-2.45500849483106));
#12556=CARTESIAN_POINT('',(22.0489630249792,0.8,-2.933330734502));
#12557=CARTESIAN_POINT('',(21.950000000001,1.2,-2.45500849483106));
#12558=CARTESIAN_POINT('',(22.5,0.8,-3.1));
#12559=CARTESIAN_POINT('',(22.0045316224457,0.8,-3.16716462494256));
#12560=CARTESIAN_POINT('',(21.950000000001,0.8,-2.45500849483106));
#12561=CARTESIAN_POINT('',(21.950000000001,0.8,-3.23078432638855));
#12562=CARTESIAN_POINT('',(21.950000000001,0.8,-3.23078432638855));
#12563=CARTESIAN_POINT('',(22.010000000026,0.8,-3.099268908667));
#12564=CARTESIAN_POINT('',(21.950000000001,1.2,-3.23078432638855));
#12565=CARTESIAN_POINT('',(21.950000000001,1.06533577635579,-3.23078432638855));
#12566=CARTESIAN_POINT('',(21.950000000001,1.06533577635579,-3.23078432638855));
#12567=CARTESIAN_POINT('',(21.9679218486166,1.04306310037698,-3.2098756754596));
#12568=CARTESIAN_POINT('',(21.9860641736724,1.02119422152251,-3.18870980413861));
#12569=CARTESIAN_POINT('',(22.0045316224457,1.,-3.16716462494256));
#12570=CARTESIAN_POINT('',(22.0045316224457,1.,-3.16716462494256));
#12571=CARTESIAN_POINT('',(22.0045316224457,-3.9,-3.16716462494256));
#12572=CARTESIAN_POINT('',(22.0405609368203,1.2,-3.12513077153679));
#12573=CARTESIAN_POINT('',(22.500000000001,10.05,-3.4));
#12574=CARTESIAN_POINT('',(22.500000000001,10.05,-5.165));
#12575=CARTESIAN_POINT('',(22.500000000001,9.55,-3.4));
#12576=CARTESIAN_POINT('',(24.990000000001,7.39424459471038,-4.75557402785853));
#12577=CARTESIAN_POINT('',(24.990000000001,7.38725120157315,-4.67303456717855));
#12578=CARTESIAN_POINT('',(24.990000000001,7.38725120157315,-4.67303456717855));
#12579=CARTESIAN_POINT('',(24.990000000001,7.4152372179582,-4.83383283508556));
#12580=CARTESIAN_POINT('',(24.990000000001,7.39424459471038,-4.75557402785853));
#12581=CARTESIAN_POINT('',(24.990000000001,7.45027055064056,-4.90786905949426));
#12582=CARTESIAN_POINT('',(24.990000000001,7.4152372179582,-4.83383283508556));
#12583=CARTESIAN_POINT('',(24.990000000001,7.49816243533942,-4.97560459369197));
#12584=CARTESIAN_POINT('',(24.990000000001,7.45027055064056,-4.90786905949426));
#12585=CARTESIAN_POINT('',(24.990000000001,7.55805840070743,-5.0353719736122));
#12586=CARTESIAN_POINT('',(24.990000000001,7.49816243533942,-4.97560459369197));
#12587=CARTESIAN_POINT('',(24.990000000001,7.62995429856519,-5.08715875506096));
#12588=CARTESIAN_POINT('',(24.990000000001,7.55805840070743,-5.0353719736122));
#12589=CARTESIAN_POINT('',(24.990000000001,7.70873574359657,-5.12851766596941));
#12590=CARTESIAN_POINT('',(24.990000000001,7.62995429856519,-5.08715875506096));
#12591=CARTESIAN_POINT('',(24.990000000001,7.78930494250235,-5.15700558067329));
#12592=CARTESIAN_POINT('',(24.990000000001,7.70873574359657,-5.12851766596941));
#12593=CARTESIAN_POINT('',(24.990000000001,7.87174485322466,-5.17268057051115));
#12594=CARTESIAN_POINT('',(24.990000000001,7.78930494250235,-5.15700558067329));
#12595=CARTESIAN_POINT('',(24.990000000001,7.96519334363247,-5.17308291852169));
#12596=CARTESIAN_POINT('',(24.990000000001,7.87174485322466,-5.17268057051115));
#12597=CARTESIAN_POINT('',(24.990000000001,8.04557173792355,-5.15199074531483));
#12598=CARTESIAN_POINT('',(24.990000000001,7.96519334363247,-5.17308291852169));
#12599=CARTESIAN_POINT('',(24.990000000001,8.11279707779968,-5.10930450023443));
#12600=CARTESIAN_POINT('',(24.990000000001,8.04557173792355,-5.15199074531483));
#12601=CARTESIAN_POINT('',(24.990000000001,8.1633270395404,-5.04859554249197));
#12602=CARTESIAN_POINT('',(24.990000000001,8.11279707779968,-5.10930450023443));
#12603=CARTESIAN_POINT('',(24.990000000001,8.19364833526915,-4.97314902525977));
#12604=CARTESIAN_POINT('',(24.990000000001,8.1633270395404,-5.04859554249197));
#12605=CARTESIAN_POINT('',(24.990000000001,8.20375681610303,-4.88296494783572));
#12606=CARTESIAN_POINT('',(24.990000000001,8.19364833526915,-4.97314902525977));
#12607=CARTESIAN_POINT('',(24.990000000001,8.19884153105513,-4.81216410091656));
#12608=CARTESIAN_POINT('',(24.990000000001,8.20375681610303,-4.88296494783572));
#12609=CARTESIAN_POINT('',(24.990000000001,8.18405004805609,-4.74556509662943));
#12610=CARTESIAN_POINT('',(24.990000000001,8.19884153105513,-4.81216410091656));
#12611=CARTESIAN_POINT('',(24.990000000001,8.15928696568144,-4.68308082919975));
#12612=CARTESIAN_POINT('',(24.990000000001,8.18405004805609,-4.74556509662943));
#12613=CARTESIAN_POINT('',(24.990000000001,8.12616167631486,-4.62562798878571));
#12614=CARTESIAN_POINT('',(24.990000000001,8.15928696568144,-4.68308082919975));
#12615=CARTESIAN_POINT('',(24.990000000001,8.08592270401359,-4.5738453551603));
#12616=CARTESIAN_POINT('',(24.990000000001,8.12616167631486,-4.62562798878571));
#12617=CARTESIAN_POINT('',(24.990000000001,8.03857419695842,-4.52779514713984));
#12618=CARTESIAN_POINT('',(24.990000000001,8.08592270401359,-4.5738453551603));
#12619=CARTESIAN_POINT('',(24.990000000001,7.98448531948443,-4.48748566002177));
#12620=CARTESIAN_POINT('',(24.990000000001,8.03857419695842,-4.52779514713984));
#12621=CARTESIAN_POINT('',(24.990000000001,7.92436121870915,-4.45291274668489));
#12622=CARTESIAN_POINT('',(24.990000000001,7.98448531948443,-4.48748566002178));
#12623=CARTESIAN_POINT('',(24.990000000001,7.85815626713147,-4.42411373792493));
#12624=CARTESIAN_POINT('',(24.990000000001,7.92436121870915,-4.45291274668489));
#12625=CARTESIAN_POINT('',(24.990000000001,7.80733180299139,-4.40677128436073));
#12626=CARTESIAN_POINT('',(24.990000000001,7.85815626713147,-4.42411373792493));
#12627=CARTESIAN_POINT('',(24.990000000001,7.7581913942362,-4.39423626988173));
#12628=CARTESIAN_POINT('',(24.990000000001,7.80733180299139,-4.40677128436073));
#12629=CARTESIAN_POINT('',(24.990000000001,7.71080555568178,-4.38658335748187));
#12630=CARTESIAN_POINT('',(24.990000000001,7.7581913942362,-4.39423626988173));
#12631=CARTESIAN_POINT('',(24.990000000001,7.66064475898238,-4.38448865773171));
#12632=CARTESIAN_POINT('',(24.990000000001,7.71080555568178,-4.38658335748187));
#12633=CARTESIAN_POINT('',(24.990000000001,7.61085312662171,-4.38937490764147));
#12634=CARTESIAN_POINT('',(24.990000000001,7.66064475898238,-4.38448865773171));
#12635=CARTESIAN_POINT('',(24.990000000001,7.56143480748133,-4.40120062752794));
#12636=CARTESIAN_POINT('',(24.990000000001,7.61085312662171,-4.38937490764147));
#12637=CARTESIAN_POINT('',(24.990000000001,7.5146918965278,-4.42172868395573));
#12638=CARTESIAN_POINT('',(24.990000000001,7.56143480748133,-4.40120062752794));
#12639=CARTESIAN_POINT('',(24.990000000001,7.47330395047984,-4.45244403168908));
#12640=CARTESIAN_POINT('',(24.990000000001,7.5146918965278,-4.42172868395573));
#12641=CARTESIAN_POINT('',(24.990000000001,7.43722534218969,-4.49338400257329));
#12642=CARTESIAN_POINT('',(24.990000000001,7.47330395047984,-4.45244403168908));
#12643=CARTESIAN_POINT('',(24.990000000001,7.40949234887594,-4.54419602287817));
#12644=CARTESIAN_POINT('',(24.990000000001,7.43722534218969,-4.49338400257329));
#12645=CARTESIAN_POINT('',(24.990000000001,7.3928218580535,-4.60407539658991));
#12646=CARTESIAN_POINT('',(24.990000000001,7.40949234887594,-4.54419602287817));
#12647=CARTESIAN_POINT('',(24.990000000001,7.3928218580535,-4.60407539658991));
#12648=CARTESIAN_POINT('',(24.990000000001,9.36005439288729,-4.30573002723577));
#12649=CARTESIAN_POINT('',(24.990000000001,8.56398958638456,-4.30573002723577));
#12650=CARTESIAN_POINT('',(24.990000000001,8.56398958638456,-4.30573002723577));
#12651=CARTESIAN_POINT('',(24.990000000001,10.15611919939,-3.50922943683872));
#12652=CARTESIAN_POINT('',(24.990000000001,9.36005439288729,-4.30573002723577));
#12653=CARTESIAN_POINT('',(24.990000000001,9.36005439288729,-2.71360041423031));
#12654=CARTESIAN_POINT('',(24.990000000001,10.15611919939,-3.50922943683872));
#12655=CARTESIAN_POINT('',(24.990000000001,8.56398958638456,-2.71360041423031));
#12656=CARTESIAN_POINT('',(24.990000000001,9.36005439288729,-2.71360041423031));
#12657=CARTESIAN_POINT('',(24.990000000001,8.56398958638456,-2.71360041423031));
#12658=CARTESIAN_POINT('',(24.400000000001,7.1,-5.817584264999));
#12659=CARTESIAN_POINT('',(24.400000000001,7.1,-5.94584036185019));
#12660=CARTESIAN_POINT('',(24.400000000001,7.1,-6.85415963914973));
#12661=CARTESIAN_POINT('',(24.500000000001,7.1,-6.85415963914973));
#12662=CARTESIAN_POINT('',(24.5374606593426,7.1,-6.94687802460641));
#12663=CARTESIAN_POINT('',(24.400000000001,7.1,-7.002415736001));
#12664=CARTESIAN_POINT('',(25.000000000001,7.1,-6.0400000005));
#12665=CARTESIAN_POINT('',(24.5374606593426,7.1,-5.85312197639351));
#12666=CARTESIAN_POINT('',(24.500000000001,7.1,-5.94584036185019));
#12667=CARTESIAN_POINT('',(10.000000000001,7.1,0.));
#12668=CARTESIAN_POINT('',(24.990000000001,7.40250725139131,-1.2768835610259));
#12669=CARTESIAN_POINT('',(24.990000000001,7.40121724836345,-1.21278990085557));
#12670=CARTESIAN_POINT('',(24.990000000001,7.40121724836345,-1.21278990085557));
#12671=CARTESIAN_POINT('',(24.990000000001,7.40641044414806,-1.32918053679896));
#12672=CARTESIAN_POINT('',(24.990000000001,7.40250725139131,-1.2768835610259));
#12673=CARTESIAN_POINT('',(24.990000000001,7.4129724537851,-1.36972230715037));
#12674=CARTESIAN_POINT('',(24.990000000001,7.40641044414806,-1.32918053679896));
#12675=CARTESIAN_POINT('',(24.990000000001,7.43006603210315,-1.42753186877417));
#12676=CARTESIAN_POINT('',(24.990000000001,7.4129724537851,-1.36972230715037));
#12677=CARTESIAN_POINT('',(24.990000000001,7.4523445105523,-1.47865498313695));
#12678=CARTESIAN_POINT('',(24.990000000001,7.43006603210315,-1.42753186877417));
#12679=CARTESIAN_POINT('',(24.990000000001,7.47984522063134,-1.52305017126855));
#12680=CARTESIAN_POINT('',(24.990000000001,7.4523445105523,-1.47865498313695));
#12681=CARTESIAN_POINT('',(24.990000000001,7.52310387849584,-1.574289427248));
#12682=CARTESIAN_POINT('',(24.990000000001,7.47984522063134,-1.52305017126855));
#12683=CARTESIAN_POINT('',(24.990000000001,7.57538426261081,-1.62094937990332));
#12684=CARTESIAN_POINT('',(24.990000000001,7.52310387849584,-1.574289427248));
#12685=CARTESIAN_POINT('',(24.990000000001,7.63676518309503,-1.66306736002662));
#12686=CARTESIAN_POINT('',(24.990000000001,7.57538426261081,-1.62094937990332));
#12687=CARTESIAN_POINT('',(24.990000000001,7.7057699808378,-1.69774397150104));
#12688=CARTESIAN_POINT('',(24.990000000001,7.63676518309503,-1.66306736002662));
#12689=CARTESIAN_POINT('',(24.990000000001,7.78123723790932,-1.72239920791253));
#12690=CARTESIAN_POINT('',(24.990000000001,7.7057699808378,-1.69774397150104));
#12691=CARTESIAN_POINT('',(24.990000000001,7.86312132750836,-1.73694596349196));
#12692=CARTESIAN_POINT('',(24.990000000001,7.78123723790932,-1.72239920791253));
#12693=CARTESIAN_POINT('',(24.990000000001,7.90153106696371,-1.73982462012646));
#12694=CARTESIAN_POINT('',(24.990000000001,7.86312132750836,-1.73694596349196));
#12695=CARTESIAN_POINT('',(24.990000000001,7.93781707117514,-1.73968359084392));
#12696=CARTESIAN_POINT('',(24.990000000001,7.90153106696371,-1.73982462012646));
#12697=CARTESIAN_POINT('',(24.990000000001,7.972062299148,-1.73658509445522));
#12698=CARTESIAN_POINT('',(24.990000000001,7.93781707117514,-1.73968359084392));
#12699=CARTESIAN_POINT('',(24.990000000001,8.00398883943572,-1.73070334391741));
#12700=CARTESIAN_POINT('',(24.990000000001,7.972062299148,-1.73658509445522));
#12701=CARTESIAN_POINT('',(24.990000000001,8.03329804252271,-1.72220425582418));
#12702=CARTESIAN_POINT('',(24.990000000001,8.00398883943572,-1.73070334391741));
#12703=CARTESIAN_POINT('',(24.990000000001,8.06006457034519,-1.7110961258295));
#12704=CARTESIAN_POINT('',(24.990000000001,8.03329804252271,-1.72220425582418));
#12705=CARTESIAN_POINT('',(24.990000000001,8.08433405076075,-1.69761953387751));
#12706=CARTESIAN_POINT('',(24.990000000001,8.06006457034519,-1.7110961258295));
#12707=CARTESIAN_POINT('',(24.990000000001,8.10611477871853,-1.68194454403783));
#12708=CARTESIAN_POINT('',(24.990000000001,8.08433405076075,-1.69761953387751));
#12709=CARTESIAN_POINT('',(24.990000000001,8.12548556539414,-1.66399649401865));
#12710=CARTESIAN_POINT('',(24.990000000001,8.10611477871853,-1.68194454403783));
#12711=CARTESIAN_POINT('',(24.990000000001,8.14228049348676,-1.64414040068368));
#12712=CARTESIAN_POINT('',(24.990000000001,8.12548556539414,-1.66399649401865));
#12713=CARTESIAN_POINT('',(24.990000000001,8.15633779458212,-1.62241774371068));
#12714=CARTESIAN_POINT('',(24.990000000001,8.14228049348676,-1.64414040068368));
#12715=CARTESIAN_POINT('',(24.990000000001,8.16773213061597,-1.59888659302669));
#12716=CARTESIAN_POINT('',(24.990000000001,8.15633779458212,-1.62241774371068));
#12717=CARTESIAN_POINT('',(24.990000000001,8.17667504639612,-1.57300772022427));
#12718=CARTESIAN_POINT('',(24.990000000001,8.16773213061597,-1.59888659302669));
#12719=CARTESIAN_POINT('',(24.990000000001,8.1832951266646,-1.54457372832621));
#12720=CARTESIAN_POINT('',(24.990000000001,8.17667504639612,-1.57300772022427));
#12721=CARTESIAN_POINT('',(24.990000000001,8.18758822394957,-1.51362609700846));
#12722=CARTESIAN_POINT('',(24.990000000001,8.1832951266646,-1.54457372832621));
#12723=CARTESIAN_POINT('',(24.990000000001,8.18911465839201,-1.49016131331518));
#12724=CARTESIAN_POINT('',(24.990000000001,8.18758822394957,-1.51362609700846));
#12725=CARTESIAN_POINT('',(24.990000000001,8.19002720107746,-1.45236546596789));
#12726=CARTESIAN_POINT('',(24.990000000001,8.18911465839201,-1.49016131331518));
#12727=CARTESIAN_POINT('',(24.990000000001,8.19033414695596,-1.4002136673007));
#12728=CARTESIAN_POINT('',(24.990000000001,8.19002720107746,-1.45236546596789));
#12729=CARTESIAN_POINT('',(24.990000000001,8.19033414695596,-1.18764106142407));
#12730=CARTESIAN_POINT('',(24.990000000001,8.19033414695596,-1.4002136673007));
#12731=CARTESIAN_POINT('',(24.990000000001,7.40121724836345,-0.934617939499731));
#12732=CARTESIAN_POINT('',(24.990000000001,8.19033414695596,-1.18764106142407));
#12733=CARTESIAN_POINT('',(24.990000000001,7.40121724836345,-0.934617939499731));
#12734=CARTESIAN_POINT('',(24.990000000001,7.53313354921047,-2.44824788254482));
#12735=CARTESIAN_POINT('',(24.990000000001,7.40121724836345,-2.40564459576126));
#12736=CARTESIAN_POINT('',(24.990000000001,7.40121724836345,-2.40564459576126));
#12737=CARTESIAN_POINT('',(24.990000000001,7.53313354921047,-1.98911876189595));
#12738=CARTESIAN_POINT('',(24.990000000001,7.53313354921047,-2.44824788254482));
#12739=CARTESIAN_POINT('',(24.990000000001,7.74736947098509,-2.06237932542717));
#12740=CARTESIAN_POINT('',(24.990000000001,7.53313354921047,-1.98911876189595));
#12741=CARTESIAN_POINT('',(24.990000000001,7.74736947098509,-2.47099507599341));
#12742=CARTESIAN_POINT('',(24.990000000001,7.74736947098509,-2.06237932542717));
#12743=CARTESIAN_POINT('',(24.990000000001,7.87928577183256,-2.51306328078499));
#12744=CARTESIAN_POINT('',(24.990000000001,7.74736947098509,-2.47099507599341));
#12745=CARTESIAN_POINT('',(24.990000000001,7.87928577183256,-2.10464248265998));
#12746=CARTESIAN_POINT('',(24.990000000001,7.87928577183256,-2.51306328078499));
#12747=CARTESIAN_POINT('',(24.990000000001,8.05841784610757,-2.16223635235656));
#12748=CARTESIAN_POINT('',(24.990000000001,7.87928577183256,-2.10464248265998));
#12749=CARTESIAN_POINT('',(24.990000000001,8.05841784610757,-2.58480155770121));
#12750=CARTESIAN_POINT('',(24.990000000001,8.05841784610757,-2.16223635235656));
#12751=CARTESIAN_POINT('',(24.990000000001,8.19033414695596,-2.62686976284749));
#12752=CARTESIAN_POINT('',(24.990000000001,8.05841784610757,-2.58480155770121));
#12753=CARTESIAN_POINT('',(24.990000000001,8.19033414695505,-2.04188445266846));
#12754=CARTESIAN_POINT('',(24.990000000001,8.19033414695596,-2.62686976284749));
#12755=CARTESIAN_POINT('',(24.990000000001,7.40121724836345,-1.78923464361287));
#12756=CARTESIAN_POINT('',(24.990000000001,8.19033414695505,-2.04188445266846));
#12757=CARTESIAN_POINT('',(24.990000000001,7.40121724836345,-1.78923464361287));
#12758=CARTESIAN_POINT('',(24.990000000001,8.19033414695596,-6.10317102753106));
#12759=CARTESIAN_POINT('',(24.990000000001,7.40121724836345,-5.85072031839081));
#12760=CARTESIAN_POINT('',(24.990000000001,7.40121724836345,-5.85072031839081));
#12761=CARTESIAN_POINT('',(24.990000000001,8.19033414695505,-5.95250612812379));
#12762=CARTESIAN_POINT('',(24.990000000001,8.19033414695596,-6.10317102753106));
#12763=CARTESIAN_POINT('',(24.990000000001,7.66229148322091,-5.78330832207939));
#12764=CARTESIAN_POINT('',(24.990000000001,8.19033414695505,-5.95250612812379));
#12765=CARTESIAN_POINT('',(24.990000000001,8.19033414695596,-5.62841254419618));
#12766=CARTESIAN_POINT('',(24.990000000001,7.66229148322091,-5.78330832207939));
#12767=CARTESIAN_POINT('',(24.990000000001,8.19033414695596,-5.47664015036571));
#12768=CARTESIAN_POINT('',(24.990000000001,8.19033414695596,-5.62841254419618));
#12769=CARTESIAN_POINT('',(24.990000000001,7.40121724836345,-5.22420188505566));
#12770=CARTESIAN_POINT('',(24.990000000001,8.19033414695596,-5.47664015036571));
#12771=CARTESIAN_POINT('',(24.990000000001,7.40121724836345,-5.37540601392902));
#12772=CARTESIAN_POINT('',(24.990000000001,7.40121724836345,-5.22420188505566));
#12773=CARTESIAN_POINT('',(24.990000000001,7.9314624578109,-5.54520941642841));
#12774=CARTESIAN_POINT('',(24.990000000001,7.40121724836345,-5.37540601392902));
#12775=CARTESIAN_POINT('',(24.990000000001,7.40121724836345,-5.6993212374291));
#12776=CARTESIAN_POINT('',(24.990000000001,7.9314624578109,-5.54520941642841));
#12777=CARTESIAN_POINT('',(24.990000000001,7.40121724836345,-5.6993212374291));
#12778=CARTESIAN_POINT('',(24.990000000001,7.4002424872182,-3.09294250130188));
#12779=CARTESIAN_POINT('',(24.990000000001,7.39092211074321,-3.03031305676268));
#12780=CARTESIAN_POINT('',(24.990000000001,7.39092211074321,-3.03031305676268));
#12781=CARTESIAN_POINT('',(24.990000000001,7.41573496844867,-3.15548483971725));
#12782=CARTESIAN_POINT('',(24.990000000001,7.4002424872182,-3.09294250130188));
#12783=CARTESIAN_POINT('',(24.990000000001,7.43581919719136,-3.21505311936926));
#12784=CARTESIAN_POINT('',(24.990000000001,7.41573496844867,-3.15548483971725));
#12785=CARTESIAN_POINT('',(24.990000000001,7.45860372213783,-3.26866498583695));
#12786=CARTESIAN_POINT('',(24.990000000001,7.43581919719136,-3.21505311936926));
#12787=CARTESIAN_POINT('',(24.990000000001,7.48407609875212,-3.31632458695094));
#12788=CARTESIAN_POINT('',(24.990000000001,7.45860372213783,-3.26866498583695));
#12789=CARTESIAN_POINT('',(24.990000000001,7.82268740276768,-3.42513282531218));
#12790=CARTESIAN_POINT('',(24.990000000001,7.48407609875212,-3.31632458695094));
#12791=CARTESIAN_POINT('',(24.990000000001,7.82268740276768,-3.07198720955421));
#12792=CARTESIAN_POINT('',(24.990000000001,7.82268740276768,-3.42513282531218));
#12793=CARTESIAN_POINT('',(24.990000000001,7.69077110191793,-3.02975723563941));
#12794=CARTESIAN_POINT('',(24.990000000001,7.82268740276768,-3.07198720955421));
#12795=CARTESIAN_POINT('',(24.990000000001,7.69077110191793,-3.23112630939067));
#12796=CARTESIAN_POINT('',(24.990000000001,7.69077110191793,-3.02975723563941));
#12797=CARTESIAN_POINT('',(24.990000000001,7.57355088193881,-3.19382821253385));
#12798=CARTESIAN_POINT('',(24.990000000001,7.69077110191793,-3.23112630939067));
#12799=CARTESIAN_POINT('',(24.990000000001,7.56044345467662,-3.16419961973588));
#12800=CARTESIAN_POINT('',(24.990000000001,7.57355088193881,-3.19382821253384));
#12801=CARTESIAN_POINT('',(24.990000000001,7.54868410142663,-3.13132320561635));
#12802=CARTESIAN_POINT('',(24.990000000001,7.56044345467662,-3.16419961973588));
#12803=CARTESIAN_POINT('',(24.990000000001,7.53827697001762,-3.09525704080806));
#12804=CARTESIAN_POINT('',(24.990000000001,7.54868410142663,-3.13132320561635));
#12805=CARTESIAN_POINT('',(24.990000000001,7.5300143133376,-3.05796309177822));
#12806=CARTESIAN_POINT('',(24.990000000001,7.53827697001761,-3.09525704080806));
#12807=CARTESIAN_POINT('',(24.990000000001,7.52505340078633,-3.02172686254562));
#12808=CARTESIAN_POINT('',(24.990000000001,7.5300143133376,-3.05796309177822));
#12809=CARTESIAN_POINT('',(24.990000000001,7.52339838089383,-2.98649857742203));
#12810=CARTESIAN_POINT('',(24.990000000001,7.52505340078633,-3.02172686254562));
#12811=CARTESIAN_POINT('',(24.990000000001,7.52867038715058,-2.93355037839137));
#12812=CARTESIAN_POINT('',(24.990000000001,7.52339838089383,-2.98649857742203));
#12813=CARTESIAN_POINT('',(24.990000000001,7.54451958959035,-2.89116693136384));
#12814=CARTESIAN_POINT('',(24.990000000001,7.52867038715058,-2.93355037839137));
#12815=CARTESIAN_POINT('',(24.990000000001,7.57098746718921,-2.85931920154326));
#12816=CARTESIAN_POINT('',(24.990000000001,7.54451958959035,-2.89116693136384));
#12817=CARTESIAN_POINT('',(24.990000000001,7.60853029146383,-2.83839294493373));
#12818=CARTESIAN_POINT('',(24.990000000001,7.57098746718921,-2.85931920154326));
#12819=CARTESIAN_POINT('',(24.990000000001,7.65763336907266,-2.82879465807491));
#12820=CARTESIAN_POINT('',(24.990000000001,7.60853029146383,-2.83839294493373));
#12821=CARTESIAN_POINT('',(24.990000000001,7.718334030811,-2.83052848843727));
#12822=CARTESIAN_POINT('',(24.990000000001,7.65763336907266,-2.82879465807491));
#12823=CARTESIAN_POINT('',(24.990000000001,7.78404123189912,-2.84195600814201));
#12824=CARTESIAN_POINT('',(24.990000000001,7.718334030811,-2.83052848843727));
#12825=CARTESIAN_POINT('',(24.990000000001,7.84628077191146,-2.86123968833999));
#12826=CARTESIAN_POINT('',(24.990000000001,7.78404123189912,-2.84195600814201));
#12827=CARTESIAN_POINT('',(24.990000000001,7.90500702369254,-2.88841686053092));
#12828=CARTESIAN_POINT('',(24.990000000001,7.84628077191146,-2.86123968833999));
#12829=CARTESIAN_POINT('',(24.990000000001,7.95713808287192,-2.92215189417766));
#12830=CARTESIAN_POINT('',(24.990000000001,7.90500702369254,-2.88841686053092));
#12831=CARTESIAN_POINT('',(24.990000000001,7.99930583797677,-2.96107597578521));
#12832=CARTESIAN_POINT('',(24.990000000001,7.95713808287192,-2.92215189417766));
#12833=CARTESIAN_POINT('',(24.990000000001,8.03160154330626,-3.00523058432373));
#12834=CARTESIAN_POINT('',(24.990000000001,7.99930583797677,-2.96107597578521));
#12835=CARTESIAN_POINT('',(24.990000000001,8.05425748245116,-3.05301877123929));
#12836=CARTESIAN_POINT('',(24.990000000001,8.03160154330626,-3.00523058432373));
#12837=CARTESIAN_POINT('',(24.990000000001,8.0678502163727,-3.10263204246803));
#12838=CARTESIAN_POINT('',(24.990000000001,8.05425748245116,-3.05301877123929));
#12839=CARTESIAN_POINT('',(24.990000000001,8.07237974507088,-3.15417824502947));
#12840=CARTESIAN_POINT('',(24.990000000001,8.0678502163727,-3.10263204246803));
#12841=CARTESIAN_POINT('',(24.990000000001,8.0686383210822,-3.19603075789564));
#12842=CARTESIAN_POINT('',(24.990000000001,8.07237974507088,-3.15417824502947));
#12843=CARTESIAN_POINT('',(24.990000000001,8.057385013978,-3.2319807810909));
#12844=CARTESIAN_POINT('',(24.990000000001,8.0686383210822,-3.19603075789564));
#12845=CARTESIAN_POINT('',(24.990000000001,8.03857419695842,-3.26210712402644));
#12846=CARTESIAN_POINT('',(24.990000000001,8.057385013978,-3.2319807810909));
#12847=CARTESIAN_POINT('',(24.990000000001,8.0123054192758,-3.28602817888532));
#12848=CARTESIAN_POINT('',(24.990000000001,8.03857419695842,-3.26210712402644));
#12849=CARTESIAN_POINT('',(24.990000000001,7.97873215439622,-3.30370246634629));
#12850=CARTESIAN_POINT('',(24.990000000001,8.0123054192758,-3.28602817888532));
#12851=CARTESIAN_POINT('',(24.990000000001,7.93789588164591,-3.31521294435152));
#12852=CARTESIAN_POINT('',(24.990000000001,7.97873215439622,-3.30370246634629));
#12853=CARTESIAN_POINT('',(24.990000000001,7.95515952509086,-3.46834170819784));
#12854=CARTESIAN_POINT('',(24.990000000001,7.93789588164591,-3.31521294435152));
#12855=CARTESIAN_POINT('',(24.990000000001,8.02975157097526,-3.45246347026477));
#12856=CARTESIAN_POINT('',(24.990000000001,7.95515952509086,-3.46834170819784));
#12857=CARTESIAN_POINT('',(24.990000000001,8.09143528986387,-3.42281828580963));
#12858=CARTESIAN_POINT('',(24.990000000001,8.02975157097526,-3.45246347026477));
#12859=CARTESIAN_POINT('',(24.990000000001,8.14018164591098,-3.37943933815041));
#12860=CARTESIAN_POINT('',(24.990000000001,8.09143528986388,-3.42281828580963));
#12861=CARTESIAN_POINT('',(24.990000000001,8.17552607265034,-3.3222519646406));
#12862=CARTESIAN_POINT('',(24.990000000001,8.14018164591098,-3.37943933815041));
#12863=CARTESIAN_POINT('',(24.990000000001,8.19670535233299,-3.25148015286322));
#12864=CARTESIAN_POINT('',(24.990000000001,8.17552607265034,-3.3222519646406));
#12865=CARTESIAN_POINT('',(24.990000000001,8.20375681610303,-3.16712805135103));
#12866=CARTESIAN_POINT('',(24.990000000001,8.19670535233299,-3.25148015286322));
#12867=CARTESIAN_POINT('',(24.990000000001,8.19597946608055,-3.07906770881527));
#12868=CARTESIAN_POINT('',(24.990000000001,8.20375681610303,-3.16712805135103));
#12869=CARTESIAN_POINT('',(24.990000000001,8.17264326818977,-2.9971504362511));
#12870=CARTESIAN_POINT('',(24.990000000001,8.19597946608055,-3.07906770881527));
#12871=CARTESIAN_POINT('',(24.990000000001,8.13374822207416,-2.92142186010096));
#12872=CARTESIAN_POINT('',(24.990000000001,8.17264326818977,-2.9971504362511));
#12873=CARTESIAN_POINT('',(24.990000000001,8.08076269154835,-2.85323420291388));
#12874=CARTESIAN_POINT('',(24.990000000001,8.13374822207416,-2.92142186010096));
#12875=CARTESIAN_POINT('',(24.990000000001,8.01512600492415,-2.79387746700741));
#12876=CARTESIAN_POINT('',(24.990000000001,8.08076269154835,-2.85323420291388));
#12877=CARTESIAN_POINT('',(24.990000000001,7.93678838722544,-2.74330602594273));
#12878=CARTESIAN_POINT('',(24.990000000001,8.01512600492415,-2.79387746700741));
#12879=CARTESIAN_POINT('',(24.990000000001,7.86537364784808,-2.70995260116979));
#12880=CARTESIAN_POINT('',(24.990000000001,7.93678838722544,-2.74330602594273));
#12881=CARTESIAN_POINT('',(24.990000000001,7.79183517358106,-2.68652100079635));
#12882=CARTESIAN_POINT('',(24.990000000001,7.86537364784808,-2.70995260116979));
#12883=CARTESIAN_POINT('',(24.990000000001,7.71613148509632,-2.67300292951768));
#12884=CARTESIAN_POINT('',(24.990000000001,7.79183517358106,-2.68652100079635));
#12885=CARTESIAN_POINT('',(24.990000000001,7.61067891401845,-2.67313566279336));
#12886=CARTESIAN_POINT('',(24.990000000001,7.71613148509632,-2.67300292951768));
#12887=CARTESIAN_POINT('',(24.990000000001,7.52326564726527,-2.69895646496661));
#12888=CARTESIAN_POINT('',(24.990000000001,7.61067891401845,-2.67313566279336));
#12889=CARTESIAN_POINT('',(24.990000000001,7.45394560763807,-2.75037822955346));
#12890=CARTESIAN_POINT('',(24.990000000001,7.52326564726527,-2.69895646496661));
#12891=CARTESIAN_POINT('',(24.990000000001,7.41720333225967,-2.80602257696046));
#12892=CARTESIAN_POINT('',(24.990000000001,7.45394560763807,-2.75037822955346));
#12893=CARTESIAN_POINT('',(24.990000000001,7.39515713704386,-2.87839963364968));
#12894=CARTESIAN_POINT('',(24.990000000001,7.41720333225967,-2.80602257696046));
#12895=CARTESIAN_POINT('',(24.990000000001,7.3878070230493,-2.96755502677115));
#12896=CARTESIAN_POINT('',(24.990000000001,7.39515713704386,-2.87839963364968));
#12897=CARTESIAN_POINT('',(24.990000000001,7.3878070230493,-2.96755502677115));
#12898=CARTESIAN_POINT('',(24.990000000001,7.3960199043976,-3.92988491795768));
#12899=CARTESIAN_POINT('',(24.990000000001,7.3878070230493,-3.83776790989941));
#12900=CARTESIAN_POINT('',(24.990000000001,7.3878070230493,-3.83776790989941));
#12901=CARTESIAN_POINT('',(24.990000000001,7.42068343716883,-4.00934662208601));
#12902=CARTESIAN_POINT('',(24.990000000001,7.3960199043976,-3.92988491795768));
#12903=CARTESIAN_POINT('',(24.990000000001,7.46185154346167,-4.07622768494184));
#12904=CARTESIAN_POINT('',(24.990000000001,7.42068343716883,-4.00934662208601));
#12905=CARTESIAN_POINT('',(24.990000000001,7.51450938827329,-4.12801861421758));
#12906=CARTESIAN_POINT('',(24.990000000001,7.46185154346167,-4.07622768494184));
#12907=CARTESIAN_POINT('',(24.990000000001,7.57398641361933,-4.16220162337777));
#12908=CARTESIAN_POINT('',(24.990000000001,7.51450938827329,-4.12801861421758));
#12909=CARTESIAN_POINT('',(24.990000000001,7.6402452880051,-4.1787642678828));
#12910=CARTESIAN_POINT('',(24.990000000001,7.57398641361933,-4.16220162337777));
#12911=CARTESIAN_POINT('',(24.990000000001,7.69309808525568,-4.17846976584042));
#12912=CARTESIAN_POINT('',(24.990000000001,7.6402452880051,-4.1787642678828));
#12913=CARTESIAN_POINT('',(24.990000000001,7.73921466026732,-4.16509687131838));
#12914=CARTESIAN_POINT('',(24.990000000001,7.69309808525568,-4.17846976584042));
#12915=CARTESIAN_POINT('',(24.990000000001,7.77859501304047,-4.13867462087364));
#12916=CARTESIAN_POINT('',(24.990000000001,7.73921466026732,-4.16509687131838));
#12917=CARTESIAN_POINT('',(24.990000000001,7.80544035133507,-4.10588531287613));
#12918=CARTESIAN_POINT('',(24.990000000001,7.77859501304047,-4.13867462087364));
#12919=CARTESIAN_POINT('',(24.990000000001,7.83713460838853,-4.05163051915952));
#12920=CARTESIAN_POINT('',(24.990000000001,7.80544035133507,-4.10588531287613));
#12921=CARTESIAN_POINT('',(24.990000000001,7.87376903815757,-3.9758272803665));
#12922=CARTESIAN_POINT('',(24.990000000001,7.83713460838853,-4.05163051915952));
#12923=CARTESIAN_POINT('',(24.990000000001,7.89815051201085,-3.92538857293039));
#12924=CARTESIAN_POINT('',(24.990000000001,7.87376903815757,-3.9758272803665));
#12925=CARTESIAN_POINT('',(24.990000000001,7.91877811839586,-3.88878317865601));
#12926=CARTESIAN_POINT('',(24.990000000001,7.89815051201085,-3.92538857293039));
#12927=CARTESIAN_POINT('',(24.990000000001,7.93569333628548,-3.8660525768646));
#12928=CARTESIAN_POINT('',(24.990000000001,7.91877811839586,-3.88878317865601));
#12929=CARTESIAN_POINT('',(24.990000000001,7.95172919516053,-3.85314010169168));
#12930=CARTESIAN_POINT('',(24.990000000001,7.93569333628548,-3.8660525768646));
#12931=CARTESIAN_POINT('',(24.990000000001,7.97041557491039,-3.84640387945183));
#12932=CARTESIAN_POINT('',(24.990000000001,7.95172919516053,-3.85314010169168));
#12933=CARTESIAN_POINT('',(24.990000000001,7.99172344004173,-3.84583561449472));
#12934=CARTESIAN_POINT('',(24.990000000001,7.97041557491039,-3.84640387945183));
#12935=CARTESIAN_POINT('',(24.990000000001,8.01439182301911,-3.85154730025715));
#12936=CARTESIAN_POINT('',(24.990000000001,7.99172344004173,-3.84583561449472));
#12937=CARTESIAN_POINT('',(24.990000000001,8.03428109967345,-3.86336057666631));
#12938=CARTESIAN_POINT('',(24.990000000001,8.01439182301911,-3.85154730025715));
#12939=CARTESIAN_POINT('',(24.990000000001,8.05144104462889,-3.8813210705157));
#12940=CARTESIAN_POINT('',(24.990000000001,8.03428109967345,-3.86336057666631));
#12941=CARTESIAN_POINT('',(24.990000000001,8.06460239504886,-3.90622518217424));
#12942=CARTESIAN_POINT('',(24.990000000001,8.05144104462889,-3.8813210705157));
#12943=CARTESIAN_POINT('',(24.990000000001,8.07250418269396,-3.93916381510644));
#12944=CARTESIAN_POINT('',(24.990000000001,8.06460239504886,-3.90622518217424));
#12945=CARTESIAN_POINT('',(24.990000000001,8.07513811190884,-3.98005401101364));
#12946=CARTESIAN_POINT('',(24.990000000001,8.07250418269396,-3.93916381510644));
#12947=CARTESIAN_POINT('',(24.990000000001,8.0717741486159,-4.02151661970493));
#12948=CARTESIAN_POINT('',(24.990000000001,8.07513811190884,-3.98005401101364));
#12949=CARTESIAN_POINT('',(24.990000000001,8.0617195905892,-4.05479953001122));
#12950=CARTESIAN_POINT('',(24.990000000001,8.0717741486159,-4.02151661970493));
#12951=CARTESIAN_POINT('',(24.990000000001,8.04500762079342,-4.07994836908983));
#12952=CARTESIAN_POINT('',(24.990000000001,8.0617195905892,-4.05479953001122));
#12953=CARTESIAN_POINT('',(24.990000000001,8.0219991082653,-4.0974816269154));
#12954=CARTESIAN_POINT('',(24.990000000001,8.04500762079342,-4.07994836908983));
#12955=CARTESIAN_POINT('',(24.990000000001,7.99306321804843,-4.10790949816146));
#12956=CARTESIAN_POINT('',(24.990000000001,8.0219991082653,-4.0974816269154));
#12957=CARTESIAN_POINT('',(24.990000000001,7.95829535262456,-4.11126931327453));
#12958=CARTESIAN_POINT('',(24.990000000001,7.99306321804843,-4.10790949816146));
#12959=CARTESIAN_POINT('',(24.990000000001,7.96526800592474,-4.26766663793387));
#12960=CARTESIAN_POINT('',(24.990000000001,7.95829535262456,-4.11126931327453));
#12961=CARTESIAN_POINT('',(24.990000000001,8.03265096709438,-4.2624361110029));
#12962=CARTESIAN_POINT('',(24.990000000001,7.96526800592474,-4.26766663793387));
#12963=CARTESIAN_POINT('',(24.990000000001,8.09043564105368,-4.24094988509023));
#12964=CARTESIAN_POINT('',(24.990000000001,8.03265096709438,-4.2624361110029));
#12965=CARTESIAN_POINT('',(24.990000000001,8.13871328210089,-4.20321210872862));
#12966=CARTESIAN_POINT('',(24.990000000001,8.09043564105368,-4.24094988509023));
#12967=CARTESIAN_POINT('',(24.990000000001,8.1748458135502,-4.14952557961624));
#12968=CARTESIAN_POINT('',(24.990000000001,8.13871328210089,-4.20321210872862));
#12969=CARTESIAN_POINT('',(24.990000000001,8.19652699155122,-4.08028020263373));
#12970=CARTESIAN_POINT('',(24.990000000001,8.1748458135502,-4.14952557961624));
#12971=CARTESIAN_POINT('',(24.990000000001,8.20375681610303,-3.99547182959941));
#12972=CARTESIAN_POINT('',(24.990000000001,8.19652699155122,-4.08028020263373));
#12973=CARTESIAN_POINT('',(24.990000000001,8.19646892091978,-3.91070078806661));
#12974=CARTESIAN_POINT('',(24.990000000001,8.20375681610303,-3.99547182959941));
#12975=CARTESIAN_POINT('',(24.990000000001,8.17460108648438,-3.83863482543529));
#12976=CARTESIAN_POINT('',(24.990000000001,8.19646892091978,-3.91070078806661));
#12977=CARTESIAN_POINT('',(24.990000000001,8.13815746097671,-3.77927394170547));
#12978=CARTESIAN_POINT('',(24.990000000001,8.17460108648438,-3.83863482543529));
#12979=CARTESIAN_POINT('',(24.990000000001,8.09055178266945,-3.73385836527814));
#12980=CARTESIAN_POINT('',(24.990000000001,8.13815746097671,-3.77927394170547));
#12981=CARTESIAN_POINT('',(24.990000000001,8.03547155274364,-3.70365321151985));
#12982=CARTESIAN_POINT('',(24.990000000001,8.09055178266945,-3.73385836527814));
#12983=CARTESIAN_POINT('',(24.990000000001,7.97279648105259,-3.68865848077985));
#12984=CARTESIAN_POINT('',(24.990000000001,8.03547155274364,-3.70365321151985));
#12985=CARTESIAN_POINT('',(24.990000000001,7.93640263052512,-3.68730211076036));
#12986=CARTESIAN_POINT('',(24.990000000001,7.97279648105259,-3.68865848077985));
#12987=CARTESIAN_POINT('',(24.990000000001,7.90323586183231,-3.69169061017601));
#12988=CARTESIAN_POINT('',(24.990000000001,7.93640263052512,-3.68730211076036));
#12989=CARTESIAN_POINT('',(24.990000000001,7.87321321668142,-3.70181983084694));
#12990=CARTESIAN_POINT('',(24.990000000001,7.90323586183231,-3.69169061017601));
#12991=CARTESIAN_POINT('',(24.990000000001,7.84669141592522,-3.71705099335304));
#12992=CARTESIAN_POINT('',(24.990000000001,7.87321321668142,-3.70181983084694));
#12993=CARTESIAN_POINT('',(24.990000000001,7.82367875592254,-3.73667895092876));
#12994=CARTESIAN_POINT('',(24.990000000001,7.84669141592522,-3.71705099335304));
#12995=CARTESIAN_POINT('',(24.990000000001,7.8041337566473,-3.76064148511432));
#12996=CARTESIAN_POINT('',(24.990000000001,7.82367875592254,-3.73667895092876));
#12997=CARTESIAN_POINT('',(24.990000000001,7.78489570359889,-3.79212834589453));
#12998=CARTESIAN_POINT('',(24.990000000001,7.8041337566473,-3.76064148511432));
#12999=CARTESIAN_POINT('',(24.990000000001,7.76274995842769,-3.83430439665608));
#13000=CARTESIAN_POINT('',(24.990000000001,7.78489570359889,-3.79212834589453));
#13001=CARTESIAN_POINT('',(24.990000000001,7.73762185883461,-3.88718622939632));
#13002=CARTESIAN_POINT('',(24.990000000001,7.76274995842769,-3.83430439665608));
#13003=CARTESIAN_POINT('',(24.990000000001,7.7135680706996,-3.93778255777215));
#13004=CARTESIAN_POINT('',(24.990000000001,7.73762185883461,-3.88718622939632));
#13005=CARTESIAN_POINT('',(24.990000000001,7.69437564445243,-3.9730772095354));
#13006=CARTESIAN_POINT('',(24.990000000001,7.7135680706996,-3.93778255777215));
#13007=CARTESIAN_POINT('',(24.990000000001,7.68012339127008,-3.99303700065138));
#13008=CARTESIAN_POINT('',(24.990000000001,7.69437564445243,-3.9730772095354));
#13009=CARTESIAN_POINT('',(24.990000000001,7.66273531055404,-4.0073348809874));
#13010=CARTESIAN_POINT('',(24.990000000001,7.68012339127008,-3.99303700065138));
#13011=CARTESIAN_POINT('',(24.990000000001,7.64294143603174,-4.01486335576192));
#13012=CARTESIAN_POINT('',(24.990000000001,7.66273531055404,-4.0073348809874));
#13013=CARTESIAN_POINT('',(24.990000000001,7.62077909955124,-4.0156390169941));
#13014=CARTESIAN_POINT('',(24.990000000001,7.64294143603174,-4.01486335576192));
#13015=CARTESIAN_POINT('',(24.990000000001,7.59523620776681,-4.00882398428439));
#13016=CARTESIAN_POINT('',(24.990000000001,7.62077909955124,-4.0156390169941));
#13017=CARTESIAN_POINT('',(24.990000000001,7.57227332274479,-3.99438092684068));
#13018=CARTESIAN_POINT('',(24.990000000001,7.59523620776681,-4.00882398428439));
#13019=CARTESIAN_POINT('',(24.990000000001,7.55187799959176,-3.97234717545507));
#13020=CARTESIAN_POINT('',(24.990000000001,7.57227332274479,-3.99438092684068));
#13021=CARTESIAN_POINT('',(24.990000000001,7.53608272030979,-3.94198440075343));
#13022=CARTESIAN_POINT('',(24.990000000001,7.55187799959176,-3.97234717545507));
#13023=CARTESIAN_POINT('',(24.990000000001,7.52657568739951,-3.90252523751042));
#13024=CARTESIAN_POINT('',(24.990000000001,7.53608272030979,-3.94198440075343));
#13025=CARTESIAN_POINT('',(24.990000000001,7.52339838089383,-3.85396968572422));
#13026=CARTESIAN_POINT('',(24.990000000001,7.52657568739951,-3.90252523751042));
#13027=CARTESIAN_POINT('',(24.990000000001,7.5280606428677,-3.7973588731802));
#13028=CARTESIAN_POINT('',(24.990000000001,7.52339838089383,-3.85396968572422));
#13029=CARTESIAN_POINT('',(24.990000000001,7.54206816898513,-3.75509986377074));
#13030=CARTESIAN_POINT('',(24.990000000001,7.5280606428677,-3.7973588731802));
#13031=CARTESIAN_POINT('',(24.990000000001,7.56546658568768,-3.72727976398164));
#13032=CARTESIAN_POINT('',(24.990000000001,7.54206816898513,-3.75509986377074));
#13033=CARTESIAN_POINT('',(24.990000000001,7.5879400165767,-3.71717543097475));
#13034=CARTESIAN_POINT('',(24.990000000001,7.56546658568768,-3.72727976398164));
#13035=CARTESIAN_POINT('',(24.990000000001,7.62114826424013,-3.71247168967602));
#13036=CARTESIAN_POINT('',(24.990000000001,7.5879400165767,-3.71717543097475));
#13037=CARTESIAN_POINT('',(24.990000000001,7.66504985005886,-3.71320172339983));
#13038=CARTESIAN_POINT('',(24.990000000001,7.62114826424013,-3.71247168967602));
#13039=CARTESIAN_POINT('',(24.990000000001,7.65696555380637,-3.557783307715));
#13040=CARTESIAN_POINT('',(24.990000000001,7.66504985005886,-3.71320172339983));
#13041=CARTESIAN_POINT('',(24.990000000001,7.60617427298566,-3.55432809046943));
#13042=CARTESIAN_POINT('',(24.990000000001,7.65696555380637,-3.557783307715));
#13043=CARTESIAN_POINT('',(24.990000000001,7.5595475040026,-3.55864607506737));
#13044=CARTESIAN_POINT('',(24.990000000001,7.60617427298566,-3.55432809046943));
#13045=CARTESIAN_POINT('',(24.990000000001,7.51696495670685,-3.57067089522388));
#13046=CARTESIAN_POINT('',(24.990000000001,7.5595475040026,-3.55864607506737));
#13047=CARTESIAN_POINT('',(24.990000000001,7.47935576579394,-3.59177551261382));
#13048=CARTESIAN_POINT('',(24.990000000001,7.51696495670685,-3.57067089522388));
#13049=CARTESIAN_POINT('',(24.990000000001,7.44770298806397,-3.62334947987256));
#13050=CARTESIAN_POINT('',(24.990000000001,7.47935576579393,-3.59177551261382));
#13051=CARTESIAN_POINT('',(24.990000000001,7.42197344019805,-3.6653679096853));
#13052=CARTESIAN_POINT('',(24.990000000001,7.44770298806398,-3.62334947987256));
#13053=CARTESIAN_POINT('',(24.990000000001,7.40298841022232,-3.71592275909279));
#13054=CARTESIAN_POINT('',(24.990000000001,7.42197344019805,-3.6653679096853));
#13055=CARTESIAN_POINT('',(24.990000000001,7.39160236984244,-3.77340048682163));
#13056=CARTESIAN_POINT('',(24.990000000001,7.40298841022232,-3.71592275909279));
#13057=CARTESIAN_POINT('',(24.990000000001,7.39160236984244,-3.77340048682163));
#13058=CARTESIAN_POINT('',(23.050000000001,0.,-3.4));
#13059=CARTESIAN_POINT('',(23.050000000001,1.12649820430781,-3.39999999999968));
#13060=CARTESIAN_POINT('',(23.050000000001,1.12649820430781,-3.39999999999968));
#13061=CARTESIAN_POINT('',(23.050000000001,1.15176175022124,-3.4527585538304));
#13062=CARTESIAN_POINT('',(23.0422686730765,1.17600030374735,-3.50663509292089));
#13063=CARTESIAN_POINT('',(23.0266853644241,1.19825687385585,-3.55843776981001));
#13064=CARTESIAN_POINT('',(23.0266853644241,1.19825687385585,-3.55843776981001));
#13065=CARTESIAN_POINT('',(22.500000000001,1.19825687385585,-3.4));
#13066=CARTESIAN_POINT('',(21.9733146355789,1.19825687385585,-3.55843776981352));
#13067=CARTESIAN_POINT('',(21.9733146355789,1.19825687385585,-3.55843776981352));
#13068=CARTESIAN_POINT('',(21.9577313269259,1.17600030374688,-3.50663509292342));
#13069=CARTESIAN_POINT('',(21.950000000001,1.15176175022022,-3.45275855383179));
#13070=CARTESIAN_POINT('',(21.950000000001,1.1264982043062,-3.39999999999999));
#13071=CARTESIAN_POINT('',(21.950000000001,1.1264982043062,-3.39999999999999));
#13072=CARTESIAN_POINT('',(21.950000000001,1.2,-3.4));
#13073=CARTESIAN_POINT('',(22.500000000001,1.2,-3.4));
#13074=CARTESIAN_POINT('',(24.5374606593426,7.1,-5.85312197639351));
#13075=CARTESIAN_POINT('',(25.000000000001,6.7,-6.0400000005));
#13076=CARTESIAN_POINT('',(24.400000000001,0.4,-5.94584036185019));
#13077=CARTESIAN_POINT('',(24.500000000001,6.7,-5.94584036185019));
#13078=CARTESIAN_POINT('',(24.400000000001,7.1,-6.85415963914973));
#13079=CARTESIAN_POINT('',(24.400000000001,6.7,-5.817584264999));
#13080=CARTESIAN_POINT('',(24.5374606593426,0.4,-6.94687802460641));
#13081=CARTESIAN_POINT('',(24.500000000001,6.7,-6.85415963914973));
#13082=CARTESIAN_POINT('',(24.400000000001,6.7,-7.002415736001));
#13083=CARTESIAN_POINT('',(23.0499999999947,1.06533577634991,-3.2307843263812));
#13084=CARTESIAN_POINT('',(23.0499999999947,1.06927196683699,-3.24779912751561));
#13085=CARTESIAN_POINT('',(23.050000000001,1.07390232299046,-3.26466453486467));
#13086=CARTESIAN_POINT('',(23.050000000001,1.07912076835083,-3.28133081462997));
#13087=CARTESIAN_POINT('',(23.050000000001,1.09184774421708,-3.3219772764985));
#13088=CARTESIAN_POINT('',(23.050000000001,1.10810300500498,-3.36158480222928));
#13089=CARTESIAN_POINT('',(23.050000000001,1.12649820430781,-3.39999999999968));
#13090=CARTESIAN_POINT('',(23.050000000001,1.2,0.));
#13091=CARTESIAN_POINT('',(23.049999903878,1.2,-0.545840361850171));
#13092=CARTESIAN_POINT('',(23.050000000001,1.20000000000001,-0.54584036185017));
#13093=CARTESIAN_POINT('',(23.050000000001,1.2,-3.4));
#13094=CARTESIAN_POINT('',(24.550000000001,1.20000000000002,-0.545840361850171));
#13095=CARTESIAN_POINT('',(24.550000000001,6.2,-0.545840361850188));
#13096=CARTESIAN_POINT('',(24.550000000001,1.2,-0.545840361850171));
#13097=CARTESIAN_POINT('',(24.550000000001,1.2,-5.4));
#13098=CARTESIAN_POINT('',(24.550000000001,6.2,-5.4));
#13099=CARTESIAN_POINT('',(24.550000000001,1.2,-5.4));
#13100=CARTESIAN_POINT('',(15.,6.2,-0.545840361850188));
#13101=CARTESIAN_POINT('',(24.550000000001,6.2,-5.4));
#13102=CARTESIAN_POINT('',(20.450000000001,1.2,-0.545840361850171));
#13103=CARTESIAN_POINT('',(20.450000000001,1.2,-5.4));
#13104=CARTESIAN_POINT('',(21.950000000001,1.1264982043062,-3.39999999999999));
#13105=CARTESIAN_POINT('',(21.950000000001,1.10810300499721,-3.36158480221687));
#13106=CARTESIAN_POINT('',(21.950000000001,1.09184774420453,-3.3219772764725));
#13107=CARTESIAN_POINT('',(21.950000000001,1.07912076833634,-3.28133081458977));
#13108=CARTESIAN_POINT('',(21.950000000001,1.07390232298201,-3.26466453484048));
#13109=CARTESIAN_POINT('',(21.950000000001,1.06927196683919,-3.24779912750629));
#13110=CARTESIAN_POINT('',(21.950000000001,1.06533577635579,-3.23078432638855));
#13111=CARTESIAN_POINT('',(21.950000000001,1.2,-0.54584036185017));
#13112=CARTESIAN_POINT('',(21.950000000001,1.2,0.));
#13113=CARTESIAN_POINT('',(22.500000000001,10.4,-3.4));
#13114=CARTESIAN_POINT('',(22.500000000001,6.2,-5.9));
#13115=CARTESIAN_POINT('',(22.500000000001,8.28181138964349,-5.89999999999986));
#13116=CARTESIAN_POINT('',(22.500000000001,8.28181138964349,-6.449999999999));
#13117=CARTESIAN_POINT('',(22.500000000001,6.2,-6.449999999999));
#13118=CARTESIAN_POINT('',(22.500000000001,8.28181138964349,-6.449999999999));
#13119=CARTESIAN_POINT('',(22.500000000001,6.2,-6.449999999999));
#13120=CARTESIAN_POINT('',(15.,8.28181138964349,-6.97328183882528));
#13121=CARTESIAN_POINT('',(22.5,1.19825687385585,-3.1));
#13122=CARTESIAN_POINT('',(22.5,1.19825687385585,-3.79825687385588));
#13123=CARTESIAN_POINT('',(22.5,1.19825687385585,-3.1));
#13124=CARTESIAN_POINT('',(15.,1.19825687385585,-0.54584036185017));
#13125=CARTESIAN_POINT('',(15.,6.2,-0.545840361850188));
#13126=CARTESIAN_POINT('',(22.5,8.28181138964349,-3.399999999999));
#13127=CARTESIAN_POINT('',(22.5,8.28181138964349,-1.741785115735));
#13128=CARTESIAN_POINT('',(22.5,8.28181138964349,-5.058214884263));
#13129=CARTESIAN_POINT('',(22.5,8.28181138964349,-3.399999999999));
#13130=CARTESIAN_POINT('',(15.,8.28181138964349,-6.97328183882528));
#13131=CARTESIAN_POINT('',(17.5,8.28181138964349,-3.399999999999));
#13132=CARTESIAN_POINT('',(17.5,8.28181138964349,-1.741785115735));
#13133=CARTESIAN_POINT('',(17.5,8.28181138964349,-5.058214884263));
#13134=CARTESIAN_POINT('',(17.5,8.28181138964349,-3.399999999999));
#13135=CARTESIAN_POINT('',(15.,8.28181138964349,-6.97328183882528));
#13136=CARTESIAN_POINT('',(15.,6.2,-0.545840361850188));
#13137=CARTESIAN_POINT('',(17.5,1.19825687385585,-3.1));
#13138=CARTESIAN_POINT('',(17.5,1.19825687385585,-3.79825687385588));
#13139=CARTESIAN_POINT('',(17.5,1.19825687385585,-3.1));
#13140=CARTESIAN_POINT('',(15.,1.19825687385585,-0.54584036185017));
#13141=CARTESIAN_POINT('',(15.,8.28181138964349,-6.97328183882528));
#13142=CARTESIAN_POINT('',(17.5,8.85,-1.692803581869));
#13143=CARTESIAN_POINT('',(17.5,8.85,-1.692803581869));
#13144=CARTESIAN_POINT('',(17.5,8.47186809583,-1.65120897068));
#13145=CARTESIAN_POINT('',(17.5,8.85,-3.399999999999));
#13146=CARTESIAN_POINT('',(17.1,8.85,-1.74032534591));
#13147=CARTESIAN_POINT('',(17.1,8.85,-1.74032534591));
#13148=CARTESIAN_POINT('',(17.1,8.918864738412,-1.748117367414));
#13149=CARTESIAN_POINT('',(17.1,9.056602993415,-1.763708427343));
#13150=CARTESIAN_POINT('',(17.1,9.26323662504,-1.787116851431));
#13151=CARTESIAN_POINT('',(17.1,9.4010098099,-1.802737576128));
#13152=CARTESIAN_POINT('',(17.1,9.4699007438,-1.810551862449));
#13153=CARTESIAN_POINT('',(17.1,9.4699007438,-1.81055186244966));
#13154=CARTESIAN_POINT('',(17.5,9.4699007438,-3.399999999999));
#13155=CARTESIAN_POINT('',(17.1,9.4699007438,-4.98944813754785));
#13156=CARTESIAN_POINT('',(17.1,9.4699007438,-4.989448137548));
#13157=CARTESIAN_POINT('',(17.1,9.4010098099,-4.997262423869));
#13158=CARTESIAN_POINT('',(17.1,9.26323662504,-5.012883148567));
#13159=CARTESIAN_POINT('',(17.1,9.056602993414,-5.036291572654));
#13160=CARTESIAN_POINT('',(17.1,8.918864738411,-5.051882632584));
#13161=CARTESIAN_POINT('',(17.1,8.85,-5.059674654087));
#13162=CARTESIAN_POINT('',(17.1,8.85,-5.059674654087));
#13163=CARTESIAN_POINT('',(17.5,8.85,-3.399999999999));
#13164=CARTESIAN_POINT('',(17.5,8.85,-5.107196519859));
#13165=CARTESIAN_POINT('',(17.5,8.85,-5.107196519859));
#13166=CARTESIAN_POINT('',(17.5,8.47186809583,-5.148791029318));
#13167=CARTESIAN_POINT('',(17.5,8.47186809583,-3.399999999999));
#13168=CARTESIAN_POINT('',(17.5,8.970884419817,-3.399999999999));
#13169=CARTESIAN_POINT('',(17.5,8.45,-4.949990158131));
#13170=CARTESIAN_POINT('',(17.5,8.316533935336,-5.09894253167));
#13171=CARTESIAN_POINT('',(17.5,8.316533935336,-3.399999999999));
#13172=CARTESIAN_POINT('',(17.5,8.316533935336,-1.701057468327));
#13173=CARTESIAN_POINT('',(17.5,8.45,-1.850009841867));
#13174=CARTESIAN_POINT('',(17.5,8.45,-3.399999999999));
#13175=CARTESIAN_POINT('',(17.5,8.316533935336,-3.399999999999));
#13176=CARTESIAN_POINT('',(17.5,8.47186809583,-3.399999999999));
#13177=CARTESIAN_POINT('',(17.5,8.45,-3.399999999999));
#13178=CARTESIAN_POINT('',(17.5,8.85,-3.399999999999));
#13179=CARTESIAN_POINT('',(17.9,8.85,-5.059674654087));
#13180=CARTESIAN_POINT('',(17.9,8.85,-5.059674654087));
#13181=CARTESIAN_POINT('',(17.9,8.918864738412,-5.051882632584));
#13182=CARTESIAN_POINT('',(17.9,9.056602993415,-5.036291572654));
#13183=CARTESIAN_POINT('',(17.9,9.26323662504,-5.012883148566));
#13184=CARTESIAN_POINT('',(17.9,9.4010098099,-4.997262423869));
#13185=CARTESIAN_POINT('',(17.9,9.4699007438,-4.989448137548));
#13186=CARTESIAN_POINT('',(17.9,9.4699007438,-4.98944813754785));
#13187=CARTESIAN_POINT('',(17.5,9.4699007438,-3.399999999999));
#13188=CARTESIAN_POINT('',(17.9,9.4699007438,-1.81055186245015));
#13189=CARTESIAN_POINT('',(17.9,9.4699007438,-1.81055186245));
#13190=CARTESIAN_POINT('',(17.9,9.4010098099,-1.802737576129));
#13191=CARTESIAN_POINT('',(17.9,9.26323662504,-1.787116851431));
#13192=CARTESIAN_POINT('',(17.9,9.056602993414,-1.763708427343));
#13193=CARTESIAN_POINT('',(17.9,8.918864738412,-1.748117367414));
#13194=CARTESIAN_POINT('',(17.9,8.85,-1.74032534591));
#13195=CARTESIAN_POINT('',(17.9,8.85,-1.74032534591));
#13196=CARTESIAN_POINT('',(17.5,8.85,-3.399999999999));
#13197=CARTESIAN_POINT('',(17.5,8.970884419817,-3.399999999999));
#13198=CARTESIAN_POINT('',(17.9,8.85,-1.74032534591));
#13199=CARTESIAN_POINT('',(17.1,8.85,-1.74032534591));
#13200=CARTESIAN_POINT('',(17.1,8.85,4.850000000001));
#13201=CARTESIAN_POINT('',(17.1,9.65,-4.731202463939));
#13202=CARTESIAN_POINT('',(17.1,9.65000000000029,-4.73120246393902));
#13203=CARTESIAN_POINT('',(17.1,9.65000000000029,-2.06879753605898));
#13204=CARTESIAN_POINT('',(17.1,9.65000000000029,-2.06879753605898));
#13205=CARTESIAN_POINT('',(17.1,9.65067328437961,-2.03833438152017));
#13206=CARTESIAN_POINT('',(17.1,9.64619867375107,-2.00733151735264));
#13207=CARTESIAN_POINT('',(17.1,9.63681591019521,-1.97834150451432));
#13208=CARTESIAN_POINT('',(17.1,9.62742448993596,-1.9493247449781));
#13209=CARTESIAN_POINT('',(17.1,9.61282975025469,-1.92150886769027));
#13210=CARTESIAN_POINT('',(17.1,9.59414080826915,-1.89740711348171));
#13211=CARTESIAN_POINT('',(17.1,9.57592220554657,-1.87391192123472));
#13212=CARTESIAN_POINT('',(17.1,9.55327462432557,-1.85327515858973));
#13213=CARTESIAN_POINT('',(17.1,9.52810339699529,-1.8374526790567));
#13214=CARTESIAN_POINT('',(17.1,9.51000851258226,-1.82607834539704));
#13215=CARTESIAN_POINT('',(17.1,9.4902933700081,-1.81695038606519));
#13216=CARTESIAN_POINT('',(17.1,9.4699007438,-1.81055186244966));
#13217=CARTESIAN_POINT('',(17.1,9.4699007438,-4.98944813754785));
#13218=CARTESIAN_POINT('',(17.1,9.49687660690583,-4.98098401451773));
#13219=CARTESIAN_POINT('',(17.1,9.52273242248309,-4.96765975097283));
#13220=CARTESIAN_POINT('',(17.1,9.54534358309585,-4.9506870085687));
#13221=CARTESIAN_POINT('',(17.1,9.56793704540875,-4.93372755113872));
#13222=CARTESIAN_POINT('',(17.1,9.58791178841176,-4.91267798243868));
#13223=CARTESIAN_POINT('',(17.1,9.60378736228511,-4.88931018644086));
#13224=CARTESIAN_POINT('',(17.1,9.61999162026139,-4.86545858915646));
#13225=CARTESIAN_POINT('',(17.1,9.63236282416876,-4.8385696828688));
#13226=CARTESIAN_POINT('',(17.1,9.64008408140455,-4.81078733494286));
#13227=CARTESIAN_POINT('',(17.1,9.64724250435225,-4.78503015695213));
#13228=CARTESIAN_POINT('',(17.1,9.65059070682146,-4.75792934745721));
#13229=CARTESIAN_POINT('',(17.1,9.65000000000029,-4.73120246393902));
#13230=CARTESIAN_POINT('',(17.1,9.89,4.850000000001));
#13231=CARTESIAN_POINT('',(17.5,9.65,-3.399999999999));
#13232=CARTESIAN_POINT('',(17.5,9.39591718884,-3.399999999999));
#13233=CARTESIAN_POINT('',(17.9,9.65,-3.399999999999));
#13234=CARTESIAN_POINT('',(17.9,9.4699007438,-1.81055186245015));
#13235=CARTESIAN_POINT('',(17.9,9.49687660690583,-1.81901598548027));
#13236=CARTESIAN_POINT('',(17.9,9.52273242248309,-1.83234024902517));
#13237=CARTESIAN_POINT('',(17.9,9.54534358309585,-1.8493129914293));
#13238=CARTESIAN_POINT('',(17.9,9.56793704540875,-1.86627244885928));
#13239=CARTESIAN_POINT('',(17.9,9.58791178841176,-1.88732201755932));
#13240=CARTESIAN_POINT('',(17.9,9.60378736228511,-1.91068981355714));
#13241=CARTESIAN_POINT('',(17.9,9.61999162026139,-1.93454141084154));
#13242=CARTESIAN_POINT('',(17.9,9.63236282416877,-1.9614303171292));
#13243=CARTESIAN_POINT('',(17.9,9.64008408140455,-1.98921266505514));
#13244=CARTESIAN_POINT('',(17.9,9.64724250435225,-2.01496984304586));
#13245=CARTESIAN_POINT('',(17.9,9.65059070682147,-2.04207065254078));
#13246=CARTESIAN_POINT('',(17.9,9.65000000000029,-2.06879753605898));
#13247=CARTESIAN_POINT('',(17.9,9.65000000000029,-2.06879753605898));
#13248=CARTESIAN_POINT('',(17.9,9.65,-2.068797536059));
#13249=CARTESIAN_POINT('',(17.9,9.65000000000029,-4.73120246393902));
#13250=CARTESIAN_POINT('',(17.9,9.65000000000029,-4.73120246393902));
#13251=CARTESIAN_POINT('',(17.9,9.65067328437961,-4.76166561847783));
#13252=CARTESIAN_POINT('',(17.9,9.64619867375107,-4.79266848264537));
#13253=CARTESIAN_POINT('',(17.9,9.63681591019521,-4.82165849548368));
#13254=CARTESIAN_POINT('',(17.9,9.62742448993596,-4.8506752550199));
#13255=CARTESIAN_POINT('',(17.9,9.61282975025469,-4.87849113230773));
#13256=CARTESIAN_POINT('',(17.9,9.59414080826915,-4.90259288651629));
#13257=CARTESIAN_POINT('',(17.9,9.57592220554657,-4.92608807876328));
#13258=CARTESIAN_POINT('',(17.9,9.55327462432557,-4.94672484140827));
#13259=CARTESIAN_POINT('',(17.9,9.52810339699529,-4.9625473209413));
#13260=CARTESIAN_POINT('',(17.9,9.51000851258232,-4.97392165460092));
#13261=CARTESIAN_POINT('',(17.9,9.49029337000803,-4.98304961393232));
#13262=CARTESIAN_POINT('',(17.9,9.4699007438,-4.98944813754785));
#13263=CARTESIAN_POINT('',(17.9,8.85,4.850000000001));
#13264=CARTESIAN_POINT('',(17.5,9.65,-3.399999999999));
#13265=CARTESIAN_POINT('',(17.5,9.39591718884,-3.399999999999));
#13266=CARTESIAN_POINT('',(17.9,9.65,-3.399999999999));
#13267=CARTESIAN_POINT('',(17.5,8.45,-1.850009841867));
#13268=CARTESIAN_POINT('',(17.5,8.45,-4.949990158131));
#13269=CARTESIAN_POINT('',(17.5,8.45,-3.399999999999));
#13270=CARTESIAN_POINT('',(17.5,8.45,-3.399999999999));
#13271=CARTESIAN_POINT('',(22.5,1.,-3.1));
#13272=CARTESIAN_POINT('',(22.5,1.,-2.6));
#13273=CARTESIAN_POINT('',(22.5,-3.7,-2.6));
#13274=CARTESIAN_POINT('',(22.5,-3.7,-2.6));
#13275=CARTESIAN_POINT('',(22.5,-3.7,-3.1));
#13276=CARTESIAN_POINT('',(22.5,-3.7,-3.6));
#13277=CARTESIAN_POINT('',(22.5,-3.7,-3.6));
#13278=CARTESIAN_POINT('',(22.5,1.,-3.6));
#13279=CARTESIAN_POINT('',(22.5,1.,-3.1));
#13280=CARTESIAN_POINT('',(22.5,-3.9,-3.1));
#13281=CARTESIAN_POINT('',(22.5,1.,-3.1));
#13282=CARTESIAN_POINT('',(22.5,-3.7,-3.1));
#13283=CARTESIAN_POINT('',(22.5,1.,-3.1));
#13284=CARTESIAN_POINT('',(22.5,-3.9,-3.1));
#13285=CARTESIAN_POINT('',(22.5,1.,-2.6));
#13286=CARTESIAN_POINT('',(22.5,1.1,-3.1));
#13287=CARTESIAN_POINT('',(22.5,1.,-3.6));
#13288=CARTESIAN_POINT('',(22.5,1.1,-3.1));
#13289=CARTESIAN_POINT('',(22.5,1.1,-3.1));
#13290=CARTESIAN_POINT('',(22.5,1.1,-3.1));
#13291=CARTESIAN_POINT('',(22.5,-3.7,-3.4));
#13292=CARTESIAN_POINT('',(22.5,-3.841421356237,-3.541421356237));
#13293=CARTESIAN_POINT('',(22.5,-3.841421356237,-3.1));
#13294=CARTESIAN_POINT('',(22.5,-3.841421356237,-2.658578643763));
#13295=CARTESIAN_POINT('',(22.5,-3.7,-2.8));
#13296=CARTESIAN_POINT('',(22.5,-3.7,-3.1));
#13297=CARTESIAN_POINT('',(22.5,-3.841421356237,-3.1));
#13298=CARTESIAN_POINT('',(22.5,-3.7,-3.1));
#13299=CARTESIAN_POINT('',(22.5,-3.7,-3.4));
#13300=CARTESIAN_POINT('',(22.5,-3.9,-3.4));
#13301=CARTESIAN_POINT('',(22.5,-3.7,-2.8));
#13302=CARTESIAN_POINT('',(22.5,-3.9,-2.8));
#13303=CARTESIAN_POINT('',(22.5,-3.9,-3.1));
#13304=CARTESIAN_POINT('',(22.5,-3.7,-3.1));
#13305=CARTESIAN_POINT('',(22.5,-3.9,-3.1));
#13306=CARTESIAN_POINT('',(22.5,-3.9,-3.1));
#13307=CARTESIAN_POINT('',(22.5,-3.7,-3.1));
#13308=CARTESIAN_POINT('',(22.5,8.85,-1.692803581869));
#13309=CARTESIAN_POINT('',(22.5,8.85,-1.692803581869));
#13310=CARTESIAN_POINT('',(22.5,8.47186809583,-1.65120897068));
#13311=CARTESIAN_POINT('',(22.5,8.85,-3.399999999999));
#13312=CARTESIAN_POINT('',(22.1,8.85,-1.74032534591));
#13313=CARTESIAN_POINT('',(22.1,8.85,-1.74032534591));
#13314=CARTESIAN_POINT('',(22.1,8.918864738412,-1.748117367414));
#13315=CARTESIAN_POINT('',(22.1,9.056602993415,-1.763708427343));
#13316=CARTESIAN_POINT('',(22.1,9.26323662504,-1.787116851431));
#13317=CARTESIAN_POINT('',(22.1,9.4010098099,-1.802737576128));
#13318=CARTESIAN_POINT('',(22.1,9.4699007438,-1.810551862449));
#13319=CARTESIAN_POINT('',(22.1,9.4699007438,-1.81055186244965));
#13320=CARTESIAN_POINT('',(22.5,9.4699007438,-3.399999999999));
#13321=CARTESIAN_POINT('',(22.1,9.4699007438,-4.98944813754785));
#13322=CARTESIAN_POINT('',(22.1,9.4699007438,-4.989448137548));
#13323=CARTESIAN_POINT('',(22.1,9.4010098099,-4.997262423869));
#13324=CARTESIAN_POINT('',(22.1,9.26323662504,-5.012883148567));
#13325=CARTESIAN_POINT('',(22.1,9.056602993414,-5.036291572654));
#13326=CARTESIAN_POINT('',(22.1,8.918864738411,-5.051882632584));
#13327=CARTESIAN_POINT('',(22.1,8.85,-5.059674654087));
#13328=CARTESIAN_POINT('',(22.1,8.85,-5.059674654087));
#13329=CARTESIAN_POINT('',(22.5,8.85,-3.399999999999));
#13330=CARTESIAN_POINT('',(22.5,8.85,-5.107196519859));
#13331=CARTESIAN_POINT('',(22.5,8.85,-5.107196519859));
#13332=CARTESIAN_POINT('',(22.5,8.47186809583,-5.148791029318));
#13333=CARTESIAN_POINT('',(22.5,8.47186809583,-3.399999999999));
#13334=CARTESIAN_POINT('',(22.5,8.970884419817,-3.399999999999));
#13335=CARTESIAN_POINT('',(22.5,8.45,-4.949990158131));
#13336=CARTESIAN_POINT('',(22.5,8.316533935336,-5.09894253167));
#13337=CARTESIAN_POINT('',(22.5,8.316533935336,-3.399999999999));
#13338=CARTESIAN_POINT('',(22.5,8.316533935336,-1.701057468327));
#13339=CARTESIAN_POINT('',(22.5,8.45,-1.850009841867));
#13340=CARTESIAN_POINT('',(22.5,8.45,-3.399999999999));
#13341=CARTESIAN_POINT('',(22.5,8.316533935336,-3.399999999999));
#13342=CARTESIAN_POINT('',(22.5,8.47186809583,-3.399999999999));
#13343=CARTESIAN_POINT('',(22.5,8.45,-3.399999999999));
#13344=CARTESIAN_POINT('',(22.5,8.85,-3.399999999999));
#13345=CARTESIAN_POINT('',(22.9,8.85,-5.059674654087));
#13346=CARTESIAN_POINT('',(22.9,8.85,-5.059674654087));
#13347=CARTESIAN_POINT('',(22.9,8.918864738412,-5.051882632584));
#13348=CARTESIAN_POINT('',(22.9,9.056602993415,-5.036291572654));
#13349=CARTESIAN_POINT('',(22.9,9.26323662504,-5.012883148566));
#13350=CARTESIAN_POINT('',(22.9,9.4010098099,-4.997262423869));
#13351=CARTESIAN_POINT('',(22.9,9.4699007438,-4.989448137548));
#13352=CARTESIAN_POINT('',(22.9,9.4699007438,-4.98944813754785));
#13353=CARTESIAN_POINT('',(22.5,9.4699007438,-3.399999999999));
#13354=CARTESIAN_POINT('',(22.9,9.4699007438,-1.81055186245015));
#13355=CARTESIAN_POINT('',(22.9,9.4699007438,-1.81055186245));
#13356=CARTESIAN_POINT('',(22.9,9.4010098099,-1.802737576129));
#13357=CARTESIAN_POINT('',(22.9,9.26323662504,-1.787116851431));
#13358=CARTESIAN_POINT('',(22.9,9.056602993414,-1.763708427343));
#13359=CARTESIAN_POINT('',(22.9,8.918864738412,-1.748117367414));
#13360=CARTESIAN_POINT('',(22.9,8.85,-1.74032534591));
#13361=CARTESIAN_POINT('',(22.9,8.85,-1.74032534591));
#13362=CARTESIAN_POINT('',(22.5,8.85,-3.399999999999));
#13363=CARTESIAN_POINT('',(22.5,8.970884419817,-3.399999999999));
#13364=CARTESIAN_POINT('',(22.9,8.85,-1.74032534591));
#13365=CARTESIAN_POINT('',(22.1,8.85,-1.74032534591));
#13366=CARTESIAN_POINT('',(22.1,8.85,4.850000000001));
#13367=CARTESIAN_POINT('',(22.1,9.65,-4.731202463939));
#13368=CARTESIAN_POINT('',(22.1,9.65000000000029,-4.73120246393902));
#13369=CARTESIAN_POINT('',(22.1,9.65000000000029,-2.06879753605898));
#13370=CARTESIAN_POINT('',(22.1,9.65000000000029,-2.06879753605898));
#13371=CARTESIAN_POINT('',(22.1,9.65067328437961,-2.03833438152017));
#13372=CARTESIAN_POINT('',(22.1,9.64619867375107,-2.00733151735263));
#13373=CARTESIAN_POINT('',(22.1,9.63681591019521,-1.97834150451432));
#13374=CARTESIAN_POINT('',(22.1,9.62742448993596,-1.9493247449781));
#13375=CARTESIAN_POINT('',(22.1,9.61282975025469,-1.92150886769027));
#13376=CARTESIAN_POINT('',(22.1,9.59414080826915,-1.89740711348171));
#13377=CARTESIAN_POINT('',(22.1,9.57592220554657,-1.87391192123472));
#13378=CARTESIAN_POINT('',(22.1,9.55327462432557,-1.85327515858973));
#13379=CARTESIAN_POINT('',(22.1,9.52810339699529,-1.8374526790567));
#13380=CARTESIAN_POINT('',(22.1,9.51000851258226,-1.82607834539704));
#13381=CARTESIAN_POINT('',(22.1,9.4902933700081,-1.81695038606519));
#13382=CARTESIAN_POINT('',(22.1,9.4699007438,-1.81055186244965));
#13383=CARTESIAN_POINT('',(22.1,9.4699007438,-4.98944813754785));
#13384=CARTESIAN_POINT('',(22.1,9.49687660690583,-4.98098401451773));
#13385=CARTESIAN_POINT('',(22.1,9.52273242248309,-4.96765975097283));
#13386=CARTESIAN_POINT('',(22.1,9.54534358309585,-4.9506870085687));
#13387=CARTESIAN_POINT('',(22.1,9.56793704540875,-4.93372755113872));
#13388=CARTESIAN_POINT('',(22.1,9.58791178841176,-4.91267798243868));
#13389=CARTESIAN_POINT('',(22.1,9.60378736228511,-4.88931018644086));
#13390=CARTESIAN_POINT('',(22.1,9.61999162026139,-4.86545858915645));
#13391=CARTESIAN_POINT('',(22.1,9.63236282416877,-4.8385696828688));
#13392=CARTESIAN_POINT('',(22.1,9.64008408140455,-4.81078733494285));
#13393=CARTESIAN_POINT('',(22.1,9.64724250435225,-4.78503015695213));
#13394=CARTESIAN_POINT('',(22.1,9.65059070682147,-4.75792934745721));
#13395=CARTESIAN_POINT('',(22.1,9.65000000000029,-4.73120246393902));
#13396=CARTESIAN_POINT('',(22.1,9.89,4.850000000001));
#13397=CARTESIAN_POINT('',(22.5,9.65,-3.399999999999));
#13398=CARTESIAN_POINT('',(22.5,9.39591718884,-3.399999999999));
#13399=CARTESIAN_POINT('',(22.9,9.65,-3.399999999999));
#13400=CARTESIAN_POINT('',(22.9,9.4699007438,-1.81055186245015));
#13401=CARTESIAN_POINT('',(22.9,9.49687660690583,-1.81901598548027));
#13402=CARTESIAN_POINT('',(22.9,9.52273242248309,-1.83234024902517));
#13403=CARTESIAN_POINT('',(22.9,9.54534358309585,-1.8493129914293));
#13404=CARTESIAN_POINT('',(22.9,9.56793704540875,-1.86627244885928));
#13405=CARTESIAN_POINT('',(22.9,9.58791178841176,-1.88732201755932));
#13406=CARTESIAN_POINT('',(22.9,9.60378736228511,-1.91068981355714));
#13407=CARTESIAN_POINT('',(22.9,9.61999162026139,-1.93454141084155));
#13408=CARTESIAN_POINT('',(22.9,9.63236282416877,-1.9614303171292));
#13409=CARTESIAN_POINT('',(22.9,9.64008408140455,-1.98921266505514));
#13410=CARTESIAN_POINT('',(22.9,9.64724250435225,-2.01496984304586));
#13411=CARTESIAN_POINT('',(22.9,9.65059070682147,-2.04207065254078));
#13412=CARTESIAN_POINT('',(22.9,9.65000000000029,-2.06879753605898));
#13413=CARTESIAN_POINT('',(22.9,9.65000000000029,-2.06879753605898));
#13414=CARTESIAN_POINT('',(22.9,9.65,-2.068797536059));
#13415=CARTESIAN_POINT('',(22.9,9.65000000000029,-4.73120246393902));
#13416=CARTESIAN_POINT('',(22.9,9.65000000000029,-4.73120246393902));
#13417=CARTESIAN_POINT('',(22.9,9.65067328437961,-4.76166561847783));
#13418=CARTESIAN_POINT('',(22.9,9.64619867375107,-4.79266848264537));
#13419=CARTESIAN_POINT('',(22.9,9.63681591019521,-4.82165849548368));
#13420=CARTESIAN_POINT('',(22.9,9.62742448993596,-4.8506752550199));
#13421=CARTESIAN_POINT('',(22.9,9.61282975025469,-4.87849113230773));
#13422=CARTESIAN_POINT('',(22.9,9.59414080826915,-4.90259288651629));
#13423=CARTESIAN_POINT('',(22.9,9.57592220554657,-4.92608807876328));
#13424=CARTESIAN_POINT('',(22.9,9.55327462432557,-4.94672484140827));
#13425=CARTESIAN_POINT('',(22.9,9.52810339699528,-4.9625473209413));
#13426=CARTESIAN_POINT('',(22.9,9.51000851258232,-4.97392165460092));
#13427=CARTESIAN_POINT('',(22.9,9.49029337000803,-4.98304961393232));
#13428=CARTESIAN_POINT('',(22.9,9.4699007438,-4.98944813754785));
#13429=CARTESIAN_POINT('',(22.9,8.85,4.850000000001));
#13430=CARTESIAN_POINT('',(22.5,9.65,-3.399999999999));
#13431=CARTESIAN_POINT('',(22.5,9.39591718884,-3.399999999999));
#13432=CARTESIAN_POINT('',(22.9,9.65,-3.399999999999));
#13433=CARTESIAN_POINT('',(22.5,8.45,-4.949990158131));
#13434=CARTESIAN_POINT('',(22.5,8.45,-1.850009841867));
#13435=CARTESIAN_POINT('',(22.5,8.45,-3.399999999999));
#13436=CARTESIAN_POINT('',(22.5,8.45,-3.399999999999));
#13437=CARTESIAN_POINT('',(17.5,1.,-3.1));
#13438=CARTESIAN_POINT('',(17.5,1.,-2.6));
#13439=CARTESIAN_POINT('',(17.5,1.,-2.6));
#13440=CARTESIAN_POINT('',(17.5,1.1,-3.1));
#13441=CARTESIAN_POINT('',(17.5,1.,-3.1));
#13442=CARTESIAN_POINT('',(17.5,1.,-3.6));
#13443=CARTESIAN_POINT('',(17.5,1.,-3.6));
#13444=CARTESIAN_POINT('',(17.5,1.1,-3.1));
#13445=CARTESIAN_POINT('',(17.5,1.,-3.1));
#13446=CARTESIAN_POINT('',(17.5,1.1,-3.1));
#13447=CARTESIAN_POINT('',(17.5,1.,-3.1));
#13448=CARTESIAN_POINT('',(17.5,1.1,-3.1));
#13449=CARTESIAN_POINT('',(17.5,-3.7,-3.6));
#13450=CARTESIAN_POINT('',(17.5,-3.7,-3.6));
#13451=CARTESIAN_POINT('',(17.5,-3.7,-3.1));
#13452=CARTESIAN_POINT('',(17.5,-3.7,-2.6));
#13453=CARTESIAN_POINT('',(17.5,-3.7,-2.6));
#13454=CARTESIAN_POINT('',(17.5,-3.9,-3.1));
#13455=CARTESIAN_POINT('',(17.5,-3.7,-3.1));
#13456=CARTESIAN_POINT('',(17.5,-3.9,-3.1));
#13457=CARTESIAN_POINT('',(17.5,-3.7,-3.4));
#13458=CARTESIAN_POINT('',(17.5,-3.841421356237,-3.541421356237));
#13459=CARTESIAN_POINT('',(17.5,-3.841421356237,-3.1));
#13460=CARTESIAN_POINT('',(17.5,-3.841421356237,-2.658578643763));
#13461=CARTESIAN_POINT('',(17.5,-3.7,-2.8));
#13462=CARTESIAN_POINT('',(17.5,-3.7,-3.1));
#13463=CARTESIAN_POINT('',(17.5,-3.841421356237,-3.1));
#13464=CARTESIAN_POINT('',(17.5,-3.7,-3.1));
#13465=CARTESIAN_POINT('',(17.5,-3.7,-3.4));
#13466=CARTESIAN_POINT('',(17.5,-3.9,-3.4));
#13467=CARTESIAN_POINT('',(17.5,-3.7,-2.8));
#13468=CARTESIAN_POINT('',(17.5,-3.9,-2.8));
#13469=CARTESIAN_POINT('',(17.5,-3.9,-3.1));
#13470=CARTESIAN_POINT('',(17.5,-3.7,-3.1));
#13471=CARTESIAN_POINT('',(17.5,-3.9,-3.1));
#13472=CARTESIAN_POINT('',(17.5,-3.9,-3.1));
#13473=CARTESIAN_POINT('',(17.5,-3.7,-3.1));
#13474=MECHANICAL_DESIGN_GEOMETRIC_PRESENTATION_REPRESENTATION('',(#102),
#13475);
#13475=(
GEOMETRIC_REPRESENTATION_CONTEXT(3)
GLOBAL_UNCERTAINTY_ASSIGNED_CONTEXT((#13476))
GLOBAL_UNIT_ASSIGNED_CONTEXT((#13482,#13478,#13477))
REPRESENTATION_CONTEXT('DG301-5','TOP_LEVEL_ASSEMBLY_PART')
);
#13476=UNCERTAINTY_MEASURE_WITH_UNIT(LENGTH_MEASURE(0.0508),#13482,
'DISTANCE_ACCURACY_VALUE','Maximum Tolerance applied to model');
#13477=(
NAMED_UNIT(*)
SI_UNIT($,.STERADIAN.)
SOLID_ANGLE_UNIT()
);
#13478=(
CONVERSION_BASED_UNIT('DEGREE',#13480)
NAMED_UNIT(#13479)
PLANE_ANGLE_UNIT()
);
#13479=DIMENSIONAL_EXPONENTS(0.,0.,0.,0.,0.,0.,0.);
#13480=PLANE_ANGLE_MEASURE_WITH_UNIT(PLANE_ANGLE_MEASURE(0.0174532925),
#13481);
#13481=(
NAMED_UNIT(*)
PLANE_ANGLE_UNIT()
SI_UNIT($,.RADIAN.)
);
#13482=(
LENGTH_UNIT()
NAMED_UNIT(*)
SI_UNIT(.MILLI.,.METRE.)
);
ENDSEC;
END-ISO-10303-21;
