ISO-10303-21;
HEADER;
/* Generated by software containing ST-Developer
 * from STEP Tools, Inc. (www.steptools.com) 
 */
/* OPTION: using custom schema-name function */

FILE_DESCRIPTION(
/* description */ (''),
/* implementation_level */ '2;1');

FILE_NAME(
/* name */ 'DG301-5.0-03P-1Y-00A(H).stp',
/* time_stamp */ '2020-05-26T13:38:31+08:00',
/* author */ (''),
/* organization */ (''),
/* preprocessor_version */ 'ST-DEVELOPER v15',
/* originating_system */ 'SIEMENS PLM Software NX 8.5',
/* authorisation */ '');

FILE_SCHEMA (('AP203_CONFIGURATION_CONTROLLED_3D_DESIGN_OF_MECHANICAL_PARTS_AND_ASSEMBLIES_MIM_LF { 1 0 10303 403 2 1 2}'));
ENDSEC;

DATA;
#10=PROPERTY_DEFINITION_REPRESENTATION(#14,#12);
#11=PROPERTY_DEFINITION_REPRESENTATION(#15,#13);
#12=REPRESENTATION('',(#16),#14681);
#13=REPRESENTATION('',(#17),#14681);
#14=PROPERTY_DEFINITION('pmi validation property','',#89);
#15=PROPERTY_DEFINITION('pmi validation property','',#89);
#16=VALUE_REPRESENTATION_ITEM('number of annotations',COUNT_MEASURE(0.));
#17=VALUE_REPRESENTATION_ITEM('number of views',COUNT_MEASURE(0.));
#18=SHAPE_REPRESENTATION_RELATIONSHIP('None',
'relationship between FOB0BCC4F41wxct-None and FOB0BCC4F41wxct-None',#100,
#19);
#19=ADVANCED_BREP_SHAPE_REPRESENTATION('FOB0BCC4F41wxct-None',(#110),#14681);
#20=CC_DESIGN_APPROVAL(#32,(#90));
#21=CC_DESIGN_APPROVAL(#33,(#92));
#22=CC_DESIGN_APPROVAL(#34,(#39));
#23=APPROVAL_PERSON_ORGANIZATION(#77,#32,#26);
#24=APPROVAL_PERSON_ORGANIZATION(#78,#33,#27);
#25=APPROVAL_PERSON_ORGANIZATION(#79,#34,#28);
#26=APPROVAL_ROLE('approver');
#27=APPROVAL_ROLE('approver');
#28=APPROVAL_ROLE('approver');
#29=APPROVAL_DATE_TIME(#47,#32);
#30=APPROVAL_DATE_TIME(#48,#33);
#31=APPROVAL_DATE_TIME(#49,#34);
#32=APPROVAL(#35,' ');
#33=APPROVAL(#36,' ');
#34=APPROVAL(#37,' ');
#35=APPROVAL_STATUS('not_yet_approved');
#36=APPROVAL_STATUS('not_yet_approved');
#37=APPROVAL_STATUS('not_yet_approved');
#38=CC_DESIGN_SECURITY_CLASSIFICATION(#39,(#92));
#39=SECURITY_CLASSIFICATION(' ',' ',#40);
#40=SECURITY_CLASSIFICATION_LEVEL('confidential');
#41=CC_DESIGN_DATE_AND_TIME_ASSIGNMENT(#45,#43,(#90));
#42=CC_DESIGN_DATE_AND_TIME_ASSIGNMENT(#46,#44,(#39));
#43=DATE_TIME_ROLE('creation_date');
#44=DATE_TIME_ROLE('classification_date');
#45=DATE_AND_TIME(#60,#50);
#46=DATE_AND_TIME(#61,#51);
#47=DATE_AND_TIME(#62,#52);
#48=DATE_AND_TIME(#63,#53);
#49=DATE_AND_TIME(#64,#54);
#50=LOCAL_TIME(0,0,0.,#55);
#51=LOCAL_TIME(0,0,0.,#56);
#52=LOCAL_TIME(0,0,0.,#57);
#53=LOCAL_TIME(0,0,0.,#58);
#54=LOCAL_TIME(0,0,0.,#59);
#55=COORDINATED_UNIVERSAL_TIME_OFFSET(0,0,.BEHIND.);
#56=COORDINATED_UNIVERSAL_TIME_OFFSET(0,0,.BEHIND.);
#57=COORDINATED_UNIVERSAL_TIME_OFFSET(0,0,.BEHIND.);
#58=COORDINATED_UNIVERSAL_TIME_OFFSET(0,0,.BEHIND.);
#59=COORDINATED_UNIVERSAL_TIME_OFFSET(0,0,.BEHIND.);
#60=CALENDAR_DATE(0,1,1);
#61=CALENDAR_DATE(0,1,1);
#62=CALENDAR_DATE(0,1,1);
#63=CALENDAR_DATE(0,1,1);
#64=CALENDAR_DATE(0,1,1);
#65=CC_DESIGN_PERSON_AND_ORGANIZATION_ASSIGNMENT(#73,#69,(#90,#92));
#66=CC_DESIGN_PERSON_AND_ORGANIZATION_ASSIGNMENT(#74,#70,(#94));
#67=CC_DESIGN_PERSON_AND_ORGANIZATION_ASSIGNMENT(#75,#71,(#92));
#68=CC_DESIGN_PERSON_AND_ORGANIZATION_ASSIGNMENT(#76,#72,(#39));
#69=PERSON_AND_ORGANIZATION_ROLE('creator');
#70=PERSON_AND_ORGANIZATION_ROLE('design_owner');
#71=PERSON_AND_ORGANIZATION_ROLE('design_supplier');
#72=PERSON_AND_ORGANIZATION_ROLE('classification_officer');
#73=PERSON_AND_ORGANIZATION(#87,#80);
#74=PERSON_AND_ORGANIZATION(#87,#81);
#75=PERSON_AND_ORGANIZATION(#87,#82);
#76=PERSON_AND_ORGANIZATION(#87,#83);
#77=PERSON_AND_ORGANIZATION(#87,#84);
#78=PERSON_AND_ORGANIZATION(#87,#85);
#79=PERSON_AND_ORGANIZATION(#87,#86);
#80=ORGANIZATION(' ',' ',' ');
#81=ORGANIZATION(' ',' ',' ');
#82=ORGANIZATION(' ',' ',' ');
#83=ORGANIZATION(' ',' ',' ');
#84=ORGANIZATION(' ',' ',' ');
#85=ORGANIZATION(' ',' ',' ');
#86=ORGANIZATION(' ',' ',' ');
#87=PERSON(' ',' ',' ',(' '),$,$);
#88=SHAPE_DEFINITION_REPRESENTATION(#89,#100);
#89=PRODUCT_DEFINITION_SHAPE('','',#90);
#90=PRODUCT_DEFINITION(' ','',#92,#91);
#91=DESIGN_CONTEXT('',#99,'design');
#92=PRODUCT_DEFINITION_FORMATION_WITH_SPECIFIED_SOURCE(' ',' ',#94,
 .NOT_KNOWN.);
#93=PRODUCT_RELATED_PRODUCT_CATEGORY('detail','',(#94));
#94=PRODUCT('FOB0BCC4F41wxct','FOB0BCC4F41wxct',' ',(#97));
#95=PRODUCT_CATEGORY('part',' ');
#96=PRODUCT_CATEGORY(' ','');
#97=MECHANICAL_CONTEXT(' ',#99,'mechanical');
#98=APPLICATION_PROTOCOL_DEFINITION('international standard',
'config_control_design',2010,#99);
#99=APPLICATION_CONTEXT(
'configuration controlled 3D designs of mechanical parts and assemblie
s');
#100=SHAPE_REPRESENTATION('FOB0BCC4F41wxct-None',(#8940),#14681);
#101=PRESENTATION_LAYER_ASSIGNMENT('1','Layer 1',(#110));
#102=STYLED_ITEM('',(#103),#110);
#103=PRESENTATION_STYLE_ASSIGNMENT((#104));
#104=SURFACE_STYLE_USAGE(.BOTH.,#105);
#105=SURFACE_SIDE_STYLE('',(#106));
#106=SURFACE_STYLE_FILL_AREA(#107);
#107=FILL_AREA_STYLE('',(#108));
#108=FILL_AREA_STYLE_COLOUR('',#109);
#109=COLOUR_RGB('Emerald',0.,0.6,0.);
#110=MANIFOLD_SOLID_BREP('',#111);
#111=CLOSED_SHELL('',(#277,#278,#279,#280,#281,#282,#283,#284,#285,#286,
#287,#288,#289,#290,#291,#292,#293,#294,#295,#296,#297,#298,#299,#300,#301,
#302,#303,#304,#305,#306,#307,#308,#309,#310,#311,#312,#313,#314,#315,#316,
#317,#318,#319,#320,#321,#322,#323,#324,#325,#326,#327,#328,#329,#330,#331,
#332,#333,#334,#335,#336,#337,#338,#339,#340,#341,#342,#343,#344,#345,#346,
#347,#348,#349,#350,#351,#352,#353,#354,#355,#356,#357,#358,#359,#360,#361,
#362,#363,#364,#365,#366,#367,#368,#369,#370,#371,#372,#373,#374,#375,#376,
#377,#378,#379,#380,#381,#382,#383,#384,#385,#386,#387,#388,#389,#390,#391,
#392,#393,#394,#395,#396,#397,#398,#399,#400,#401,#402,#403,#404,#405,#406,
#407,#408,#409,#410,#411,#412,#413,#414,#415,#416,#417,#418,#419,#420,#421,
#422,#423,#424,#425,#426,#427,#428,#429,#430,#431,#432,#433,#434,#435,#436,
#437,#438,#439,#440,#441,#442,#443,#444,#445,#446,#447,#448,#449,#450,#451,
#452,#453,#454,#455,#456,#457,#458,#459,#460,#461,#462,#463,#464,#465,#466,
#467,#468,#469,#470,#471,#472,#473,#474,#475,#476,#477,#478,#479,#480,#481,
#482,#483,#484,#485,#486,#487,#488,#489,#490,#491,#492,#493,#494,#495,#496,
#497,#498,#499,#500,#501,#502,#503,#504,#505,#506,#507,#508,#509,#510,#511,
#512,#513,#514,#515,#516,#517,#518,#519,#520,#521,#522,#523,#524,#525,#526,
#527,#528,#529,#530,#531,#532,#533,#534,#535,#536,#537,#538,#539,#540,#541,
#542,#543,#544,#545,#546,#547,#548,#549,#550,#551,#552,#553,#554,#555,#556,
#557,#558,#559,#560,#561,#562,#563,#564,#565,#566,#567,#568,#569,#570,#571,
#572,#573,#574,#575,#576,#577,#578,#579,#580,#581,#582,#583,#584,#585,#586,
#587,#588,#589,#590,#591,#592,#593,#594,#595,#596,#597,#598,#599,#600,#601,
#602,#603,#604,#605,#606,#607,#608,#609,#610,#611,#612,#613,#614,#615,#616,
#617,#618,#619,#620,#621,#622,#623,#624,#625,#626,#627,#628,#629,#630,#631,
#632,#633,#634,#635,#636,#637,#638,#639,#640,#641,#642,#643,#644,#645,#646,
#647,#648,#649,#650,#651,#652,#653,#654,#655,#656,#657,#658,#659,#660,#661,
#662,#663,#664,#665,#666,#667,#668,#669,#670,#671,#672,#673,#674,#675,#676,
#677,#678,#679,#680,#681,#682,#683,#684,#685,#686,#687,#688,#689,#690,#691,
#692,#693,#694,#695,#696,#697,#698,#699,#700,#701,#702,#703,#704,#705,#706,
#707,#708,#709,#710,#711,#712,#713,#714,#715,#716,#717,#718,#719,#720,#721,
#722,#723,#724,#725,#726,#727,#728));
#112=CONICAL_SURFACE('',#9413,1.693899233681,6.277298489594);
#113=CONICAL_SURFACE('',#9414,1.693899233681,6.277298489594);
#114=CONICAL_SURFACE('',#9423,0.6,45.);
#115=CONICAL_SURFACE('',#9424,0.6,45.);
#116=CONICAL_SURFACE('',#9425,0.6,45.);
#117=CONICAL_SURFACE('',#9426,0.6,45.);
#118=CONICAL_SURFACE('',#9455,1.693899233681,6.277298489594);
#119=CONICAL_SURFACE('',#9456,1.693899233681,6.277298489594);
#120=CONICAL_SURFACE('',#9465,0.6,45.);
#121=CONICAL_SURFACE('',#9466,0.6,45.);
#122=CONICAL_SURFACE('',#9467,0.6,45.);
#123=CONICAL_SURFACE('',#9468,0.6,45.);
#124=CONICAL_SURFACE('',#9497,1.693899233681,6.277298489594);
#125=CONICAL_SURFACE('',#9498,1.693899233681,6.277298489594);
#126=CONICAL_SURFACE('',#9507,0.6,45.);
#127=CONICAL_SURFACE('',#9508,0.6,45.);
#128=CONICAL_SURFACE('',#9509,0.6,45.);
#129=CONICAL_SURFACE('',#9510,0.6,45.);
#130=TOROIDAL_SURFACE('',#9054,8.00499999996483,6.25999999996494);
#131=TOROIDAL_SURFACE('',#9060,8.00499999996483,6.25999999996494);
#132=TOROIDAL_SURFACE('',#9066,8.00499999996483,6.25999999996494);
#133=TOROIDAL_SURFACE('',#9403,1.395863671586,0.2541504624661);
#134=TOROIDAL_SURFACE('',#9406,1.395863671586,0.2541504624661);
#135=TOROIDAL_SURFACE('',#9430,0.3,0.2);
#136=TOROIDAL_SURFACE('',#9432,0.3,0.2);
#137=TOROIDAL_SURFACE('',#9436,0.3,0.2);
#138=TOROIDAL_SURFACE('',#9439,0.3,0.2);
#139=TOROIDAL_SURFACE('',#9445,1.395863671586,0.2541504624661);
#140=TOROIDAL_SURFACE('',#9448,1.395863671586,0.2541504624661);
#141=TOROIDAL_SURFACE('',#9472,0.3,0.2);
#142=TOROIDAL_SURFACE('',#9474,0.3,0.2);
#143=TOROIDAL_SURFACE('',#9478,0.3,0.2);
#144=TOROIDAL_SURFACE('',#9481,0.3,0.2);
#145=TOROIDAL_SURFACE('',#9487,1.395863671586,0.2541504624661);
#146=TOROIDAL_SURFACE('',#9490,1.395863671586,0.2541504624661);
#147=TOROIDAL_SURFACE('',#9514,0.3,0.2);
#148=TOROIDAL_SURFACE('',#9516,0.3,0.2);
#149=TOROIDAL_SURFACE('',#9520,0.3,0.2);
#150=TOROIDAL_SURFACE('',#9523,0.3,0.2);
#151=ELLIPSE('',#9015,1.17395285515335,0.55);
#152=ELLIPSE('',#9018,1.17395285515335,0.55);
#153=ELLIPSE('',#9020,1.17395285515335,0.55);
#154=ELLIPSE('',#9021,1.17395285515335,0.55);
#155=ELLIPSE('',#9022,1.17395285515335,0.55);
#156=ELLIPSE('',#9023,1.17395285515335,0.55);
#157=CYLINDRICAL_SURFACE('',#9004,0.55);
#158=CYLINDRICAL_SURFACE('',#9011,0.5500000000001);
#159=CYLINDRICAL_SURFACE('',#9016,0.55);
#160=CYLINDRICAL_SURFACE('',#9019,0.55);
#161=CYLINDRICAL_SURFACE('',#9026,0.55);
#162=CYLINDRICAL_SURFACE('',#9028,0.55);
#163=CYLINDRICAL_SURFACE('',#9031,0.55);
#164=CYLINDRICAL_SURFACE('',#9033,0.55);
#165=CYLINDRICAL_SURFACE('',#9038,0.5499999999999);
#166=CYLINDRICAL_SURFACE('',#9047,0.1);
#167=CYLINDRICAL_SURFACE('',#9048,0.1);
#168=CYLINDRICAL_SURFACE('',#9053,1.765);
#169=CYLINDRICAL_SURFACE('',#9056,1.765);
#170=CYLINDRICAL_SURFACE('',#9058,1.765);
#171=CYLINDRICAL_SURFACE('',#9062,1.765);
#172=CYLINDRICAL_SURFACE('',#9064,1.765);
#173=CYLINDRICAL_SURFACE('',#9068,1.765);
#174=CYLINDRICAL_SURFACE('',#9069,0.1);
#175=CYLINDRICAL_SURFACE('',#9070,0.1);
#176=CYLINDRICAL_SURFACE('',#9418,0.5);
#177=CYLINDRICAL_SURFACE('',#9422,0.5);
#178=CYLINDRICAL_SURFACE('',#9460,0.5);
#179=CYLINDRICAL_SURFACE('',#9464,0.5);
#180=CYLINDRICAL_SURFACE('',#9502,0.5);
#181=CYLINDRICAL_SURFACE('',#9506,0.5);
#182=B_SPLINE_CURVE_WITH_KNOTS('',3,(#12408,#12409,#12410,#12411),
 .UNSPECIFIED.,.F.,.F.,(4,4),(0.,1.),.UNSPECIFIED.);
#183=B_SPLINE_CURVE_WITH_KNOTS('',3,(#12417,#12418,#12419,#12420),
 .UNSPECIFIED.,.F.,.F.,(4,4),(0.,1.),.UNSPECIFIED.);
#184=B_SPLINE_CURVE_WITH_KNOTS('',3,(#12431,#12432,#12433,#12434),
 .UNSPECIFIED.,.F.,.F.,(4,4),(0.,1.),.UNSPECIFIED.);
#185=B_SPLINE_CURVE_WITH_KNOTS('',3,(#12442,#12443,#12444,#12445),
 .UNSPECIFIED.,.F.,.F.,(4,4),(0.,1.),.UNSPECIFIED.);
#186=B_SPLINE_CURVE_WITH_KNOTS('',3,(#12454,#12455,#12456,#12457),
 .UNSPECIFIED.,.F.,.F.,(4,4),(0.,1.),.UNSPECIFIED.);
#187=B_SPLINE_CURVE_WITH_KNOTS('',3,(#12463,#12464,#12465,#12466),
 .UNSPECIFIED.,.F.,.F.,(4,4),(0.,1.),.UNSPECIFIED.);
#188=B_SPLINE_CURVE_WITH_KNOTS('',3,(#12477,#12478,#12479,#12480),
 .UNSPECIFIED.,.F.,.F.,(4,4),(0.,1.),.UNSPECIFIED.);
#189=B_SPLINE_CURVE_WITH_KNOTS('',3,(#12488,#12489,#12490,#12491),
 .UNSPECIFIED.,.F.,.F.,(4,4),(0.,1.),.UNSPECIFIED.);
#190=B_SPLINE_CURVE_WITH_KNOTS('',3,(#12500,#12501,#12502,#12503),
 .UNSPECIFIED.,.F.,.F.,(4,4),(0.,1.),.UNSPECIFIED.);
#191=B_SPLINE_CURVE_WITH_KNOTS('',3,(#12509,#12510,#12511,#12512),
 .UNSPECIFIED.,.F.,.F.,(4,4),(0.,1.),.UNSPECIFIED.);
#192=B_SPLINE_CURVE_WITH_KNOTS('',3,(#12523,#12524,#12525,#12526),
 .UNSPECIFIED.,.F.,.F.,(4,4),(0.,1.),.UNSPECIFIED.);
#193=B_SPLINE_CURVE_WITH_KNOTS('',3,(#12534,#12535,#12536,#12537),
 .UNSPECIFIED.,.F.,.F.,(4,4),(0.,1.),.UNSPECIFIED.);
#194=B_SPLINE_CURVE_WITH_KNOTS('',3,(#12543,#12544,#12545,#12546,#12547,
#12548,#12549),.UNSPECIFIED.,.F.,.F.,(4,3,4),(0.,0.711500946391197,1.),
 .UNSPECIFIED.);
#195=B_SPLINE_CURVE_WITH_KNOTS('',3,(#12560,#12561,#12562,#12563,#12564,
#12565,#12566),.UNSPECIFIED.,.F.,.F.,(4,3,4),(0.,0.288499052510091,1.),
 .UNSPECIFIED.);
#196=B_SPLINE_CURVE_WITH_KNOTS('',3,(#12577,#12578,#12579,#12580,#12581,
#12582,#12583),.UNSPECIFIED.,.F.,.F.,(4,3,4),(0.,0.711500946391221,1.),
 .UNSPECIFIED.);
#197=B_SPLINE_CURVE_WITH_KNOTS('',3,(#12594,#12595,#12596,#12597,#12598,
#12599,#12600),.UNSPECIFIED.,.F.,.F.,(4,3,4),(0.,0.288499052506976,1.),
 .UNSPECIFIED.);
#198=B_SPLINE_CURVE_WITH_KNOTS('',3,(#12688,#12689,#12690,#12691),
 .UNSPECIFIED.,.F.,.F.,(4,4),(0.,1.),.UNSPECIFIED.);
#199=B_SPLINE_CURVE_WITH_KNOTS('',3,(#12692,#12693,#12694,#12695),
 .UNSPECIFIED.,.F.,.F.,(4,4),(0.,1.),.UNSPECIFIED.);
#200=B_SPLINE_CURVE_WITH_KNOTS('',3,(#12712,#12713,#12714,#12715),
 .UNSPECIFIED.,.F.,.F.,(4,4),(0.,1.),.UNSPECIFIED.);
#201=B_SPLINE_CURVE_WITH_KNOTS('',3,(#12716,#12717,#12718,#12719),
 .UNSPECIFIED.,.F.,.F.,(4,4),(0.,1.),.UNSPECIFIED.);
#202=B_SPLINE_CURVE_WITH_KNOTS('',3,(#12774,#12775,#12776,#12777,#12778,
#12779,#12780),.UNSPECIFIED.,.F.,.F.,(4,3,4),(0.,0.288499053609298,1.),
 .UNSPECIFIED.);
#203=B_SPLINE_CURVE_WITH_KNOTS('',3,(#12785,#12786,#12787,#12788),
 .UNSPECIFIED.,.F.,.F.,(4,4),(0.,1.),.UNSPECIFIED.);
#204=B_SPLINE_CURVE_WITH_KNOTS('',3,(#12789,#12790,#12791,#12792),
 .UNSPECIFIED.,.F.,.F.,(4,4),(0.,1.),.UNSPECIFIED.);
#205=B_SPLINE_CURVE_WITH_KNOTS('',3,(#12796,#12797,#12798,#12799,#12800,
#12801,#12802),.UNSPECIFIED.,.F.,.F.,(4,3,4),(0.,0.711500947496208,1.),
 .UNSPECIFIED.);
#206=B_SPLINE_CURVE_WITH_KNOTS('',3,(#12833,#12834,#12835,#12836,#12837,
#12838,#12839,#12840,#12841,#12842,#12843,#12844,#12845,#12846,#12847,#12848,
#12849,#12850,#12851,#12852,#12853,#12854,#12855,#12856,#12857,#12858,#12859,
#12860,#12861,#12862,#12863,#12864,#12865,#12866,#12867,#12868,#12869,#12870,
#12871,#12872,#12873,#12874,#12875,#12876,#12877,#12878,#12879,#12880,#12881,
#12882,#12883,#12884,#12885,#12886,#12887,#12888,#12889,#12890,#12891,#12892,
#12893),.UNSPECIFIED.,.T.,.F.,(1,3,3,3,3,3,3,3,3,3,3,3,3,3,3,3,3,3,3,3,
3,3,1),(-0.0168384427893303,0.,0.0370817803867424,0.090962181432744,0.144749805131218,
0.198432869654031,0.252030121309706,0.305580075472451,0.35913080936171,
0.412730137171817,0.466415907019775,0.499793582581898,0.553707906533253,
0.607622909035922,0.661519269768205,0.715274498397327,0.768797701333764,
0.822167197110697,0.875619973617331,0.929300563009975,0.98316155721067,
1.,1.03708178038674),.UNSPECIFIED.);
#207=B_SPLINE_CURVE_WITH_KNOTS('',3,(#14240,#14241,#14242,#14243,#14244,
#14245,#14246,#14247,#14248,#14249,#14250,#14251,#14252),.UNSPECIFIED.,
 .F.,.F.,(4,3,3,3,4),(0.,0.252480427860252,0.504621036099381,0.761964408885836,
1.),.UNSPECIFIED.);
#208=B_SPLINE_CURVE_WITH_KNOTS('',3,(#14256,#14257,#14258,#14259,#14260,
#14261,#14262,#14263,#14264,#14265,#14266,#14267,#14268),.UNSPECIFIED.,
 .F.,.F.,(4,3,3,3,4),(0.,0.272131333155112,0.544698073187775,0.810392649840828,
1.),.UNSPECIFIED.);
#209=B_SPLINE_CURVE_WITH_KNOTS('',3,(#14270,#14271,#14272,#14273,#14274,
#14275),.UNSPECIFIED.,.F.,.F.,(4,1,1,4),(0.,0.3333333333333,0.6666666666667,
1.),.UNSPECIFIED.);
#210=B_SPLINE_CURVE_WITH_KNOTS('',3,(#14279,#14280,#14281,#14282,#14283,
#14284),.UNSPECIFIED.,.F.,.F.,(4,1,1,4),(0.,0.3333333333333,0.6666666666667,
1.),.UNSPECIFIED.);
#211=B_SPLINE_CURVE_WITH_KNOTS('',3,(#14286,#14287,#14288,#14289,#14290,
#14291,#14292,#14293,#14294,#14295,#14296,#14297,#14298),.UNSPECIFIED.,
 .F.,.F.,(4,3,3,3,4),(0.,0.272131333155284,0.544698073188116,0.810392649841336,
1.),.UNSPECIFIED.);
#212=B_SPLINE_CURVE_WITH_KNOTS('',3,(#14300,#14301,#14302,#14303,#14304,
#14305,#14306,#14307,#14308,#14309,#14310,#14311,#14312),.UNSPECIFIED.,
 .F.,.F.,(4,3,3,3,4),(0.,0.252480427860251,0.504621036099381,0.76196440888584,
1.),.UNSPECIFIED.);
#213=B_SPLINE_CURVE_WITH_KNOTS('',3,(#14316,#14317,#14318,#14319,#14320,
#14321),.UNSPECIFIED.,.F.,.F.,(4,1,1,4),(0.,0.3333333333333,0.6666666666667,
1.),.UNSPECIFIED.);
#214=B_SPLINE_CURVE_WITH_KNOTS('',3,(#14323,#14324,#14325,#14326,#14327,
#14328),.UNSPECIFIED.,.F.,.F.,(4,1,1,4),(0.,0.3333333333333,0.6666666666667,
1.),.UNSPECIFIED.);
#215=B_SPLINE_CURVE_WITH_KNOTS('',3,(#14390,#14391,#14392,#14393,#14394,
#14395,#14396,#14397,#14398,#14399,#14400,#14401,#14402),.UNSPECIFIED.,
 .F.,.F.,(4,3,3,3,4),(0.,0.252480427860248,0.504621036099378,0.761964408885834,
1.),.UNSPECIFIED.);
#216=B_SPLINE_CURVE_WITH_KNOTS('',3,(#14406,#14407,#14408,#14409,#14410,
#14411,#14412,#14413,#14414,#14415,#14416,#14417,#14418),.UNSPECIFIED.,
 .F.,.F.,(4,3,3,3,4),(0.,0.272131333155115,0.544698073187777,0.810392649840834,
1.),.UNSPECIFIED.);
#217=B_SPLINE_CURVE_WITH_KNOTS('',3,(#14420,#14421,#14422,#14423,#14424,
#14425),.UNSPECIFIED.,.F.,.F.,(4,1,1,4),(0.,0.3333333333333,0.6666666666667,
1.),.UNSPECIFIED.);
#218=B_SPLINE_CURVE_WITH_KNOTS('',3,(#14429,#14430,#14431,#14432,#14433,
#14434),.UNSPECIFIED.,.F.,.F.,(4,1,1,4),(0.,0.3333333333333,0.6666666666667,
1.),.UNSPECIFIED.);
#219=B_SPLINE_CURVE_WITH_KNOTS('',3,(#14436,#14437,#14438,#14439,#14440,
#14441,#14442,#14443,#14444,#14445,#14446,#14447,#14448),.UNSPECIFIED.,
 .F.,.F.,(4,3,3,3,4),(0.,0.272131333155286,0.544698073188123,0.810392649841341,
1.),.UNSPECIFIED.);
#220=B_SPLINE_CURVE_WITH_KNOTS('',3,(#14450,#14451,#14452,#14453,#14454,
#14455,#14456,#14457,#14458,#14459,#14460,#14461,#14462),.UNSPECIFIED.,
 .F.,.F.,(4,3,3,3,4),(0.,0.252480427860261,0.504621036099393,0.761964408885849,
1.),.UNSPECIFIED.);
#221=B_SPLINE_CURVE_WITH_KNOTS('',3,(#14466,#14467,#14468,#14469,#14470,
#14471),.UNSPECIFIED.,.F.,.F.,(4,1,1,4),(0.,0.3333333333333,0.6666666666667,
1.),.UNSPECIFIED.);
#222=B_SPLINE_CURVE_WITH_KNOTS('',3,(#14473,#14474,#14475,#14476,#14477,
#14478),.UNSPECIFIED.,.F.,.F.,(4,1,1,4),(0.,0.3333333333333,0.6666666666667,
1.),.UNSPECIFIED.);
#223=B_SPLINE_CURVE_WITH_KNOTS('',3,(#14540,#14541,#14542,#14543,#14544,
#14545,#14546,#14547,#14548,#14549,#14550,#14551,#14552),.UNSPECIFIED.,
 .F.,.F.,(4,3,3,3,4),(0.,0.252480427860256,0.504621036099388,0.761964408885841,
1.),.UNSPECIFIED.);
#224=B_SPLINE_CURVE_WITH_KNOTS('',3,(#14556,#14557,#14558,#14559,#14560,
#14561,#14562,#14563,#14564,#14565,#14566,#14567,#14568),.UNSPECIFIED.,
 .F.,.F.,(4,3,3,3,4),(0.,0.272131333155112,0.544698073187775,0.810392649840828,
1.),.UNSPECIFIED.);
#225=B_SPLINE_CURVE_WITH_KNOTS('',3,(#14570,#14571,#14572,#14573,#14574,
#14575),.UNSPECIFIED.,.F.,.F.,(4,1,1,4),(0.,0.3333333333333,0.6666666666667,
1.),.UNSPECIFIED.);
#226=B_SPLINE_CURVE_WITH_KNOTS('',3,(#14579,#14580,#14581,#14582,#14583,
#14584),.UNSPECIFIED.,.F.,.F.,(4,1,1,4),(0.,0.3333333333333,0.6666666666667,
1.),.UNSPECIFIED.);
#227=B_SPLINE_CURVE_WITH_KNOTS('',3,(#14586,#14587,#14588,#14589,#14590,
#14591,#14592,#14593,#14594,#14595,#14596,#14597,#14598),.UNSPECIFIED.,
 .F.,.F.,(4,3,3,3,4),(0.,0.272131333155284,0.544698073188116,0.810392649841341,
1.),.UNSPECIFIED.);
#228=B_SPLINE_CURVE_WITH_KNOTS('',3,(#14600,#14601,#14602,#14603,#14604,
#14605,#14606,#14607,#14608,#14609,#14610,#14611,#14612),.UNSPECIFIED.,
 .F.,.F.,(4,3,3,3,4),(0.,0.252480427860257,0.504621036099391,0.761964408885848,
1.),.UNSPECIFIED.);
#229=B_SPLINE_CURVE_WITH_KNOTS('',3,(#14616,#14617,#14618,#14619,#14620,
#14621),.UNSPECIFIED.,.F.,.F.,(4,1,1,4),(0.,0.3333333333333,0.6666666666667,
1.),.UNSPECIFIED.);
#230=B_SPLINE_CURVE_WITH_KNOTS('',3,(#14623,#14624,#14625,#14626,#14627,
#14628),.UNSPECIFIED.,.F.,.F.,(4,1,1,4),(0.,0.3333333333333,0.6666666666667,
1.),.UNSPECIFIED.);
#231=FACE_BOUND('',#1563,.T.);
#232=FACE_BOUND('',#1564,.T.);
#233=FACE_BOUND('',#1565,.T.);
#234=FACE_BOUND('',#1566,.T.);
#235=FACE_BOUND('',#1567,.T.);
#236=FACE_BOUND('',#1568,.T.);
#237=FACE_BOUND('',#1569,.T.);
#238=FACE_BOUND('',#1570,.T.);
#239=FACE_BOUND('',#1597,.T.);
#240=FACE_BOUND('',#1598,.T.);
#241=FACE_BOUND('',#1599,.T.);
#242=FACE_BOUND('',#1600,.T.);
#243=FACE_BOUND('',#1607,.T.);
#244=FACE_BOUND('',#1608,.T.);
#245=FACE_BOUND('',#1609,.T.);
#246=FACE_BOUND('',#1610,.T.);
#247=FACE_BOUND('',#1630,.T.);
#248=FACE_BOUND('',#1631,.T.);
#249=FACE_BOUND('',#1632,.T.);
#250=FACE_BOUND('',#1633,.T.);
#251=FACE_BOUND('',#1634,.T.);
#252=FACE_BOUND('',#1635,.T.);
#253=FACE_BOUND('',#1636,.T.);
#254=FACE_BOUND('',#1637,.T.);
#255=FACE_BOUND('',#1638,.T.);
#256=FACE_BOUND('',#1639,.T.);
#257=FACE_BOUND('',#1640,.T.);
#258=FACE_BOUND('',#1641,.T.);
#259=FACE_BOUND('',#1642,.T.);
#260=FACE_BOUND('',#1643,.T.);
#261=FACE_BOUND('',#1644,.T.);
#262=FACE_BOUND('',#1645,.T.);
#263=FACE_BOUND('',#1646,.T.);
#264=FACE_BOUND('',#1647,.T.);
#265=FACE_BOUND('',#1664,.T.);
#266=FACE_BOUND('',#1665,.T.);
#267=FACE_BOUND('',#1724,.T.);
#268=FACE_BOUND('',#1725,.T.);
#269=FACE_BOUND('',#1956,.T.);
#270=FACE_BOUND('',#1957,.T.);
#271=FACE_BOUND('',#1959,.T.);
#272=FACE_BOUND('',#1960,.T.);
#273=FACE_BOUND('',#1961,.T.);
#274=FACE_BOUND('',#1962,.T.);
#275=FACE_BOUND('',#1963,.T.);
#276=FACE_BOUND('',#1964,.T.);
#277=ADVANCED_FACE('',(#1117),#729,.T.);
#278=ADVANCED_FACE('',(#1118),#730,.T.);
#279=ADVANCED_FACE('',(#1119),#731,.T.);
#280=ADVANCED_FACE('',(#1120),#732,.T.);
#281=ADVANCED_FACE('',(#1121),#733,.T.);
#282=ADVANCED_FACE('',(#1122),#734,.T.);
#283=ADVANCED_FACE('',(#1123),#735,.F.);
#284=ADVANCED_FACE('',(#1124),#736,.F.);
#285=ADVANCED_FACE('',(#1125),#737,.F.);
#286=ADVANCED_FACE('',(#1126),#738,.F.);
#287=ADVANCED_FACE('',(#1127),#739,.F.);
#288=ADVANCED_FACE('',(#1128),#740,.F.);
#289=ADVANCED_FACE('',(#231,#232,#233,#234,#235,#236,#237,#238),#741,.T.);
#290=ADVANCED_FACE('',(#1129),#742,.F.);
#291=ADVANCED_FACE('',(#1130),#743,.F.);
#292=ADVANCED_FACE('',(#1131),#744,.F.);
#293=ADVANCED_FACE('',(#1132),#745,.F.);
#294=ADVANCED_FACE('',(#1133),#746,.F.);
#295=ADVANCED_FACE('',(#1134),#747,.F.);
#296=ADVANCED_FACE('',(#1135),#748,.F.);
#297=ADVANCED_FACE('',(#1136),#749,.F.);
#298=ADVANCED_FACE('',(#1137),#750,.F.);
#299=ADVANCED_FACE('',(#1138),#751,.F.);
#300=ADVANCED_FACE('',(#1139),#752,.F.);
#301=ADVANCED_FACE('',(#1140),#753,.F.);
#302=ADVANCED_FACE('',(#1141),#754,.F.);
#303=ADVANCED_FACE('',(#1142),#755,.T.);
#304=ADVANCED_FACE('',(#1143),#756,.T.);
#305=ADVANCED_FACE('',(#1144),#757,.T.);
#306=ADVANCED_FACE('',(#1145),#758,.T.);
#307=ADVANCED_FACE('',(#1146),#759,.T.);
#308=ADVANCED_FACE('',(#1147),#760,.F.);
#309=ADVANCED_FACE('',(#1148),#761,.F.);
#310=ADVANCED_FACE('',(#1149),#762,.F.);
#311=ADVANCED_FACE('',(#1150),#763,.T.);
#312=ADVANCED_FACE('',(#1151),#764,.F.);
#313=ADVANCED_FACE('',(#1152),#765,.F.);
#314=ADVANCED_FACE('',(#1153),#157,.F.);
#315=ADVANCED_FACE('',(#1154),#766,.F.);
#316=ADVANCED_FACE('',(#239,#240,#241,#242),#767,.F.);
#317=ADVANCED_FACE('',(#1155),#768,.F.);
#318=ADVANCED_FACE('',(#1156),#158,.F.);
#319=ADVANCED_FACE('',(#1157),#769,.F.);
#320=ADVANCED_FACE('',(#1158),#770,.F.);
#321=ADVANCED_FACE('',(#1159),#159,.F.);
#322=ADVANCED_FACE('',(#1160),#160,.F.);
#323=ADVANCED_FACE('',(#243,#244,#245,#246),#771,.F.);
#324=ADVANCED_FACE('',(#1161),#161,.F.);
#325=ADVANCED_FACE('',(#1162),#162,.F.);
#326=ADVANCED_FACE('',(#1163),#772,.F.);
#327=ADVANCED_FACE('',(#1164),#163,.F.);
#328=ADVANCED_FACE('',(#1165),#164,.F.);
#329=ADVANCED_FACE('',(#1166),#773,.F.);
#330=ADVANCED_FACE('',(#1167),#774,.F.);
#331=ADVANCED_FACE('',(#1168),#775,.F.);
#332=ADVANCED_FACE('',(#1169),#776,.F.);
#333=ADVANCED_FACE('',(#1170),#165,.F.);
#334=ADVANCED_FACE('',(#1171),#777,.F.);
#335=ADVANCED_FACE('',(#1172),#778,.T.);
#336=ADVANCED_FACE('',(#1173),#779,.F.);
#337=ADVANCED_FACE('',(#1174),#780,.T.);
#338=ADVANCED_FACE('',(#1175),#166,.T.);
#339=ADVANCED_FACE('',(#1176),#167,.T.);
#340=ADVANCED_FACE('',(#1177),#781,.T.);
#341=ADVANCED_FACE('',(#1178),#782,.F.);
#342=ADVANCED_FACE('',(#1179),#783,.F.);
#343=ADVANCED_FACE('',(#247,#248),#168,.F.);
#344=ADVANCED_FACE('',(#249,#250),#130,.T.);
#345=ADVANCED_FACE('',(#251,#252),#169,.F.);
#346=ADVANCED_FACE('',(#253,#254),#170,.F.);
#347=ADVANCED_FACE('',(#255,#256),#131,.T.);
#348=ADVANCED_FACE('',(#257,#258),#171,.F.);
#349=ADVANCED_FACE('',(#259,#260),#172,.F.);
#350=ADVANCED_FACE('',(#261,#262),#132,.T.);
#351=ADVANCED_FACE('',(#263,#264),#173,.F.);
#352=ADVANCED_FACE('',(#1180),#174,.F.);
#353=ADVANCED_FACE('',(#1181),#175,.F.);
#354=ADVANCED_FACE('',(#1182),#784,.T.);
#355=ADVANCED_FACE('',(#1183),#785,.T.);
#356=ADVANCED_FACE('',(#1184),#786,.T.);
#357=ADVANCED_FACE('',(#1185),#787,.T.);
#358=ADVANCED_FACE('',(#1186),#788,.T.);
#359=ADVANCED_FACE('',(#1187),#789,.T.);
#360=ADVANCED_FACE('',(#1188),#790,.F.);
#361=ADVANCED_FACE('',(#1189),#791,.F.);
#362=ADVANCED_FACE('',(#1190),#792,.F.);
#363=ADVANCED_FACE('',(#1191),#793,.F.);
#364=ADVANCED_FACE('',(#1192),#794,.F.);
#365=ADVANCED_FACE('',(#1193),#795,.F.);
#366=ADVANCED_FACE('',(#1194),#796,.F.);
#367=ADVANCED_FACE('',(#1195),#797,.F.);
#368=ADVANCED_FACE('',(#265,#266),#798,.T.);
#369=ADVANCED_FACE('',(#1196),#799,.T.);
#370=ADVANCED_FACE('',(#1197),#800,.F.);
#371=ADVANCED_FACE('',(#1198),#801,.F.);
#372=ADVANCED_FACE('',(#1199),#802,.F.);
#373=ADVANCED_FACE('',(#1200),#803,.F.);
#374=ADVANCED_FACE('',(#1201),#804,.F.);
#375=ADVANCED_FACE('',(#1202),#805,.F.);
#376=ADVANCED_FACE('',(#1203),#806,.F.);
#377=ADVANCED_FACE('',(#1204),#807,.F.);
#378=ADVANCED_FACE('',(#1205),#808,.F.);
#379=ADVANCED_FACE('',(#1206),#809,.F.);
#380=ADVANCED_FACE('',(#1207),#810,.F.);
#381=ADVANCED_FACE('',(#1208),#811,.F.);
#382=ADVANCED_FACE('',(#1209),#812,.F.);
#383=ADVANCED_FACE('',(#1210),#813,.F.);
#384=ADVANCED_FACE('',(#1211),#814,.F.);
#385=ADVANCED_FACE('',(#1212),#815,.F.);
#386=ADVANCED_FACE('',(#1213),#816,.F.);
#387=ADVANCED_FACE('',(#1214),#817,.F.);
#388=ADVANCED_FACE('',(#1215),#818,.F.);
#389=ADVANCED_FACE('',(#1216),#819,.F.);
#390=ADVANCED_FACE('',(#1217),#820,.F.);
#391=ADVANCED_FACE('',(#1218),#821,.F.);
#392=ADVANCED_FACE('',(#1219),#822,.F.);
#393=ADVANCED_FACE('',(#1220),#823,.F.);
#394=ADVANCED_FACE('',(#1221),#824,.F.);
#395=ADVANCED_FACE('',(#1222),#825,.F.);
#396=ADVANCED_FACE('',(#1223),#826,.F.);
#397=ADVANCED_FACE('',(#1224),#827,.F.);
#398=ADVANCED_FACE('',(#1225),#828,.F.);
#399=ADVANCED_FACE('',(#1226),#829,.F.);
#400=ADVANCED_FACE('',(#1227),#830,.F.);
#401=ADVANCED_FACE('',(#1228),#831,.F.);
#402=ADVANCED_FACE('',(#1229),#832,.F.);
#403=ADVANCED_FACE('',(#1230),#833,.F.);
#404=ADVANCED_FACE('',(#1231),#834,.F.);
#405=ADVANCED_FACE('',(#1232),#835,.F.);
#406=ADVANCED_FACE('',(#1233),#836,.F.);
#407=ADVANCED_FACE('',(#1234),#837,.F.);
#408=ADVANCED_FACE('',(#1235),#838,.F.);
#409=ADVANCED_FACE('',(#1236),#839,.F.);
#410=ADVANCED_FACE('',(#1237),#840,.F.);
#411=ADVANCED_FACE('',(#1238),#841,.F.);
#412=ADVANCED_FACE('',(#1239),#842,.F.);
#413=ADVANCED_FACE('',(#1240),#843,.F.);
#414=ADVANCED_FACE('',(#1241),#844,.F.);
#415=ADVANCED_FACE('',(#1242),#845,.F.);
#416=ADVANCED_FACE('',(#1243),#846,.F.);
#417=ADVANCED_FACE('',(#1244),#847,.F.);
#418=ADVANCED_FACE('',(#1245),#848,.F.);
#419=ADVANCED_FACE('',(#1246),#849,.F.);
#420=ADVANCED_FACE('',(#1247),#850,.F.);
#421=ADVANCED_FACE('',(#1248),#851,.F.);
#422=ADVANCED_FACE('',(#1249),#852,.F.);
#423=ADVANCED_FACE('',(#1250),#853,.F.);
#424=ADVANCED_FACE('',(#1251),#854,.F.);
#425=ADVANCED_FACE('',(#1252),#855,.F.);
#426=ADVANCED_FACE('',(#1253),#856,.F.);
#427=ADVANCED_FACE('',(#267,#268),#857,.T.);
#428=ADVANCED_FACE('',(#1254),#858,.T.);
#429=ADVANCED_FACE('',(#1255),#859,.F.);
#430=ADVANCED_FACE('',(#1256),#860,.F.);
#431=ADVANCED_FACE('',(#1257),#861,.F.);
#432=ADVANCED_FACE('',(#1258),#862,.F.);
#433=ADVANCED_FACE('',(#1259),#863,.F.);
#434=ADVANCED_FACE('',(#1260),#864,.F.);
#435=ADVANCED_FACE('',(#1261),#865,.F.);
#436=ADVANCED_FACE('',(#1262),#866,.F.);
#437=ADVANCED_FACE('',(#1263),#867,.F.);
#438=ADVANCED_FACE('',(#1264),#868,.F.);
#439=ADVANCED_FACE('',(#1265),#869,.F.);
#440=ADVANCED_FACE('',(#1266),#870,.F.);
#441=ADVANCED_FACE('',(#1267),#871,.T.);
#442=ADVANCED_FACE('',(#1268),#872,.F.);
#443=ADVANCED_FACE('',(#1269),#873,.F.);
#444=ADVANCED_FACE('',(#1270),#874,.F.);
#445=ADVANCED_FACE('',(#1271),#875,.F.);
#446=ADVANCED_FACE('',(#1272),#876,.F.);
#447=ADVANCED_FACE('',(#1273),#877,.F.);
#448=ADVANCED_FACE('',(#1274),#878,.F.);
#449=ADVANCED_FACE('',(#1275),#879,.F.);
#450=ADVANCED_FACE('',(#1276),#880,.F.);
#451=ADVANCED_FACE('',(#1277),#881,.F.);
#452=ADVANCED_FACE('',(#1278),#882,.F.);
#453=ADVANCED_FACE('',(#1279),#883,.F.);
#454=ADVANCED_FACE('',(#1280),#884,.F.);
#455=ADVANCED_FACE('',(#1281),#885,.F.);
#456=ADVANCED_FACE('',(#1282),#886,.F.);
#457=ADVANCED_FACE('',(#1283),#887,.F.);
#458=ADVANCED_FACE('',(#1284),#888,.F.);
#459=ADVANCED_FACE('',(#1285),#889,.F.);
#460=ADVANCED_FACE('',(#1286),#890,.F.);
#461=ADVANCED_FACE('',(#1287),#891,.F.);
#462=ADVANCED_FACE('',(#1288),#892,.F.);
#463=ADVANCED_FACE('',(#1289),#893,.F.);
#464=ADVANCED_FACE('',(#1290),#894,.F.);
#465=ADVANCED_FACE('',(#1291),#895,.F.);
#466=ADVANCED_FACE('',(#1292),#896,.F.);
#467=ADVANCED_FACE('',(#1293),#897,.F.);
#468=ADVANCED_FACE('',(#1294),#898,.F.);
#469=ADVANCED_FACE('',(#1295),#899,.F.);
#470=ADVANCED_FACE('',(#1296),#900,.F.);
#471=ADVANCED_FACE('',(#1297),#901,.F.);
#472=ADVANCED_FACE('',(#1298),#902,.F.);
#473=ADVANCED_FACE('',(#1299),#903,.F.);
#474=ADVANCED_FACE('',(#1300),#904,.F.);
#475=ADVANCED_FACE('',(#1301),#905,.F.);
#476=ADVANCED_FACE('',(#1302),#906,.F.);
#477=ADVANCED_FACE('',(#1303),#907,.F.);
#478=ADVANCED_FACE('',(#1304),#908,.F.);
#479=ADVANCED_FACE('',(#1305),#909,.F.);
#480=ADVANCED_FACE('',(#1306),#910,.F.);
#481=ADVANCED_FACE('',(#1307),#911,.F.);
#482=ADVANCED_FACE('',(#1308),#912,.F.);
#483=ADVANCED_FACE('',(#1309),#913,.F.);
#484=ADVANCED_FACE('',(#1310),#914,.F.);
#485=ADVANCED_FACE('',(#1311),#915,.F.);
#486=ADVANCED_FACE('',(#1312),#916,.F.);
#487=ADVANCED_FACE('',(#1313),#917,.F.);
#488=ADVANCED_FACE('',(#1314),#918,.F.);
#489=ADVANCED_FACE('',(#1315),#919,.F.);
#490=ADVANCED_FACE('',(#1316),#920,.F.);
#491=ADVANCED_FACE('',(#1317),#921,.F.);
#492=ADVANCED_FACE('',(#1318),#922,.F.);
#493=ADVANCED_FACE('',(#1319),#923,.F.);
#494=ADVANCED_FACE('',(#1320),#924,.F.);
#495=ADVANCED_FACE('',(#1321),#925,.F.);
#496=ADVANCED_FACE('',(#1322),#926,.F.);
#497=ADVANCED_FACE('',(#1323),#927,.F.);
#498=ADVANCED_FACE('',(#1324),#928,.F.);
#499=ADVANCED_FACE('',(#1325),#929,.F.);
#500=ADVANCED_FACE('',(#1326),#930,.F.);
#501=ADVANCED_FACE('',(#1327),#931,.F.);
#502=ADVANCED_FACE('',(#1328),#932,.F.);
#503=ADVANCED_FACE('',(#1329),#933,.F.);
#504=ADVANCED_FACE('',(#1330),#934,.F.);
#505=ADVANCED_FACE('',(#1331),#935,.F.);
#506=ADVANCED_FACE('',(#1332),#936,.F.);
#507=ADVANCED_FACE('',(#1333),#937,.F.);
#508=ADVANCED_FACE('',(#1334),#938,.F.);
#509=ADVANCED_FACE('',(#1335),#939,.F.);
#510=ADVANCED_FACE('',(#1336),#940,.F.);
#511=ADVANCED_FACE('',(#1337),#941,.F.);
#512=ADVANCED_FACE('',(#1338),#942,.F.);
#513=ADVANCED_FACE('',(#1339),#943,.F.);
#514=ADVANCED_FACE('',(#1340),#944,.F.);
#515=ADVANCED_FACE('',(#1341),#945,.F.);
#516=ADVANCED_FACE('',(#1342),#946,.F.);
#517=ADVANCED_FACE('',(#1343),#947,.F.);
#518=ADVANCED_FACE('',(#1344),#948,.F.);
#519=ADVANCED_FACE('',(#1345),#949,.F.);
#520=ADVANCED_FACE('',(#1346),#950,.F.);
#521=ADVANCED_FACE('',(#1347),#951,.F.);
#522=ADVANCED_FACE('',(#1348),#952,.F.);
#523=ADVANCED_FACE('',(#1349),#953,.F.);
#524=ADVANCED_FACE('',(#1350),#954,.F.);
#525=ADVANCED_FACE('',(#1351),#955,.F.);
#526=ADVANCED_FACE('',(#1352),#956,.F.);
#527=ADVANCED_FACE('',(#1353),#957,.F.);
#528=ADVANCED_FACE('',(#1354),#958,.F.);
#529=ADVANCED_FACE('',(#1355),#959,.F.);
#530=ADVANCED_FACE('',(#1356),#960,.F.);
#531=ADVANCED_FACE('',(#1357),#961,.F.);
#532=ADVANCED_FACE('',(#1358),#962,.F.);
#533=ADVANCED_FACE('',(#1359),#963,.F.);
#534=ADVANCED_FACE('',(#1360),#964,.F.);
#535=ADVANCED_FACE('',(#1361),#965,.F.);
#536=ADVANCED_FACE('',(#1362),#966,.F.);
#537=ADVANCED_FACE('',(#1363),#967,.F.);
#538=ADVANCED_FACE('',(#1364),#968,.F.);
#539=ADVANCED_FACE('',(#1365),#969,.F.);
#540=ADVANCED_FACE('',(#1366),#970,.F.);
#541=ADVANCED_FACE('',(#1367),#971,.F.);
#542=ADVANCED_FACE('',(#1368),#972,.F.);
#543=ADVANCED_FACE('',(#1369),#973,.F.);
#544=ADVANCED_FACE('',(#1370),#974,.F.);
#545=ADVANCED_FACE('',(#1371),#975,.F.);
#546=ADVANCED_FACE('',(#1372),#976,.F.);
#547=ADVANCED_FACE('',(#1373),#977,.F.);
#548=ADVANCED_FACE('',(#1374),#978,.F.);
#549=ADVANCED_FACE('',(#1375),#979,.F.);
#550=ADVANCED_FACE('',(#1376),#980,.F.);
#551=ADVANCED_FACE('',(#1377),#981,.F.);
#552=ADVANCED_FACE('',(#1378),#982,.F.);
#553=ADVANCED_FACE('',(#1379),#983,.F.);
#554=ADVANCED_FACE('',(#1380),#984,.F.);
#555=ADVANCED_FACE('',(#1381),#985,.F.);
#556=ADVANCED_FACE('',(#1382),#986,.F.);
#557=ADVANCED_FACE('',(#1383),#987,.F.);
#558=ADVANCED_FACE('',(#1384),#988,.F.);
#559=ADVANCED_FACE('',(#1385),#989,.F.);
#560=ADVANCED_FACE('',(#1386),#990,.F.);
#561=ADVANCED_FACE('',(#1387),#991,.F.);
#562=ADVANCED_FACE('',(#1388),#992,.F.);
#563=ADVANCED_FACE('',(#1389),#993,.F.);
#564=ADVANCED_FACE('',(#1390),#994,.F.);
#565=ADVANCED_FACE('',(#1391),#995,.F.);
#566=ADVANCED_FACE('',(#1392),#996,.F.);
#567=ADVANCED_FACE('',(#1393),#997,.F.);
#568=ADVANCED_FACE('',(#1394),#998,.F.);
#569=ADVANCED_FACE('',(#1395),#999,.F.);
#570=ADVANCED_FACE('',(#1396),#1000,.F.);
#571=ADVANCED_FACE('',(#1397),#1001,.F.);
#572=ADVANCED_FACE('',(#1398),#1002,.F.);
#573=ADVANCED_FACE('',(#1399),#1003,.F.);
#574=ADVANCED_FACE('',(#1400),#1004,.F.);
#575=ADVANCED_FACE('',(#1401),#1005,.F.);
#576=ADVANCED_FACE('',(#1402),#1006,.F.);
#577=ADVANCED_FACE('',(#1403),#1007,.F.);
#578=ADVANCED_FACE('',(#1404),#1008,.F.);
#579=ADVANCED_FACE('',(#1405),#1009,.F.);
#580=ADVANCED_FACE('',(#1406),#1010,.F.);
#581=ADVANCED_FACE('',(#1407),#1011,.F.);
#582=ADVANCED_FACE('',(#1408),#1012,.F.);
#583=ADVANCED_FACE('',(#1409),#1013,.F.);
#584=ADVANCED_FACE('',(#1410),#1014,.F.);
#585=ADVANCED_FACE('',(#1411),#1015,.F.);
#586=ADVANCED_FACE('',(#1412),#1016,.F.);
#587=ADVANCED_FACE('',(#1413),#1017,.F.);
#588=ADVANCED_FACE('',(#1414),#1018,.F.);
#589=ADVANCED_FACE('',(#1415),#1019,.F.);
#590=ADVANCED_FACE('',(#1416),#1020,.F.);
#591=ADVANCED_FACE('',(#1417),#1021,.F.);
#592=ADVANCED_FACE('',(#1418),#1022,.F.);
#593=ADVANCED_FACE('',(#1419),#1023,.F.);
#594=ADVANCED_FACE('',(#1420),#1024,.F.);
#595=ADVANCED_FACE('',(#1421),#1025,.F.);
#596=ADVANCED_FACE('',(#1422),#1026,.F.);
#597=ADVANCED_FACE('',(#1423),#1027,.F.);
#598=ADVANCED_FACE('',(#1424),#1028,.F.);
#599=ADVANCED_FACE('',(#1425),#1029,.F.);
#600=ADVANCED_FACE('',(#1426),#1030,.F.);
#601=ADVANCED_FACE('',(#1427),#1031,.F.);
#602=ADVANCED_FACE('',(#1428),#1032,.F.);
#603=ADVANCED_FACE('',(#1429),#1033,.F.);
#604=ADVANCED_FACE('',(#1430),#1034,.F.);
#605=ADVANCED_FACE('',(#1431),#1035,.F.);
#606=ADVANCED_FACE('',(#1432),#1036,.F.);
#607=ADVANCED_FACE('',(#1433),#1037,.F.);
#608=ADVANCED_FACE('',(#1434),#1038,.F.);
#609=ADVANCED_FACE('',(#1435),#1039,.F.);
#610=ADVANCED_FACE('',(#1436),#1040,.F.);
#611=ADVANCED_FACE('',(#1437),#1041,.F.);
#612=ADVANCED_FACE('',(#1438),#1042,.F.);
#613=ADVANCED_FACE('',(#1439),#1043,.F.);
#614=ADVANCED_FACE('',(#1440),#1044,.F.);
#615=ADVANCED_FACE('',(#1441),#1045,.F.);
#616=ADVANCED_FACE('',(#1442),#1046,.F.);
#617=ADVANCED_FACE('',(#1443),#1047,.F.);
#618=ADVANCED_FACE('',(#1444),#1048,.F.);
#619=ADVANCED_FACE('',(#1445),#1049,.F.);
#620=ADVANCED_FACE('',(#1446),#1050,.F.);
#621=ADVANCED_FACE('',(#1447),#1051,.F.);
#622=ADVANCED_FACE('',(#1448),#1052,.F.);
#623=ADVANCED_FACE('',(#1449),#1053,.F.);
#624=ADVANCED_FACE('',(#1450),#1054,.F.);
#625=ADVANCED_FACE('',(#1451),#1055,.F.);
#626=ADVANCED_FACE('',(#1452),#1056,.F.);
#627=ADVANCED_FACE('',(#1453),#1057,.F.);
#628=ADVANCED_FACE('',(#1454),#1058,.F.);
#629=ADVANCED_FACE('',(#1455),#1059,.F.);
#630=ADVANCED_FACE('',(#1456),#1060,.F.);
#631=ADVANCED_FACE('',(#1457),#1061,.F.);
#632=ADVANCED_FACE('',(#1458),#1062,.F.);
#633=ADVANCED_FACE('',(#1459),#1063,.F.);
#634=ADVANCED_FACE('',(#1460),#1064,.F.);
#635=ADVANCED_FACE('',(#1461),#1065,.F.);
#636=ADVANCED_FACE('',(#1462),#1066,.F.);
#637=ADVANCED_FACE('',(#1463),#1067,.F.);
#638=ADVANCED_FACE('',(#1464),#1068,.F.);
#639=ADVANCED_FACE('',(#1465),#1069,.F.);
#640=ADVANCED_FACE('',(#1466),#1070,.F.);
#641=ADVANCED_FACE('',(#1467),#1071,.F.);
#642=ADVANCED_FACE('',(#1468),#1072,.F.);
#643=ADVANCED_FACE('',(#1469),#1073,.F.);
#644=ADVANCED_FACE('',(#1470),#1074,.F.);
#645=ADVANCED_FACE('',(#1471),#1075,.F.);
#646=ADVANCED_FACE('',(#1472),#1076,.F.);
#647=ADVANCED_FACE('',(#1473),#1077,.F.);
#648=ADVANCED_FACE('',(#1474),#1078,.F.);
#649=ADVANCED_FACE('',(#1475),#1079,.F.);
#650=ADVANCED_FACE('',(#1476),#1080,.F.);
#651=ADVANCED_FACE('',(#1477),#1081,.F.);
#652=ADVANCED_FACE('',(#1478),#1082,.F.);
#653=ADVANCED_FACE('',(#1479),#1083,.F.);
#654=ADVANCED_FACE('',(#1480),#1084,.F.);
#655=ADVANCED_FACE('',(#1481),#1085,.F.);
#656=ADVANCED_FACE('',(#1482),#1086,.F.);
#657=ADVANCED_FACE('',(#1483),#1087,.F.);
#658=ADVANCED_FACE('',(#269,#270),#1088,.F.);
#659=ADVANCED_FACE('',(#1484),#1089,.T.);
#660=ADVANCED_FACE('',(#271,#272),#1090,.T.);
#661=ADVANCED_FACE('',(#273,#274),#1091,.T.);
#662=ADVANCED_FACE('',(#275,#276),#1092,.T.);
#663=ADVANCED_FACE('',(#1485),#1093,.T.);
#664=ADVANCED_FACE('',(#1486),#1094,.T.);
#665=ADVANCED_FACE('',(#1487),#1095,.T.);
#666=ADVANCED_FACE('',(#1488),#1096,.T.);
#667=ADVANCED_FACE('',(#1489),#1097,.T.);
#668=ADVANCED_FACE('',(#1490),#1098,.T.);
#669=ADVANCED_FACE('',(#1491),#1099,.T.);
#670=ADVANCED_FACE('',(#1492),#1100,.T.);
#671=ADVANCED_FACE('',(#1493),#133,.T.);
#672=ADVANCED_FACE('',(#1494),#1101,.T.);
#673=ADVANCED_FACE('',(#1495),#134,.T.);
#674=ADVANCED_FACE('',(#1496),#1102,.T.);
#675=ADVANCED_FACE('',(#1497),#1103,.T.);
#676=ADVANCED_FACE('',(#1498),#112,.T.);
#677=ADVANCED_FACE('',(#1499),#113,.T.);
#678=ADVANCED_FACE('',(#1500),#176,.T.);
#679=ADVANCED_FACE('',(#1501),#177,.T.);
#680=ADVANCED_FACE('',(#1502),#114,.T.);
#681=ADVANCED_FACE('',(#1503),#115,.T.);
#682=ADVANCED_FACE('',(#1504),#116,.T.);
#683=ADVANCED_FACE('',(#1505),#117,.T.);
#684=ADVANCED_FACE('',(#1506),#135,.T.);
#685=ADVANCED_FACE('',(#1507),#136,.T.);
#686=ADVANCED_FACE('',(#1508),#137,.T.);
#687=ADVANCED_FACE('',(#1509),#1104,.T.);
#688=ADVANCED_FACE('',(#1510),#138,.T.);
#689=ADVANCED_FACE('',(#1511),#1105,.T.);
#690=ADVANCED_FACE('',(#1512),#1106,.T.);
#691=ADVANCED_FACE('',(#1513),#139,.T.);
#692=ADVANCED_FACE('',(#1514),#1107,.T.);
#693=ADVANCED_FACE('',(#1515),#140,.T.);
#694=ADVANCED_FACE('',(#1516),#1108,.T.);
#695=ADVANCED_FACE('',(#1517),#1109,.T.);
#696=ADVANCED_FACE('',(#1518),#118,.T.);
#697=ADVANCED_FACE('',(#1519),#119,.T.);
#698=ADVANCED_FACE('',(#1520),#178,.T.);
#699=ADVANCED_FACE('',(#1521),#179,.T.);
#700=ADVANCED_FACE('',(#1522),#120,.T.);
#701=ADVANCED_FACE('',(#1523),#121,.T.);
#702=ADVANCED_FACE('',(#1524),#122,.T.);
#703=ADVANCED_FACE('',(#1525),#123,.T.);
#704=ADVANCED_FACE('',(#1526),#141,.T.);
#705=ADVANCED_FACE('',(#1527),#142,.T.);
#706=ADVANCED_FACE('',(#1528),#143,.T.);
#707=ADVANCED_FACE('',(#1529),#1110,.T.);
#708=ADVANCED_FACE('',(#1530),#144,.T.);
#709=ADVANCED_FACE('',(#1531),#1111,.T.);
#710=ADVANCED_FACE('',(#1532),#1112,.T.);
#711=ADVANCED_FACE('',(#1533),#145,.T.);
#712=ADVANCED_FACE('',(#1534),#1113,.T.);
#713=ADVANCED_FACE('',(#1535),#146,.T.);
#714=ADVANCED_FACE('',(#1536),#1114,.T.);
#715=ADVANCED_FACE('',(#1537),#1115,.T.);
#716=ADVANCED_FACE('',(#1538),#124,.T.);
#717=ADVANCED_FACE('',(#1539),#125,.T.);
#718=ADVANCED_FACE('',(#1540),#180,.T.);
#719=ADVANCED_FACE('',(#1541),#181,.T.);
#720=ADVANCED_FACE('',(#1542),#126,.T.);
#721=ADVANCED_FACE('',(#1543),#127,.T.);
#722=ADVANCED_FACE('',(#1544),#128,.T.);
#723=ADVANCED_FACE('',(#1545),#129,.T.);
#724=ADVANCED_FACE('',(#1546),#147,.T.);
#725=ADVANCED_FACE('',(#1547),#148,.T.);
#726=ADVANCED_FACE('',(#1548),#149,.T.);
#727=ADVANCED_FACE('',(#1549),#1116,.T.);
#728=ADVANCED_FACE('',(#1550),#150,.T.);
#729=PLANE('',#8943);
#730=PLANE('',#8947);
#731=PLANE('',#8950);
#732=PLANE('',#8954);
#733=PLANE('',#8957);
#734=PLANE('',#8961);
#735=PLANE('',#8962);
#736=PLANE('',#8963);
#737=PLANE('',#8964);
#738=PLANE('',#8965);
#739=PLANE('',#8966);
#740=PLANE('',#8967);
#741=PLANE('',#8968);
#742=PLANE('',#8969);
#743=PLANE('',#8970);
#744=PLANE('',#8971);
#745=PLANE('',#8972);
#746=PLANE('',#8973);
#747=PLANE('',#8974);
#748=PLANE('',#8975);
#749=PLANE('',#8976);
#750=PLANE('',#8977);
#751=PLANE('',#8978);
#752=PLANE('',#8979);
#753=PLANE('',#8980);
#754=PLANE('',#8981);
#755=PLANE('',#8982);
#756=PLANE('',#8983);
#757=PLANE('',#8984);
#758=PLANE('',#8985);
#759=PLANE('',#8995);
#760=PLANE('',#8996);
#761=PLANE('',#8997);
#762=PLANE('',#8998);
#763=PLANE('',#9001);
#764=PLANE('',#9002);
#765=PLANE('',#9003);
#766=PLANE('',#9005);
#767=PLANE('',#9009);
#768=PLANE('',#9010);
#769=PLANE('',#9012);
#770=PLANE('',#9013);
#771=PLANE('',#9024);
#772=PLANE('',#9029);
#773=PLANE('',#9034);
#774=PLANE('',#9035);
#775=PLANE('',#9036);
#776=PLANE('',#9037);
#777=PLANE('',#9039);
#778=PLANE('',#9040);
#779=PLANE('',#9045);
#780=PLANE('',#9046);
#781=PLANE('',#9049);
#782=PLANE('',#9050);
#783=PLANE('',#9051);
#784=PLANE('',#9072);
#785=PLANE('',#9074);
#786=PLANE('',#9076);
#787=PLANE('',#9078);
#788=PLANE('',#9080);
#789=PLANE('',#9082);
#790=PLANE('',#9083);
#791=PLANE('',#9084);
#792=PLANE('',#9085);
#793=PLANE('',#9086);
#794=PLANE('',#9087);
#795=PLANE('',#9088);
#796=PLANE('',#9089);
#797=PLANE('',#9090);
#798=PLANE('',#9091);
#799=PLANE('',#9092);
#800=PLANE('',#9093);
#801=PLANE('',#9094);
#802=PLANE('',#9095);
#803=PLANE('',#9096);
#804=PLANE('',#9097);
#805=PLANE('',#9098);
#806=PLANE('',#9099);
#807=PLANE('',#9100);
#808=PLANE('',#9101);
#809=PLANE('',#9102);
#810=PLANE('',#9103);
#811=PLANE('',#9104);
#812=PLANE('',#9105);
#813=PLANE('',#9106);
#814=PLANE('',#9107);
#815=PLANE('',#9108);
#816=PLANE('',#9109);
#817=PLANE('',#9110);
#818=PLANE('',#9111);
#819=PLANE('',#9112);
#820=PLANE('',#9113);
#821=PLANE('',#9114);
#822=PLANE('',#9115);
#823=PLANE('',#9116);
#824=PLANE('',#9117);
#825=PLANE('',#9118);
#826=PLANE('',#9119);
#827=PLANE('',#9120);
#828=PLANE('',#9121);
#829=PLANE('',#9122);
#830=PLANE('',#9123);
#831=PLANE('',#9124);
#832=PLANE('',#9125);
#833=PLANE('',#9126);
#834=PLANE('',#9127);
#835=PLANE('',#9128);
#836=PLANE('',#9129);
#837=PLANE('',#9130);
#838=PLANE('',#9131);
#839=PLANE('',#9132);
#840=PLANE('',#9133);
#841=PLANE('',#9134);
#842=PLANE('',#9135);
#843=PLANE('',#9136);
#844=PLANE('',#9137);
#845=PLANE('',#9138);
#846=PLANE('',#9139);
#847=PLANE('',#9140);
#848=PLANE('',#9141);
#849=PLANE('',#9142);
#850=PLANE('',#9143);
#851=PLANE('',#9144);
#852=PLANE('',#9145);
#853=PLANE('',#9146);
#854=PLANE('',#9147);
#855=PLANE('',#9148);
#856=PLANE('',#9149);
#857=PLANE('',#9150);
#858=PLANE('',#9151);
#859=PLANE('',#9152);
#860=PLANE('',#9153);
#861=PLANE('',#9154);
#862=PLANE('',#9155);
#863=PLANE('',#9156);
#864=PLANE('',#9157);
#865=PLANE('',#9158);
#866=PLANE('',#9159);
#867=PLANE('',#9160);
#868=PLANE('',#9161);
#869=PLANE('',#9162);
#870=PLANE('',#9163);
#871=PLANE('',#9164);
#872=PLANE('',#9165);
#873=PLANE('',#9166);
#874=PLANE('',#9167);
#875=PLANE('',#9168);
#876=PLANE('',#9169);
#877=PLANE('',#9170);
#878=PLANE('',#9171);
#879=PLANE('',#9172);
#880=PLANE('',#9173);
#881=PLANE('',#9174);
#882=PLANE('',#9175);
#883=PLANE('',#9176);
#884=PLANE('',#9177);
#885=PLANE('',#9178);
#886=PLANE('',#9179);
#887=PLANE('',#9180);
#888=PLANE('',#9181);
#889=PLANE('',#9182);
#890=PLANE('',#9183);
#891=PLANE('',#9184);
#892=PLANE('',#9185);
#893=PLANE('',#9186);
#894=PLANE('',#9187);
#895=PLANE('',#9188);
#896=PLANE('',#9189);
#897=PLANE('',#9190);
#898=PLANE('',#9191);
#899=PLANE('',#9192);
#900=PLANE('',#9193);
#901=PLANE('',#9194);
#902=PLANE('',#9195);
#903=PLANE('',#9196);
#904=PLANE('',#9197);
#905=PLANE('',#9198);
#906=PLANE('',#9199);
#907=PLANE('',#9200);
#908=PLANE('',#9201);
#909=PLANE('',#9202);
#910=PLANE('',#9203);
#911=PLANE('',#9204);
#912=PLANE('',#9205);
#913=PLANE('',#9206);
#914=PLANE('',#9207);
#915=PLANE('',#9208);
#916=PLANE('',#9209);
#917=PLANE('',#9210);
#918=PLANE('',#9211);
#919=PLANE('',#9212);
#920=PLANE('',#9213);
#921=PLANE('',#9214);
#922=PLANE('',#9215);
#923=PLANE('',#9216);
#924=PLANE('',#9217);
#925=PLANE('',#9218);
#926=PLANE('',#9219);
#927=PLANE('',#9220);
#928=PLANE('',#9221);
#929=PLANE('',#9222);
#930=PLANE('',#9223);
#931=PLANE('',#9224);
#932=PLANE('',#9225);
#933=PLANE('',#9226);
#934=PLANE('',#9227);
#935=PLANE('',#9228);
#936=PLANE('',#9229);
#937=PLANE('',#9230);
#938=PLANE('',#9231);
#939=PLANE('',#9232);
#940=PLANE('',#9233);
#941=PLANE('',#9234);
#942=PLANE('',#9235);
#943=PLANE('',#9236);
#944=PLANE('',#9237);
#945=PLANE('',#9238);
#946=PLANE('',#9239);
#947=PLANE('',#9240);
#948=PLANE('',#9241);
#949=PLANE('',#9242);
#950=PLANE('',#9243);
#951=PLANE('',#9244);
#952=PLANE('',#9245);
#953=PLANE('',#9246);
#954=PLANE('',#9247);
#955=PLANE('',#9248);
#956=PLANE('',#9249);
#957=PLANE('',#9250);
#958=PLANE('',#9251);
#959=PLANE('',#9252);
#960=PLANE('',#9253);
#961=PLANE('',#9254);
#962=PLANE('',#9255);
#963=PLANE('',#9256);
#964=PLANE('',#9257);
#965=PLANE('',#9258);
#966=PLANE('',#9259);
#967=PLANE('',#9260);
#968=PLANE('',#9261);
#969=PLANE('',#9262);
#970=PLANE('',#9263);
#971=PLANE('',#9264);
#972=PLANE('',#9265);
#973=PLANE('',#9266);
#974=PLANE('',#9267);
#975=PLANE('',#9268);
#976=PLANE('',#9269);
#977=PLANE('',#9270);
#978=PLANE('',#9271);
#979=PLANE('',#9272);
#980=PLANE('',#9273);
#981=PLANE('',#9274);
#982=PLANE('',#9275);
#983=PLANE('',#9276);
#984=PLANE('',#9277);
#985=PLANE('',#9278);
#986=PLANE('',#9279);
#987=PLANE('',#9280);
#988=PLANE('',#9281);
#989=PLANE('',#9282);
#990=PLANE('',#9283);
#991=PLANE('',#9284);
#992=PLANE('',#9285);
#993=PLANE('',#9286);
#994=PLANE('',#9287);
#995=PLANE('',#9288);
#996=PLANE('',#9289);
#997=PLANE('',#9290);
#998=PLANE('',#9291);
#999=PLANE('',#9292);
#1000=PLANE('',#9293);
#1001=PLANE('',#9294);
#1002=PLANE('',#9295);
#1003=PLANE('',#9296);
#1004=PLANE('',#9297);
#1005=PLANE('',#9298);
#1006=PLANE('',#9299);
#1007=PLANE('',#9300);
#1008=PLANE('',#9301);
#1009=PLANE('',#9302);
#1010=PLANE('',#9303);
#1011=PLANE('',#9304);
#1012=PLANE('',#9305);
#1013=PLANE('',#9306);
#1014=PLANE('',#9307);
#1015=PLANE('',#9308);
#1016=PLANE('',#9309);
#1017=PLANE('',#9310);
#1018=PLANE('',#9311);
#1019=PLANE('',#9312);
#1020=PLANE('',#9313);
#1021=PLANE('',#9314);
#1022=PLANE('',#9315);
#1023=PLANE('',#9316);
#1024=PLANE('',#9317);
#1025=PLANE('',#9318);
#1026=PLANE('',#9319);
#1027=PLANE('',#9320);
#1028=PLANE('',#9321);
#1029=PLANE('',#9322);
#1030=PLANE('',#9323);
#1031=PLANE('',#9324);
#1032=PLANE('',#9325);
#1033=PLANE('',#9326);
#1034=PLANE('',#9327);
#1035=PLANE('',#9328);
#1036=PLANE('',#9329);
#1037=PLANE('',#9330);
#1038=PLANE('',#9331);
#1039=PLANE('',#9332);
#1040=PLANE('',#9333);
#1041=PLANE('',#9334);
#1042=PLANE('',#9335);
#1043=PLANE('',#9336);
#1044=PLANE('',#9337);
#1045=PLANE('',#9338);
#1046=PLANE('',#9339);
#1047=PLANE('',#9340);
#1048=PLANE('',#9341);
#1049=PLANE('',#9342);
#1050=PLANE('',#9343);
#1051=PLANE('',#9344);
#1052=PLANE('',#9345);
#1053=PLANE('',#9346);
#1054=PLANE('',#9347);
#1055=PLANE('',#9348);
#1056=PLANE('',#9349);
#1057=PLANE('',#9350);
#1058=PLANE('',#9351);
#1059=PLANE('',#9352);
#1060=PLANE('',#9353);
#1061=PLANE('',#9354);
#1062=PLANE('',#9355);
#1063=PLANE('',#9356);
#1064=PLANE('',#9357);
#1065=PLANE('',#9358);
#1066=PLANE('',#9359);
#1067=PLANE('',#9360);
#1068=PLANE('',#9361);
#1069=PLANE('',#9362);
#1070=PLANE('',#9363);
#1071=PLANE('',#9364);
#1072=PLANE('',#9365);
#1073=PLANE('',#9366);
#1074=PLANE('',#9367);
#1075=PLANE('',#9368);
#1076=PLANE('',#9369);
#1077=PLANE('',#9370);
#1078=PLANE('',#9371);
#1079=PLANE('',#9372);
#1080=PLANE('',#9373);
#1081=PLANE('',#9374);
#1082=PLANE('',#9375);
#1083=PLANE('',#9376);
#1084=PLANE('',#9377);
#1085=PLANE('',#9378);
#1086=PLANE('',#9379);
#1087=PLANE('',#9380);
#1088=PLANE('',#9381);
#1089=PLANE('',#9382);
#1090=PLANE('',#9385);
#1091=PLANE('',#9388);
#1092=PLANE('',#9391);
#1093=PLANE('',#9392);
#1094=PLANE('',#9393);
#1095=PLANE('',#9394);
#1096=PLANE('',#9395);
#1097=PLANE('',#9396);
#1098=PLANE('',#9397);
#1099=PLANE('',#9399);
#1100=PLANE('',#9401);
#1101=PLANE('',#9404);
#1102=PLANE('',#9407);
#1103=PLANE('',#9412);
#1104=PLANE('',#9438);
#1105=PLANE('',#9441);
#1106=PLANE('',#9443);
#1107=PLANE('',#9446);
#1108=PLANE('',#9449);
#1109=PLANE('',#9454);
#1110=PLANE('',#9480);
#1111=PLANE('',#9483);
#1112=PLANE('',#9485);
#1113=PLANE('',#9488);
#1114=PLANE('',#9491);
#1115=PLANE('',#9496);
#1116=PLANE('',#9522);
#1117=FACE_OUTER_BOUND('',#1551,.T.);
#1118=FACE_OUTER_BOUND('',#1552,.T.);
#1119=FACE_OUTER_BOUND('',#1553,.T.);
#1120=FACE_OUTER_BOUND('',#1554,.T.);
#1121=FACE_OUTER_BOUND('',#1555,.T.);
#1122=FACE_OUTER_BOUND('',#1556,.T.);
#1123=FACE_OUTER_BOUND('',#1557,.T.);
#1124=FACE_OUTER_BOUND('',#1558,.T.);
#1125=FACE_OUTER_BOUND('',#1559,.T.);
#1126=FACE_OUTER_BOUND('',#1560,.T.);
#1127=FACE_OUTER_BOUND('',#1561,.T.);
#1128=FACE_OUTER_BOUND('',#1562,.T.);
#1129=FACE_OUTER_BOUND('',#1571,.T.);
#1130=FACE_OUTER_BOUND('',#1572,.T.);
#1131=FACE_OUTER_BOUND('',#1573,.T.);
#1132=FACE_OUTER_BOUND('',#1574,.T.);
#1133=FACE_OUTER_BOUND('',#1575,.T.);
#1134=FACE_OUTER_BOUND('',#1576,.T.);
#1135=FACE_OUTER_BOUND('',#1577,.T.);
#1136=FACE_OUTER_BOUND('',#1578,.T.);
#1137=FACE_OUTER_BOUND('',#1579,.T.);
#1138=FACE_OUTER_BOUND('',#1580,.T.);
#1139=FACE_OUTER_BOUND('',#1581,.T.);
#1140=FACE_OUTER_BOUND('',#1582,.T.);
#1141=FACE_OUTER_BOUND('',#1583,.T.);
#1142=FACE_OUTER_BOUND('',#1584,.T.);
#1143=FACE_OUTER_BOUND('',#1585,.T.);
#1144=FACE_OUTER_BOUND('',#1586,.T.);
#1145=FACE_OUTER_BOUND('',#1587,.T.);
#1146=FACE_OUTER_BOUND('',#1588,.T.);
#1147=FACE_OUTER_BOUND('',#1589,.T.);
#1148=FACE_OUTER_BOUND('',#1590,.T.);
#1149=FACE_OUTER_BOUND('',#1591,.T.);
#1150=FACE_OUTER_BOUND('',#1592,.T.);
#1151=FACE_OUTER_BOUND('',#1593,.T.);
#1152=FACE_OUTER_BOUND('',#1594,.T.);
#1153=FACE_OUTER_BOUND('',#1595,.T.);
#1154=FACE_OUTER_BOUND('',#1596,.T.);
#1155=FACE_OUTER_BOUND('',#1601,.T.);
#1156=FACE_OUTER_BOUND('',#1602,.T.);
#1157=FACE_OUTER_BOUND('',#1603,.T.);
#1158=FACE_OUTER_BOUND('',#1604,.T.);
#1159=FACE_OUTER_BOUND('',#1605,.T.);
#1160=FACE_OUTER_BOUND('',#1606,.T.);
#1161=FACE_OUTER_BOUND('',#1611,.T.);
#1162=FACE_OUTER_BOUND('',#1612,.T.);
#1163=FACE_OUTER_BOUND('',#1613,.T.);
#1164=FACE_OUTER_BOUND('',#1614,.T.);
#1165=FACE_OUTER_BOUND('',#1615,.T.);
#1166=FACE_OUTER_BOUND('',#1616,.T.);
#1167=FACE_OUTER_BOUND('',#1617,.T.);
#1168=FACE_OUTER_BOUND('',#1618,.T.);
#1169=FACE_OUTER_BOUND('',#1619,.T.);
#1170=FACE_OUTER_BOUND('',#1620,.T.);
#1171=FACE_OUTER_BOUND('',#1621,.T.);
#1172=FACE_OUTER_BOUND('',#1622,.T.);
#1173=FACE_OUTER_BOUND('',#1623,.T.);
#1174=FACE_OUTER_BOUND('',#1624,.T.);
#1175=FACE_OUTER_BOUND('',#1625,.T.);
#1176=FACE_OUTER_BOUND('',#1626,.T.);
#1177=FACE_OUTER_BOUND('',#1627,.T.);
#1178=FACE_OUTER_BOUND('',#1628,.T.);
#1179=FACE_OUTER_BOUND('',#1629,.T.);
#1180=FACE_OUTER_BOUND('',#1648,.T.);
#1181=FACE_OUTER_BOUND('',#1649,.T.);
#1182=FACE_OUTER_BOUND('',#1650,.T.);
#1183=FACE_OUTER_BOUND('',#1651,.T.);
#1184=FACE_OUTER_BOUND('',#1652,.T.);
#1185=FACE_OUTER_BOUND('',#1653,.T.);
#1186=FACE_OUTER_BOUND('',#1654,.T.);
#1187=FACE_OUTER_BOUND('',#1655,.T.);
#1188=FACE_OUTER_BOUND('',#1656,.T.);
#1189=FACE_OUTER_BOUND('',#1657,.T.);
#1190=FACE_OUTER_BOUND('',#1658,.T.);
#1191=FACE_OUTER_BOUND('',#1659,.T.);
#1192=FACE_OUTER_BOUND('',#1660,.T.);
#1193=FACE_OUTER_BOUND('',#1661,.T.);
#1194=FACE_OUTER_BOUND('',#1662,.T.);
#1195=FACE_OUTER_BOUND('',#1663,.T.);
#1196=FACE_OUTER_BOUND('',#1666,.T.);
#1197=FACE_OUTER_BOUND('',#1667,.T.);
#1198=FACE_OUTER_BOUND('',#1668,.T.);
#1199=FACE_OUTER_BOUND('',#1669,.T.);
#1200=FACE_OUTER_BOUND('',#1670,.T.);
#1201=FACE_OUTER_BOUND('',#1671,.T.);
#1202=FACE_OUTER_BOUND('',#1672,.T.);
#1203=FACE_OUTER_BOUND('',#1673,.T.);
#1204=FACE_OUTER_BOUND('',#1674,.T.);
#1205=FACE_OUTER_BOUND('',#1675,.T.);
#1206=FACE_OUTER_BOUND('',#1676,.T.);
#1207=FACE_OUTER_BOUND('',#1677,.T.);
#1208=FACE_OUTER_BOUND('',#1678,.T.);
#1209=FACE_OUTER_BOUND('',#1679,.T.);
#1210=FACE_OUTER_BOUND('',#1680,.T.);
#1211=FACE_OUTER_BOUND('',#1681,.T.);
#1212=FACE_OUTER_BOUND('',#1682,.T.);
#1213=FACE_OUTER_BOUND('',#1683,.T.);
#1214=FACE_OUTER_BOUND('',#1684,.T.);
#1215=FACE_OUTER_BOUND('',#1685,.T.);
#1216=FACE_OUTER_BOUND('',#1686,.T.);
#1217=FACE_OUTER_BOUND('',#1687,.T.);
#1218=FACE_OUTER_BOUND('',#1688,.T.);
#1219=FACE_OUTER_BOUND('',#1689,.T.);
#1220=FACE_OUTER_BOUND('',#1690,.T.);
#1221=FACE_OUTER_BOUND('',#1691,.T.);
#1222=FACE_OUTER_BOUND('',#1692,.T.);
#1223=FACE_OUTER_BOUND('',#1693,.T.);
#1224=FACE_OUTER_BOUND('',#1694,.T.);
#1225=FACE_OUTER_BOUND('',#1695,.T.);
#1226=FACE_OUTER_BOUND('',#1696,.T.);
#1227=FACE_OUTER_BOUND('',#1697,.T.);
#1228=FACE_OUTER_BOUND('',#1698,.T.);
#1229=FACE_OUTER_BOUND('',#1699,.T.);
#1230=FACE_OUTER_BOUND('',#1700,.T.);
#1231=FACE_OUTER_BOUND('',#1701,.T.);
#1232=FACE_OUTER_BOUND('',#1702,.T.);
#1233=FACE_OUTER_BOUND('',#1703,.T.);
#1234=FACE_OUTER_BOUND('',#1704,.T.);
#1235=FACE_OUTER_BOUND('',#1705,.T.);
#1236=FACE_OUTER_BOUND('',#1706,.T.);
#1237=FACE_OUTER_BOUND('',#1707,.T.);
#1238=FACE_OUTER_BOUND('',#1708,.T.);
#1239=FACE_OUTER_BOUND('',#1709,.T.);
#1240=FACE_OUTER_BOUND('',#1710,.T.);
#1241=FACE_OUTER_BOUND('',#1711,.T.);
#1242=FACE_OUTER_BOUND('',#1712,.T.);
#1243=FACE_OUTER_BOUND('',#1713,.T.);
#1244=FACE_OUTER_BOUND('',#1714,.T.);
#1245=FACE_OUTER_BOUND('',#1715,.T.);
#1246=FACE_OUTER_BOUND('',#1716,.T.);
#1247=FACE_OUTER_BOUND('',#1717,.T.);
#1248=FACE_OUTER_BOUND('',#1718,.T.);
#1249=FACE_OUTER_BOUND('',#1719,.T.);
#1250=FACE_OUTER_BOUND('',#1720,.T.);
#1251=FACE_OUTER_BOUND('',#1721,.T.);
#1252=FACE_OUTER_BOUND('',#1722,.T.);
#1253=FACE_OUTER_BOUND('',#1723,.T.);
#1254=FACE_OUTER_BOUND('',#1726,.T.);
#1255=FACE_OUTER_BOUND('',#1727,.T.);
#1256=FACE_OUTER_BOUND('',#1728,.T.);
#1257=FACE_OUTER_BOUND('',#1729,.T.);
#1258=FACE_OUTER_BOUND('',#1730,.T.);
#1259=FACE_OUTER_BOUND('',#1731,.T.);
#1260=FACE_OUTER_BOUND('',#1732,.T.);
#1261=FACE_OUTER_BOUND('',#1733,.T.);
#1262=FACE_OUTER_BOUND('',#1734,.T.);
#1263=FACE_OUTER_BOUND('',#1735,.T.);
#1264=FACE_OUTER_BOUND('',#1736,.T.);
#1265=FACE_OUTER_BOUND('',#1737,.T.);
#1266=FACE_OUTER_BOUND('',#1738,.T.);
#1267=FACE_OUTER_BOUND('',#1739,.T.);
#1268=FACE_OUTER_BOUND('',#1740,.T.);
#1269=FACE_OUTER_BOUND('',#1741,.T.);
#1270=FACE_OUTER_BOUND('',#1742,.T.);
#1271=FACE_OUTER_BOUND('',#1743,.T.);
#1272=FACE_OUTER_BOUND('',#1744,.T.);
#1273=FACE_OUTER_BOUND('',#1745,.T.);
#1274=FACE_OUTER_BOUND('',#1746,.T.);
#1275=FACE_OUTER_BOUND('',#1747,.T.);
#1276=FACE_OUTER_BOUND('',#1748,.T.);
#1277=FACE_OUTER_BOUND('',#1749,.T.);
#1278=FACE_OUTER_BOUND('',#1750,.T.);
#1279=FACE_OUTER_BOUND('',#1751,.T.);
#1280=FACE_OUTER_BOUND('',#1752,.T.);
#1281=FACE_OUTER_BOUND('',#1753,.T.);
#1282=FACE_OUTER_BOUND('',#1754,.T.);
#1283=FACE_OUTER_BOUND('',#1755,.T.);
#1284=FACE_OUTER_BOUND('',#1756,.T.);
#1285=FACE_OUTER_BOUND('',#1757,.T.);
#1286=FACE_OUTER_BOUND('',#1758,.T.);
#1287=FACE_OUTER_BOUND('',#1759,.T.);
#1288=FACE_OUTER_BOUND('',#1760,.T.);
#1289=FACE_OUTER_BOUND('',#1761,.T.);
#1290=FACE_OUTER_BOUND('',#1762,.T.);
#1291=FACE_OUTER_BOUND('',#1763,.T.);
#1292=FACE_OUTER_BOUND('',#1764,.T.);
#1293=FACE_OUTER_BOUND('',#1765,.T.);
#1294=FACE_OUTER_BOUND('',#1766,.T.);
#1295=FACE_OUTER_BOUND('',#1767,.T.);
#1296=FACE_OUTER_BOUND('',#1768,.T.);
#1297=FACE_OUTER_BOUND('',#1769,.T.);
#1298=FACE_OUTER_BOUND('',#1770,.T.);
#1299=FACE_OUTER_BOUND('',#1771,.T.);
#1300=FACE_OUTER_BOUND('',#1772,.T.);
#1301=FACE_OUTER_BOUND('',#1773,.T.);
#1302=FACE_OUTER_BOUND('',#1774,.T.);
#1303=FACE_OUTER_BOUND('',#1775,.T.);
#1304=FACE_OUTER_BOUND('',#1776,.T.);
#1305=FACE_OUTER_BOUND('',#1777,.T.);
#1306=FACE_OUTER_BOUND('',#1778,.T.);
#1307=FACE_OUTER_BOUND('',#1779,.T.);
#1308=FACE_OUTER_BOUND('',#1780,.T.);
#1309=FACE_OUTER_BOUND('',#1781,.T.);
#1310=FACE_OUTER_BOUND('',#1782,.T.);
#1311=FACE_OUTER_BOUND('',#1783,.T.);
#1312=FACE_OUTER_BOUND('',#1784,.T.);
#1313=FACE_OUTER_BOUND('',#1785,.T.);
#1314=FACE_OUTER_BOUND('',#1786,.T.);
#1315=FACE_OUTER_BOUND('',#1787,.T.);
#1316=FACE_OUTER_BOUND('',#1788,.T.);
#1317=FACE_OUTER_BOUND('',#1789,.T.);
#1318=FACE_OUTER_BOUND('',#1790,.T.);
#1319=FACE_OUTER_BOUND('',#1791,.T.);
#1320=FACE_OUTER_BOUND('',#1792,.T.);
#1321=FACE_OUTER_BOUND('',#1793,.T.);
#1322=FACE_OUTER_BOUND('',#1794,.T.);
#1323=FACE_OUTER_BOUND('',#1795,.T.);
#1324=FACE_OUTER_BOUND('',#1796,.T.);
#1325=FACE_OUTER_BOUND('',#1797,.T.);
#1326=FACE_OUTER_BOUND('',#1798,.T.);
#1327=FACE_OUTER_BOUND('',#1799,.T.);
#1328=FACE_OUTER_BOUND('',#1800,.T.);
#1329=FACE_OUTER_BOUND('',#1801,.T.);
#1330=FACE_OUTER_BOUND('',#1802,.T.);
#1331=FACE_OUTER_BOUND('',#1803,.T.);
#1332=FACE_OUTER_BOUND('',#1804,.T.);
#1333=FACE_OUTER_BOUND('',#1805,.T.);
#1334=FACE_OUTER_BOUND('',#1806,.T.);
#1335=FACE_OUTER_BOUND('',#1807,.T.);
#1336=FACE_OUTER_BOUND('',#1808,.T.);
#1337=FACE_OUTER_BOUND('',#1809,.T.);
#1338=FACE_OUTER_BOUND('',#1810,.T.);
#1339=FACE_OUTER_BOUND('',#1811,.T.);
#1340=FACE_OUTER_BOUND('',#1812,.T.);
#1341=FACE_OUTER_BOUND('',#1813,.T.);
#1342=FACE_OUTER_BOUND('',#1814,.T.);
#1343=FACE_OUTER_BOUND('',#1815,.T.);
#1344=FACE_OUTER_BOUND('',#1816,.T.);
#1345=FACE_OUTER_BOUND('',#1817,.T.);
#1346=FACE_OUTER_BOUND('',#1818,.T.);
#1347=FACE_OUTER_BOUND('',#1819,.T.);
#1348=FACE_OUTER_BOUND('',#1820,.T.);
#1349=FACE_OUTER_BOUND('',#1821,.T.);
#1350=FACE_OUTER_BOUND('',#1822,.T.);
#1351=FACE_OUTER_BOUND('',#1823,.T.);
#1352=FACE_OUTER_BOUND('',#1824,.T.);
#1353=FACE_OUTER_BOUND('',#1825,.T.);
#1354=FACE_OUTER_BOUND('',#1826,.T.);
#1355=FACE_OUTER_BOUND('',#1827,.T.);
#1356=FACE_OUTER_BOUND('',#1828,.T.);
#1357=FACE_OUTER_BOUND('',#1829,.T.);
#1358=FACE_OUTER_BOUND('',#1830,.T.);
#1359=FACE_OUTER_BOUND('',#1831,.T.);
#1360=FACE_OUTER_BOUND('',#1832,.T.);
#1361=FACE_OUTER_BOUND('',#1833,.T.);
#1362=FACE_OUTER_BOUND('',#1834,.T.);
#1363=FACE_OUTER_BOUND('',#1835,.T.);
#1364=FACE_OUTER_BOUND('',#1836,.T.);
#1365=FACE_OUTER_BOUND('',#1837,.T.);
#1366=FACE_OUTER_BOUND('',#1838,.T.);
#1367=FACE_OUTER_BOUND('',#1839,.T.);
#1368=FACE_OUTER_BOUND('',#1840,.T.);
#1369=FACE_OUTER_BOUND('',#1841,.T.);
#1370=FACE_OUTER_BOUND('',#1842,.T.);
#1371=FACE_OUTER_BOUND('',#1843,.T.);
#1372=FACE_OUTER_BOUND('',#1844,.T.);
#1373=FACE_OUTER_BOUND('',#1845,.T.);
#1374=FACE_OUTER_BOUND('',#1846,.T.);
#1375=FACE_OUTER_BOUND('',#1847,.T.);
#1376=FACE_OUTER_BOUND('',#1848,.T.);
#1377=FACE_OUTER_BOUND('',#1849,.T.);
#1378=FACE_OUTER_BOUND('',#1850,.T.);
#1379=FACE_OUTER_BOUND('',#1851,.T.);
#1380=FACE_OUTER_BOUND('',#1852,.T.);
#1381=FACE_OUTER_BOUND('',#1853,.T.);
#1382=FACE_OUTER_BOUND('',#1854,.T.);
#1383=FACE_OUTER_BOUND('',#1855,.T.);
#1384=FACE_OUTER_BOUND('',#1856,.T.);
#1385=FACE_OUTER_BOUND('',#1857,.T.);
#1386=FACE_OUTER_BOUND('',#1858,.T.);
#1387=FACE_OUTER_BOUND('',#1859,.T.);
#1388=FACE_OUTER_BOUND('',#1860,.T.);
#1389=FACE_OUTER_BOUND('',#1861,.T.);
#1390=FACE_OUTER_BOUND('',#1862,.T.);
#1391=FACE_OUTER_BOUND('',#1863,.T.);
#1392=FACE_OUTER_BOUND('',#1864,.T.);
#1393=FACE_OUTER_BOUND('',#1865,.T.);
#1394=FACE_OUTER_BOUND('',#1866,.T.);
#1395=FACE_OUTER_BOUND('',#1867,.T.);
#1396=FACE_OUTER_BOUND('',#1868,.T.);
#1397=FACE_OUTER_BOUND('',#1869,.T.);
#1398=FACE_OUTER_BOUND('',#1870,.T.);
#1399=FACE_OUTER_BOUND('',#1871,.T.);
#1400=FACE_OUTER_BOUND('',#1872,.T.);
#1401=FACE_OUTER_BOUND('',#1873,.T.);
#1402=FACE_OUTER_BOUND('',#1874,.T.);
#1403=FACE_OUTER_BOUND('',#1875,.T.);
#1404=FACE_OUTER_BOUND('',#1876,.T.);
#1405=FACE_OUTER_BOUND('',#1877,.T.);
#1406=FACE_OUTER_BOUND('',#1878,.T.);
#1407=FACE_OUTER_BOUND('',#1879,.T.);
#1408=FACE_OUTER_BOUND('',#1880,.T.);
#1409=FACE_OUTER_BOUND('',#1881,.T.);
#1410=FACE_OUTER_BOUND('',#1882,.T.);
#1411=FACE_OUTER_BOUND('',#1883,.T.);
#1412=FACE_OUTER_BOUND('',#1884,.T.);
#1413=FACE_OUTER_BOUND('',#1885,.T.);
#1414=FACE_OUTER_BOUND('',#1886,.T.);
#1415=FACE_OUTER_BOUND('',#1887,.T.);
#1416=FACE_OUTER_BOUND('',#1888,.T.);
#1417=FACE_OUTER_BOUND('',#1889,.T.);
#1418=FACE_OUTER_BOUND('',#1890,.T.);
#1419=FACE_OUTER_BOUND('',#1891,.T.);
#1420=FACE_OUTER_BOUND('',#1892,.T.);
#1421=FACE_OUTER_BOUND('',#1893,.T.);
#1422=FACE_OUTER_BOUND('',#1894,.T.);
#1423=FACE_OUTER_BOUND('',#1895,.T.);
#1424=FACE_OUTER_BOUND('',#1896,.T.);
#1425=FACE_OUTER_BOUND('',#1897,.T.);
#1426=FACE_OUTER_BOUND('',#1898,.T.);
#1427=FACE_OUTER_BOUND('',#1899,.T.);
#1428=FACE_OUTER_BOUND('',#1900,.T.);
#1429=FACE_OUTER_BOUND('',#1901,.T.);
#1430=FACE_OUTER_BOUND('',#1902,.T.);
#1431=FACE_OUTER_BOUND('',#1903,.T.);
#1432=FACE_OUTER_BOUND('',#1904,.T.);
#1433=FACE_OUTER_BOUND('',#1905,.T.);
#1434=FACE_OUTER_BOUND('',#1906,.T.);
#1435=FACE_OUTER_BOUND('',#1907,.T.);
#1436=FACE_OUTER_BOUND('',#1908,.T.);
#1437=FACE_OUTER_BOUND('',#1909,.T.);
#1438=FACE_OUTER_BOUND('',#1910,.T.);
#1439=FACE_OUTER_BOUND('',#1911,.T.);
#1440=FACE_OUTER_BOUND('',#1912,.T.);
#1441=FACE_OUTER_BOUND('',#1913,.T.);
#1442=FACE_OUTER_BOUND('',#1914,.T.);
#1443=FACE_OUTER_BOUND('',#1915,.T.);
#1444=FACE_OUTER_BOUND('',#1916,.T.);
#1445=FACE_OUTER_BOUND('',#1917,.T.);
#1446=FACE_OUTER_BOUND('',#1918,.T.);
#1447=FACE_OUTER_BOUND('',#1919,.T.);
#1448=FACE_OUTER_BOUND('',#1920,.T.);
#1449=FACE_OUTER_BOUND('',#1921,.T.);
#1450=FACE_OUTER_BOUND('',#1922,.T.);
#1451=FACE_OUTER_BOUND('',#1923,.T.);
#1452=FACE_OUTER_BOUND('',#1924,.T.);
#1453=FACE_OUTER_BOUND('',#1925,.T.);
#1454=FACE_OUTER_BOUND('',#1926,.T.);
#1455=FACE_OUTER_BOUND('',#1927,.T.);
#1456=FACE_OUTER_BOUND('',#1928,.T.);
#1457=FACE_OUTER_BOUND('',#1929,.T.);
#1458=FACE_OUTER_BOUND('',#1930,.T.);
#1459=FACE_OUTER_BOUND('',#1931,.T.);
#1460=FACE_OUTER_BOUND('',#1932,.T.);
#1461=FACE_OUTER_BOUND('',#1933,.T.);
#1462=FACE_OUTER_BOUND('',#1934,.T.);
#1463=FACE_OUTER_BOUND('',#1935,.T.);
#1464=FACE_OUTER_BOUND('',#1936,.T.);
#1465=FACE_OUTER_BOUND('',#1937,.T.);
#1466=FACE_OUTER_BOUND('',#1938,.T.);
#1467=FACE_OUTER_BOUND('',#1939,.T.);
#1468=FACE_OUTER_BOUND('',#1940,.T.);
#1469=FACE_OUTER_BOUND('',#1941,.T.);
#1470=FACE_OUTER_BOUND('',#1942,.T.);
#1471=FACE_OUTER_BOUND('',#1943,.T.);
#1472=FACE_OUTER_BOUND('',#1944,.T.);
#1473=FACE_OUTER_BOUND('',#1945,.T.);
#1474=FACE_OUTER_BOUND('',#1946,.T.);
#1475=FACE_OUTER_BOUND('',#1947,.T.);
#1476=FACE_OUTER_BOUND('',#1948,.T.);
#1477=FACE_OUTER_BOUND('',#1949,.T.);
#1478=FACE_OUTER_BOUND('',#1950,.T.);
#1479=FACE_OUTER_BOUND('',#1951,.T.);
#1480=FACE_OUTER_BOUND('',#1952,.T.);
#1481=FACE_OUTER_BOUND('',#1953,.T.);
#1482=FACE_OUTER_BOUND('',#1954,.T.);
#1483=FACE_OUTER_BOUND('',#1955,.T.);
#1484=FACE_OUTER_BOUND('',#1958,.T.);
#1485=FACE_OUTER_BOUND('',#1965,.T.);
#1486=FACE_OUTER_BOUND('',#1966,.T.);
#1487=FACE_OUTER_BOUND('',#1967,.T.);
#1488=FACE_OUTER_BOUND('',#1968,.T.);
#1489=FACE_OUTER_BOUND('',#1969,.T.);
#1490=FACE_OUTER_BOUND('',#1970,.T.);
#1491=FACE_OUTER_BOUND('',#1971,.T.);
#1492=FACE_OUTER_BOUND('',#1972,.T.);
#1493=FACE_OUTER_BOUND('',#1973,.T.);
#1494=FACE_OUTER_BOUND('',#1974,.T.);
#1495=FACE_OUTER_BOUND('',#1975,.T.);
#1496=FACE_OUTER_BOUND('',#1976,.T.);
#1497=FACE_OUTER_BOUND('',#1977,.T.);
#1498=FACE_OUTER_BOUND('',#1978,.T.);
#1499=FACE_OUTER_BOUND('',#1979,.T.);
#1500=FACE_OUTER_BOUND('',#1980,.T.);
#1501=FACE_OUTER_BOUND('',#1981,.T.);
#1502=FACE_OUTER_BOUND('',#1982,.T.);
#1503=FACE_OUTER_BOUND('',#1983,.T.);
#1504=FACE_OUTER_BOUND('',#1984,.T.);
#1505=FACE_OUTER_BOUND('',#1985,.T.);
#1506=FACE_OUTER_BOUND('',#1986,.T.);
#1507=FACE_OUTER_BOUND('',#1987,.T.);
#1508=FACE_OUTER_BOUND('',#1988,.T.);
#1509=FACE_OUTER_BOUND('',#1989,.T.);
#1510=FACE_OUTER_BOUND('',#1990,.T.);
#1511=FACE_OUTER_BOUND('',#1991,.T.);
#1512=FACE_OUTER_BOUND('',#1992,.T.);
#1513=FACE_OUTER_BOUND('',#1993,.T.);
#1514=FACE_OUTER_BOUND('',#1994,.T.);
#1515=FACE_OUTER_BOUND('',#1995,.T.);
#1516=FACE_OUTER_BOUND('',#1996,.T.);
#1517=FACE_OUTER_BOUND('',#1997,.T.);
#1518=FACE_OUTER_BOUND('',#1998,.T.);
#1519=FACE_OUTER_BOUND('',#1999,.T.);
#1520=FACE_OUTER_BOUND('',#2000,.T.);
#1521=FACE_OUTER_BOUND('',#2001,.T.);
#1522=FACE_OUTER_BOUND('',#2002,.T.);
#1523=FACE_OUTER_BOUND('',#2003,.T.);
#1524=FACE_OUTER_BOUND('',#2004,.T.);
#1525=FACE_OUTER_BOUND('',#2005,.T.);
#1526=FACE_OUTER_BOUND('',#2006,.T.);
#1527=FACE_OUTER_BOUND('',#2007,.T.);
#1528=FACE_OUTER_BOUND('',#2008,.T.);
#1529=FACE_OUTER_BOUND('',#2009,.T.);
#1530=FACE_OUTER_BOUND('',#2010,.T.);
#1531=FACE_OUTER_BOUND('',#2011,.T.);
#1532=FACE_OUTER_BOUND('',#2012,.T.);
#1533=FACE_OUTER_BOUND('',#2013,.T.);
#1534=FACE_OUTER_BOUND('',#2014,.T.);
#1535=FACE_OUTER_BOUND('',#2015,.T.);
#1536=FACE_OUTER_BOUND('',#2016,.T.);
#1537=FACE_OUTER_BOUND('',#2017,.T.);
#1538=FACE_OUTER_BOUND('',#2018,.T.);
#1539=FACE_OUTER_BOUND('',#2019,.T.);
#1540=FACE_OUTER_BOUND('',#2020,.T.);
#1541=FACE_OUTER_BOUND('',#2021,.T.);
#1542=FACE_OUTER_BOUND('',#2022,.T.);
#1543=FACE_OUTER_BOUND('',#2023,.T.);
#1544=FACE_OUTER_BOUND('',#2024,.T.);
#1545=FACE_OUTER_BOUND('',#2025,.T.);
#1546=FACE_OUTER_BOUND('',#2026,.T.);
#1547=FACE_OUTER_BOUND('',#2027,.T.);
#1548=FACE_OUTER_BOUND('',#2028,.T.);
#1549=FACE_OUTER_BOUND('',#2029,.T.);
#1550=FACE_OUTER_BOUND('',#2030,.T.);
#1551=EDGE_LOOP('',(#2156,#2157,#2158,#2159,#2160,#2161,#2162));
#1552=EDGE_LOOP('',(#2163,#2164,#2165));
#1553=EDGE_LOOP('',(#2166,#2167,#2168,#2169,#2170,#2171,#2172));
#1554=EDGE_LOOP('',(#2173,#2174,#2175));
#1555=EDGE_LOOP('',(#2176,#2177,#2178,#2179,#2180,#2181,#2182));
#1556=EDGE_LOOP('',(#2183,#2184,#2185));
#1557=EDGE_LOOP('',(#2186,#2187,#2188,#2189));
#1558=EDGE_LOOP('',(#2190,#2191,#2192,#2193));
#1559=EDGE_LOOP('',(#2194,#2195,#2196,#2197));
#1560=EDGE_LOOP('',(#2198,#2199,#2200,#2201));
#1561=EDGE_LOOP('',(#2202,#2203,#2204,#2205));
#1562=EDGE_LOOP('',(#2206,#2207,#2208,#2209));
#1563=EDGE_LOOP('',(#2210,#2211,#2212,#2213,#2214,#2215,#2216,#2217,#2218,
#2219,#2220,#2221,#2222,#2223,#2224,#2225,#2226,#2227,#2228,#2229,#2230,
#2231,#2232,#2233,#2234,#2235,#2236,#2237,#2238,#2239,#2240,#2241,#2242,
#2243,#2244,#2245,#2246,#2247,#2248,#2249,#2250,#2251,#2252,#2253,#2254,
#2255,#2256,#2257,#2258,#2259,#2260,#2261,#2262,#2263,#2264,#2265,#2266,
#2267,#2268,#2269,#2270,#2271,#2272,#2273,#2274,#2275,#2276,#2277,#2278,
#2279,#2280,#2281,#2282,#2283,#2284,#2285,#2286,#2287,#2288,#2289));
#1564=EDGE_LOOP('',(#2290,#2291,#2292,#2293,#2294,#2295,#2296,#2297,#2298,
#2299,#2300,#2301,#2302,#2303,#2304,#2305,#2306,#2307,#2308,#2309,#2310,
#2311,#2312,#2313,#2314,#2315,#2316,#2317,#2318,#2319,#2320,#2321,#2322,
#2323,#2324,#2325,#2326,#2327,#2328,#2329,#2330,#2331,#2332,#2333,#2334,
#2335,#2336,#2337,#2338,#2339,#2340,#2341,#2342,#2343,#2344,#2345,#2346,
#2347,#2348,#2349));
#1565=EDGE_LOOP('',(#2350,#2351,#2352,#2353,#2354,#2355,#2356,#2357,#2358,
#2359));
#1566=EDGE_LOOP('',(#2360,#2361,#2362,#2363,#2364,#2365,#2366,#2367,#2368,
#2369,#2370,#2371));
#1567=EDGE_LOOP('',(#2372,#2373,#2374,#2375,#2376,#2377,#2378,#2379,#2380,
#2381,#2382,#2383,#2384,#2385,#2386,#2387,#2388,#2389,#2390,#2391,#2392,
#2393,#2394,#2395,#2396,#2397,#2398,#2399,#2400,#2401,#2402,#2403,#2404));
#1568=EDGE_LOOP('',(#2405,#2406,#2407,#2408,#2409,#2410,#2411,#2412,#2413,
#2414));
#1569=EDGE_LOOP('',(#2415,#2416,#2417,#2418,#2419));
#1570=EDGE_LOOP('',(#2420,#2421,#2422,#2423,#2424,#2425,#2426,#2427,#2428,
#2429,#2430,#2431,#2432,#2433,#2434,#2435,#2436,#2437,#2438,#2439,#2440,
#2441,#2442,#2443,#2444,#2445,#2446,#2447,#2448,#2449,#2450,#2451,#2452,
#2453,#2454,#2455));
#1571=EDGE_LOOP('',(#2456,#2457,#2458,#2459,#2460,#2461,#2462,#2463,#2464,
#2465));
#1572=EDGE_LOOP('',(#2466,#2467,#2468,#2469));
#1573=EDGE_LOOP('',(#2470,#2471,#2472,#2473,#2474));
#1574=EDGE_LOOP('',(#2475,#2476,#2477,#2478,#2479));
#1575=EDGE_LOOP('',(#2480,#2481,#2482,#2483));
#1576=EDGE_LOOP('',(#2484,#2485,#2486,#2487));
#1577=EDGE_LOOP('',(#2488,#2489,#2490,#2491,#2492));
#1578=EDGE_LOOP('',(#2493,#2494,#2495,#2496,#2497));
#1579=EDGE_LOOP('',(#2498,#2499,#2500,#2501));
#1580=EDGE_LOOP('',(#2502,#2503,#2504,#2505));
#1581=EDGE_LOOP('',(#2506,#2507,#2508,#2509,#2510));
#1582=EDGE_LOOP('',(#2511,#2512,#2513,#2514,#2515));
#1583=EDGE_LOOP('',(#2516,#2517,#2518,#2519));
#1584=EDGE_LOOP('',(#2520,#2521,#2522,#2523,#2524,#2525,#2526,#2527,#2528,
#2529));
#1585=EDGE_LOOP('',(#2530,#2531,#2532,#2533,#2534,#2535,#2536,#2537,#2538));
#1586=EDGE_LOOP('',(#2539,#2540,#2541,#2542,#2543,#2544,#2545,#2546,#2547,
#2548));
#1587=EDGE_LOOP('',(#2549,#2550,#2551,#2552,#2553,#2554,#2555,#2556,#2557));
#1588=EDGE_LOOP('',(#2558,#2559,#2560,#2561,#2562,#2563,#2564,#2565,#2566,
#2567,#2568,#2569,#2570,#2571,#2572,#2573,#2574,#2575,#2576,#2577,#2578,
#2579,#2580,#2581,#2582,#2583,#2584,#2585,#2586,#2587,#2588,#2589,#2590));
#1589=EDGE_LOOP('',(#2591,#2592,#2593,#2594));
#1590=EDGE_LOOP('',(#2595,#2596,#2597,#2598));
#1591=EDGE_LOOP('',(#2599,#2600,#2601,#2602));
#1592=EDGE_LOOP('',(#2603,#2604,#2605,#2606,#2607,#2608));
#1593=EDGE_LOOP('',(#2609,#2610,#2611,#2612,#2613,#2614,#2615,#2616,#2617,
#2618,#2619,#2620,#2621,#2622,#2623,#2624,#2625,#2626,#2627,#2628,#2629,
#2630,#2631,#2632,#2633,#2634,#2635,#2636));
#1594=EDGE_LOOP('',(#2637,#2638,#2639,#2640));
#1595=EDGE_LOOP('',(#2641,#2642,#2643,#2644,#2645,#2646));
#1596=EDGE_LOOP('',(#2647,#2648,#2649,#2650));
#1597=EDGE_LOOP('',(#2651));
#1598=EDGE_LOOP('',(#2652));
#1599=EDGE_LOOP('',(#2653));
#1600=EDGE_LOOP('',(#2654,#2655,#2656,#2657));
#1601=EDGE_LOOP('',(#2658,#2659,#2660,#2661));
#1602=EDGE_LOOP('',(#2662,#2663,#2664,#2665,#2666,#2667));
#1603=EDGE_LOOP('',(#2668,#2669,#2670,#2671));
#1604=EDGE_LOOP('',(#2672,#2673,#2674,#2675));
#1605=EDGE_LOOP('',(#2676,#2677,#2678,#2679));
#1606=EDGE_LOOP('',(#2680,#2681,#2682,#2683));
#1607=EDGE_LOOP('',(#2684,#2685,#2686,#2687));
#1608=EDGE_LOOP('',(#2688,#2689));
#1609=EDGE_LOOP('',(#2690,#2691));
#1610=EDGE_LOOP('',(#2692,#2693));
#1611=EDGE_LOOP('',(#2694,#2695,#2696,#2697));
#1612=EDGE_LOOP('',(#2698,#2699,#2700,#2701));
#1613=EDGE_LOOP('',(#2702,#2703,#2704,#2705));
#1614=EDGE_LOOP('',(#2706,#2707,#2708,#2709));
#1615=EDGE_LOOP('',(#2710,#2711,#2712,#2713));
#1616=EDGE_LOOP('',(#2714,#2715,#2716,#2717));
#1617=EDGE_LOOP('',(#2718,#2719,#2720,#2721));
#1618=EDGE_LOOP('',(#2722,#2723,#2724,#2725));
#1619=EDGE_LOOP('',(#2726,#2727,#2728,#2729,#2730,#2731,#2732,#2733,#2734,
#2735));
#1620=EDGE_LOOP('',(#2736,#2737,#2738,#2739,#2740,#2741));
#1621=EDGE_LOOP('',(#2742,#2743,#2744,#2745,#2746,#2747,#2748,#2749,#2750));
#1622=EDGE_LOOP('',(#2751,#2752,#2753,#2754));
#1623=EDGE_LOOP('',(#2755,#2756,#2757,#2758,#2759,#2760,#2761,#2762));
#1624=EDGE_LOOP('',(#2763,#2764,#2765,#2766));
#1625=EDGE_LOOP('',(#2767,#2768,#2769,#2770,#2771,#2772));
#1626=EDGE_LOOP('',(#2773,#2774,#2775,#2776,#2777,#2778));
#1627=EDGE_LOOP('',(#2779,#2780,#2781,#2782));
#1628=EDGE_LOOP('',(#2783,#2784,#2785,#2786));
#1629=EDGE_LOOP('',(#2787,#2788,#2789,#2790));
#1630=EDGE_LOOP('',(#2791));
#1631=EDGE_LOOP('',(#2792));
#1632=EDGE_LOOP('',(#2793));
#1633=EDGE_LOOP('',(#2794));
#1634=EDGE_LOOP('',(#2795));
#1635=EDGE_LOOP('',(#2796));
#1636=EDGE_LOOP('',(#2797));
#1637=EDGE_LOOP('',(#2798));
#1638=EDGE_LOOP('',(#2799));
#1639=EDGE_LOOP('',(#2800));
#1640=EDGE_LOOP('',(#2801));
#1641=EDGE_LOOP('',(#2802));
#1642=EDGE_LOOP('',(#2803));
#1643=EDGE_LOOP('',(#2804));
#1644=EDGE_LOOP('',(#2805));
#1645=EDGE_LOOP('',(#2806));
#1646=EDGE_LOOP('',(#2807));
#1647=EDGE_LOOP('',(#2808));
#1648=EDGE_LOOP('',(#2809,#2810,#2811,#2812));
#1649=EDGE_LOOP('',(#2813,#2814,#2815,#2816));
#1650=EDGE_LOOP('',(#2817,#2818,#2819,#2820));
#1651=EDGE_LOOP('',(#2821,#2822,#2823,#2824));
#1652=EDGE_LOOP('',(#2825,#2826,#2827,#2828));
#1653=EDGE_LOOP('',(#2829,#2830,#2831,#2832));
#1654=EDGE_LOOP('',(#2833,#2834,#2835,#2836));
#1655=EDGE_LOOP('',(#2837,#2838,#2839,#2840));
#1656=EDGE_LOOP('',(#2841,#2842,#2843,#2844));
#1657=EDGE_LOOP('',(#2845,#2846,#2847,#2848));
#1658=EDGE_LOOP('',(#2849,#2850,#2851,#2852));
#1659=EDGE_LOOP('',(#2853,#2854,#2855,#2856));
#1660=EDGE_LOOP('',(#2857,#2858,#2859,#2860));
#1661=EDGE_LOOP('',(#2861,#2862,#2863,#2864));
#1662=EDGE_LOOP('',(#2865,#2866,#2867,#2868));
#1663=EDGE_LOOP('',(#2869,#2870,#2871,#2872));
#1664=EDGE_LOOP('',(#2873,#2874,#2875,#2876,#2877));
#1665=EDGE_LOOP('',(#2878,#2879,#2880));
#1666=EDGE_LOOP('',(#2881,#2882,#2883));
#1667=EDGE_LOOP('',(#2884,#2885,#2886,#2887));
#1668=EDGE_LOOP('',(#2888,#2889,#2890,#2891));
#1669=EDGE_LOOP('',(#2892,#2893,#2894,#2895));
#1670=EDGE_LOOP('',(#2896,#2897,#2898,#2899));
#1671=EDGE_LOOP('',(#2900,#2901,#2902,#2903));
#1672=EDGE_LOOP('',(#2904,#2905,#2906,#2907));
#1673=EDGE_LOOP('',(#2908,#2909,#2910,#2911));
#1674=EDGE_LOOP('',(#2912,#2913,#2914,#2915));
#1675=EDGE_LOOP('',(#2916,#2917,#2918,#2919));
#1676=EDGE_LOOP('',(#2920,#2921,#2922,#2923));
#1677=EDGE_LOOP('',(#2924,#2925,#2926,#2927));
#1678=EDGE_LOOP('',(#2928,#2929,#2930,#2931));
#1679=EDGE_LOOP('',(#2932,#2933,#2934,#2935));
#1680=EDGE_LOOP('',(#2936,#2937,#2938,#2939));
#1681=EDGE_LOOP('',(#2940,#2941,#2942,#2943));
#1682=EDGE_LOOP('',(#2944,#2945,#2946,#2947));
#1683=EDGE_LOOP('',(#2948,#2949,#2950,#2951));
#1684=EDGE_LOOP('',(#2952,#2953,#2954,#2955));
#1685=EDGE_LOOP('',(#2956,#2957,#2958,#2959));
#1686=EDGE_LOOP('',(#2960,#2961,#2962,#2963));
#1687=EDGE_LOOP('',(#2964,#2965,#2966,#2967));
#1688=EDGE_LOOP('',(#2968,#2969,#2970,#2971));
#1689=EDGE_LOOP('',(#2972,#2973,#2974,#2975));
#1690=EDGE_LOOP('',(#2976,#2977,#2978,#2979));
#1691=EDGE_LOOP('',(#2980,#2981,#2982,#2983));
#1692=EDGE_LOOP('',(#2984,#2985,#2986,#2987));
#1693=EDGE_LOOP('',(#2988,#2989,#2990,#2991));
#1694=EDGE_LOOP('',(#2992,#2993,#2994,#2995));
#1695=EDGE_LOOP('',(#2996,#2997,#2998,#2999));
#1696=EDGE_LOOP('',(#3000,#3001,#3002,#3003));
#1697=EDGE_LOOP('',(#3004,#3005,#3006,#3007));
#1698=EDGE_LOOP('',(#3008,#3009,#3010,#3011));
#1699=EDGE_LOOP('',(#3012,#3013,#3014,#3015));
#1700=EDGE_LOOP('',(#3016,#3017,#3018,#3019));
#1701=EDGE_LOOP('',(#3020,#3021,#3022,#3023));
#1702=EDGE_LOOP('',(#3024,#3025,#3026,#3027));
#1703=EDGE_LOOP('',(#3028,#3029,#3030,#3031));
#1704=EDGE_LOOP('',(#3032,#3033,#3034,#3035));
#1705=EDGE_LOOP('',(#3036,#3037,#3038,#3039));
#1706=EDGE_LOOP('',(#3040,#3041,#3042,#3043));
#1707=EDGE_LOOP('',(#3044,#3045,#3046,#3047));
#1708=EDGE_LOOP('',(#3048,#3049,#3050,#3051));
#1709=EDGE_LOOP('',(#3052,#3053,#3054,#3055));
#1710=EDGE_LOOP('',(#3056,#3057,#3058,#3059));
#1711=EDGE_LOOP('',(#3060,#3061,#3062,#3063));
#1712=EDGE_LOOP('',(#3064,#3065,#3066,#3067));
#1713=EDGE_LOOP('',(#3068,#3069,#3070,#3071));
#1714=EDGE_LOOP('',(#3072,#3073,#3074,#3075));
#1715=EDGE_LOOP('',(#3076,#3077,#3078,#3079));
#1716=EDGE_LOOP('',(#3080,#3081,#3082,#3083));
#1717=EDGE_LOOP('',(#3084,#3085,#3086,#3087));
#1718=EDGE_LOOP('',(#3088,#3089,#3090,#3091));
#1719=EDGE_LOOP('',(#3092,#3093,#3094,#3095));
#1720=EDGE_LOOP('',(#3096,#3097,#3098,#3099));
#1721=EDGE_LOOP('',(#3100,#3101,#3102,#3103));
#1722=EDGE_LOOP('',(#3104,#3105,#3106,#3107));
#1723=EDGE_LOOP('',(#3108,#3109,#3110,#3111));
#1724=EDGE_LOOP('',(#3112,#3113,#3114,#3115,#3116,#3117,#3118,#3119,#3120,
#3121,#3122,#3123,#3124,#3125,#3126,#3127,#3128,#3129,#3130,#3131,#3132,
#3133,#3134,#3135,#3136,#3137,#3138,#3139,#3140,#3141,#3142,#3143,#3144));
#1725=EDGE_LOOP('',(#3145,#3146,#3147,#3148,#3149,#3150,#3151,#3152,#3153,
#3154,#3155,#3156,#3157,#3158,#3159,#3160,#3161,#3162,#3163,#3164,#3165,
#3166,#3167,#3168));
#1726=EDGE_LOOP('',(#3169,#3170,#3171,#3172,#3173,#3174,#3175,#3176,#3177,
#3178,#3179,#3180,#3181,#3182,#3183,#3184,#3185,#3186,#3187,#3188,#3189,
#3190,#3191,#3192));
#1727=EDGE_LOOP('',(#3193,#3194,#3195,#3196));
#1728=EDGE_LOOP('',(#3197,#3198,#3199,#3200));
#1729=EDGE_LOOP('',(#3201,#3202,#3203,#3204));
#1730=EDGE_LOOP('',(#3205,#3206,#3207,#3208));
#1731=EDGE_LOOP('',(#3209,#3210,#3211,#3212));
#1732=EDGE_LOOP('',(#3213,#3214,#3215,#3216));
#1733=EDGE_LOOP('',(#3217,#3218,#3219,#3220));
#1734=EDGE_LOOP('',(#3221,#3222,#3223,#3224));
#1735=EDGE_LOOP('',(#3225,#3226,#3227,#3228));
#1736=EDGE_LOOP('',(#3229,#3230,#3231,#3232));
#1737=EDGE_LOOP('',(#3233,#3234,#3235,#3236));
#1738=EDGE_LOOP('',(#3237,#3238,#3239,#3240));
#1739=EDGE_LOOP('',(#3241,#3242,#3243,#3244,#3245,#3246,#3247,#3248,#3249,
#3250,#3251,#3252));
#1740=EDGE_LOOP('',(#3253,#3254,#3255,#3256));
#1741=EDGE_LOOP('',(#3257,#3258,#3259,#3260));
#1742=EDGE_LOOP('',(#3261,#3262,#3263,#3264));
#1743=EDGE_LOOP('',(#3265,#3266,#3267,#3268));
#1744=EDGE_LOOP('',(#3269,#3270,#3271,#3272));
#1745=EDGE_LOOP('',(#3273,#3274,#3275,#3276));
#1746=EDGE_LOOP('',(#3277,#3278,#3279,#3280));
#1747=EDGE_LOOP('',(#3281,#3282,#3283,#3284));
#1748=EDGE_LOOP('',(#3285,#3286,#3287,#3288));
#1749=EDGE_LOOP('',(#3289,#3290,#3291,#3292));
#1750=EDGE_LOOP('',(#3293,#3294,#3295,#3296,#3297,#3298,#3299,#3300,#3301,
#3302));
#1751=EDGE_LOOP('',(#3303,#3304,#3305,#3306));
#1752=EDGE_LOOP('',(#3307,#3308,#3309,#3310));
#1753=EDGE_LOOP('',(#3311,#3312,#3313,#3314));
#1754=EDGE_LOOP('',(#3315,#3316,#3317,#3318));
#1755=EDGE_LOOP('',(#3319,#3320,#3321,#3322));
#1756=EDGE_LOOP('',(#3323,#3324,#3325,#3326));
#1757=EDGE_LOOP('',(#3327,#3328,#3329,#3330));
#1758=EDGE_LOOP('',(#3331,#3332,#3333,#3334));
#1759=EDGE_LOOP('',(#3335,#3336,#3337,#3338));
#1760=EDGE_LOOP('',(#3339,#3340,#3341,#3342));
#1761=EDGE_LOOP('',(#3343,#3344,#3345,#3346));
#1762=EDGE_LOOP('',(#3347,#3348,#3349,#3350));
#1763=EDGE_LOOP('',(#3351,#3352,#3353,#3354));
#1764=EDGE_LOOP('',(#3355,#3356,#3357,#3358));
#1765=EDGE_LOOP('',(#3359,#3360,#3361,#3362));
#1766=EDGE_LOOP('',(#3363,#3364,#3365,#3366));
#1767=EDGE_LOOP('',(#3367,#3368,#3369,#3370));
#1768=EDGE_LOOP('',(#3371,#3372,#3373,#3374));
#1769=EDGE_LOOP('',(#3375,#3376,#3377,#3378));
#1770=EDGE_LOOP('',(#3379,#3380,#3381,#3382));
#1771=EDGE_LOOP('',(#3383,#3384,#3385,#3386));
#1772=EDGE_LOOP('',(#3387,#3388,#3389,#3390));
#1773=EDGE_LOOP('',(#3391,#3392,#3393,#3394));
#1774=EDGE_LOOP('',(#3395,#3396,#3397,#3398));
#1775=EDGE_LOOP('',(#3399,#3400,#3401,#3402));
#1776=EDGE_LOOP('',(#3403,#3404,#3405,#3406));
#1777=EDGE_LOOP('',(#3407,#3408,#3409,#3410));
#1778=EDGE_LOOP('',(#3411,#3412,#3413,#3414));
#1779=EDGE_LOOP('',(#3415,#3416,#3417,#3418));
#1780=EDGE_LOOP('',(#3419,#3420,#3421,#3422));
#1781=EDGE_LOOP('',(#3423,#3424,#3425,#3426));
#1782=EDGE_LOOP('',(#3427,#3428,#3429,#3430));
#1783=EDGE_LOOP('',(#3431,#3432,#3433,#3434));
#1784=EDGE_LOOP('',(#3435,#3436,#3437,#3438));
#1785=EDGE_LOOP('',(#3439,#3440,#3441,#3442));
#1786=EDGE_LOOP('',(#3443,#3444,#3445,#3446));
#1787=EDGE_LOOP('',(#3447,#3448,#3449,#3450));
#1788=EDGE_LOOP('',(#3451,#3452,#3453,#3454));
#1789=EDGE_LOOP('',(#3455,#3456,#3457,#3458));
#1790=EDGE_LOOP('',(#3459,#3460,#3461,#3462));
#1791=EDGE_LOOP('',(#3463,#3464,#3465,#3466));
#1792=EDGE_LOOP('',(#3467,#3468,#3469,#3470));
#1793=EDGE_LOOP('',(#3471,#3472,#3473,#3474));
#1794=EDGE_LOOP('',(#3475,#3476,#3477,#3478));
#1795=EDGE_LOOP('',(#3479,#3480,#3481,#3482));
#1796=EDGE_LOOP('',(#3483,#3484,#3485,#3486));
#1797=EDGE_LOOP('',(#3487,#3488,#3489,#3490));
#1798=EDGE_LOOP('',(#3491,#3492,#3493,#3494));
#1799=EDGE_LOOP('',(#3495,#3496,#3497,#3498));
#1800=EDGE_LOOP('',(#3499,#3500,#3501,#3502));
#1801=EDGE_LOOP('',(#3503,#3504,#3505,#3506));
#1802=EDGE_LOOP('',(#3507,#3508,#3509,#3510));
#1803=EDGE_LOOP('',(#3511,#3512,#3513,#3514));
#1804=EDGE_LOOP('',(#3515,#3516,#3517,#3518));
#1805=EDGE_LOOP('',(#3519,#3520,#3521,#3522));
#1806=EDGE_LOOP('',(#3523,#3524,#3525,#3526));
#1807=EDGE_LOOP('',(#3527,#3528,#3529,#3530));
#1808=EDGE_LOOP('',(#3531,#3532,#3533,#3534));
#1809=EDGE_LOOP('',(#3535,#3536,#3537,#3538));
#1810=EDGE_LOOP('',(#3539,#3540,#3541,#3542));
#1811=EDGE_LOOP('',(#3543,#3544,#3545,#3546,#3547,#3548,#3549,#3550,#3551,
#3552,#3553,#3554,#3555,#3556,#3557,#3558,#3559,#3560,#3561,#3562,#3563,
#3564,#3565,#3566,#3567,#3568,#3569,#3570,#3571,#3572,#3573,#3574,#3575,
#3576,#3577,#3578,#3579,#3580,#3581,#3582,#3583,#3584,#3585,#3586,#3587,
#3588,#3589,#3590,#3591,#3592,#3593,#3594,#3595,#3596,#3597,#3598,#3599,
#3600,#3601,#3602));
#1812=EDGE_LOOP('',(#3603,#3604,#3605,#3606));
#1813=EDGE_LOOP('',(#3607,#3608,#3609,#3610));
#1814=EDGE_LOOP('',(#3611,#3612,#3613,#3614));
#1815=EDGE_LOOP('',(#3615,#3616,#3617,#3618));
#1816=EDGE_LOOP('',(#3619,#3620,#3621,#3622));
#1817=EDGE_LOOP('',(#3623,#3624,#3625,#3626));
#1818=EDGE_LOOP('',(#3627,#3628,#3629,#3630));
#1819=EDGE_LOOP('',(#3631,#3632,#3633,#3634));
#1820=EDGE_LOOP('',(#3635,#3636,#3637,#3638));
#1821=EDGE_LOOP('',(#3639,#3640,#3641,#3642));
#1822=EDGE_LOOP('',(#3643,#3644,#3645,#3646));
#1823=EDGE_LOOP('',(#3647,#3648,#3649,#3650));
#1824=EDGE_LOOP('',(#3651,#3652,#3653,#3654));
#1825=EDGE_LOOP('',(#3655,#3656,#3657,#3658));
#1826=EDGE_LOOP('',(#3659,#3660,#3661,#3662));
#1827=EDGE_LOOP('',(#3663,#3664,#3665,#3666));
#1828=EDGE_LOOP('',(#3667,#3668,#3669,#3670));
#1829=EDGE_LOOP('',(#3671,#3672,#3673,#3674));
#1830=EDGE_LOOP('',(#3675,#3676,#3677,#3678));
#1831=EDGE_LOOP('',(#3679,#3680,#3681,#3682));
#1832=EDGE_LOOP('',(#3683,#3684,#3685,#3686));
#1833=EDGE_LOOP('',(#3687,#3688,#3689,#3690));
#1834=EDGE_LOOP('',(#3691,#3692,#3693,#3694));
#1835=EDGE_LOOP('',(#3695,#3696,#3697,#3698));
#1836=EDGE_LOOP('',(#3699,#3700,#3701,#3702));
#1837=EDGE_LOOP('',(#3703,#3704,#3705,#3706));
#1838=EDGE_LOOP('',(#3707,#3708,#3709,#3710));
#1839=EDGE_LOOP('',(#3711,#3712,#3713,#3714));
#1840=EDGE_LOOP('',(#3715,#3716,#3717,#3718));
#1841=EDGE_LOOP('',(#3719,#3720,#3721,#3722));
#1842=EDGE_LOOP('',(#3723,#3724,#3725,#3726));
#1843=EDGE_LOOP('',(#3727,#3728,#3729,#3730));
#1844=EDGE_LOOP('',(#3731,#3732,#3733,#3734));
#1845=EDGE_LOOP('',(#3735,#3736,#3737,#3738));
#1846=EDGE_LOOP('',(#3739,#3740,#3741,#3742));
#1847=EDGE_LOOP('',(#3743,#3744,#3745,#3746));
#1848=EDGE_LOOP('',(#3747,#3748,#3749,#3750));
#1849=EDGE_LOOP('',(#3751,#3752,#3753,#3754));
#1850=EDGE_LOOP('',(#3755,#3756,#3757,#3758));
#1851=EDGE_LOOP('',(#3759,#3760,#3761,#3762));
#1852=EDGE_LOOP('',(#3763,#3764,#3765,#3766));
#1853=EDGE_LOOP('',(#3767,#3768,#3769,#3770));
#1854=EDGE_LOOP('',(#3771,#3772,#3773,#3774));
#1855=EDGE_LOOP('',(#3775,#3776,#3777,#3778));
#1856=EDGE_LOOP('',(#3779,#3780,#3781,#3782));
#1857=EDGE_LOOP('',(#3783,#3784,#3785,#3786));
#1858=EDGE_LOOP('',(#3787,#3788,#3789,#3790));
#1859=EDGE_LOOP('',(#3791,#3792,#3793,#3794));
#1860=EDGE_LOOP('',(#3795,#3796,#3797,#3798));
#1861=EDGE_LOOP('',(#3799,#3800,#3801,#3802));
#1862=EDGE_LOOP('',(#3803,#3804,#3805,#3806));
#1863=EDGE_LOOP('',(#3807,#3808,#3809,#3810));
#1864=EDGE_LOOP('',(#3811,#3812,#3813,#3814));
#1865=EDGE_LOOP('',(#3815,#3816,#3817,#3818));
#1866=EDGE_LOOP('',(#3819,#3820,#3821,#3822));
#1867=EDGE_LOOP('',(#3823,#3824,#3825,#3826));
#1868=EDGE_LOOP('',(#3827,#3828,#3829,#3830));
#1869=EDGE_LOOP('',(#3831,#3832,#3833,#3834));
#1870=EDGE_LOOP('',(#3835,#3836,#3837,#3838));
#1871=EDGE_LOOP('',(#3839,#3840,#3841,#3842));
#1872=EDGE_LOOP('',(#3843,#3844,#3845,#3846));
#1873=EDGE_LOOP('',(#3847,#3848,#3849,#3850));
#1874=EDGE_LOOP('',(#3851,#3852,#3853,#3854));
#1875=EDGE_LOOP('',(#3855,#3856,#3857,#3858));
#1876=EDGE_LOOP('',(#3859,#3860,#3861,#3862));
#1877=EDGE_LOOP('',(#3863,#3864,#3865,#3866));
#1878=EDGE_LOOP('',(#3867,#3868,#3869,#3870));
#1879=EDGE_LOOP('',(#3871,#3872,#3873,#3874));
#1880=EDGE_LOOP('',(#3875,#3876,#3877,#3878));
#1881=EDGE_LOOP('',(#3879,#3880,#3881,#3882));
#1882=EDGE_LOOP('',(#3883,#3884,#3885,#3886));
#1883=EDGE_LOOP('',(#3887,#3888,#3889,#3890));
#1884=EDGE_LOOP('',(#3891,#3892,#3893,#3894));
#1885=EDGE_LOOP('',(#3895,#3896,#3897,#3898));
#1886=EDGE_LOOP('',(#3899,#3900,#3901,#3902));
#1887=EDGE_LOOP('',(#3903,#3904,#3905,#3906));
#1888=EDGE_LOOP('',(#3907,#3908,#3909,#3910));
#1889=EDGE_LOOP('',(#3911,#3912,#3913,#3914));
#1890=EDGE_LOOP('',(#3915,#3916,#3917,#3918));
#1891=EDGE_LOOP('',(#3919,#3920,#3921,#3922));
#1892=EDGE_LOOP('',(#3923,#3924,#3925,#3926,#3927,#3928,#3929,#3930,#3931,
#3932,#3933,#3934,#3935,#3936,#3937,#3938,#3939,#3940,#3941,#3942,#3943,
#3944,#3945,#3946,#3947,#3948,#3949,#3950,#3951,#3952,#3953,#3954,#3955,
#3956,#3957,#3958,#3959,#3960,#3961,#3962,#3963,#3964,#3965,#3966,#3967,
#3968,#3969,#3970,#3971,#3972,#3973,#3974,#3975,#3976,#3977,#3978,#3979,
#3980,#3981,#3982,#3983,#3984,#3985,#3986,#3987,#3988,#3989,#3990,#3991,
#3992,#3993,#3994,#3995,#3996,#3997,#3998,#3999,#4000,#4001,#4002));
#1893=EDGE_LOOP('',(#4003,#4004,#4005,#4006));
#1894=EDGE_LOOP('',(#4007,#4008,#4009,#4010));
#1895=EDGE_LOOP('',(#4011,#4012,#4013,#4014));
#1896=EDGE_LOOP('',(#4015,#4016,#4017,#4018));
#1897=EDGE_LOOP('',(#4019,#4020,#4021,#4022));
#1898=EDGE_LOOP('',(#4023,#4024,#4025,#4026));
#1899=EDGE_LOOP('',(#4027,#4028,#4029,#4030));
#1900=EDGE_LOOP('',(#4031,#4032,#4033,#4034));
#1901=EDGE_LOOP('',(#4035,#4036,#4037,#4038));
#1902=EDGE_LOOP('',(#4039,#4040,#4041,#4042));
#1903=EDGE_LOOP('',(#4043,#4044,#4045,#4046));
#1904=EDGE_LOOP('',(#4047,#4048,#4049,#4050));
#1905=EDGE_LOOP('',(#4051,#4052,#4053,#4054));
#1906=EDGE_LOOP('',(#4055,#4056,#4057,#4058));
#1907=EDGE_LOOP('',(#4059,#4060,#4061,#4062));
#1908=EDGE_LOOP('',(#4063,#4064,#4065,#4066));
#1909=EDGE_LOOP('',(#4067,#4068,#4069,#4070));
#1910=EDGE_LOOP('',(#4071,#4072,#4073,#4074));
#1911=EDGE_LOOP('',(#4075,#4076,#4077,#4078));
#1912=EDGE_LOOP('',(#4079,#4080,#4081,#4082));
#1913=EDGE_LOOP('',(#4083,#4084,#4085,#4086));
#1914=EDGE_LOOP('',(#4087,#4088,#4089,#4090));
#1915=EDGE_LOOP('',(#4091,#4092,#4093,#4094));
#1916=EDGE_LOOP('',(#4095,#4096,#4097,#4098));
#1917=EDGE_LOOP('',(#4099,#4100,#4101,#4102));
#1918=EDGE_LOOP('',(#4103,#4104,#4105,#4106));
#1919=EDGE_LOOP('',(#4107,#4108,#4109,#4110));
#1920=EDGE_LOOP('',(#4111,#4112,#4113,#4114));
#1921=EDGE_LOOP('',(#4115,#4116,#4117,#4118));
#1922=EDGE_LOOP('',(#4119,#4120,#4121,#4122));
#1923=EDGE_LOOP('',(#4123,#4124,#4125,#4126));
#1924=EDGE_LOOP('',(#4127,#4128,#4129,#4130));
#1925=EDGE_LOOP('',(#4131,#4132,#4133,#4134));
#1926=EDGE_LOOP('',(#4135,#4136,#4137,#4138));
#1927=EDGE_LOOP('',(#4139,#4140,#4141,#4142));
#1928=EDGE_LOOP('',(#4143,#4144,#4145,#4146));
#1929=EDGE_LOOP('',(#4147,#4148,#4149,#4150));
#1930=EDGE_LOOP('',(#4151,#4152,#4153,#4154));
#1931=EDGE_LOOP('',(#4155,#4156,#4157,#4158));
#1932=EDGE_LOOP('',(#4159,#4160,#4161,#4162));
#1933=EDGE_LOOP('',(#4163,#4164,#4165,#4166));
#1934=EDGE_LOOP('',(#4167,#4168,#4169,#4170));
#1935=EDGE_LOOP('',(#4171,#4172,#4173,#4174));
#1936=EDGE_LOOP('',(#4175,#4176,#4177,#4178));
#1937=EDGE_LOOP('',(#4179,#4180,#4181,#4182));
#1938=EDGE_LOOP('',(#4183,#4184,#4185,#4186));
#1939=EDGE_LOOP('',(#4187,#4188,#4189,#4190));
#1940=EDGE_LOOP('',(#4191,#4192,#4193,#4194));
#1941=EDGE_LOOP('',(#4195,#4196,#4197,#4198));
#1942=EDGE_LOOP('',(#4199,#4200,#4201,#4202));
#1943=EDGE_LOOP('',(#4203,#4204,#4205,#4206));
#1944=EDGE_LOOP('',(#4207,#4208,#4209,#4210));
#1945=EDGE_LOOP('',(#4211,#4212,#4213,#4214));
#1946=EDGE_LOOP('',(#4215,#4216,#4217,#4218));
#1947=EDGE_LOOP('',(#4219,#4220,#4221,#4222));
#1948=EDGE_LOOP('',(#4223,#4224,#4225,#4226));
#1949=EDGE_LOOP('',(#4227,#4228,#4229,#4230));
#1950=EDGE_LOOP('',(#4231,#4232,#4233,#4234));
#1951=EDGE_LOOP('',(#4235,#4236,#4237,#4238));
#1952=EDGE_LOOP('',(#4239,#4240,#4241,#4242));
#1953=EDGE_LOOP('',(#4243,#4244,#4245,#4246));
#1954=EDGE_LOOP('',(#4247,#4248,#4249,#4250));
#1955=EDGE_LOOP('',(#4251,#4252,#4253,#4254));
#1956=EDGE_LOOP('',(#4255,#4256,#4257,#4258,#4259,#4260,#4261,#4262,#4263,
#4264,#4265,#4266,#4267,#4268,#4269,#4270,#4271,#4272,#4273,#4274,#4275,
#4276,#4277,#4278,#4279,#4280,#4281,#4282,#4283,#4284,#4285,#4286,#4287,
#4288,#4289,#4290));
#1957=EDGE_LOOP('',(#4291,#4292,#4293,#4294,#4295,#4296,#4297,#4298,#4299,
#4300,#4301,#4302,#4303,#4304,#4305,#4306,#4307,#4308,#4309,#4310,#4311,
#4312,#4313,#4314,#4315,#4316,#4317));
#1958=EDGE_LOOP('',(#4318,#4319,#4320,#4321,#4322,#4323,#4324,#4325,#4326,
#4327,#4328,#4329,#4330,#4331,#4332,#4333,#4334,#4335,#4336,#4337,#4338,
#4339,#4340,#4341,#4342,#4343,#4344));
#1959=EDGE_LOOP('',(#4345,#4346));
#1960=EDGE_LOOP('',(#4347));
#1961=EDGE_LOOP('',(#4348,#4349));
#1962=EDGE_LOOP('',(#4350));
#1963=EDGE_LOOP('',(#4351,#4352));
#1964=EDGE_LOOP('',(#4353));
#1965=EDGE_LOOP('',(#4354,#4355,#4356,#4357,#4358,#4359));
#1966=EDGE_LOOP('',(#4360,#4361));
#1967=EDGE_LOOP('',(#4362,#4363,#4364,#4365,#4366,#4367));
#1968=EDGE_LOOP('',(#4368,#4369));
#1969=EDGE_LOOP('',(#4370,#4371));
#1970=EDGE_LOOP('',(#4372,#4373,#4374,#4375,#4376,#4377));
#1971=EDGE_LOOP('',(#4378,#4379));
#1972=EDGE_LOOP('',(#4380,#4381));
#1973=EDGE_LOOP('',(#4382,#4383,#4384,#4385));
#1974=EDGE_LOOP('',(#4386,#4387,#4388,#4389,#4390,#4391));
#1975=EDGE_LOOP('',(#4392,#4393,#4394,#4395));
#1976=EDGE_LOOP('',(#4396,#4397,#4398,#4399,#4400,#4401));
#1977=EDGE_LOOP('',(#4402,#4403,#4404,#4405,#4406,#4407));
#1978=EDGE_LOOP('',(#4408,#4409,#4410,#4411,#4412,#4413,#4414,#4415));
#1979=EDGE_LOOP('',(#4416,#4417,#4418,#4419,#4420,#4421,#4422,#4423));
#1980=EDGE_LOOP('',(#4424,#4425,#4426,#4427,#4428,#4429,#4430,#4431));
#1981=EDGE_LOOP('',(#4432,#4433,#4434,#4435,#4436,#4437,#4438,#4439));
#1982=EDGE_LOOP('',(#4440,#4441,#4442,#4443));
#1983=EDGE_LOOP('',(#4444,#4445,#4446,#4447,#4448,#4449));
#1984=EDGE_LOOP('',(#4450,#4451,#4452,#4453));
#1985=EDGE_LOOP('',(#4454,#4455,#4456,#4457,#4458,#4459));
#1986=EDGE_LOOP('',(#4460,#4461,#4462,#4463));
#1987=EDGE_LOOP('',(#4464,#4465,#4466,#4467));
#1988=EDGE_LOOP('',(#4468,#4469,#4470,#4471));
#1989=EDGE_LOOP('',(#4472,#4473));
#1990=EDGE_LOOP('',(#4474,#4475,#4476,#4477));
#1991=EDGE_LOOP('',(#4478,#4479));
#1992=EDGE_LOOP('',(#4480,#4481));
#1993=EDGE_LOOP('',(#4482,#4483,#4484,#4485));
#1994=EDGE_LOOP('',(#4486,#4487,#4488,#4489,#4490,#4491));
#1995=EDGE_LOOP('',(#4492,#4493,#4494,#4495));
#1996=EDGE_LOOP('',(#4496,#4497,#4498,#4499,#4500,#4501));
#1997=EDGE_LOOP('',(#4502,#4503,#4504,#4505,#4506,#4507));
#1998=EDGE_LOOP('',(#4508,#4509,#4510,#4511,#4512,#4513,#4514,#4515));
#1999=EDGE_LOOP('',(#4516,#4517,#4518,#4519,#4520,#4521,#4522,#4523));
#2000=EDGE_LOOP('',(#4524,#4525,#4526,#4527,#4528,#4529,#4530,#4531));
#2001=EDGE_LOOP('',(#4532,#4533,#4534,#4535,#4536,#4537,#4538,#4539));
#2002=EDGE_LOOP('',(#4540,#4541,#4542,#4543));
#2003=EDGE_LOOP('',(#4544,#4545,#4546,#4547,#4548,#4549));
#2004=EDGE_LOOP('',(#4550,#4551,#4552,#4553));
#2005=EDGE_LOOP('',(#4554,#4555,#4556,#4557,#4558,#4559));
#2006=EDGE_LOOP('',(#4560,#4561,#4562,#4563));
#2007=EDGE_LOOP('',(#4564,#4565,#4566,#4567));
#2008=EDGE_LOOP('',(#4568,#4569,#4570,#4571));
#2009=EDGE_LOOP('',(#4572,#4573));
#2010=EDGE_LOOP('',(#4574,#4575,#4576,#4577));
#2011=EDGE_LOOP('',(#4578,#4579));
#2012=EDGE_LOOP('',(#4580,#4581));
#2013=EDGE_LOOP('',(#4582,#4583,#4584,#4585));
#2014=EDGE_LOOP('',(#4586,#4587,#4588,#4589,#4590,#4591));
#2015=EDGE_LOOP('',(#4592,#4593,#4594,#4595));
#2016=EDGE_LOOP('',(#4596,#4597,#4598,#4599,#4600,#4601));
#2017=EDGE_LOOP('',(#4602,#4603,#4604,#4605,#4606,#4607));
#2018=EDGE_LOOP('',(#4608,#4609,#4610,#4611,#4612,#4613,#4614,#4615));
#2019=EDGE_LOOP('',(#4616,#4617,#4618,#4619,#4620,#4621,#4622,#4623));
#2020=EDGE_LOOP('',(#4624,#4625,#4626,#4627,#4628,#4629,#4630,#4631));
#2021=EDGE_LOOP('',(#4632,#4633,#4634,#4635,#4636,#4637,#4638,#4639));
#2022=EDGE_LOOP('',(#4640,#4641,#4642,#4643));
#2023=EDGE_LOOP('',(#4644,#4645,#4646,#4647,#4648,#4649));
#2024=EDGE_LOOP('',(#4650,#4651,#4652,#4653));
#2025=EDGE_LOOP('',(#4654,#4655,#4656,#4657,#4658,#4659));
#2026=EDGE_LOOP('',(#4660,#4661,#4662,#4663));
#2027=EDGE_LOOP('',(#4664,#4665,#4666,#4667));
#2028=EDGE_LOOP('',(#4668,#4669,#4670,#4671));
#2029=EDGE_LOOP('',(#4672,#4673));
#2030=EDGE_LOOP('',(#4674,#4675,#4676,#4677));
#2031=CIRCLE('',#8941,0.6999999999998);
#2032=CIRCLE('',#8942,0.6999999999998);
#2033=CIRCLE('',#8944,0.6999999999998);
#2034=CIRCLE('',#8945,0.6999999999998);
#2035=CIRCLE('',#8946,0.55);
#2036=CIRCLE('',#8948,0.6999999999998);
#2037=CIRCLE('',#8949,0.6999999999998);
#2038=CIRCLE('',#8951,0.6999999999998);
#2039=CIRCLE('',#8952,0.6999999999998);
#2040=CIRCLE('',#8953,0.5500000000001);
#2041=CIRCLE('',#8955,0.6999999999998);
#2042=CIRCLE('',#8956,0.6999999999998);
#2043=CIRCLE('',#8958,0.6999999999998);
#2044=CIRCLE('',#8959,0.6999999999998);
#2045=CIRCLE('',#8960,0.5499999999999);
#2046=CIRCLE('',#8986,0.5499999999999);
#2047=CIRCLE('',#8987,0.5500000000001);
#2048=CIRCLE('',#8988,0.55);
#2049=CIRCLE('',#8989,0.1);
#2050=CIRCLE('',#8990,0.1);
#2051=CIRCLE('',#8991,0.1);
#2052=CIRCLE('',#8992,0.1);
#2053=CIRCLE('',#8993,0.1);
#2054=CIRCLE('',#8994,0.1);
#2055=CIRCLE('',#8999,0.1);
#2056=CIRCLE('',#9000,0.1);
#2057=CIRCLE('',#9006,1.765);
#2058=CIRCLE('',#9007,1.765);
#2059=CIRCLE('',#9008,1.765);
#2060=CIRCLE('',#9014,0.55);
#2061=CIRCLE('',#9017,0.55);
#2062=CIRCLE('',#9025,0.55);
#2063=CIRCLE('',#9027,0.55);
#2064=CIRCLE('',#9030,0.55);
#2065=CIRCLE('',#9032,0.55);
#2066=CIRCLE('',#9041,0.1);
#2067=CIRCLE('',#9042,0.1);
#2068=CIRCLE('',#9043,0.1);
#2069=CIRCLE('',#9044,0.1);
#2070=CIRCLE('',#9052,1.765);
#2071=CIRCLE('',#9055,1.765);
#2072=CIRCLE('',#9057,1.765);
#2073=CIRCLE('',#9059,1.765);
#2074=CIRCLE('',#9061,1.765);
#2075=CIRCLE('',#9063,1.765);
#2076=CIRCLE('',#9065,1.765);
#2077=CIRCLE('',#9067,1.765);
#2078=CIRCLE('',#9071,0.5);
#2079=CIRCLE('',#9073,0.5);
#2080=CIRCLE('',#9075,0.5);
#2081=CIRCLE('',#9077,0.5);
#2082=CIRCLE('',#9079,0.5);
#2083=CIRCLE('',#9081,0.5);
#2084=CIRCLE('',#9383,1.74724548427893);
#2085=CIRCLE('',#9384,1.74724548427893);
#2086=CIRCLE('',#9386,1.74724548427893);
#2087=CIRCLE('',#9387,1.74724548427893);
#2088=CIRCLE('',#9389,1.74724548427893);
#2089=CIRCLE('',#9390,1.74724548427893);
#2090=CIRCLE('',#9398,1.39);
#2091=CIRCLE('',#9400,1.39);
#2092=CIRCLE('',#9402,1.639007438042);
#2093=CIRCLE('',#9405,1.639007438042);
#2094=CIRCLE('',#9408,1.70719651986);
#2095=CIRCLE('',#9409,1.70719651986);
#2096=CIRCLE('',#9410,1.70719651986);
#2097=CIRCLE('',#9411,1.70719651986);
#2098=CIRCLE('',#9415,0.5);
#2099=CIRCLE('',#9416,0.5);
#2100=CIRCLE('',#9417,0.5);
#2101=CIRCLE('',#9419,0.5);
#2102=CIRCLE('',#9420,0.5);
#2103=CIRCLE('',#9421,0.5);
#2104=CIRCLE('',#9427,0.2);
#2105=CIRCLE('',#9428,0.4414213562373);
#2106=CIRCLE('',#9429,0.2);
#2107=CIRCLE('',#9431,0.4414213562373);
#2108=CIRCLE('',#9433,0.2);
#2109=CIRCLE('',#9434,0.2);
#2110=CIRCLE('',#9435,0.3);
#2111=CIRCLE('',#9437,0.3);
#2112=CIRCLE('',#9440,1.39);
#2113=CIRCLE('',#9442,1.39);
#2114=CIRCLE('',#9444,1.639007438042);
#2115=CIRCLE('',#9447,1.639007438042);
#2116=CIRCLE('',#9450,1.70719651986);
#2117=CIRCLE('',#9451,1.70719651986);
#2118=CIRCLE('',#9452,1.70719651986);
#2119=CIRCLE('',#9453,1.70719651986);
#2120=CIRCLE('',#9457,0.5);
#2121=CIRCLE('',#9458,0.5);
#2122=CIRCLE('',#9459,0.5);
#2123=CIRCLE('',#9461,0.5);
#2124=CIRCLE('',#9462,0.5);
#2125=CIRCLE('',#9463,0.5);
#2126=CIRCLE('',#9469,0.2);
#2127=CIRCLE('',#9470,0.4414213562373);
#2128=CIRCLE('',#9471,0.2);
#2129=CIRCLE('',#9473,0.4414213562373);
#2130=CIRCLE('',#9475,0.2);
#2131=CIRCLE('',#9476,0.2);
#2132=CIRCLE('',#9477,0.3);
#2133=CIRCLE('',#9479,0.3);
#2134=CIRCLE('',#9482,1.39);
#2135=CIRCLE('',#9484,1.39);
#2136=CIRCLE('',#9486,1.639007438042);
#2137=CIRCLE('',#9489,1.639007438042);
#2138=CIRCLE('',#9492,1.70719651986);
#2139=CIRCLE('',#9493,1.70719651986);
#2140=CIRCLE('',#9494,1.70719651986);
#2141=CIRCLE('',#9495,1.70719651986);
#2142=CIRCLE('',#9499,0.5);
#2143=CIRCLE('',#9500,0.5);
#2144=CIRCLE('',#9501,0.5);
#2145=CIRCLE('',#9503,0.5);
#2146=CIRCLE('',#9504,0.5);
#2147=CIRCLE('',#9505,0.5);
#2148=CIRCLE('',#9511,0.2);
#2149=CIRCLE('',#9512,0.4414213562373);
#2150=CIRCLE('',#9513,0.2);
#2151=CIRCLE('',#9515,0.4414213562373);
#2152=CIRCLE('',#9517,0.2);
#2153=CIRCLE('',#9518,0.2);
#2154=CIRCLE('',#9519,0.3);
#2155=CIRCLE('',#9521,0.3);
#2156=ORIENTED_EDGE('',*,*,#5517,.T.);
#2157=ORIENTED_EDGE('',*,*,#5518,.T.);
#2158=ORIENTED_EDGE('',*,*,#5519,.T.);
#2159=ORIENTED_EDGE('',*,*,#5520,.T.);
#2160=ORIENTED_EDGE('',*,*,#5521,.T.);
#2161=ORIENTED_EDGE('',*,*,#5522,.T.);
#2162=ORIENTED_EDGE('',*,*,#5523,.T.);
#2163=ORIENTED_EDGE('',*,*,#5524,.T.);
#2164=ORIENTED_EDGE('',*,*,#5525,.T.);
#2165=ORIENTED_EDGE('',*,*,#5526,.T.);
#2166=ORIENTED_EDGE('',*,*,#5527,.T.);
#2167=ORIENTED_EDGE('',*,*,#5528,.T.);
#2168=ORIENTED_EDGE('',*,*,#5529,.T.);
#2169=ORIENTED_EDGE('',*,*,#5530,.T.);
#2170=ORIENTED_EDGE('',*,*,#5531,.T.);
#2171=ORIENTED_EDGE('',*,*,#5532,.T.);
#2172=ORIENTED_EDGE('',*,*,#5533,.T.);
#2173=ORIENTED_EDGE('',*,*,#5534,.T.);
#2174=ORIENTED_EDGE('',*,*,#5535,.T.);
#2175=ORIENTED_EDGE('',*,*,#5536,.T.);
#2176=ORIENTED_EDGE('',*,*,#5537,.T.);
#2177=ORIENTED_EDGE('',*,*,#5538,.F.);
#2178=ORIENTED_EDGE('',*,*,#5539,.T.);
#2179=ORIENTED_EDGE('',*,*,#5540,.T.);
#2180=ORIENTED_EDGE('',*,*,#5541,.T.);
#2181=ORIENTED_EDGE('',*,*,#5542,.T.);
#2182=ORIENTED_EDGE('',*,*,#5543,.F.);
#2183=ORIENTED_EDGE('',*,*,#5544,.T.);
#2184=ORIENTED_EDGE('',*,*,#5545,.T.);
#2185=ORIENTED_EDGE('',*,*,#5546,.T.);
#2186=ORIENTED_EDGE('',*,*,#5547,.F.);
#2187=ORIENTED_EDGE('',*,*,#5548,.T.);
#2188=ORIENTED_EDGE('',*,*,#5549,.F.);
#2189=ORIENTED_EDGE('',*,*,#5550,.F.);
#2190=ORIENTED_EDGE('',*,*,#5551,.F.);
#2191=ORIENTED_EDGE('',*,*,#5552,.T.);
#2192=ORIENTED_EDGE('',*,*,#5553,.F.);
#2193=ORIENTED_EDGE('',*,*,#5554,.F.);
#2194=ORIENTED_EDGE('',*,*,#5555,.F.);
#2195=ORIENTED_EDGE('',*,*,#5556,.T.);
#2196=ORIENTED_EDGE('',*,*,#5557,.F.);
#2197=ORIENTED_EDGE('',*,*,#5558,.F.);
#2198=ORIENTED_EDGE('',*,*,#5559,.F.);
#2199=ORIENTED_EDGE('',*,*,#5560,.T.);
#2200=ORIENTED_EDGE('',*,*,#5561,.T.);
#2201=ORIENTED_EDGE('',*,*,#5562,.F.);
#2202=ORIENTED_EDGE('',*,*,#5563,.F.);
#2203=ORIENTED_EDGE('',*,*,#5564,.T.);
#2204=ORIENTED_EDGE('',*,*,#5565,.T.);
#2205=ORIENTED_EDGE('',*,*,#5566,.F.);
#2206=ORIENTED_EDGE('',*,*,#5567,.F.);
#2207=ORIENTED_EDGE('',*,*,#5568,.T.);
#2208=ORIENTED_EDGE('',*,*,#5569,.F.);
#2209=ORIENTED_EDGE('',*,*,#5570,.F.);
#2210=ORIENTED_EDGE('',*,*,#5571,.F.);
#2211=ORIENTED_EDGE('',*,*,#5572,.F.);
#2212=ORIENTED_EDGE('',*,*,#5573,.F.);
#2213=ORIENTED_EDGE('',*,*,#5574,.F.);
#2214=ORIENTED_EDGE('',*,*,#5575,.F.);
#2215=ORIENTED_EDGE('',*,*,#5576,.F.);
#2216=ORIENTED_EDGE('',*,*,#5577,.F.);
#2217=ORIENTED_EDGE('',*,*,#5578,.F.);
#2218=ORIENTED_EDGE('',*,*,#5579,.F.);
#2219=ORIENTED_EDGE('',*,*,#5580,.F.);
#2220=ORIENTED_EDGE('',*,*,#5581,.F.);
#2221=ORIENTED_EDGE('',*,*,#5582,.F.);
#2222=ORIENTED_EDGE('',*,*,#5583,.F.);
#2223=ORIENTED_EDGE('',*,*,#5584,.F.);
#2224=ORIENTED_EDGE('',*,*,#5585,.F.);
#2225=ORIENTED_EDGE('',*,*,#5586,.F.);
#2226=ORIENTED_EDGE('',*,*,#5587,.F.);
#2227=ORIENTED_EDGE('',*,*,#5588,.F.);
#2228=ORIENTED_EDGE('',*,*,#5589,.F.);
#2229=ORIENTED_EDGE('',*,*,#5590,.F.);
#2230=ORIENTED_EDGE('',*,*,#5591,.F.);
#2231=ORIENTED_EDGE('',*,*,#5592,.F.);
#2232=ORIENTED_EDGE('',*,*,#5593,.F.);
#2233=ORIENTED_EDGE('',*,*,#5594,.F.);
#2234=ORIENTED_EDGE('',*,*,#5595,.F.);
#2235=ORIENTED_EDGE('',*,*,#5596,.F.);
#2236=ORIENTED_EDGE('',*,*,#5597,.F.);
#2237=ORIENTED_EDGE('',*,*,#5598,.F.);
#2238=ORIENTED_EDGE('',*,*,#5599,.F.);
#2239=ORIENTED_EDGE('',*,*,#5600,.F.);
#2240=ORIENTED_EDGE('',*,*,#5601,.F.);
#2241=ORIENTED_EDGE('',*,*,#5602,.F.);
#2242=ORIENTED_EDGE('',*,*,#5603,.F.);
#2243=ORIENTED_EDGE('',*,*,#5604,.F.);
#2244=ORIENTED_EDGE('',*,*,#5605,.F.);
#2245=ORIENTED_EDGE('',*,*,#5606,.F.);
#2246=ORIENTED_EDGE('',*,*,#5607,.F.);
#2247=ORIENTED_EDGE('',*,*,#5608,.F.);
#2248=ORIENTED_EDGE('',*,*,#5609,.F.);
#2249=ORIENTED_EDGE('',*,*,#5610,.F.);
#2250=ORIENTED_EDGE('',*,*,#5611,.F.);
#2251=ORIENTED_EDGE('',*,*,#5612,.F.);
#2252=ORIENTED_EDGE('',*,*,#5613,.F.);
#2253=ORIENTED_EDGE('',*,*,#5614,.F.);
#2254=ORIENTED_EDGE('',*,*,#5615,.F.);
#2255=ORIENTED_EDGE('',*,*,#5616,.F.);
#2256=ORIENTED_EDGE('',*,*,#5617,.F.);
#2257=ORIENTED_EDGE('',*,*,#5618,.F.);
#2258=ORIENTED_EDGE('',*,*,#5619,.F.);
#2259=ORIENTED_EDGE('',*,*,#5620,.F.);
#2260=ORIENTED_EDGE('',*,*,#5621,.F.);
#2261=ORIENTED_EDGE('',*,*,#5622,.F.);
#2262=ORIENTED_EDGE('',*,*,#5623,.F.);
#2263=ORIENTED_EDGE('',*,*,#5624,.F.);
#2264=ORIENTED_EDGE('',*,*,#5625,.F.);
#2265=ORIENTED_EDGE('',*,*,#5626,.F.);
#2266=ORIENTED_EDGE('',*,*,#5627,.F.);
#2267=ORIENTED_EDGE('',*,*,#5628,.F.);
#2268=ORIENTED_EDGE('',*,*,#5629,.F.);
#2269=ORIENTED_EDGE('',*,*,#5630,.F.);
#2270=ORIENTED_EDGE('',*,*,#5631,.F.);
#2271=ORIENTED_EDGE('',*,*,#5632,.F.);
#2272=ORIENTED_EDGE('',*,*,#5633,.F.);
#2273=ORIENTED_EDGE('',*,*,#5634,.F.);
#2274=ORIENTED_EDGE('',*,*,#5635,.F.);
#2275=ORIENTED_EDGE('',*,*,#5636,.F.);
#2276=ORIENTED_EDGE('',*,*,#5637,.F.);
#2277=ORIENTED_EDGE('',*,*,#5638,.F.);
#2278=ORIENTED_EDGE('',*,*,#5639,.F.);
#2279=ORIENTED_EDGE('',*,*,#5640,.F.);
#2280=ORIENTED_EDGE('',*,*,#5641,.F.);
#2281=ORIENTED_EDGE('',*,*,#5642,.F.);
#2282=ORIENTED_EDGE('',*,*,#5643,.F.);
#2283=ORIENTED_EDGE('',*,*,#5644,.F.);
#2284=ORIENTED_EDGE('',*,*,#5645,.F.);
#2285=ORIENTED_EDGE('',*,*,#5646,.F.);
#2286=ORIENTED_EDGE('',*,*,#5647,.F.);
#2287=ORIENTED_EDGE('',*,*,#5648,.F.);
#2288=ORIENTED_EDGE('',*,*,#5649,.F.);
#2289=ORIENTED_EDGE('',*,*,#5650,.F.);
#2290=ORIENTED_EDGE('',*,*,#5651,.F.);
#2291=ORIENTED_EDGE('',*,*,#5652,.F.);
#2292=ORIENTED_EDGE('',*,*,#5653,.F.);
#2293=ORIENTED_EDGE('',*,*,#5654,.F.);
#2294=ORIENTED_EDGE('',*,*,#5655,.F.);
#2295=ORIENTED_EDGE('',*,*,#5656,.F.);
#2296=ORIENTED_EDGE('',*,*,#5657,.F.);
#2297=ORIENTED_EDGE('',*,*,#5658,.F.);
#2298=ORIENTED_EDGE('',*,*,#5659,.F.);
#2299=ORIENTED_EDGE('',*,*,#5660,.F.);
#2300=ORIENTED_EDGE('',*,*,#5661,.F.);
#2301=ORIENTED_EDGE('',*,*,#5662,.F.);
#2302=ORIENTED_EDGE('',*,*,#5663,.F.);
#2303=ORIENTED_EDGE('',*,*,#5664,.F.);
#2304=ORIENTED_EDGE('',*,*,#5665,.F.);
#2305=ORIENTED_EDGE('',*,*,#5666,.F.);
#2306=ORIENTED_EDGE('',*,*,#5667,.F.);
#2307=ORIENTED_EDGE('',*,*,#5668,.F.);
#2308=ORIENTED_EDGE('',*,*,#5669,.F.);
#2309=ORIENTED_EDGE('',*,*,#5670,.F.);
#2310=ORIENTED_EDGE('',*,*,#5671,.F.);
#2311=ORIENTED_EDGE('',*,*,#5672,.F.);
#2312=ORIENTED_EDGE('',*,*,#5673,.F.);
#2313=ORIENTED_EDGE('',*,*,#5674,.F.);
#2314=ORIENTED_EDGE('',*,*,#5675,.F.);
#2315=ORIENTED_EDGE('',*,*,#5676,.F.);
#2316=ORIENTED_EDGE('',*,*,#5677,.F.);
#2317=ORIENTED_EDGE('',*,*,#5678,.F.);
#2318=ORIENTED_EDGE('',*,*,#5679,.F.);
#2319=ORIENTED_EDGE('',*,*,#5680,.F.);
#2320=ORIENTED_EDGE('',*,*,#5681,.F.);
#2321=ORIENTED_EDGE('',*,*,#5682,.F.);
#2322=ORIENTED_EDGE('',*,*,#5683,.F.);
#2323=ORIENTED_EDGE('',*,*,#5684,.F.);
#2324=ORIENTED_EDGE('',*,*,#5685,.F.);
#2325=ORIENTED_EDGE('',*,*,#5686,.F.);
#2326=ORIENTED_EDGE('',*,*,#5687,.F.);
#2327=ORIENTED_EDGE('',*,*,#5688,.F.);
#2328=ORIENTED_EDGE('',*,*,#5689,.F.);
#2329=ORIENTED_EDGE('',*,*,#5690,.F.);
#2330=ORIENTED_EDGE('',*,*,#5691,.F.);
#2331=ORIENTED_EDGE('',*,*,#5692,.F.);
#2332=ORIENTED_EDGE('',*,*,#5693,.F.);
#2333=ORIENTED_EDGE('',*,*,#5694,.F.);
#2334=ORIENTED_EDGE('',*,*,#5695,.F.);
#2335=ORIENTED_EDGE('',*,*,#5696,.F.);
#2336=ORIENTED_EDGE('',*,*,#5697,.F.);
#2337=ORIENTED_EDGE('',*,*,#5698,.F.);
#2338=ORIENTED_EDGE('',*,*,#5699,.F.);
#2339=ORIENTED_EDGE('',*,*,#5700,.F.);
#2340=ORIENTED_EDGE('',*,*,#5701,.F.);
#2341=ORIENTED_EDGE('',*,*,#5702,.F.);
#2342=ORIENTED_EDGE('',*,*,#5703,.F.);
#2343=ORIENTED_EDGE('',*,*,#5704,.F.);
#2344=ORIENTED_EDGE('',*,*,#5705,.F.);
#2345=ORIENTED_EDGE('',*,*,#5706,.F.);
#2346=ORIENTED_EDGE('',*,*,#5707,.F.);
#2347=ORIENTED_EDGE('',*,*,#5708,.F.);
#2348=ORIENTED_EDGE('',*,*,#5709,.F.);
#2349=ORIENTED_EDGE('',*,*,#5710,.F.);
#2350=ORIENTED_EDGE('',*,*,#5711,.F.);
#2351=ORIENTED_EDGE('',*,*,#5712,.F.);
#2352=ORIENTED_EDGE('',*,*,#5713,.F.);
#2353=ORIENTED_EDGE('',*,*,#5714,.F.);
#2354=ORIENTED_EDGE('',*,*,#5715,.F.);
#2355=ORIENTED_EDGE('',*,*,#5716,.F.);
#2356=ORIENTED_EDGE('',*,*,#5717,.F.);
#2357=ORIENTED_EDGE('',*,*,#5718,.F.);
#2358=ORIENTED_EDGE('',*,*,#5719,.F.);
#2359=ORIENTED_EDGE('',*,*,#5720,.F.);
#2360=ORIENTED_EDGE('',*,*,#5721,.F.);
#2361=ORIENTED_EDGE('',*,*,#5722,.F.);
#2362=ORIENTED_EDGE('',*,*,#5723,.F.);
#2363=ORIENTED_EDGE('',*,*,#5724,.F.);
#2364=ORIENTED_EDGE('',*,*,#5725,.F.);
#2365=ORIENTED_EDGE('',*,*,#5726,.F.);
#2366=ORIENTED_EDGE('',*,*,#5727,.F.);
#2367=ORIENTED_EDGE('',*,*,#5728,.F.);
#2368=ORIENTED_EDGE('',*,*,#5729,.F.);
#2369=ORIENTED_EDGE('',*,*,#5730,.F.);
#2370=ORIENTED_EDGE('',*,*,#5731,.F.);
#2371=ORIENTED_EDGE('',*,*,#5732,.F.);
#2372=ORIENTED_EDGE('',*,*,#5733,.F.);
#2373=ORIENTED_EDGE('',*,*,#5734,.F.);
#2374=ORIENTED_EDGE('',*,*,#5735,.F.);
#2375=ORIENTED_EDGE('',*,*,#5736,.F.);
#2376=ORIENTED_EDGE('',*,*,#5737,.F.);
#2377=ORIENTED_EDGE('',*,*,#5738,.F.);
#2378=ORIENTED_EDGE('',*,*,#5739,.F.);
#2379=ORIENTED_EDGE('',*,*,#5740,.F.);
#2380=ORIENTED_EDGE('',*,*,#5741,.F.);
#2381=ORIENTED_EDGE('',*,*,#5742,.F.);
#2382=ORIENTED_EDGE('',*,*,#5743,.F.);
#2383=ORIENTED_EDGE('',*,*,#5744,.F.);
#2384=ORIENTED_EDGE('',*,*,#5745,.F.);
#2385=ORIENTED_EDGE('',*,*,#5746,.F.);
#2386=ORIENTED_EDGE('',*,*,#5747,.F.);
#2387=ORIENTED_EDGE('',*,*,#5748,.F.);
#2388=ORIENTED_EDGE('',*,*,#5749,.F.);
#2389=ORIENTED_EDGE('',*,*,#5750,.F.);
#2390=ORIENTED_EDGE('',*,*,#5751,.F.);
#2391=ORIENTED_EDGE('',*,*,#5752,.F.);
#2392=ORIENTED_EDGE('',*,*,#5753,.F.);
#2393=ORIENTED_EDGE('',*,*,#5754,.F.);
#2394=ORIENTED_EDGE('',*,*,#5755,.F.);
#2395=ORIENTED_EDGE('',*,*,#5756,.F.);
#2396=ORIENTED_EDGE('',*,*,#5757,.F.);
#2397=ORIENTED_EDGE('',*,*,#5758,.F.);
#2398=ORIENTED_EDGE('',*,*,#5759,.F.);
#2399=ORIENTED_EDGE('',*,*,#5760,.F.);
#2400=ORIENTED_EDGE('',*,*,#5761,.F.);
#2401=ORIENTED_EDGE('',*,*,#5762,.F.);
#2402=ORIENTED_EDGE('',*,*,#5763,.F.);
#2403=ORIENTED_EDGE('',*,*,#5764,.F.);
#2404=ORIENTED_EDGE('',*,*,#5765,.F.);
#2405=ORIENTED_EDGE('',*,*,#5766,.T.);
#2406=ORIENTED_EDGE('',*,*,#5767,.F.);
#2407=ORIENTED_EDGE('',*,*,#5768,.T.);
#2408=ORIENTED_EDGE('',*,*,#5769,.F.);
#2409=ORIENTED_EDGE('',*,*,#5770,.T.);
#2410=ORIENTED_EDGE('',*,*,#5771,.T.);
#2411=ORIENTED_EDGE('',*,*,#5772,.T.);
#2412=ORIENTED_EDGE('',*,*,#5773,.F.);
#2413=ORIENTED_EDGE('',*,*,#5774,.T.);
#2414=ORIENTED_EDGE('',*,*,#5775,.F.);
#2415=ORIENTED_EDGE('',*,*,#5776,.F.);
#2416=ORIENTED_EDGE('',*,*,#5777,.F.);
#2417=ORIENTED_EDGE('',*,*,#5778,.F.);
#2418=ORIENTED_EDGE('',*,*,#5779,.F.);
#2419=ORIENTED_EDGE('',*,*,#5780,.F.);
#2420=ORIENTED_EDGE('',*,*,#5781,.F.);
#2421=ORIENTED_EDGE('',*,*,#5782,.F.);
#2422=ORIENTED_EDGE('',*,*,#5783,.F.);
#2423=ORIENTED_EDGE('',*,*,#5784,.F.);
#2424=ORIENTED_EDGE('',*,*,#5785,.F.);
#2425=ORIENTED_EDGE('',*,*,#5786,.F.);
#2426=ORIENTED_EDGE('',*,*,#5787,.F.);
#2427=ORIENTED_EDGE('',*,*,#5788,.F.);
#2428=ORIENTED_EDGE('',*,*,#5789,.F.);
#2429=ORIENTED_EDGE('',*,*,#5790,.F.);
#2430=ORIENTED_EDGE('',*,*,#5791,.F.);
#2431=ORIENTED_EDGE('',*,*,#5792,.F.);
#2432=ORIENTED_EDGE('',*,*,#5793,.F.);
#2433=ORIENTED_EDGE('',*,*,#5794,.F.);
#2434=ORIENTED_EDGE('',*,*,#5795,.F.);
#2435=ORIENTED_EDGE('',*,*,#5796,.F.);
#2436=ORIENTED_EDGE('',*,*,#5797,.F.);
#2437=ORIENTED_EDGE('',*,*,#5798,.F.);
#2438=ORIENTED_EDGE('',*,*,#5799,.F.);
#2439=ORIENTED_EDGE('',*,*,#5800,.F.);
#2440=ORIENTED_EDGE('',*,*,#5801,.F.);
#2441=ORIENTED_EDGE('',*,*,#5802,.F.);
#2442=ORIENTED_EDGE('',*,*,#5803,.F.);
#2443=ORIENTED_EDGE('',*,*,#5804,.F.);
#2444=ORIENTED_EDGE('',*,*,#5805,.F.);
#2445=ORIENTED_EDGE('',*,*,#5806,.F.);
#2446=ORIENTED_EDGE('',*,*,#5807,.F.);
#2447=ORIENTED_EDGE('',*,*,#5808,.F.);
#2448=ORIENTED_EDGE('',*,*,#5809,.F.);
#2449=ORIENTED_EDGE('',*,*,#5810,.F.);
#2450=ORIENTED_EDGE('',*,*,#5811,.F.);
#2451=ORIENTED_EDGE('',*,*,#5812,.F.);
#2452=ORIENTED_EDGE('',*,*,#5813,.F.);
#2453=ORIENTED_EDGE('',*,*,#5814,.F.);
#2454=ORIENTED_EDGE('',*,*,#5815,.F.);
#2455=ORIENTED_EDGE('',*,*,#5816,.F.);
#2456=ORIENTED_EDGE('',*,*,#5817,.T.);
#2457=ORIENTED_EDGE('',*,*,#5818,.F.);
#2458=ORIENTED_EDGE('',*,*,#5819,.T.);
#2459=ORIENTED_EDGE('',*,*,#5820,.T.);
#2460=ORIENTED_EDGE('',*,*,#5821,.F.);
#2461=ORIENTED_EDGE('',*,*,#5822,.F.);
#2462=ORIENTED_EDGE('',*,*,#5823,.T.);
#2463=ORIENTED_EDGE('',*,*,#5824,.F.);
#2464=ORIENTED_EDGE('',*,*,#5825,.T.);
#2465=ORIENTED_EDGE('',*,*,#5826,.T.);
#2466=ORIENTED_EDGE('',*,*,#5827,.T.);
#2467=ORIENTED_EDGE('',*,*,#5828,.T.);
#2468=ORIENTED_EDGE('',*,*,#5829,.T.);
#2469=ORIENTED_EDGE('',*,*,#5830,.F.);
#2470=ORIENTED_EDGE('',*,*,#5542,.F.);
#2471=ORIENTED_EDGE('',*,*,#5831,.T.);
#2472=ORIENTED_EDGE('',*,*,#5832,.T.);
#2473=ORIENTED_EDGE('',*,*,#5833,.F.);
#2474=ORIENTED_EDGE('',*,*,#5834,.F.);
#2475=ORIENTED_EDGE('',*,*,#5835,.T.);
#2476=ORIENTED_EDGE('',*,*,#5836,.T.);
#2477=ORIENTED_EDGE('',*,*,#5539,.F.);
#2478=ORIENTED_EDGE('',*,*,#5837,.T.);
#2479=ORIENTED_EDGE('',*,*,#5838,.F.);
#2480=ORIENTED_EDGE('',*,*,#5839,.F.);
#2481=ORIENTED_EDGE('',*,*,#5840,.T.);
#2482=ORIENTED_EDGE('',*,*,#5841,.T.);
#2483=ORIENTED_EDGE('',*,*,#5842,.F.);
#2484=ORIENTED_EDGE('',*,*,#5843,.T.);
#2485=ORIENTED_EDGE('',*,*,#5844,.T.);
#2486=ORIENTED_EDGE('',*,*,#5845,.T.);
#2487=ORIENTED_EDGE('',*,*,#5846,.F.);
#2488=ORIENTED_EDGE('',*,*,#5531,.F.);
#2489=ORIENTED_EDGE('',*,*,#5847,.T.);
#2490=ORIENTED_EDGE('',*,*,#5848,.T.);
#2491=ORIENTED_EDGE('',*,*,#5849,.F.);
#2492=ORIENTED_EDGE('',*,*,#5850,.F.);
#2493=ORIENTED_EDGE('',*,*,#5851,.T.);
#2494=ORIENTED_EDGE('',*,*,#5852,.T.);
#2495=ORIENTED_EDGE('',*,*,#5528,.F.);
#2496=ORIENTED_EDGE('',*,*,#5853,.T.);
#2497=ORIENTED_EDGE('',*,*,#5854,.F.);
#2498=ORIENTED_EDGE('',*,*,#5855,.F.);
#2499=ORIENTED_EDGE('',*,*,#5856,.T.);
#2500=ORIENTED_EDGE('',*,*,#5857,.T.);
#2501=ORIENTED_EDGE('',*,*,#5858,.F.);
#2502=ORIENTED_EDGE('',*,*,#5859,.T.);
#2503=ORIENTED_EDGE('',*,*,#5860,.T.);
#2504=ORIENTED_EDGE('',*,*,#5861,.T.);
#2505=ORIENTED_EDGE('',*,*,#5862,.F.);
#2506=ORIENTED_EDGE('',*,*,#5521,.F.);
#2507=ORIENTED_EDGE('',*,*,#5863,.T.);
#2508=ORIENTED_EDGE('',*,*,#5864,.T.);
#2509=ORIENTED_EDGE('',*,*,#5865,.F.);
#2510=ORIENTED_EDGE('',*,*,#5866,.F.);
#2511=ORIENTED_EDGE('',*,*,#5867,.T.);
#2512=ORIENTED_EDGE('',*,*,#5868,.T.);
#2513=ORIENTED_EDGE('',*,*,#5518,.F.);
#2514=ORIENTED_EDGE('',*,*,#5869,.T.);
#2515=ORIENTED_EDGE('',*,*,#5870,.F.);
#2516=ORIENTED_EDGE('',*,*,#5871,.F.);
#2517=ORIENTED_EDGE('',*,*,#5872,.T.);
#2518=ORIENTED_EDGE('',*,*,#5873,.T.);
#2519=ORIENTED_EDGE('',*,*,#5874,.F.);
#2520=ORIENTED_EDGE('',*,*,#5875,.F.);
#2521=ORIENTED_EDGE('',*,*,#5876,.F.);
#2522=ORIENTED_EDGE('',*,*,#5877,.T.);
#2523=ORIENTED_EDGE('',*,*,#5878,.T.);
#2524=ORIENTED_EDGE('',*,*,#5879,.T.);
#2525=ORIENTED_EDGE('',*,*,#5565,.F.);
#2526=ORIENTED_EDGE('',*,*,#5532,.F.);
#2527=ORIENTED_EDGE('',*,*,#5850,.T.);
#2528=ORIENTED_EDGE('',*,*,#5880,.F.);
#2529=ORIENTED_EDGE('',*,*,#5845,.F.);
#2530=ORIENTED_EDGE('',*,*,#5881,.F.);
#2531=ORIENTED_EDGE('',*,*,#5855,.T.);
#2532=ORIENTED_EDGE('',*,*,#5882,.F.);
#2533=ORIENTED_EDGE('',*,*,#5853,.F.);
#2534=ORIENTED_EDGE('',*,*,#5527,.F.);
#2535=ORIENTED_EDGE('',*,*,#5883,.F.);
#2536=ORIENTED_EDGE('',*,*,#5884,.F.);
#2537=ORIENTED_EDGE('',*,*,#5885,.T.);
#2538=ORIENTED_EDGE('',*,*,#5886,.F.);
#2539=ORIENTED_EDGE('',*,*,#5887,.F.);
#2540=ORIENTED_EDGE('',*,*,#5888,.F.);
#2541=ORIENTED_EDGE('',*,*,#5889,.T.);
#2542=ORIENTED_EDGE('',*,*,#5890,.T.);
#2543=ORIENTED_EDGE('',*,*,#5891,.T.);
#2544=ORIENTED_EDGE('',*,*,#5561,.F.);
#2545=ORIENTED_EDGE('',*,*,#5522,.F.);
#2546=ORIENTED_EDGE('',*,*,#5866,.T.);
#2547=ORIENTED_EDGE('',*,*,#5892,.F.);
#2548=ORIENTED_EDGE('',*,*,#5861,.F.);
#2549=ORIENTED_EDGE('',*,*,#5893,.F.);
#2550=ORIENTED_EDGE('',*,*,#5871,.T.);
#2551=ORIENTED_EDGE('',*,*,#5894,.F.);
#2552=ORIENTED_EDGE('',*,*,#5869,.F.);
#2553=ORIENTED_EDGE('',*,*,#5517,.F.);
#2554=ORIENTED_EDGE('',*,*,#5895,.F.);
#2555=ORIENTED_EDGE('',*,*,#5896,.F.);
#2556=ORIENTED_EDGE('',*,*,#5897,.T.);
#2557=ORIENTED_EDGE('',*,*,#5898,.F.);
#2558=ORIENTED_EDGE('',*,*,#5899,.T.);
#2559=ORIENTED_EDGE('',*,*,#5900,.T.);
#2560=ORIENTED_EDGE('',*,*,#5901,.T.);
#2561=ORIENTED_EDGE('',*,*,#5902,.T.);
#2562=ORIENTED_EDGE('',*,*,#5903,.F.);
#2563=ORIENTED_EDGE('',*,*,#5878,.F.);
#2564=ORIENTED_EDGE('',*,*,#5877,.F.);
#2565=ORIENTED_EDGE('',*,*,#5904,.T.);
#2566=ORIENTED_EDGE('',*,*,#5885,.F.);
#2567=ORIENTED_EDGE('',*,*,#5905,.F.);
#2568=ORIENTED_EDGE('',*,*,#5890,.F.);
#2569=ORIENTED_EDGE('',*,*,#5889,.F.);
#2570=ORIENTED_EDGE('',*,*,#5906,.T.);
#2571=ORIENTED_EDGE('',*,*,#5897,.F.);
#2572=ORIENTED_EDGE('',*,*,#5907,.F.);
#2573=ORIENTED_EDGE('',*,*,#5823,.F.);
#2574=ORIENTED_EDGE('',*,*,#5908,.T.);
#2575=ORIENTED_EDGE('',*,*,#5909,.T.);
#2576=ORIENTED_EDGE('',*,*,#5910,.T.);
#2577=ORIENTED_EDGE('',*,*,#5911,.F.);
#2578=ORIENTED_EDGE('',*,*,#5912,.T.);
#2579=ORIENTED_EDGE('',*,*,#5913,.T.);
#2580=ORIENTED_EDGE('',*,*,#5914,.T.);
#2581=ORIENTED_EDGE('',*,*,#5819,.F.);
#2582=ORIENTED_EDGE('',*,*,#5915,.T.);
#2583=ORIENTED_EDGE('',*,*,#5774,.F.);
#2584=ORIENTED_EDGE('',*,*,#5916,.T.);
#2585=ORIENTED_EDGE('',*,*,#5917,.T.);
#2586=ORIENTED_EDGE('',*,*,#5918,.T.);
#2587=ORIENTED_EDGE('',*,*,#5919,.T.);
#2588=ORIENTED_EDGE('',*,*,#5920,.T.);
#2589=ORIENTED_EDGE('',*,*,#5770,.F.);
#2590=ORIENTED_EDGE('',*,*,#5921,.F.);
#2591=ORIENTED_EDGE('',*,*,#5922,.F.);
#2592=ORIENTED_EDGE('',*,*,#5923,.T.);
#2593=ORIENTED_EDGE('',*,*,#5916,.F.);
#2594=ORIENTED_EDGE('',*,*,#5773,.T.);
#2595=ORIENTED_EDGE('',*,*,#5924,.T.);
#2596=ORIENTED_EDGE('',*,*,#5925,.F.);
#2597=ORIENTED_EDGE('',*,*,#5926,.T.);
#2598=ORIENTED_EDGE('',*,*,#5918,.F.);
#2599=ORIENTED_EDGE('',*,*,#5920,.F.);
#2600=ORIENTED_EDGE('',*,*,#5927,.T.);
#2601=ORIENTED_EDGE('',*,*,#5928,.F.);
#2602=ORIENTED_EDGE('',*,*,#5771,.F.);
#2603=ORIENTED_EDGE('',*,*,#5925,.T.);
#2604=ORIENTED_EDGE('',*,*,#5929,.T.);
#2605=ORIENTED_EDGE('',*,*,#5922,.T.);
#2606=ORIENTED_EDGE('',*,*,#5772,.F.);
#2607=ORIENTED_EDGE('',*,*,#5928,.T.);
#2608=ORIENTED_EDGE('',*,*,#5930,.T.);
#2609=ORIENTED_EDGE('',*,*,#5931,.T.);
#2610=ORIENTED_EDGE('',*,*,#5553,.T.);
#2611=ORIENTED_EDGE('',*,*,#5932,.T.);
#2612=ORIENTED_EDGE('',*,*,#5562,.T.);
#2613=ORIENTED_EDGE('',*,*,#5891,.F.);
#2614=ORIENTED_EDGE('',*,*,#5905,.T.);
#2615=ORIENTED_EDGE('',*,*,#5884,.T.);
#2616=ORIENTED_EDGE('',*,*,#5933,.T.);
#2617=ORIENTED_EDGE('',*,*,#5934,.T.);
#2618=ORIENTED_EDGE('',*,*,#5549,.T.);
#2619=ORIENTED_EDGE('',*,*,#5935,.T.);
#2620=ORIENTED_EDGE('',*,*,#5566,.T.);
#2621=ORIENTED_EDGE('',*,*,#5879,.F.);
#2622=ORIENTED_EDGE('',*,*,#5903,.T.);
#2623=ORIENTED_EDGE('',*,*,#5936,.T.);
#2624=ORIENTED_EDGE('',*,*,#5937,.T.);
#2625=ORIENTED_EDGE('',*,*,#5938,.T.);
#2626=ORIENTED_EDGE('',*,*,#5557,.T.);
#2627=ORIENTED_EDGE('',*,*,#5939,.T.);
#2628=ORIENTED_EDGE('',*,*,#5570,.T.);
#2629=ORIENTED_EDGE('',*,*,#5940,.F.);
#2630=ORIENTED_EDGE('',*,*,#5921,.T.);
#2631=ORIENTED_EDGE('',*,*,#5769,.T.);
#2632=ORIENTED_EDGE('',*,*,#5941,.F.);
#2633=ORIENTED_EDGE('',*,*,#5824,.T.);
#2634=ORIENTED_EDGE('',*,*,#5907,.T.);
#2635=ORIENTED_EDGE('',*,*,#5896,.T.);
#2636=ORIENTED_EDGE('',*,*,#5942,.T.);
#2637=ORIENTED_EDGE('',*,*,#5895,.T.);
#2638=ORIENTED_EDGE('',*,*,#5943,.T.);
#2639=ORIENTED_EDGE('',*,*,#5944,.T.);
#2640=ORIENTED_EDGE('',*,*,#5942,.F.);
#2641=ORIENTED_EDGE('',*,*,#5888,.T.);
#2642=ORIENTED_EDGE('',*,*,#5945,.T.);
#2643=ORIENTED_EDGE('',*,*,#5526,.F.);
#2644=ORIENTED_EDGE('',*,*,#5946,.T.);
#2645=ORIENTED_EDGE('',*,*,#5898,.T.);
#2646=ORIENTED_EDGE('',*,*,#5906,.F.);
#2647=ORIENTED_EDGE('',*,*,#5944,.F.);
#2648=ORIENTED_EDGE('',*,*,#5947,.T.);
#2649=ORIENTED_EDGE('',*,*,#5554,.T.);
#2650=ORIENTED_EDGE('',*,*,#5931,.F.);
#2651=ORIENTED_EDGE('',*,*,#5948,.T.);
#2652=ORIENTED_EDGE('',*,*,#5949,.T.);
#2653=ORIENTED_EDGE('',*,*,#5950,.T.);
#2654=ORIENTED_EDGE('',*,*,#5951,.F.);
#2655=ORIENTED_EDGE('',*,*,#5826,.F.);
#2656=ORIENTED_EDGE('',*,*,#5952,.T.);
#2657=ORIENTED_EDGE('',*,*,#5767,.T.);
#2658=ORIENTED_EDGE('',*,*,#5883,.T.);
#2659=ORIENTED_EDGE('',*,*,#5953,.T.);
#2660=ORIENTED_EDGE('',*,*,#5954,.T.);
#2661=ORIENTED_EDGE('',*,*,#5933,.F.);
#2662=ORIENTED_EDGE('',*,*,#5876,.T.);
#2663=ORIENTED_EDGE('',*,*,#5955,.T.);
#2664=ORIENTED_EDGE('',*,*,#5536,.F.);
#2665=ORIENTED_EDGE('',*,*,#5956,.T.);
#2666=ORIENTED_EDGE('',*,*,#5886,.T.);
#2667=ORIENTED_EDGE('',*,*,#5904,.F.);
#2668=ORIENTED_EDGE('',*,*,#5954,.F.);
#2669=ORIENTED_EDGE('',*,*,#5957,.T.);
#2670=ORIENTED_EDGE('',*,*,#5550,.T.);
#2671=ORIENTED_EDGE('',*,*,#5934,.F.);
#2672=ORIENTED_EDGE('',*,*,#5548,.F.);
#2673=ORIENTED_EDGE('',*,*,#5958,.T.);
#2674=ORIENTED_EDGE('',*,*,#5563,.T.);
#2675=ORIENTED_EDGE('',*,*,#5935,.F.);
#2676=ORIENTED_EDGE('',*,*,#5959,.F.);
#2677=ORIENTED_EDGE('',*,*,#5960,.T.);
#2678=ORIENTED_EDGE('',*,*,#5961,.T.);
#2679=ORIENTED_EDGE('',*,*,#5962,.T.);
#2680=ORIENTED_EDGE('',*,*,#5961,.F.);
#2681=ORIENTED_EDGE('',*,*,#5963,.T.);
#2682=ORIENTED_EDGE('',*,*,#5959,.T.);
#2683=ORIENTED_EDGE('',*,*,#5964,.T.);
#2684=ORIENTED_EDGE('',*,*,#5965,.F.);
#2685=ORIENTED_EDGE('',*,*,#5817,.F.);
#2686=ORIENTED_EDGE('',*,*,#5951,.T.);
#2687=ORIENTED_EDGE('',*,*,#5766,.F.);
#2688=ORIENTED_EDGE('',*,*,#5962,.F.);
#2689=ORIENTED_EDGE('',*,*,#5964,.F.);
#2690=ORIENTED_EDGE('',*,*,#5966,.F.);
#2691=ORIENTED_EDGE('',*,*,#5967,.F.);
#2692=ORIENTED_EDGE('',*,*,#5968,.F.);
#2693=ORIENTED_EDGE('',*,*,#5969,.F.);
#2694=ORIENTED_EDGE('',*,*,#5970,.T.);
#2695=ORIENTED_EDGE('',*,*,#5971,.T.);
#2696=ORIENTED_EDGE('',*,*,#5972,.F.);
#2697=ORIENTED_EDGE('',*,*,#5969,.T.);
#2698=ORIENTED_EDGE('',*,*,#5972,.T.);
#2699=ORIENTED_EDGE('',*,*,#5973,.T.);
#2700=ORIENTED_EDGE('',*,*,#5970,.F.);
#2701=ORIENTED_EDGE('',*,*,#5968,.T.);
#2702=ORIENTED_EDGE('',*,*,#5552,.F.);
#2703=ORIENTED_EDGE('',*,*,#5974,.T.);
#2704=ORIENTED_EDGE('',*,*,#5559,.T.);
#2705=ORIENTED_EDGE('',*,*,#5932,.F.);
#2706=ORIENTED_EDGE('',*,*,#5975,.F.);
#2707=ORIENTED_EDGE('',*,*,#5976,.T.);
#2708=ORIENTED_EDGE('',*,*,#5977,.T.);
#2709=ORIENTED_EDGE('',*,*,#5967,.T.);
#2710=ORIENTED_EDGE('',*,*,#5977,.F.);
#2711=ORIENTED_EDGE('',*,*,#5978,.T.);
#2712=ORIENTED_EDGE('',*,*,#5975,.T.);
#2713=ORIENTED_EDGE('',*,*,#5966,.T.);
#2714=ORIENTED_EDGE('',*,*,#5979,.F.);
#2715=ORIENTED_EDGE('',*,*,#5980,.T.);
#2716=ORIENTED_EDGE('',*,*,#5981,.T.);
#2717=ORIENTED_EDGE('',*,*,#5937,.F.);
#2718=ORIENTED_EDGE('',*,*,#5981,.F.);
#2719=ORIENTED_EDGE('',*,*,#5982,.T.);
#2720=ORIENTED_EDGE('',*,*,#5558,.T.);
#2721=ORIENTED_EDGE('',*,*,#5938,.F.);
#2722=ORIENTED_EDGE('',*,*,#5983,.F.);
#2723=ORIENTED_EDGE('',*,*,#5567,.T.);
#2724=ORIENTED_EDGE('',*,*,#5939,.F.);
#2725=ORIENTED_EDGE('',*,*,#5556,.F.);
#2726=ORIENTED_EDGE('',*,*,#5829,.F.);
#2727=ORIENTED_EDGE('',*,*,#5984,.T.);
#2728=ORIENTED_EDGE('',*,*,#5985,.F.);
#2729=ORIENTED_EDGE('',*,*,#5900,.F.);
#2730=ORIENTED_EDGE('',*,*,#5899,.F.);
#2731=ORIENTED_EDGE('',*,*,#5940,.T.);
#2732=ORIENTED_EDGE('',*,*,#5569,.T.);
#2733=ORIENTED_EDGE('',*,*,#5543,.T.);
#2734=ORIENTED_EDGE('',*,*,#5834,.T.);
#2735=ORIENTED_EDGE('',*,*,#5986,.F.);
#2736=ORIENTED_EDGE('',*,*,#5985,.T.);
#2737=ORIENTED_EDGE('',*,*,#5987,.T.);
#2738=ORIENTED_EDGE('',*,*,#5546,.F.);
#2739=ORIENTED_EDGE('',*,*,#5988,.T.);
#2740=ORIENTED_EDGE('',*,*,#5989,.T.);
#2741=ORIENTED_EDGE('',*,*,#5901,.F.);
#2742=ORIENTED_EDGE('',*,*,#5989,.F.);
#2743=ORIENTED_EDGE('',*,*,#5990,.T.);
#2744=ORIENTED_EDGE('',*,*,#5839,.T.);
#2745=ORIENTED_EDGE('',*,*,#5991,.F.);
#2746=ORIENTED_EDGE('',*,*,#5837,.F.);
#2747=ORIENTED_EDGE('',*,*,#5538,.T.);
#2748=ORIENTED_EDGE('',*,*,#5979,.T.);
#2749=ORIENTED_EDGE('',*,*,#5936,.F.);
#2750=ORIENTED_EDGE('',*,*,#5902,.F.);
#2751=ORIENTED_EDGE('',*,*,#5992,.F.);
#2752=ORIENTED_EDGE('',*,*,#5993,.F.);
#2753=ORIENTED_EDGE('',*,*,#5820,.F.);
#2754=ORIENTED_EDGE('',*,*,#5914,.F.);
#2755=ORIENTED_EDGE('',*,*,#5994,.T.);
#2756=ORIENTED_EDGE('',*,*,#5995,.T.);
#2757=ORIENTED_EDGE('',*,*,#5996,.T.);
#2758=ORIENTED_EDGE('',*,*,#5821,.T.);
#2759=ORIENTED_EDGE('',*,*,#5993,.T.);
#2760=ORIENTED_EDGE('',*,*,#5997,.T.);
#2761=ORIENTED_EDGE('',*,*,#5998,.T.);
#2762=ORIENTED_EDGE('',*,*,#5999,.T.);
#2763=ORIENTED_EDGE('',*,*,#6000,.F.);
#2764=ORIENTED_EDGE('',*,*,#5999,.F.);
#2765=ORIENTED_EDGE('',*,*,#6001,.F.);
#2766=ORIENTED_EDGE('',*,*,#5911,.T.);
#2767=ORIENTED_EDGE('',*,*,#5912,.F.);
#2768=ORIENTED_EDGE('',*,*,#6001,.T.);
#2769=ORIENTED_EDGE('',*,*,#5998,.F.);
#2770=ORIENTED_EDGE('',*,*,#5997,.F.);
#2771=ORIENTED_EDGE('',*,*,#5992,.T.);
#2772=ORIENTED_EDGE('',*,*,#5913,.F.);
#2773=ORIENTED_EDGE('',*,*,#5909,.F.);
#2774=ORIENTED_EDGE('',*,*,#6002,.T.);
#2775=ORIENTED_EDGE('',*,*,#5995,.F.);
#2776=ORIENTED_EDGE('',*,*,#5994,.F.);
#2777=ORIENTED_EDGE('',*,*,#6000,.T.);
#2778=ORIENTED_EDGE('',*,*,#5910,.F.);
#2779=ORIENTED_EDGE('',*,*,#5822,.T.);
#2780=ORIENTED_EDGE('',*,*,#5996,.F.);
#2781=ORIENTED_EDGE('',*,*,#6002,.F.);
#2782=ORIENTED_EDGE('',*,*,#5908,.F.);
#2783=ORIENTED_EDGE('',*,*,#5965,.T.);
#2784=ORIENTED_EDGE('',*,*,#5775,.T.);
#2785=ORIENTED_EDGE('',*,*,#5915,.F.);
#2786=ORIENTED_EDGE('',*,*,#5818,.T.);
#2787=ORIENTED_EDGE('',*,*,#5941,.T.);
#2788=ORIENTED_EDGE('',*,*,#5768,.F.);
#2789=ORIENTED_EDGE('',*,*,#5952,.F.);
#2790=ORIENTED_EDGE('',*,*,#5825,.F.);
#2791=ORIENTED_EDGE('',*,*,#6003,.F.);
#2792=ORIENTED_EDGE('',*,*,#5950,.F.);
#2793=ORIENTED_EDGE('',*,*,#6004,.F.);
#2794=ORIENTED_EDGE('',*,*,#6003,.T.);
#2795=ORIENTED_EDGE('',*,*,#6005,.T.);
#2796=ORIENTED_EDGE('',*,*,#6004,.T.);
#2797=ORIENTED_EDGE('',*,*,#6006,.F.);
#2798=ORIENTED_EDGE('',*,*,#5949,.F.);
#2799=ORIENTED_EDGE('',*,*,#6007,.F.);
#2800=ORIENTED_EDGE('',*,*,#6006,.T.);
#2801=ORIENTED_EDGE('',*,*,#6008,.T.);
#2802=ORIENTED_EDGE('',*,*,#6007,.T.);
#2803=ORIENTED_EDGE('',*,*,#6009,.F.);
#2804=ORIENTED_EDGE('',*,*,#5948,.F.);
#2805=ORIENTED_EDGE('',*,*,#6010,.F.);
#2806=ORIENTED_EDGE('',*,*,#6009,.T.);
#2807=ORIENTED_EDGE('',*,*,#6011,.T.);
#2808=ORIENTED_EDGE('',*,*,#6010,.T.);
#2809=ORIENTED_EDGE('',*,*,#5929,.F.);
#2810=ORIENTED_EDGE('',*,*,#5924,.F.);
#2811=ORIENTED_EDGE('',*,*,#5917,.F.);
#2812=ORIENTED_EDGE('',*,*,#5923,.F.);
#2813=ORIENTED_EDGE('',*,*,#5930,.F.);
#2814=ORIENTED_EDGE('',*,*,#5927,.F.);
#2815=ORIENTED_EDGE('',*,*,#5919,.F.);
#2816=ORIENTED_EDGE('',*,*,#5926,.F.);
#2817=ORIENTED_EDGE('',*,*,#6012,.F.);
#2818=ORIENTED_EDGE('',*,*,#5870,.T.);
#2819=ORIENTED_EDGE('',*,*,#5894,.T.);
#2820=ORIENTED_EDGE('',*,*,#5874,.T.);
#2821=ORIENTED_EDGE('',*,*,#6013,.F.);
#2822=ORIENTED_EDGE('',*,*,#5862,.T.);
#2823=ORIENTED_EDGE('',*,*,#5892,.T.);
#2824=ORIENTED_EDGE('',*,*,#5865,.T.);
#2825=ORIENTED_EDGE('',*,*,#6014,.F.);
#2826=ORIENTED_EDGE('',*,*,#5854,.T.);
#2827=ORIENTED_EDGE('',*,*,#5882,.T.);
#2828=ORIENTED_EDGE('',*,*,#5858,.T.);
#2829=ORIENTED_EDGE('',*,*,#6015,.F.);
#2830=ORIENTED_EDGE('',*,*,#5846,.T.);
#2831=ORIENTED_EDGE('',*,*,#5880,.T.);
#2832=ORIENTED_EDGE('',*,*,#5849,.T.);
#2833=ORIENTED_EDGE('',*,*,#6016,.F.);
#2834=ORIENTED_EDGE('',*,*,#5838,.T.);
#2835=ORIENTED_EDGE('',*,*,#5991,.T.);
#2836=ORIENTED_EDGE('',*,*,#5842,.T.);
#2837=ORIENTED_EDGE('',*,*,#6017,.F.);
#2838=ORIENTED_EDGE('',*,*,#5830,.T.);
#2839=ORIENTED_EDGE('',*,*,#5986,.T.);
#2840=ORIENTED_EDGE('',*,*,#5833,.T.);
#2841=ORIENTED_EDGE('',*,*,#6018,.T.);
#2842=ORIENTED_EDGE('',*,*,#6019,.T.);
#2843=ORIENTED_EDGE('',*,*,#6020,.T.);
#2844=ORIENTED_EDGE('',*,*,#6021,.F.);
#2845=ORIENTED_EDGE('',*,*,#6022,.T.);
#2846=ORIENTED_EDGE('',*,*,#6023,.T.);
#2847=ORIENTED_EDGE('',*,*,#6024,.T.);
#2848=ORIENTED_EDGE('',*,*,#6019,.F.);
#2849=ORIENTED_EDGE('',*,*,#5776,.T.);
#2850=ORIENTED_EDGE('',*,*,#6025,.T.);
#2851=ORIENTED_EDGE('',*,*,#6026,.T.);
#2852=ORIENTED_EDGE('',*,*,#6027,.F.);
#2853=ORIENTED_EDGE('',*,*,#5780,.T.);
#2854=ORIENTED_EDGE('',*,*,#6028,.T.);
#2855=ORIENTED_EDGE('',*,*,#6029,.T.);
#2856=ORIENTED_EDGE('',*,*,#6025,.F.);
#2857=ORIENTED_EDGE('',*,*,#5779,.T.);
#2858=ORIENTED_EDGE('',*,*,#6030,.T.);
#2859=ORIENTED_EDGE('',*,*,#6031,.T.);
#2860=ORIENTED_EDGE('',*,*,#6028,.F.);
#2861=ORIENTED_EDGE('',*,*,#5778,.T.);
#2862=ORIENTED_EDGE('',*,*,#6032,.T.);
#2863=ORIENTED_EDGE('',*,*,#6033,.T.);
#2864=ORIENTED_EDGE('',*,*,#6030,.F.);
#2865=ORIENTED_EDGE('',*,*,#5777,.T.);
#2866=ORIENTED_EDGE('',*,*,#6027,.T.);
#2867=ORIENTED_EDGE('',*,*,#6034,.T.);
#2868=ORIENTED_EDGE('',*,*,#6032,.F.);
#2869=ORIENTED_EDGE('',*,*,#6035,.T.);
#2870=ORIENTED_EDGE('',*,*,#6021,.T.);
#2871=ORIENTED_EDGE('',*,*,#6036,.T.);
#2872=ORIENTED_EDGE('',*,*,#6023,.F.);
#2873=ORIENTED_EDGE('',*,*,#6026,.F.);
#2874=ORIENTED_EDGE('',*,*,#6029,.F.);
#2875=ORIENTED_EDGE('',*,*,#6031,.F.);
#2876=ORIENTED_EDGE('',*,*,#6033,.F.);
#2877=ORIENTED_EDGE('',*,*,#6034,.F.);
#2878=ORIENTED_EDGE('',*,*,#6020,.F.);
#2879=ORIENTED_EDGE('',*,*,#6024,.F.);
#2880=ORIENTED_EDGE('',*,*,#6036,.F.);
#2881=ORIENTED_EDGE('',*,*,#6018,.F.);
#2882=ORIENTED_EDGE('',*,*,#6035,.F.);
#2883=ORIENTED_EDGE('',*,*,#6022,.F.);
#2884=ORIENTED_EDGE('',*,*,#6037,.T.);
#2885=ORIENTED_EDGE('',*,*,#6038,.T.);
#2886=ORIENTED_EDGE('',*,*,#6039,.T.);
#2887=ORIENTED_EDGE('',*,*,#6040,.F.);
#2888=ORIENTED_EDGE('',*,*,#6041,.T.);
#2889=ORIENTED_EDGE('',*,*,#6042,.T.);
#2890=ORIENTED_EDGE('',*,*,#6043,.T.);
#2891=ORIENTED_EDGE('',*,*,#6038,.F.);
#2892=ORIENTED_EDGE('',*,*,#6044,.T.);
#2893=ORIENTED_EDGE('',*,*,#6045,.T.);
#2894=ORIENTED_EDGE('',*,*,#6046,.T.);
#2895=ORIENTED_EDGE('',*,*,#6042,.F.);
#2896=ORIENTED_EDGE('',*,*,#6047,.T.);
#2897=ORIENTED_EDGE('',*,*,#6048,.T.);
#2898=ORIENTED_EDGE('',*,*,#6049,.T.);
#2899=ORIENTED_EDGE('',*,*,#6045,.F.);
#2900=ORIENTED_EDGE('',*,*,#6050,.T.);
#2901=ORIENTED_EDGE('',*,*,#6051,.T.);
#2902=ORIENTED_EDGE('',*,*,#6052,.T.);
#2903=ORIENTED_EDGE('',*,*,#6048,.F.);
#2904=ORIENTED_EDGE('',*,*,#6053,.T.);
#2905=ORIENTED_EDGE('',*,*,#6054,.T.);
#2906=ORIENTED_EDGE('',*,*,#6055,.T.);
#2907=ORIENTED_EDGE('',*,*,#6051,.F.);
#2908=ORIENTED_EDGE('',*,*,#6056,.T.);
#2909=ORIENTED_EDGE('',*,*,#6057,.T.);
#2910=ORIENTED_EDGE('',*,*,#6058,.T.);
#2911=ORIENTED_EDGE('',*,*,#6054,.F.);
#2912=ORIENTED_EDGE('',*,*,#6059,.T.);
#2913=ORIENTED_EDGE('',*,*,#6060,.T.);
#2914=ORIENTED_EDGE('',*,*,#6061,.T.);
#2915=ORIENTED_EDGE('',*,*,#6057,.F.);
#2916=ORIENTED_EDGE('',*,*,#6062,.T.);
#2917=ORIENTED_EDGE('',*,*,#6063,.T.);
#2918=ORIENTED_EDGE('',*,*,#6064,.T.);
#2919=ORIENTED_EDGE('',*,*,#6060,.F.);
#2920=ORIENTED_EDGE('',*,*,#6065,.T.);
#2921=ORIENTED_EDGE('',*,*,#6066,.T.);
#2922=ORIENTED_EDGE('',*,*,#6067,.T.);
#2923=ORIENTED_EDGE('',*,*,#6063,.F.);
#2924=ORIENTED_EDGE('',*,*,#6068,.T.);
#2925=ORIENTED_EDGE('',*,*,#6069,.T.);
#2926=ORIENTED_EDGE('',*,*,#6070,.T.);
#2927=ORIENTED_EDGE('',*,*,#6066,.F.);
#2928=ORIENTED_EDGE('',*,*,#6071,.T.);
#2929=ORIENTED_EDGE('',*,*,#6072,.T.);
#2930=ORIENTED_EDGE('',*,*,#6073,.T.);
#2931=ORIENTED_EDGE('',*,*,#6069,.F.);
#2932=ORIENTED_EDGE('',*,*,#6074,.T.);
#2933=ORIENTED_EDGE('',*,*,#6075,.T.);
#2934=ORIENTED_EDGE('',*,*,#6076,.T.);
#2935=ORIENTED_EDGE('',*,*,#6072,.F.);
#2936=ORIENTED_EDGE('',*,*,#6077,.T.);
#2937=ORIENTED_EDGE('',*,*,#6078,.T.);
#2938=ORIENTED_EDGE('',*,*,#6079,.T.);
#2939=ORIENTED_EDGE('',*,*,#6075,.F.);
#2940=ORIENTED_EDGE('',*,*,#6080,.T.);
#2941=ORIENTED_EDGE('',*,*,#6081,.T.);
#2942=ORIENTED_EDGE('',*,*,#6082,.T.);
#2943=ORIENTED_EDGE('',*,*,#6078,.F.);
#2944=ORIENTED_EDGE('',*,*,#6083,.T.);
#2945=ORIENTED_EDGE('',*,*,#6084,.T.);
#2946=ORIENTED_EDGE('',*,*,#6085,.T.);
#2947=ORIENTED_EDGE('',*,*,#6081,.F.);
#2948=ORIENTED_EDGE('',*,*,#6086,.T.);
#2949=ORIENTED_EDGE('',*,*,#6087,.T.);
#2950=ORIENTED_EDGE('',*,*,#6088,.T.);
#2951=ORIENTED_EDGE('',*,*,#6084,.F.);
#2952=ORIENTED_EDGE('',*,*,#6089,.T.);
#2953=ORIENTED_EDGE('',*,*,#6090,.T.);
#2954=ORIENTED_EDGE('',*,*,#6091,.T.);
#2955=ORIENTED_EDGE('',*,*,#6087,.F.);
#2956=ORIENTED_EDGE('',*,*,#6092,.T.);
#2957=ORIENTED_EDGE('',*,*,#6093,.T.);
#2958=ORIENTED_EDGE('',*,*,#6094,.T.);
#2959=ORIENTED_EDGE('',*,*,#6090,.F.);
#2960=ORIENTED_EDGE('',*,*,#6095,.T.);
#2961=ORIENTED_EDGE('',*,*,#6096,.T.);
#2962=ORIENTED_EDGE('',*,*,#6097,.T.);
#2963=ORIENTED_EDGE('',*,*,#6093,.F.);
#2964=ORIENTED_EDGE('',*,*,#6098,.T.);
#2965=ORIENTED_EDGE('',*,*,#6099,.T.);
#2966=ORIENTED_EDGE('',*,*,#6100,.T.);
#2967=ORIENTED_EDGE('',*,*,#6096,.F.);
#2968=ORIENTED_EDGE('',*,*,#6101,.T.);
#2969=ORIENTED_EDGE('',*,*,#6102,.T.);
#2970=ORIENTED_EDGE('',*,*,#6103,.T.);
#2971=ORIENTED_EDGE('',*,*,#6099,.F.);
#2972=ORIENTED_EDGE('',*,*,#6104,.T.);
#2973=ORIENTED_EDGE('',*,*,#6105,.T.);
#2974=ORIENTED_EDGE('',*,*,#6106,.T.);
#2975=ORIENTED_EDGE('',*,*,#6102,.F.);
#2976=ORIENTED_EDGE('',*,*,#5733,.T.);
#2977=ORIENTED_EDGE('',*,*,#6107,.T.);
#2978=ORIENTED_EDGE('',*,*,#6108,.T.);
#2979=ORIENTED_EDGE('',*,*,#6109,.F.);
#2980=ORIENTED_EDGE('',*,*,#5765,.T.);
#2981=ORIENTED_EDGE('',*,*,#6110,.T.);
#2982=ORIENTED_EDGE('',*,*,#6111,.T.);
#2983=ORIENTED_EDGE('',*,*,#6107,.F.);
#2984=ORIENTED_EDGE('',*,*,#5764,.T.);
#2985=ORIENTED_EDGE('',*,*,#6112,.T.);
#2986=ORIENTED_EDGE('',*,*,#6113,.T.);
#2987=ORIENTED_EDGE('',*,*,#6110,.F.);
#2988=ORIENTED_EDGE('',*,*,#5763,.T.);
#2989=ORIENTED_EDGE('',*,*,#6114,.T.);
#2990=ORIENTED_EDGE('',*,*,#6115,.T.);
#2991=ORIENTED_EDGE('',*,*,#6112,.F.);
#2992=ORIENTED_EDGE('',*,*,#5762,.T.);
#2993=ORIENTED_EDGE('',*,*,#6116,.T.);
#2994=ORIENTED_EDGE('',*,*,#6117,.T.);
#2995=ORIENTED_EDGE('',*,*,#6114,.F.);
#2996=ORIENTED_EDGE('',*,*,#5761,.T.);
#2997=ORIENTED_EDGE('',*,*,#6118,.T.);
#2998=ORIENTED_EDGE('',*,*,#6119,.T.);
#2999=ORIENTED_EDGE('',*,*,#6116,.F.);
#3000=ORIENTED_EDGE('',*,*,#5760,.T.);
#3001=ORIENTED_EDGE('',*,*,#6120,.T.);
#3002=ORIENTED_EDGE('',*,*,#6121,.T.);
#3003=ORIENTED_EDGE('',*,*,#6118,.F.);
#3004=ORIENTED_EDGE('',*,*,#5759,.T.);
#3005=ORIENTED_EDGE('',*,*,#6122,.T.);
#3006=ORIENTED_EDGE('',*,*,#6123,.T.);
#3007=ORIENTED_EDGE('',*,*,#6120,.F.);
#3008=ORIENTED_EDGE('',*,*,#5758,.T.);
#3009=ORIENTED_EDGE('',*,*,#6124,.T.);
#3010=ORIENTED_EDGE('',*,*,#6125,.T.);
#3011=ORIENTED_EDGE('',*,*,#6122,.F.);
#3012=ORIENTED_EDGE('',*,*,#5757,.T.);
#3013=ORIENTED_EDGE('',*,*,#6126,.T.);
#3014=ORIENTED_EDGE('',*,*,#6127,.T.);
#3015=ORIENTED_EDGE('',*,*,#6124,.F.);
#3016=ORIENTED_EDGE('',*,*,#5756,.T.);
#3017=ORIENTED_EDGE('',*,*,#6128,.T.);
#3018=ORIENTED_EDGE('',*,*,#6129,.T.);
#3019=ORIENTED_EDGE('',*,*,#6126,.F.);
#3020=ORIENTED_EDGE('',*,*,#5755,.T.);
#3021=ORIENTED_EDGE('',*,*,#6130,.T.);
#3022=ORIENTED_EDGE('',*,*,#6131,.T.);
#3023=ORIENTED_EDGE('',*,*,#6128,.F.);
#3024=ORIENTED_EDGE('',*,*,#5754,.T.);
#3025=ORIENTED_EDGE('',*,*,#6132,.T.);
#3026=ORIENTED_EDGE('',*,*,#6133,.T.);
#3027=ORIENTED_EDGE('',*,*,#6130,.F.);
#3028=ORIENTED_EDGE('',*,*,#5753,.T.);
#3029=ORIENTED_EDGE('',*,*,#6134,.T.);
#3030=ORIENTED_EDGE('',*,*,#6135,.T.);
#3031=ORIENTED_EDGE('',*,*,#6132,.F.);
#3032=ORIENTED_EDGE('',*,*,#5752,.T.);
#3033=ORIENTED_EDGE('',*,*,#6136,.T.);
#3034=ORIENTED_EDGE('',*,*,#6137,.T.);
#3035=ORIENTED_EDGE('',*,*,#6134,.F.);
#3036=ORIENTED_EDGE('',*,*,#5751,.T.);
#3037=ORIENTED_EDGE('',*,*,#6138,.T.);
#3038=ORIENTED_EDGE('',*,*,#6139,.T.);
#3039=ORIENTED_EDGE('',*,*,#6136,.F.);
#3040=ORIENTED_EDGE('',*,*,#5750,.T.);
#3041=ORIENTED_EDGE('',*,*,#6140,.T.);
#3042=ORIENTED_EDGE('',*,*,#6141,.T.);
#3043=ORIENTED_EDGE('',*,*,#6138,.F.);
#3044=ORIENTED_EDGE('',*,*,#5749,.T.);
#3045=ORIENTED_EDGE('',*,*,#6142,.T.);
#3046=ORIENTED_EDGE('',*,*,#6143,.T.);
#3047=ORIENTED_EDGE('',*,*,#6140,.F.);
#3048=ORIENTED_EDGE('',*,*,#5748,.T.);
#3049=ORIENTED_EDGE('',*,*,#6144,.T.);
#3050=ORIENTED_EDGE('',*,*,#6145,.T.);
#3051=ORIENTED_EDGE('',*,*,#6142,.F.);
#3052=ORIENTED_EDGE('',*,*,#5747,.T.);
#3053=ORIENTED_EDGE('',*,*,#6146,.T.);
#3054=ORIENTED_EDGE('',*,*,#6147,.T.);
#3055=ORIENTED_EDGE('',*,*,#6144,.F.);
#3056=ORIENTED_EDGE('',*,*,#5746,.T.);
#3057=ORIENTED_EDGE('',*,*,#6148,.T.);
#3058=ORIENTED_EDGE('',*,*,#6149,.T.);
#3059=ORIENTED_EDGE('',*,*,#6146,.F.);
#3060=ORIENTED_EDGE('',*,*,#5745,.T.);
#3061=ORIENTED_EDGE('',*,*,#6150,.T.);
#3062=ORIENTED_EDGE('',*,*,#6151,.T.);
#3063=ORIENTED_EDGE('',*,*,#6148,.F.);
#3064=ORIENTED_EDGE('',*,*,#5744,.T.);
#3065=ORIENTED_EDGE('',*,*,#6152,.T.);
#3066=ORIENTED_EDGE('',*,*,#6153,.T.);
#3067=ORIENTED_EDGE('',*,*,#6150,.F.);
#3068=ORIENTED_EDGE('',*,*,#5743,.T.);
#3069=ORIENTED_EDGE('',*,*,#6154,.T.);
#3070=ORIENTED_EDGE('',*,*,#6155,.T.);
#3071=ORIENTED_EDGE('',*,*,#6152,.F.);
#3072=ORIENTED_EDGE('',*,*,#5742,.T.);
#3073=ORIENTED_EDGE('',*,*,#6156,.T.);
#3074=ORIENTED_EDGE('',*,*,#6157,.T.);
#3075=ORIENTED_EDGE('',*,*,#6154,.F.);
#3076=ORIENTED_EDGE('',*,*,#5741,.T.);
#3077=ORIENTED_EDGE('',*,*,#6158,.T.);
#3078=ORIENTED_EDGE('',*,*,#6159,.T.);
#3079=ORIENTED_EDGE('',*,*,#6156,.F.);
#3080=ORIENTED_EDGE('',*,*,#5740,.T.);
#3081=ORIENTED_EDGE('',*,*,#6160,.T.);
#3082=ORIENTED_EDGE('',*,*,#6161,.T.);
#3083=ORIENTED_EDGE('',*,*,#6158,.F.);
#3084=ORIENTED_EDGE('',*,*,#5739,.T.);
#3085=ORIENTED_EDGE('',*,*,#6162,.T.);
#3086=ORIENTED_EDGE('',*,*,#6163,.T.);
#3087=ORIENTED_EDGE('',*,*,#6160,.F.);
#3088=ORIENTED_EDGE('',*,*,#5738,.T.);
#3089=ORIENTED_EDGE('',*,*,#6164,.T.);
#3090=ORIENTED_EDGE('',*,*,#6165,.T.);
#3091=ORIENTED_EDGE('',*,*,#6162,.F.);
#3092=ORIENTED_EDGE('',*,*,#5737,.T.);
#3093=ORIENTED_EDGE('',*,*,#6166,.T.);
#3094=ORIENTED_EDGE('',*,*,#6167,.T.);
#3095=ORIENTED_EDGE('',*,*,#6164,.F.);
#3096=ORIENTED_EDGE('',*,*,#5736,.T.);
#3097=ORIENTED_EDGE('',*,*,#6168,.T.);
#3098=ORIENTED_EDGE('',*,*,#6169,.T.);
#3099=ORIENTED_EDGE('',*,*,#6166,.F.);
#3100=ORIENTED_EDGE('',*,*,#5735,.T.);
#3101=ORIENTED_EDGE('',*,*,#6170,.T.);
#3102=ORIENTED_EDGE('',*,*,#6171,.T.);
#3103=ORIENTED_EDGE('',*,*,#6168,.F.);
#3104=ORIENTED_EDGE('',*,*,#5734,.T.);
#3105=ORIENTED_EDGE('',*,*,#6109,.T.);
#3106=ORIENTED_EDGE('',*,*,#6172,.T.);
#3107=ORIENTED_EDGE('',*,*,#6170,.F.);
#3108=ORIENTED_EDGE('',*,*,#6173,.T.);
#3109=ORIENTED_EDGE('',*,*,#6040,.T.);
#3110=ORIENTED_EDGE('',*,*,#6174,.T.);
#3111=ORIENTED_EDGE('',*,*,#6105,.F.);
#3112=ORIENTED_EDGE('',*,*,#6108,.F.);
#3113=ORIENTED_EDGE('',*,*,#6111,.F.);
#3114=ORIENTED_EDGE('',*,*,#6113,.F.);
#3115=ORIENTED_EDGE('',*,*,#6115,.F.);
#3116=ORIENTED_EDGE('',*,*,#6117,.F.);
#3117=ORIENTED_EDGE('',*,*,#6119,.F.);
#3118=ORIENTED_EDGE('',*,*,#6121,.F.);
#3119=ORIENTED_EDGE('',*,*,#6123,.F.);
#3120=ORIENTED_EDGE('',*,*,#6125,.F.);
#3121=ORIENTED_EDGE('',*,*,#6127,.F.);
#3122=ORIENTED_EDGE('',*,*,#6129,.F.);
#3123=ORIENTED_EDGE('',*,*,#6131,.F.);
#3124=ORIENTED_EDGE('',*,*,#6133,.F.);
#3125=ORIENTED_EDGE('',*,*,#6135,.F.);
#3126=ORIENTED_EDGE('',*,*,#6137,.F.);
#3127=ORIENTED_EDGE('',*,*,#6139,.F.);
#3128=ORIENTED_EDGE('',*,*,#6141,.F.);
#3129=ORIENTED_EDGE('',*,*,#6143,.F.);
#3130=ORIENTED_EDGE('',*,*,#6145,.F.);
#3131=ORIENTED_EDGE('',*,*,#6147,.F.);
#3132=ORIENTED_EDGE('',*,*,#6149,.F.);
#3133=ORIENTED_EDGE('',*,*,#6151,.F.);
#3134=ORIENTED_EDGE('',*,*,#6153,.F.);
#3135=ORIENTED_EDGE('',*,*,#6155,.F.);
#3136=ORIENTED_EDGE('',*,*,#6157,.F.);
#3137=ORIENTED_EDGE('',*,*,#6159,.F.);
#3138=ORIENTED_EDGE('',*,*,#6161,.F.);
#3139=ORIENTED_EDGE('',*,*,#6163,.F.);
#3140=ORIENTED_EDGE('',*,*,#6165,.F.);
#3141=ORIENTED_EDGE('',*,*,#6167,.F.);
#3142=ORIENTED_EDGE('',*,*,#6169,.F.);
#3143=ORIENTED_EDGE('',*,*,#6171,.F.);
#3144=ORIENTED_EDGE('',*,*,#6172,.F.);
#3145=ORIENTED_EDGE('',*,*,#6039,.F.);
#3146=ORIENTED_EDGE('',*,*,#6043,.F.);
#3147=ORIENTED_EDGE('',*,*,#6046,.F.);
#3148=ORIENTED_EDGE('',*,*,#6049,.F.);
#3149=ORIENTED_EDGE('',*,*,#6052,.F.);
#3150=ORIENTED_EDGE('',*,*,#6055,.F.);
#3151=ORIENTED_EDGE('',*,*,#6058,.F.);
#3152=ORIENTED_EDGE('',*,*,#6061,.F.);
#3153=ORIENTED_EDGE('',*,*,#6064,.F.);
#3154=ORIENTED_EDGE('',*,*,#6067,.F.);
#3155=ORIENTED_EDGE('',*,*,#6070,.F.);
#3156=ORIENTED_EDGE('',*,*,#6073,.F.);
#3157=ORIENTED_EDGE('',*,*,#6076,.F.);
#3158=ORIENTED_EDGE('',*,*,#6079,.F.);
#3159=ORIENTED_EDGE('',*,*,#6082,.F.);
#3160=ORIENTED_EDGE('',*,*,#6085,.F.);
#3161=ORIENTED_EDGE('',*,*,#6088,.F.);
#3162=ORIENTED_EDGE('',*,*,#6091,.F.);
#3163=ORIENTED_EDGE('',*,*,#6094,.F.);
#3164=ORIENTED_EDGE('',*,*,#6097,.F.);
#3165=ORIENTED_EDGE('',*,*,#6100,.F.);
#3166=ORIENTED_EDGE('',*,*,#6103,.F.);
#3167=ORIENTED_EDGE('',*,*,#6106,.F.);
#3168=ORIENTED_EDGE('',*,*,#6174,.F.);
#3169=ORIENTED_EDGE('',*,*,#6037,.F.);
#3170=ORIENTED_EDGE('',*,*,#6173,.F.);
#3171=ORIENTED_EDGE('',*,*,#6104,.F.);
#3172=ORIENTED_EDGE('',*,*,#6101,.F.);
#3173=ORIENTED_EDGE('',*,*,#6098,.F.);
#3174=ORIENTED_EDGE('',*,*,#6095,.F.);
#3175=ORIENTED_EDGE('',*,*,#6092,.F.);
#3176=ORIENTED_EDGE('',*,*,#6089,.F.);
#3177=ORIENTED_EDGE('',*,*,#6086,.F.);
#3178=ORIENTED_EDGE('',*,*,#6083,.F.);
#3179=ORIENTED_EDGE('',*,*,#6080,.F.);
#3180=ORIENTED_EDGE('',*,*,#6077,.F.);
#3181=ORIENTED_EDGE('',*,*,#6074,.F.);
#3182=ORIENTED_EDGE('',*,*,#6071,.F.);
#3183=ORIENTED_EDGE('',*,*,#6068,.F.);
#3184=ORIENTED_EDGE('',*,*,#6065,.F.);
#3185=ORIENTED_EDGE('',*,*,#6062,.F.);
#3186=ORIENTED_EDGE('',*,*,#6059,.F.);
#3187=ORIENTED_EDGE('',*,*,#6056,.F.);
#3188=ORIENTED_EDGE('',*,*,#6053,.F.);
#3189=ORIENTED_EDGE('',*,*,#6050,.F.);
#3190=ORIENTED_EDGE('',*,*,#6047,.F.);
#3191=ORIENTED_EDGE('',*,*,#6044,.F.);
#3192=ORIENTED_EDGE('',*,*,#6041,.F.);
#3193=ORIENTED_EDGE('',*,*,#5721,.T.);
#3194=ORIENTED_EDGE('',*,*,#6175,.T.);
#3195=ORIENTED_EDGE('',*,*,#6176,.T.);
#3196=ORIENTED_EDGE('',*,*,#6177,.F.);
#3197=ORIENTED_EDGE('',*,*,#5732,.T.);
#3198=ORIENTED_EDGE('',*,*,#6178,.T.);
#3199=ORIENTED_EDGE('',*,*,#6179,.T.);
#3200=ORIENTED_EDGE('',*,*,#6175,.F.);
#3201=ORIENTED_EDGE('',*,*,#5731,.T.);
#3202=ORIENTED_EDGE('',*,*,#6180,.T.);
#3203=ORIENTED_EDGE('',*,*,#6181,.T.);
#3204=ORIENTED_EDGE('',*,*,#6178,.F.);
#3205=ORIENTED_EDGE('',*,*,#5730,.T.);
#3206=ORIENTED_EDGE('',*,*,#6182,.T.);
#3207=ORIENTED_EDGE('',*,*,#6183,.T.);
#3208=ORIENTED_EDGE('',*,*,#6180,.F.);
#3209=ORIENTED_EDGE('',*,*,#5729,.T.);
#3210=ORIENTED_EDGE('',*,*,#6184,.T.);
#3211=ORIENTED_EDGE('',*,*,#6185,.T.);
#3212=ORIENTED_EDGE('',*,*,#6182,.F.);
#3213=ORIENTED_EDGE('',*,*,#5728,.T.);
#3214=ORIENTED_EDGE('',*,*,#6186,.T.);
#3215=ORIENTED_EDGE('',*,*,#6187,.T.);
#3216=ORIENTED_EDGE('',*,*,#6184,.F.);
#3217=ORIENTED_EDGE('',*,*,#5727,.T.);
#3218=ORIENTED_EDGE('',*,*,#6188,.T.);
#3219=ORIENTED_EDGE('',*,*,#6189,.T.);
#3220=ORIENTED_EDGE('',*,*,#6186,.F.);
#3221=ORIENTED_EDGE('',*,*,#5726,.T.);
#3222=ORIENTED_EDGE('',*,*,#6190,.T.);
#3223=ORIENTED_EDGE('',*,*,#6191,.T.);
#3224=ORIENTED_EDGE('',*,*,#6188,.F.);
#3225=ORIENTED_EDGE('',*,*,#5725,.T.);
#3226=ORIENTED_EDGE('',*,*,#6192,.T.);
#3227=ORIENTED_EDGE('',*,*,#6193,.T.);
#3228=ORIENTED_EDGE('',*,*,#6190,.F.);
#3229=ORIENTED_EDGE('',*,*,#5724,.T.);
#3230=ORIENTED_EDGE('',*,*,#6194,.T.);
#3231=ORIENTED_EDGE('',*,*,#6195,.T.);
#3232=ORIENTED_EDGE('',*,*,#6192,.F.);
#3233=ORIENTED_EDGE('',*,*,#5723,.T.);
#3234=ORIENTED_EDGE('',*,*,#6196,.T.);
#3235=ORIENTED_EDGE('',*,*,#6197,.T.);
#3236=ORIENTED_EDGE('',*,*,#6194,.F.);
#3237=ORIENTED_EDGE('',*,*,#5722,.T.);
#3238=ORIENTED_EDGE('',*,*,#6177,.T.);
#3239=ORIENTED_EDGE('',*,*,#6198,.T.);
#3240=ORIENTED_EDGE('',*,*,#6196,.F.);
#3241=ORIENTED_EDGE('',*,*,#6176,.F.);
#3242=ORIENTED_EDGE('',*,*,#6179,.F.);
#3243=ORIENTED_EDGE('',*,*,#6181,.F.);
#3244=ORIENTED_EDGE('',*,*,#6183,.F.);
#3245=ORIENTED_EDGE('',*,*,#6185,.F.);
#3246=ORIENTED_EDGE('',*,*,#6187,.F.);
#3247=ORIENTED_EDGE('',*,*,#6189,.F.);
#3248=ORIENTED_EDGE('',*,*,#6191,.F.);
#3249=ORIENTED_EDGE('',*,*,#6193,.F.);
#3250=ORIENTED_EDGE('',*,*,#6195,.F.);
#3251=ORIENTED_EDGE('',*,*,#6197,.F.);
#3252=ORIENTED_EDGE('',*,*,#6198,.F.);
#3253=ORIENTED_EDGE('',*,*,#5711,.T.);
#3254=ORIENTED_EDGE('',*,*,#6199,.T.);
#3255=ORIENTED_EDGE('',*,*,#6200,.T.);
#3256=ORIENTED_EDGE('',*,*,#6201,.F.);
#3257=ORIENTED_EDGE('',*,*,#5720,.T.);
#3258=ORIENTED_EDGE('',*,*,#6202,.T.);
#3259=ORIENTED_EDGE('',*,*,#6203,.T.);
#3260=ORIENTED_EDGE('',*,*,#6199,.F.);
#3261=ORIENTED_EDGE('',*,*,#5719,.T.);
#3262=ORIENTED_EDGE('',*,*,#6204,.T.);
#3263=ORIENTED_EDGE('',*,*,#6205,.T.);
#3264=ORIENTED_EDGE('',*,*,#6202,.F.);
#3265=ORIENTED_EDGE('',*,*,#5718,.T.);
#3266=ORIENTED_EDGE('',*,*,#6206,.T.);
#3267=ORIENTED_EDGE('',*,*,#6207,.T.);
#3268=ORIENTED_EDGE('',*,*,#6204,.F.);
#3269=ORIENTED_EDGE('',*,*,#5717,.T.);
#3270=ORIENTED_EDGE('',*,*,#6208,.T.);
#3271=ORIENTED_EDGE('',*,*,#6209,.T.);
#3272=ORIENTED_EDGE('',*,*,#6206,.F.);
#3273=ORIENTED_EDGE('',*,*,#5716,.T.);
#3274=ORIENTED_EDGE('',*,*,#6210,.T.);
#3275=ORIENTED_EDGE('',*,*,#6211,.T.);
#3276=ORIENTED_EDGE('',*,*,#6208,.F.);
#3277=ORIENTED_EDGE('',*,*,#5715,.T.);
#3278=ORIENTED_EDGE('',*,*,#6212,.T.);
#3279=ORIENTED_EDGE('',*,*,#6213,.T.);
#3280=ORIENTED_EDGE('',*,*,#6210,.F.);
#3281=ORIENTED_EDGE('',*,*,#5714,.T.);
#3282=ORIENTED_EDGE('',*,*,#6214,.T.);
#3283=ORIENTED_EDGE('',*,*,#6215,.T.);
#3284=ORIENTED_EDGE('',*,*,#6212,.F.);
#3285=ORIENTED_EDGE('',*,*,#5713,.T.);
#3286=ORIENTED_EDGE('',*,*,#6216,.T.);
#3287=ORIENTED_EDGE('',*,*,#6217,.T.);
#3288=ORIENTED_EDGE('',*,*,#6214,.F.);
#3289=ORIENTED_EDGE('',*,*,#5712,.T.);
#3290=ORIENTED_EDGE('',*,*,#6201,.T.);
#3291=ORIENTED_EDGE('',*,*,#6218,.T.);
#3292=ORIENTED_EDGE('',*,*,#6216,.F.);
#3293=ORIENTED_EDGE('',*,*,#6200,.F.);
#3294=ORIENTED_EDGE('',*,*,#6203,.F.);
#3295=ORIENTED_EDGE('',*,*,#6205,.F.);
#3296=ORIENTED_EDGE('',*,*,#6207,.F.);
#3297=ORIENTED_EDGE('',*,*,#6209,.F.);
#3298=ORIENTED_EDGE('',*,*,#6211,.F.);
#3299=ORIENTED_EDGE('',*,*,#6213,.F.);
#3300=ORIENTED_EDGE('',*,*,#6215,.F.);
#3301=ORIENTED_EDGE('',*,*,#6217,.F.);
#3302=ORIENTED_EDGE('',*,*,#6218,.F.);
#3303=ORIENTED_EDGE('',*,*,#5651,.T.);
#3304=ORIENTED_EDGE('',*,*,#6219,.T.);
#3305=ORIENTED_EDGE('',*,*,#6220,.T.);
#3306=ORIENTED_EDGE('',*,*,#6221,.F.);
#3307=ORIENTED_EDGE('',*,*,#5710,.T.);
#3308=ORIENTED_EDGE('',*,*,#6222,.T.);
#3309=ORIENTED_EDGE('',*,*,#6223,.T.);
#3310=ORIENTED_EDGE('',*,*,#6219,.F.);
#3311=ORIENTED_EDGE('',*,*,#5709,.T.);
#3312=ORIENTED_EDGE('',*,*,#6224,.T.);
#3313=ORIENTED_EDGE('',*,*,#6225,.T.);
#3314=ORIENTED_EDGE('',*,*,#6222,.F.);
#3315=ORIENTED_EDGE('',*,*,#5708,.T.);
#3316=ORIENTED_EDGE('',*,*,#6226,.T.);
#3317=ORIENTED_EDGE('',*,*,#6227,.T.);
#3318=ORIENTED_EDGE('',*,*,#6224,.F.);
#3319=ORIENTED_EDGE('',*,*,#5707,.T.);
#3320=ORIENTED_EDGE('',*,*,#6228,.T.);
#3321=ORIENTED_EDGE('',*,*,#6229,.T.);
#3322=ORIENTED_EDGE('',*,*,#6226,.F.);
#3323=ORIENTED_EDGE('',*,*,#5706,.T.);
#3324=ORIENTED_EDGE('',*,*,#6230,.T.);
#3325=ORIENTED_EDGE('',*,*,#6231,.T.);
#3326=ORIENTED_EDGE('',*,*,#6228,.F.);
#3327=ORIENTED_EDGE('',*,*,#5705,.T.);
#3328=ORIENTED_EDGE('',*,*,#6232,.T.);
#3329=ORIENTED_EDGE('',*,*,#6233,.T.);
#3330=ORIENTED_EDGE('',*,*,#6230,.F.);
#3331=ORIENTED_EDGE('',*,*,#5704,.T.);
#3332=ORIENTED_EDGE('',*,*,#6234,.T.);
#3333=ORIENTED_EDGE('',*,*,#6235,.T.);
#3334=ORIENTED_EDGE('',*,*,#6232,.F.);
#3335=ORIENTED_EDGE('',*,*,#5703,.T.);
#3336=ORIENTED_EDGE('',*,*,#6236,.T.);
#3337=ORIENTED_EDGE('',*,*,#6237,.T.);
#3338=ORIENTED_EDGE('',*,*,#6234,.F.);
#3339=ORIENTED_EDGE('',*,*,#5702,.T.);
#3340=ORIENTED_EDGE('',*,*,#6238,.T.);
#3341=ORIENTED_EDGE('',*,*,#6239,.T.);
#3342=ORIENTED_EDGE('',*,*,#6236,.F.);
#3343=ORIENTED_EDGE('',*,*,#5701,.T.);
#3344=ORIENTED_EDGE('',*,*,#6240,.T.);
#3345=ORIENTED_EDGE('',*,*,#6241,.T.);
#3346=ORIENTED_EDGE('',*,*,#6238,.F.);
#3347=ORIENTED_EDGE('',*,*,#5700,.T.);
#3348=ORIENTED_EDGE('',*,*,#6242,.T.);
#3349=ORIENTED_EDGE('',*,*,#6243,.T.);
#3350=ORIENTED_EDGE('',*,*,#6240,.F.);
#3351=ORIENTED_EDGE('',*,*,#5699,.T.);
#3352=ORIENTED_EDGE('',*,*,#6244,.T.);
#3353=ORIENTED_EDGE('',*,*,#6245,.T.);
#3354=ORIENTED_EDGE('',*,*,#6242,.F.);
#3355=ORIENTED_EDGE('',*,*,#5698,.T.);
#3356=ORIENTED_EDGE('',*,*,#6246,.T.);
#3357=ORIENTED_EDGE('',*,*,#6247,.T.);
#3358=ORIENTED_EDGE('',*,*,#6244,.F.);
#3359=ORIENTED_EDGE('',*,*,#5697,.T.);
#3360=ORIENTED_EDGE('',*,*,#6248,.T.);
#3361=ORIENTED_EDGE('',*,*,#6249,.T.);
#3362=ORIENTED_EDGE('',*,*,#6246,.F.);
#3363=ORIENTED_EDGE('',*,*,#5696,.T.);
#3364=ORIENTED_EDGE('',*,*,#6250,.T.);
#3365=ORIENTED_EDGE('',*,*,#6251,.T.);
#3366=ORIENTED_EDGE('',*,*,#6248,.F.);
#3367=ORIENTED_EDGE('',*,*,#5695,.T.);
#3368=ORIENTED_EDGE('',*,*,#6252,.T.);
#3369=ORIENTED_EDGE('',*,*,#6253,.T.);
#3370=ORIENTED_EDGE('',*,*,#6250,.F.);
#3371=ORIENTED_EDGE('',*,*,#5694,.T.);
#3372=ORIENTED_EDGE('',*,*,#6254,.T.);
#3373=ORIENTED_EDGE('',*,*,#6255,.T.);
#3374=ORIENTED_EDGE('',*,*,#6252,.F.);
#3375=ORIENTED_EDGE('',*,*,#5693,.T.);
#3376=ORIENTED_EDGE('',*,*,#6256,.T.);
#3377=ORIENTED_EDGE('',*,*,#6257,.T.);
#3378=ORIENTED_EDGE('',*,*,#6254,.F.);
#3379=ORIENTED_EDGE('',*,*,#5692,.T.);
#3380=ORIENTED_EDGE('',*,*,#6258,.T.);
#3381=ORIENTED_EDGE('',*,*,#6259,.T.);
#3382=ORIENTED_EDGE('',*,*,#6256,.F.);
#3383=ORIENTED_EDGE('',*,*,#5691,.T.);
#3384=ORIENTED_EDGE('',*,*,#6260,.T.);
#3385=ORIENTED_EDGE('',*,*,#6261,.T.);
#3386=ORIENTED_EDGE('',*,*,#6258,.F.);
#3387=ORIENTED_EDGE('',*,*,#5690,.T.);
#3388=ORIENTED_EDGE('',*,*,#6262,.T.);
#3389=ORIENTED_EDGE('',*,*,#6263,.T.);
#3390=ORIENTED_EDGE('',*,*,#6260,.F.);
#3391=ORIENTED_EDGE('',*,*,#5689,.T.);
#3392=ORIENTED_EDGE('',*,*,#6264,.T.);
#3393=ORIENTED_EDGE('',*,*,#6265,.T.);
#3394=ORIENTED_EDGE('',*,*,#6262,.F.);
#3395=ORIENTED_EDGE('',*,*,#5688,.T.);
#3396=ORIENTED_EDGE('',*,*,#6266,.T.);
#3397=ORIENTED_EDGE('',*,*,#6267,.T.);
#3398=ORIENTED_EDGE('',*,*,#6264,.F.);
#3399=ORIENTED_EDGE('',*,*,#5687,.T.);
#3400=ORIENTED_EDGE('',*,*,#6268,.T.);
#3401=ORIENTED_EDGE('',*,*,#6269,.T.);
#3402=ORIENTED_EDGE('',*,*,#6266,.F.);
#3403=ORIENTED_EDGE('',*,*,#5686,.T.);
#3404=ORIENTED_EDGE('',*,*,#6270,.T.);
#3405=ORIENTED_EDGE('',*,*,#6271,.T.);
#3406=ORIENTED_EDGE('',*,*,#6268,.F.);
#3407=ORIENTED_EDGE('',*,*,#5685,.T.);
#3408=ORIENTED_EDGE('',*,*,#6272,.T.);
#3409=ORIENTED_EDGE('',*,*,#6273,.T.);
#3410=ORIENTED_EDGE('',*,*,#6270,.F.);
#3411=ORIENTED_EDGE('',*,*,#5684,.T.);
#3412=ORIENTED_EDGE('',*,*,#6274,.T.);
#3413=ORIENTED_EDGE('',*,*,#6275,.T.);
#3414=ORIENTED_EDGE('',*,*,#6272,.F.);
#3415=ORIENTED_EDGE('',*,*,#5683,.T.);
#3416=ORIENTED_EDGE('',*,*,#6276,.T.);
#3417=ORIENTED_EDGE('',*,*,#6277,.T.);
#3418=ORIENTED_EDGE('',*,*,#6274,.F.);
#3419=ORIENTED_EDGE('',*,*,#5682,.T.);
#3420=ORIENTED_EDGE('',*,*,#6278,.T.);
#3421=ORIENTED_EDGE('',*,*,#6279,.T.);
#3422=ORIENTED_EDGE('',*,*,#6276,.F.);
#3423=ORIENTED_EDGE('',*,*,#5681,.T.);
#3424=ORIENTED_EDGE('',*,*,#6280,.T.);
#3425=ORIENTED_EDGE('',*,*,#6281,.T.);
#3426=ORIENTED_EDGE('',*,*,#6278,.F.);
#3427=ORIENTED_EDGE('',*,*,#5680,.T.);
#3428=ORIENTED_EDGE('',*,*,#6282,.T.);
#3429=ORIENTED_EDGE('',*,*,#6283,.T.);
#3430=ORIENTED_EDGE('',*,*,#6280,.F.);
#3431=ORIENTED_EDGE('',*,*,#5679,.T.);
#3432=ORIENTED_EDGE('',*,*,#6284,.T.);
#3433=ORIENTED_EDGE('',*,*,#6285,.T.);
#3434=ORIENTED_EDGE('',*,*,#6282,.F.);
#3435=ORIENTED_EDGE('',*,*,#5678,.T.);
#3436=ORIENTED_EDGE('',*,*,#6286,.T.);
#3437=ORIENTED_EDGE('',*,*,#6287,.T.);
#3438=ORIENTED_EDGE('',*,*,#6284,.F.);
#3439=ORIENTED_EDGE('',*,*,#5677,.T.);
#3440=ORIENTED_EDGE('',*,*,#6288,.T.);
#3441=ORIENTED_EDGE('',*,*,#6289,.T.);
#3442=ORIENTED_EDGE('',*,*,#6286,.F.);
#3443=ORIENTED_EDGE('',*,*,#5676,.T.);
#3444=ORIENTED_EDGE('',*,*,#6290,.T.);
#3445=ORIENTED_EDGE('',*,*,#6291,.T.);
#3446=ORIENTED_EDGE('',*,*,#6288,.F.);
#3447=ORIENTED_EDGE('',*,*,#5675,.T.);
#3448=ORIENTED_EDGE('',*,*,#6292,.T.);
#3449=ORIENTED_EDGE('',*,*,#6293,.T.);
#3450=ORIENTED_EDGE('',*,*,#6290,.F.);
#3451=ORIENTED_EDGE('',*,*,#5674,.T.);
#3452=ORIENTED_EDGE('',*,*,#6294,.T.);
#3453=ORIENTED_EDGE('',*,*,#6295,.T.);
#3454=ORIENTED_EDGE('',*,*,#6292,.F.);
#3455=ORIENTED_EDGE('',*,*,#5673,.T.);
#3456=ORIENTED_EDGE('',*,*,#6296,.T.);
#3457=ORIENTED_EDGE('',*,*,#6297,.T.);
#3458=ORIENTED_EDGE('',*,*,#6294,.F.);
#3459=ORIENTED_EDGE('',*,*,#5672,.T.);
#3460=ORIENTED_EDGE('',*,*,#6298,.T.);
#3461=ORIENTED_EDGE('',*,*,#6299,.T.);
#3462=ORIENTED_EDGE('',*,*,#6296,.F.);
#3463=ORIENTED_EDGE('',*,*,#5671,.T.);
#3464=ORIENTED_EDGE('',*,*,#6300,.T.);
#3465=ORIENTED_EDGE('',*,*,#6301,.T.);
#3466=ORIENTED_EDGE('',*,*,#6298,.F.);
#3467=ORIENTED_EDGE('',*,*,#5670,.T.);
#3468=ORIENTED_EDGE('',*,*,#6302,.T.);
#3469=ORIENTED_EDGE('',*,*,#6303,.T.);
#3470=ORIENTED_EDGE('',*,*,#6300,.F.);
#3471=ORIENTED_EDGE('',*,*,#5669,.T.);
#3472=ORIENTED_EDGE('',*,*,#6304,.T.);
#3473=ORIENTED_EDGE('',*,*,#6305,.T.);
#3474=ORIENTED_EDGE('',*,*,#6302,.F.);
#3475=ORIENTED_EDGE('',*,*,#5668,.T.);
#3476=ORIENTED_EDGE('',*,*,#6306,.T.);
#3477=ORIENTED_EDGE('',*,*,#6307,.T.);
#3478=ORIENTED_EDGE('',*,*,#6304,.F.);
#3479=ORIENTED_EDGE('',*,*,#5667,.T.);
#3480=ORIENTED_EDGE('',*,*,#6308,.T.);
#3481=ORIENTED_EDGE('',*,*,#6309,.T.);
#3482=ORIENTED_EDGE('',*,*,#6306,.F.);
#3483=ORIENTED_EDGE('',*,*,#5666,.T.);
#3484=ORIENTED_EDGE('',*,*,#6310,.T.);
#3485=ORIENTED_EDGE('',*,*,#6311,.T.);
#3486=ORIENTED_EDGE('',*,*,#6308,.F.);
#3487=ORIENTED_EDGE('',*,*,#5665,.T.);
#3488=ORIENTED_EDGE('',*,*,#6312,.T.);
#3489=ORIENTED_EDGE('',*,*,#6313,.T.);
#3490=ORIENTED_EDGE('',*,*,#6310,.F.);
#3491=ORIENTED_EDGE('',*,*,#5664,.T.);
#3492=ORIENTED_EDGE('',*,*,#6314,.T.);
#3493=ORIENTED_EDGE('',*,*,#6315,.T.);
#3494=ORIENTED_EDGE('',*,*,#6312,.F.);
#3495=ORIENTED_EDGE('',*,*,#5663,.T.);
#3496=ORIENTED_EDGE('',*,*,#6316,.T.);
#3497=ORIENTED_EDGE('',*,*,#6317,.T.);
#3498=ORIENTED_EDGE('',*,*,#6314,.F.);
#3499=ORIENTED_EDGE('',*,*,#5662,.T.);
#3500=ORIENTED_EDGE('',*,*,#6318,.T.);
#3501=ORIENTED_EDGE('',*,*,#6319,.T.);
#3502=ORIENTED_EDGE('',*,*,#6316,.F.);
#3503=ORIENTED_EDGE('',*,*,#5661,.T.);
#3504=ORIENTED_EDGE('',*,*,#6320,.T.);
#3505=ORIENTED_EDGE('',*,*,#6321,.T.);
#3506=ORIENTED_EDGE('',*,*,#6318,.F.);
#3507=ORIENTED_EDGE('',*,*,#5660,.T.);
#3508=ORIENTED_EDGE('',*,*,#6322,.T.);
#3509=ORIENTED_EDGE('',*,*,#6323,.T.);
#3510=ORIENTED_EDGE('',*,*,#6320,.F.);
#3511=ORIENTED_EDGE('',*,*,#5659,.T.);
#3512=ORIENTED_EDGE('',*,*,#6324,.T.);
#3513=ORIENTED_EDGE('',*,*,#6325,.T.);
#3514=ORIENTED_EDGE('',*,*,#6322,.F.);
#3515=ORIENTED_EDGE('',*,*,#5658,.T.);
#3516=ORIENTED_EDGE('',*,*,#6326,.T.);
#3517=ORIENTED_EDGE('',*,*,#6327,.T.);
#3518=ORIENTED_EDGE('',*,*,#6324,.F.);
#3519=ORIENTED_EDGE('',*,*,#5657,.T.);
#3520=ORIENTED_EDGE('',*,*,#6328,.T.);
#3521=ORIENTED_EDGE('',*,*,#6329,.T.);
#3522=ORIENTED_EDGE('',*,*,#6326,.F.);
#3523=ORIENTED_EDGE('',*,*,#5656,.T.);
#3524=ORIENTED_EDGE('',*,*,#6330,.T.);
#3525=ORIENTED_EDGE('',*,*,#6331,.T.);
#3526=ORIENTED_EDGE('',*,*,#6328,.F.);
#3527=ORIENTED_EDGE('',*,*,#5655,.T.);
#3528=ORIENTED_EDGE('',*,*,#6332,.T.);
#3529=ORIENTED_EDGE('',*,*,#6333,.T.);
#3530=ORIENTED_EDGE('',*,*,#6330,.F.);
#3531=ORIENTED_EDGE('',*,*,#5654,.T.);
#3532=ORIENTED_EDGE('',*,*,#6334,.T.);
#3533=ORIENTED_EDGE('',*,*,#6335,.T.);
#3534=ORIENTED_EDGE('',*,*,#6332,.F.);
#3535=ORIENTED_EDGE('',*,*,#5653,.T.);
#3536=ORIENTED_EDGE('',*,*,#6336,.T.);
#3537=ORIENTED_EDGE('',*,*,#6337,.T.);
#3538=ORIENTED_EDGE('',*,*,#6334,.F.);
#3539=ORIENTED_EDGE('',*,*,#5652,.T.);
#3540=ORIENTED_EDGE('',*,*,#6221,.T.);
#3541=ORIENTED_EDGE('',*,*,#6338,.T.);
#3542=ORIENTED_EDGE('',*,*,#6336,.F.);
#3543=ORIENTED_EDGE('',*,*,#6220,.F.);
#3544=ORIENTED_EDGE('',*,*,#6223,.F.);
#3545=ORIENTED_EDGE('',*,*,#6225,.F.);
#3546=ORIENTED_EDGE('',*,*,#6227,.F.);
#3547=ORIENTED_EDGE('',*,*,#6229,.F.);
#3548=ORIENTED_EDGE('',*,*,#6231,.F.);
#3549=ORIENTED_EDGE('',*,*,#6233,.F.);
#3550=ORIENTED_EDGE('',*,*,#6235,.F.);
#3551=ORIENTED_EDGE('',*,*,#6237,.F.);
#3552=ORIENTED_EDGE('',*,*,#6239,.F.);
#3553=ORIENTED_EDGE('',*,*,#6241,.F.);
#3554=ORIENTED_EDGE('',*,*,#6243,.F.);
#3555=ORIENTED_EDGE('',*,*,#6245,.F.);
#3556=ORIENTED_EDGE('',*,*,#6247,.F.);
#3557=ORIENTED_EDGE('',*,*,#6249,.F.);
#3558=ORIENTED_EDGE('',*,*,#6251,.F.);
#3559=ORIENTED_EDGE('',*,*,#6253,.F.);
#3560=ORIENTED_EDGE('',*,*,#6255,.F.);
#3561=ORIENTED_EDGE('',*,*,#6257,.F.);
#3562=ORIENTED_EDGE('',*,*,#6259,.F.);
#3563=ORIENTED_EDGE('',*,*,#6261,.F.);
#3564=ORIENTED_EDGE('',*,*,#6263,.F.);
#3565=ORIENTED_EDGE('',*,*,#6265,.F.);
#3566=ORIENTED_EDGE('',*,*,#6267,.F.);
#3567=ORIENTED_EDGE('',*,*,#6269,.F.);
#3568=ORIENTED_EDGE('',*,*,#6271,.F.);
#3569=ORIENTED_EDGE('',*,*,#6273,.F.);
#3570=ORIENTED_EDGE('',*,*,#6275,.F.);
#3571=ORIENTED_EDGE('',*,*,#6277,.F.);
#3572=ORIENTED_EDGE('',*,*,#6279,.F.);
#3573=ORIENTED_EDGE('',*,*,#6281,.F.);
#3574=ORIENTED_EDGE('',*,*,#6283,.F.);
#3575=ORIENTED_EDGE('',*,*,#6285,.F.);
#3576=ORIENTED_EDGE('',*,*,#6287,.F.);
#3577=ORIENTED_EDGE('',*,*,#6289,.F.);
#3578=ORIENTED_EDGE('',*,*,#6291,.F.);
#3579=ORIENTED_EDGE('',*,*,#6293,.F.);
#3580=ORIENTED_EDGE('',*,*,#6295,.F.);
#3581=ORIENTED_EDGE('',*,*,#6297,.F.);
#3582=ORIENTED_EDGE('',*,*,#6299,.F.);
#3583=ORIENTED_EDGE('',*,*,#6301,.F.);
#3584=ORIENTED_EDGE('',*,*,#6303,.F.);
#3585=ORIENTED_EDGE('',*,*,#6305,.F.);
#3586=ORIENTED_EDGE('',*,*,#6307,.F.);
#3587=ORIENTED_EDGE('',*,*,#6309,.F.);
#3588=ORIENTED_EDGE('',*,*,#6311,.F.);
#3589=ORIENTED_EDGE('',*,*,#6313,.F.);
#3590=ORIENTED_EDGE('',*,*,#6315,.F.);
#3591=ORIENTED_EDGE('',*,*,#6317,.F.);
#3592=ORIENTED_EDGE('',*,*,#6319,.F.);
#3593=ORIENTED_EDGE('',*,*,#6321,.F.);
#3594=ORIENTED_EDGE('',*,*,#6323,.F.);
#3595=ORIENTED_EDGE('',*,*,#6325,.F.);
#3596=ORIENTED_EDGE('',*,*,#6327,.F.);
#3597=ORIENTED_EDGE('',*,*,#6329,.F.);
#3598=ORIENTED_EDGE('',*,*,#6331,.F.);
#3599=ORIENTED_EDGE('',*,*,#6333,.F.);
#3600=ORIENTED_EDGE('',*,*,#6335,.F.);
#3601=ORIENTED_EDGE('',*,*,#6337,.F.);
#3602=ORIENTED_EDGE('',*,*,#6338,.F.);
#3603=ORIENTED_EDGE('',*,*,#5571,.T.);
#3604=ORIENTED_EDGE('',*,*,#6339,.T.);
#3605=ORIENTED_EDGE('',*,*,#6340,.T.);
#3606=ORIENTED_EDGE('',*,*,#6341,.F.);
#3607=ORIENTED_EDGE('',*,*,#5650,.T.);
#3608=ORIENTED_EDGE('',*,*,#6342,.T.);
#3609=ORIENTED_EDGE('',*,*,#6343,.T.);
#3610=ORIENTED_EDGE('',*,*,#6339,.F.);
#3611=ORIENTED_EDGE('',*,*,#5649,.T.);
#3612=ORIENTED_EDGE('',*,*,#6344,.T.);
#3613=ORIENTED_EDGE('',*,*,#6345,.T.);
#3614=ORIENTED_EDGE('',*,*,#6342,.F.);
#3615=ORIENTED_EDGE('',*,*,#5648,.T.);
#3616=ORIENTED_EDGE('',*,*,#6346,.T.);
#3617=ORIENTED_EDGE('',*,*,#6347,.T.);
#3618=ORIENTED_EDGE('',*,*,#6344,.F.);
#3619=ORIENTED_EDGE('',*,*,#5647,.T.);
#3620=ORIENTED_EDGE('',*,*,#6348,.T.);
#3621=ORIENTED_EDGE('',*,*,#6349,.T.);
#3622=ORIENTED_EDGE('',*,*,#6346,.F.);
#3623=ORIENTED_EDGE('',*,*,#5646,.T.);
#3624=ORIENTED_EDGE('',*,*,#6350,.T.);
#3625=ORIENTED_EDGE('',*,*,#6351,.T.);
#3626=ORIENTED_EDGE('',*,*,#6348,.F.);
#3627=ORIENTED_EDGE('',*,*,#5645,.T.);
#3628=ORIENTED_EDGE('',*,*,#6352,.T.);
#3629=ORIENTED_EDGE('',*,*,#6353,.T.);
#3630=ORIENTED_EDGE('',*,*,#6350,.F.);
#3631=ORIENTED_EDGE('',*,*,#5644,.T.);
#3632=ORIENTED_EDGE('',*,*,#6354,.T.);
#3633=ORIENTED_EDGE('',*,*,#6355,.T.);
#3634=ORIENTED_EDGE('',*,*,#6352,.F.);
#3635=ORIENTED_EDGE('',*,*,#5643,.T.);
#3636=ORIENTED_EDGE('',*,*,#6356,.T.);
#3637=ORIENTED_EDGE('',*,*,#6357,.T.);
#3638=ORIENTED_EDGE('',*,*,#6354,.F.);
#3639=ORIENTED_EDGE('',*,*,#5642,.T.);
#3640=ORIENTED_EDGE('',*,*,#6358,.T.);
#3641=ORIENTED_EDGE('',*,*,#6359,.T.);
#3642=ORIENTED_EDGE('',*,*,#6356,.F.);
#3643=ORIENTED_EDGE('',*,*,#5641,.T.);
#3644=ORIENTED_EDGE('',*,*,#6360,.T.);
#3645=ORIENTED_EDGE('',*,*,#6361,.T.);
#3646=ORIENTED_EDGE('',*,*,#6358,.F.);
#3647=ORIENTED_EDGE('',*,*,#5640,.T.);
#3648=ORIENTED_EDGE('',*,*,#6362,.T.);
#3649=ORIENTED_EDGE('',*,*,#6363,.T.);
#3650=ORIENTED_EDGE('',*,*,#6360,.F.);
#3651=ORIENTED_EDGE('',*,*,#5639,.T.);
#3652=ORIENTED_EDGE('',*,*,#6364,.T.);
#3653=ORIENTED_EDGE('',*,*,#6365,.T.);
#3654=ORIENTED_EDGE('',*,*,#6362,.F.);
#3655=ORIENTED_EDGE('',*,*,#5638,.T.);
#3656=ORIENTED_EDGE('',*,*,#6366,.T.);
#3657=ORIENTED_EDGE('',*,*,#6367,.T.);
#3658=ORIENTED_EDGE('',*,*,#6364,.F.);
#3659=ORIENTED_EDGE('',*,*,#5637,.T.);
#3660=ORIENTED_EDGE('',*,*,#6368,.T.);
#3661=ORIENTED_EDGE('',*,*,#6369,.T.);
#3662=ORIENTED_EDGE('',*,*,#6366,.F.);
#3663=ORIENTED_EDGE('',*,*,#5636,.T.);
#3664=ORIENTED_EDGE('',*,*,#6370,.T.);
#3665=ORIENTED_EDGE('',*,*,#6371,.T.);
#3666=ORIENTED_EDGE('',*,*,#6368,.F.);
#3667=ORIENTED_EDGE('',*,*,#5635,.T.);
#3668=ORIENTED_EDGE('',*,*,#6372,.T.);
#3669=ORIENTED_EDGE('',*,*,#6373,.T.);
#3670=ORIENTED_EDGE('',*,*,#6370,.F.);
#3671=ORIENTED_EDGE('',*,*,#5634,.T.);
#3672=ORIENTED_EDGE('',*,*,#6374,.T.);
#3673=ORIENTED_EDGE('',*,*,#6375,.T.);
#3674=ORIENTED_EDGE('',*,*,#6372,.F.);
#3675=ORIENTED_EDGE('',*,*,#5633,.T.);
#3676=ORIENTED_EDGE('',*,*,#6376,.T.);
#3677=ORIENTED_EDGE('',*,*,#6377,.T.);
#3678=ORIENTED_EDGE('',*,*,#6374,.F.);
#3679=ORIENTED_EDGE('',*,*,#5632,.T.);
#3680=ORIENTED_EDGE('',*,*,#6378,.T.);
#3681=ORIENTED_EDGE('',*,*,#6379,.T.);
#3682=ORIENTED_EDGE('',*,*,#6376,.F.);
#3683=ORIENTED_EDGE('',*,*,#5631,.T.);
#3684=ORIENTED_EDGE('',*,*,#6380,.T.);
#3685=ORIENTED_EDGE('',*,*,#6381,.T.);
#3686=ORIENTED_EDGE('',*,*,#6378,.F.);
#3687=ORIENTED_EDGE('',*,*,#5630,.T.);
#3688=ORIENTED_EDGE('',*,*,#6382,.T.);
#3689=ORIENTED_EDGE('',*,*,#6383,.T.);
#3690=ORIENTED_EDGE('',*,*,#6380,.F.);
#3691=ORIENTED_EDGE('',*,*,#5629,.T.);
#3692=ORIENTED_EDGE('',*,*,#6384,.T.);
#3693=ORIENTED_EDGE('',*,*,#6385,.T.);
#3694=ORIENTED_EDGE('',*,*,#6382,.F.);
#3695=ORIENTED_EDGE('',*,*,#5628,.T.);
#3696=ORIENTED_EDGE('',*,*,#6386,.T.);
#3697=ORIENTED_EDGE('',*,*,#6387,.T.);
#3698=ORIENTED_EDGE('',*,*,#6384,.F.);
#3699=ORIENTED_EDGE('',*,*,#5627,.T.);
#3700=ORIENTED_EDGE('',*,*,#6388,.T.);
#3701=ORIENTED_EDGE('',*,*,#6389,.T.);
#3702=ORIENTED_EDGE('',*,*,#6386,.F.);
#3703=ORIENTED_EDGE('',*,*,#5626,.T.);
#3704=ORIENTED_EDGE('',*,*,#6390,.T.);
#3705=ORIENTED_EDGE('',*,*,#6391,.T.);
#3706=ORIENTED_EDGE('',*,*,#6388,.F.);
#3707=ORIENTED_EDGE('',*,*,#5625,.T.);
#3708=ORIENTED_EDGE('',*,*,#6392,.T.);
#3709=ORIENTED_EDGE('',*,*,#6393,.T.);
#3710=ORIENTED_EDGE('',*,*,#6390,.F.);
#3711=ORIENTED_EDGE('',*,*,#5624,.T.);
#3712=ORIENTED_EDGE('',*,*,#6394,.T.);
#3713=ORIENTED_EDGE('',*,*,#6395,.T.);
#3714=ORIENTED_EDGE('',*,*,#6392,.F.);
#3715=ORIENTED_EDGE('',*,*,#5623,.T.);
#3716=ORIENTED_EDGE('',*,*,#6396,.T.);
#3717=ORIENTED_EDGE('',*,*,#6397,.T.);
#3718=ORIENTED_EDGE('',*,*,#6394,.F.);
#3719=ORIENTED_EDGE('',*,*,#5622,.T.);
#3720=ORIENTED_EDGE('',*,*,#6398,.T.);
#3721=ORIENTED_EDGE('',*,*,#6399,.T.);
#3722=ORIENTED_EDGE('',*,*,#6396,.F.);
#3723=ORIENTED_EDGE('',*,*,#5621,.T.);
#3724=ORIENTED_EDGE('',*,*,#6400,.T.);
#3725=ORIENTED_EDGE('',*,*,#6401,.T.);
#3726=ORIENTED_EDGE('',*,*,#6398,.F.);
#3727=ORIENTED_EDGE('',*,*,#5620,.T.);
#3728=ORIENTED_EDGE('',*,*,#6402,.T.);
#3729=ORIENTED_EDGE('',*,*,#6403,.T.);
#3730=ORIENTED_EDGE('',*,*,#6400,.F.);
#3731=ORIENTED_EDGE('',*,*,#5619,.T.);
#3732=ORIENTED_EDGE('',*,*,#6404,.T.);
#3733=ORIENTED_EDGE('',*,*,#6405,.T.);
#3734=ORIENTED_EDGE('',*,*,#6402,.F.);
#3735=ORIENTED_EDGE('',*,*,#5618,.T.);
#3736=ORIENTED_EDGE('',*,*,#6406,.T.);
#3737=ORIENTED_EDGE('',*,*,#6407,.T.);
#3738=ORIENTED_EDGE('',*,*,#6404,.F.);
#3739=ORIENTED_EDGE('',*,*,#5617,.T.);
#3740=ORIENTED_EDGE('',*,*,#6408,.T.);
#3741=ORIENTED_EDGE('',*,*,#6409,.T.);
#3742=ORIENTED_EDGE('',*,*,#6406,.F.);
#3743=ORIENTED_EDGE('',*,*,#5616,.T.);
#3744=ORIENTED_EDGE('',*,*,#6410,.T.);
#3745=ORIENTED_EDGE('',*,*,#6411,.T.);
#3746=ORIENTED_EDGE('',*,*,#6408,.F.);
#3747=ORIENTED_EDGE('',*,*,#5615,.T.);
#3748=ORIENTED_EDGE('',*,*,#6412,.T.);
#3749=ORIENTED_EDGE('',*,*,#6413,.T.);
#3750=ORIENTED_EDGE('',*,*,#6410,.F.);
#3751=ORIENTED_EDGE('',*,*,#5614,.T.);
#3752=ORIENTED_EDGE('',*,*,#6414,.T.);
#3753=ORIENTED_EDGE('',*,*,#6415,.T.);
#3754=ORIENTED_EDGE('',*,*,#6412,.F.);
#3755=ORIENTED_EDGE('',*,*,#5613,.T.);
#3756=ORIENTED_EDGE('',*,*,#6416,.T.);
#3757=ORIENTED_EDGE('',*,*,#6417,.T.);
#3758=ORIENTED_EDGE('',*,*,#6414,.F.);
#3759=ORIENTED_EDGE('',*,*,#5612,.T.);
#3760=ORIENTED_EDGE('',*,*,#6418,.T.);
#3761=ORIENTED_EDGE('',*,*,#6419,.T.);
#3762=ORIENTED_EDGE('',*,*,#6416,.F.);
#3763=ORIENTED_EDGE('',*,*,#5611,.T.);
#3764=ORIENTED_EDGE('',*,*,#6420,.T.);
#3765=ORIENTED_EDGE('',*,*,#6421,.T.);
#3766=ORIENTED_EDGE('',*,*,#6418,.F.);
#3767=ORIENTED_EDGE('',*,*,#5610,.T.);
#3768=ORIENTED_EDGE('',*,*,#6422,.T.);
#3769=ORIENTED_EDGE('',*,*,#6423,.T.);
#3770=ORIENTED_EDGE('',*,*,#6420,.F.);
#3771=ORIENTED_EDGE('',*,*,#5609,.T.);
#3772=ORIENTED_EDGE('',*,*,#6424,.T.);
#3773=ORIENTED_EDGE('',*,*,#6425,.T.);
#3774=ORIENTED_EDGE('',*,*,#6422,.F.);
#3775=ORIENTED_EDGE('',*,*,#5608,.T.);
#3776=ORIENTED_EDGE('',*,*,#6426,.T.);
#3777=ORIENTED_EDGE('',*,*,#6427,.T.);
#3778=ORIENTED_EDGE('',*,*,#6424,.F.);
#3779=ORIENTED_EDGE('',*,*,#5607,.T.);
#3780=ORIENTED_EDGE('',*,*,#6428,.T.);
#3781=ORIENTED_EDGE('',*,*,#6429,.T.);
#3782=ORIENTED_EDGE('',*,*,#6426,.F.);
#3783=ORIENTED_EDGE('',*,*,#5606,.T.);
#3784=ORIENTED_EDGE('',*,*,#6430,.T.);
#3785=ORIENTED_EDGE('',*,*,#6431,.T.);
#3786=ORIENTED_EDGE('',*,*,#6428,.F.);
#3787=ORIENTED_EDGE('',*,*,#5605,.T.);
#3788=ORIENTED_EDGE('',*,*,#6432,.T.);
#3789=ORIENTED_EDGE('',*,*,#6433,.T.);
#3790=ORIENTED_EDGE('',*,*,#6430,.F.);
#3791=ORIENTED_EDGE('',*,*,#5604,.T.);
#3792=ORIENTED_EDGE('',*,*,#6434,.T.);
#3793=ORIENTED_EDGE('',*,*,#6435,.T.);
#3794=ORIENTED_EDGE('',*,*,#6432,.F.);
#3795=ORIENTED_EDGE('',*,*,#5603,.T.);
#3796=ORIENTED_EDGE('',*,*,#6436,.T.);
#3797=ORIENTED_EDGE('',*,*,#6437,.T.);
#3798=ORIENTED_EDGE('',*,*,#6434,.F.);
#3799=ORIENTED_EDGE('',*,*,#5602,.T.);
#3800=ORIENTED_EDGE('',*,*,#6438,.T.);
#3801=ORIENTED_EDGE('',*,*,#6439,.T.);
#3802=ORIENTED_EDGE('',*,*,#6436,.F.);
#3803=ORIENTED_EDGE('',*,*,#5601,.T.);
#3804=ORIENTED_EDGE('',*,*,#6440,.T.);
#3805=ORIENTED_EDGE('',*,*,#6441,.T.);
#3806=ORIENTED_EDGE('',*,*,#6438,.F.);
#3807=ORIENTED_EDGE('',*,*,#5600,.T.);
#3808=ORIENTED_EDGE('',*,*,#6442,.T.);
#3809=ORIENTED_EDGE('',*,*,#6443,.T.);
#3810=ORIENTED_EDGE('',*,*,#6440,.F.);
#3811=ORIENTED_EDGE('',*,*,#5599,.T.);
#3812=ORIENTED_EDGE('',*,*,#6444,.T.);
#3813=ORIENTED_EDGE('',*,*,#6445,.T.);
#3814=ORIENTED_EDGE('',*,*,#6442,.F.);
#3815=ORIENTED_EDGE('',*,*,#5598,.T.);
#3816=ORIENTED_EDGE('',*,*,#6446,.T.);
#3817=ORIENTED_EDGE('',*,*,#6447,.T.);
#3818=ORIENTED_EDGE('',*,*,#6444,.F.);
#3819=ORIENTED_EDGE('',*,*,#5597,.T.);
#3820=ORIENTED_EDGE('',*,*,#6448,.T.);
#3821=ORIENTED_EDGE('',*,*,#6449,.T.);
#3822=ORIENTED_EDGE('',*,*,#6446,.F.);
#3823=ORIENTED_EDGE('',*,*,#5596,.T.);
#3824=ORIENTED_EDGE('',*,*,#6450,.T.);
#3825=ORIENTED_EDGE('',*,*,#6451,.T.);
#3826=ORIENTED_EDGE('',*,*,#6448,.F.);
#3827=ORIENTED_EDGE('',*,*,#5595,.T.);
#3828=ORIENTED_EDGE('',*,*,#6452,.T.);
#3829=ORIENTED_EDGE('',*,*,#6453,.T.);
#3830=ORIENTED_EDGE('',*,*,#6450,.F.);
#3831=ORIENTED_EDGE('',*,*,#5594,.T.);
#3832=ORIENTED_EDGE('',*,*,#6454,.T.);
#3833=ORIENTED_EDGE('',*,*,#6455,.T.);
#3834=ORIENTED_EDGE('',*,*,#6452,.F.);
#3835=ORIENTED_EDGE('',*,*,#5593,.T.);
#3836=ORIENTED_EDGE('',*,*,#6456,.T.);
#3837=ORIENTED_EDGE('',*,*,#6457,.T.);
#3838=ORIENTED_EDGE('',*,*,#6454,.F.);
#3839=ORIENTED_EDGE('',*,*,#5592,.T.);
#3840=ORIENTED_EDGE('',*,*,#6458,.T.);
#3841=ORIENTED_EDGE('',*,*,#6459,.T.);
#3842=ORIENTED_EDGE('',*,*,#6456,.F.);
#3843=ORIENTED_EDGE('',*,*,#5591,.T.);
#3844=ORIENTED_EDGE('',*,*,#6460,.T.);
#3845=ORIENTED_EDGE('',*,*,#6461,.T.);
#3846=ORIENTED_EDGE('',*,*,#6458,.F.);
#3847=ORIENTED_EDGE('',*,*,#5590,.T.);
#3848=ORIENTED_EDGE('',*,*,#6462,.T.);
#3849=ORIENTED_EDGE('',*,*,#6463,.T.);
#3850=ORIENTED_EDGE('',*,*,#6460,.F.);
#3851=ORIENTED_EDGE('',*,*,#5589,.T.);
#3852=ORIENTED_EDGE('',*,*,#6464,.T.);
#3853=ORIENTED_EDGE('',*,*,#6465,.T.);
#3854=ORIENTED_EDGE('',*,*,#6462,.F.);
#3855=ORIENTED_EDGE('',*,*,#5588,.T.);
#3856=ORIENTED_EDGE('',*,*,#6466,.T.);
#3857=ORIENTED_EDGE('',*,*,#6467,.T.);
#3858=ORIENTED_EDGE('',*,*,#6464,.F.);
#3859=ORIENTED_EDGE('',*,*,#5587,.T.);
#3860=ORIENTED_EDGE('',*,*,#6468,.T.);
#3861=ORIENTED_EDGE('',*,*,#6469,.T.);
#3862=ORIENTED_EDGE('',*,*,#6466,.F.);
#3863=ORIENTED_EDGE('',*,*,#5586,.T.);
#3864=ORIENTED_EDGE('',*,*,#6470,.T.);
#3865=ORIENTED_EDGE('',*,*,#6471,.T.);
#3866=ORIENTED_EDGE('',*,*,#6468,.F.);
#3867=ORIENTED_EDGE('',*,*,#5585,.T.);
#3868=ORIENTED_EDGE('',*,*,#6472,.T.);
#3869=ORIENTED_EDGE('',*,*,#6473,.T.);
#3870=ORIENTED_EDGE('',*,*,#6470,.F.);
#3871=ORIENTED_EDGE('',*,*,#5584,.T.);
#3872=ORIENTED_EDGE('',*,*,#6474,.T.);
#3873=ORIENTED_EDGE('',*,*,#6475,.T.);
#3874=ORIENTED_EDGE('',*,*,#6472,.F.);
#3875=ORIENTED_EDGE('',*,*,#5583,.T.);
#3876=ORIENTED_EDGE('',*,*,#6476,.T.);
#3877=ORIENTED_EDGE('',*,*,#6477,.T.);
#3878=ORIENTED_EDGE('',*,*,#6474,.F.);
#3879=ORIENTED_EDGE('',*,*,#5582,.T.);
#3880=ORIENTED_EDGE('',*,*,#6478,.T.);
#3881=ORIENTED_EDGE('',*,*,#6479,.T.);
#3882=ORIENTED_EDGE('',*,*,#6476,.F.);
#3883=ORIENTED_EDGE('',*,*,#5581,.T.);
#3884=ORIENTED_EDGE('',*,*,#6480,.T.);
#3885=ORIENTED_EDGE('',*,*,#6481,.T.);
#3886=ORIENTED_EDGE('',*,*,#6478,.F.);
#3887=ORIENTED_EDGE('',*,*,#5580,.T.);
#3888=ORIENTED_EDGE('',*,*,#6482,.T.);
#3889=ORIENTED_EDGE('',*,*,#6483,.T.);
#3890=ORIENTED_EDGE('',*,*,#6480,.F.);
#3891=ORIENTED_EDGE('',*,*,#5579,.T.);
#3892=ORIENTED_EDGE('',*,*,#6484,.T.);
#3893=ORIENTED_EDGE('',*,*,#6485,.T.);
#3894=ORIENTED_EDGE('',*,*,#6482,.F.);
#3895=ORIENTED_EDGE('',*,*,#5578,.T.);
#3896=ORIENTED_EDGE('',*,*,#6486,.T.);
#3897=ORIENTED_EDGE('',*,*,#6487,.T.);
#3898=ORIENTED_EDGE('',*,*,#6484,.F.);
#3899=ORIENTED_EDGE('',*,*,#5577,.T.);
#3900=ORIENTED_EDGE('',*,*,#6488,.T.);
#3901=ORIENTED_EDGE('',*,*,#6489,.T.);
#3902=ORIENTED_EDGE('',*,*,#6486,.F.);
#3903=ORIENTED_EDGE('',*,*,#5576,.T.);
#3904=ORIENTED_EDGE('',*,*,#6490,.T.);
#3905=ORIENTED_EDGE('',*,*,#6491,.T.);
#3906=ORIENTED_EDGE('',*,*,#6488,.F.);
#3907=ORIENTED_EDGE('',*,*,#5575,.T.);
#3908=ORIENTED_EDGE('',*,*,#6492,.T.);
#3909=ORIENTED_EDGE('',*,*,#6493,.T.);
#3910=ORIENTED_EDGE('',*,*,#6490,.F.);
#3911=ORIENTED_EDGE('',*,*,#5574,.T.);
#3912=ORIENTED_EDGE('',*,*,#6494,.T.);
#3913=ORIENTED_EDGE('',*,*,#6495,.T.);
#3914=ORIENTED_EDGE('',*,*,#6492,.F.);
#3915=ORIENTED_EDGE('',*,*,#5573,.T.);
#3916=ORIENTED_EDGE('',*,*,#6496,.T.);
#3917=ORIENTED_EDGE('',*,*,#6497,.T.);
#3918=ORIENTED_EDGE('',*,*,#6494,.F.);
#3919=ORIENTED_EDGE('',*,*,#5572,.T.);
#3920=ORIENTED_EDGE('',*,*,#6341,.T.);
#3921=ORIENTED_EDGE('',*,*,#6498,.T.);
#3922=ORIENTED_EDGE('',*,*,#6496,.F.);
#3923=ORIENTED_EDGE('',*,*,#6340,.F.);
#3924=ORIENTED_EDGE('',*,*,#6343,.F.);
#3925=ORIENTED_EDGE('',*,*,#6345,.F.);
#3926=ORIENTED_EDGE('',*,*,#6347,.F.);
#3927=ORIENTED_EDGE('',*,*,#6349,.F.);
#3928=ORIENTED_EDGE('',*,*,#6351,.F.);
#3929=ORIENTED_EDGE('',*,*,#6353,.F.);
#3930=ORIENTED_EDGE('',*,*,#6355,.F.);
#3931=ORIENTED_EDGE('',*,*,#6357,.F.);
#3932=ORIENTED_EDGE('',*,*,#6359,.F.);
#3933=ORIENTED_EDGE('',*,*,#6361,.F.);
#3934=ORIENTED_EDGE('',*,*,#6363,.F.);
#3935=ORIENTED_EDGE('',*,*,#6365,.F.);
#3936=ORIENTED_EDGE('',*,*,#6367,.F.);
#3937=ORIENTED_EDGE('',*,*,#6369,.F.);
#3938=ORIENTED_EDGE('',*,*,#6371,.F.);
#3939=ORIENTED_EDGE('',*,*,#6373,.F.);
#3940=ORIENTED_EDGE('',*,*,#6375,.F.);
#3941=ORIENTED_EDGE('',*,*,#6377,.F.);
#3942=ORIENTED_EDGE('',*,*,#6379,.F.);
#3943=ORIENTED_EDGE('',*,*,#6381,.F.);
#3944=ORIENTED_EDGE('',*,*,#6383,.F.);
#3945=ORIENTED_EDGE('',*,*,#6385,.F.);
#3946=ORIENTED_EDGE('',*,*,#6387,.F.);
#3947=ORIENTED_EDGE('',*,*,#6389,.F.);
#3948=ORIENTED_EDGE('',*,*,#6391,.F.);
#3949=ORIENTED_EDGE('',*,*,#6393,.F.);
#3950=ORIENTED_EDGE('',*,*,#6395,.F.);
#3951=ORIENTED_EDGE('',*,*,#6397,.F.);
#3952=ORIENTED_EDGE('',*,*,#6399,.F.);
#3953=ORIENTED_EDGE('',*,*,#6401,.F.);
#3954=ORIENTED_EDGE('',*,*,#6403,.F.);
#3955=ORIENTED_EDGE('',*,*,#6405,.F.);
#3956=ORIENTED_EDGE('',*,*,#6407,.F.);
#3957=ORIENTED_EDGE('',*,*,#6409,.F.);
#3958=ORIENTED_EDGE('',*,*,#6411,.F.);
#3959=ORIENTED_EDGE('',*,*,#6413,.F.);
#3960=ORIENTED_EDGE('',*,*,#6415,.F.);
#3961=ORIENTED_EDGE('',*,*,#6417,.F.);
#3962=ORIENTED_EDGE('',*,*,#6419,.F.);
#3963=ORIENTED_EDGE('',*,*,#6421,.F.);
#3964=ORIENTED_EDGE('',*,*,#6423,.F.);
#3965=ORIENTED_EDGE('',*,*,#6425,.F.);
#3966=ORIENTED_EDGE('',*,*,#6427,.F.);
#3967=ORIENTED_EDGE('',*,*,#6429,.F.);
#3968=ORIENTED_EDGE('',*,*,#6431,.F.);
#3969=ORIENTED_EDGE('',*,*,#6433,.F.);
#3970=ORIENTED_EDGE('',*,*,#6435,.F.);
#3971=ORIENTED_EDGE('',*,*,#6437,.F.);
#3972=ORIENTED_EDGE('',*,*,#6439,.F.);
#3973=ORIENTED_EDGE('',*,*,#6441,.F.);
#3974=ORIENTED_EDGE('',*,*,#6443,.F.);
#3975=ORIENTED_EDGE('',*,*,#6445,.F.);
#3976=ORIENTED_EDGE('',*,*,#6447,.F.);
#3977=ORIENTED_EDGE('',*,*,#6449,.F.);
#3978=ORIENTED_EDGE('',*,*,#6451,.F.);
#3979=ORIENTED_EDGE('',*,*,#6453,.F.);
#3980=ORIENTED_EDGE('',*,*,#6455,.F.);
#3981=ORIENTED_EDGE('',*,*,#6457,.F.);
#3982=ORIENTED_EDGE('',*,*,#6459,.F.);
#3983=ORIENTED_EDGE('',*,*,#6461,.F.);
#3984=ORIENTED_EDGE('',*,*,#6463,.F.);
#3985=ORIENTED_EDGE('',*,*,#6465,.F.);
#3986=ORIENTED_EDGE('',*,*,#6467,.F.);
#3987=ORIENTED_EDGE('',*,*,#6469,.F.);
#3988=ORIENTED_EDGE('',*,*,#6471,.F.);
#3989=ORIENTED_EDGE('',*,*,#6473,.F.);
#3990=ORIENTED_EDGE('',*,*,#6475,.F.);
#3991=ORIENTED_EDGE('',*,*,#6477,.F.);
#3992=ORIENTED_EDGE('',*,*,#6479,.F.);
#3993=ORIENTED_EDGE('',*,*,#6481,.F.);
#3994=ORIENTED_EDGE('',*,*,#6483,.F.);
#3995=ORIENTED_EDGE('',*,*,#6485,.F.);
#3996=ORIENTED_EDGE('',*,*,#6487,.F.);
#3997=ORIENTED_EDGE('',*,*,#6489,.F.);
#3998=ORIENTED_EDGE('',*,*,#6491,.F.);
#3999=ORIENTED_EDGE('',*,*,#6493,.F.);
#4000=ORIENTED_EDGE('',*,*,#6495,.F.);
#4001=ORIENTED_EDGE('',*,*,#6497,.F.);
#4002=ORIENTED_EDGE('',*,*,#6498,.F.);
#4003=ORIENTED_EDGE('',*,*,#6499,.T.);
#4004=ORIENTED_EDGE('',*,*,#6500,.T.);
#4005=ORIENTED_EDGE('',*,*,#6501,.T.);
#4006=ORIENTED_EDGE('',*,*,#6502,.F.);
#4007=ORIENTED_EDGE('',*,*,#6503,.T.);
#4008=ORIENTED_EDGE('',*,*,#6504,.T.);
#4009=ORIENTED_EDGE('',*,*,#6505,.T.);
#4010=ORIENTED_EDGE('',*,*,#6500,.F.);
#4011=ORIENTED_EDGE('',*,*,#6506,.T.);
#4012=ORIENTED_EDGE('',*,*,#6507,.T.);
#4013=ORIENTED_EDGE('',*,*,#6508,.T.);
#4014=ORIENTED_EDGE('',*,*,#6504,.F.);
#4015=ORIENTED_EDGE('',*,*,#6509,.T.);
#4016=ORIENTED_EDGE('',*,*,#6510,.T.);
#4017=ORIENTED_EDGE('',*,*,#6511,.T.);
#4018=ORIENTED_EDGE('',*,*,#6507,.F.);
#4019=ORIENTED_EDGE('',*,*,#6512,.T.);
#4020=ORIENTED_EDGE('',*,*,#6513,.T.);
#4021=ORIENTED_EDGE('',*,*,#6514,.T.);
#4022=ORIENTED_EDGE('',*,*,#6510,.F.);
#4023=ORIENTED_EDGE('',*,*,#6515,.T.);
#4024=ORIENTED_EDGE('',*,*,#6516,.T.);
#4025=ORIENTED_EDGE('',*,*,#6517,.T.);
#4026=ORIENTED_EDGE('',*,*,#6513,.F.);
#4027=ORIENTED_EDGE('',*,*,#6518,.T.);
#4028=ORIENTED_EDGE('',*,*,#6519,.T.);
#4029=ORIENTED_EDGE('',*,*,#6520,.T.);
#4030=ORIENTED_EDGE('',*,*,#6516,.F.);
#4031=ORIENTED_EDGE('',*,*,#6521,.T.);
#4032=ORIENTED_EDGE('',*,*,#6522,.T.);
#4033=ORIENTED_EDGE('',*,*,#6523,.T.);
#4034=ORIENTED_EDGE('',*,*,#6519,.F.);
#4035=ORIENTED_EDGE('',*,*,#6524,.T.);
#4036=ORIENTED_EDGE('',*,*,#6525,.T.);
#4037=ORIENTED_EDGE('',*,*,#6526,.T.);
#4038=ORIENTED_EDGE('',*,*,#6522,.F.);
#4039=ORIENTED_EDGE('',*,*,#6527,.T.);
#4040=ORIENTED_EDGE('',*,*,#6528,.T.);
#4041=ORIENTED_EDGE('',*,*,#6529,.T.);
#4042=ORIENTED_EDGE('',*,*,#6525,.F.);
#4043=ORIENTED_EDGE('',*,*,#6530,.T.);
#4044=ORIENTED_EDGE('',*,*,#6531,.T.);
#4045=ORIENTED_EDGE('',*,*,#6532,.T.);
#4046=ORIENTED_EDGE('',*,*,#6528,.F.);
#4047=ORIENTED_EDGE('',*,*,#6533,.T.);
#4048=ORIENTED_EDGE('',*,*,#6534,.T.);
#4049=ORIENTED_EDGE('',*,*,#6535,.T.);
#4050=ORIENTED_EDGE('',*,*,#6531,.F.);
#4051=ORIENTED_EDGE('',*,*,#6536,.T.);
#4052=ORIENTED_EDGE('',*,*,#6537,.T.);
#4053=ORIENTED_EDGE('',*,*,#6538,.T.);
#4054=ORIENTED_EDGE('',*,*,#6534,.F.);
#4055=ORIENTED_EDGE('',*,*,#6539,.T.);
#4056=ORIENTED_EDGE('',*,*,#6540,.T.);
#4057=ORIENTED_EDGE('',*,*,#6541,.T.);
#4058=ORIENTED_EDGE('',*,*,#6537,.F.);
#4059=ORIENTED_EDGE('',*,*,#6542,.T.);
#4060=ORIENTED_EDGE('',*,*,#6543,.T.);
#4061=ORIENTED_EDGE('',*,*,#6544,.T.);
#4062=ORIENTED_EDGE('',*,*,#6540,.F.);
#4063=ORIENTED_EDGE('',*,*,#6545,.T.);
#4064=ORIENTED_EDGE('',*,*,#6546,.T.);
#4065=ORIENTED_EDGE('',*,*,#6547,.T.);
#4066=ORIENTED_EDGE('',*,*,#6543,.F.);
#4067=ORIENTED_EDGE('',*,*,#6548,.T.);
#4068=ORIENTED_EDGE('',*,*,#6549,.T.);
#4069=ORIENTED_EDGE('',*,*,#6550,.T.);
#4070=ORIENTED_EDGE('',*,*,#6546,.F.);
#4071=ORIENTED_EDGE('',*,*,#6551,.T.);
#4072=ORIENTED_EDGE('',*,*,#6552,.T.);
#4073=ORIENTED_EDGE('',*,*,#6553,.T.);
#4074=ORIENTED_EDGE('',*,*,#6549,.F.);
#4075=ORIENTED_EDGE('',*,*,#6554,.T.);
#4076=ORIENTED_EDGE('',*,*,#6555,.T.);
#4077=ORIENTED_EDGE('',*,*,#6556,.T.);
#4078=ORIENTED_EDGE('',*,*,#6552,.F.);
#4079=ORIENTED_EDGE('',*,*,#6557,.T.);
#4080=ORIENTED_EDGE('',*,*,#6558,.T.);
#4081=ORIENTED_EDGE('',*,*,#6559,.T.);
#4082=ORIENTED_EDGE('',*,*,#6555,.F.);
#4083=ORIENTED_EDGE('',*,*,#6560,.T.);
#4084=ORIENTED_EDGE('',*,*,#6561,.T.);
#4085=ORIENTED_EDGE('',*,*,#6562,.T.);
#4086=ORIENTED_EDGE('',*,*,#6558,.F.);
#4087=ORIENTED_EDGE('',*,*,#6563,.T.);
#4088=ORIENTED_EDGE('',*,*,#6564,.T.);
#4089=ORIENTED_EDGE('',*,*,#6565,.T.);
#4090=ORIENTED_EDGE('',*,*,#6561,.F.);
#4091=ORIENTED_EDGE('',*,*,#6566,.T.);
#4092=ORIENTED_EDGE('',*,*,#6567,.T.);
#4093=ORIENTED_EDGE('',*,*,#6568,.T.);
#4094=ORIENTED_EDGE('',*,*,#6564,.F.);
#4095=ORIENTED_EDGE('',*,*,#6569,.T.);
#4096=ORIENTED_EDGE('',*,*,#6570,.T.);
#4097=ORIENTED_EDGE('',*,*,#6571,.T.);
#4098=ORIENTED_EDGE('',*,*,#6567,.F.);
#4099=ORIENTED_EDGE('',*,*,#6572,.T.);
#4100=ORIENTED_EDGE('',*,*,#6573,.T.);
#4101=ORIENTED_EDGE('',*,*,#6574,.T.);
#4102=ORIENTED_EDGE('',*,*,#6570,.F.);
#4103=ORIENTED_EDGE('',*,*,#6575,.T.);
#4104=ORIENTED_EDGE('',*,*,#6576,.T.);
#4105=ORIENTED_EDGE('',*,*,#6577,.T.);
#4106=ORIENTED_EDGE('',*,*,#6573,.F.);
#4107=ORIENTED_EDGE('',*,*,#5781,.T.);
#4108=ORIENTED_EDGE('',*,*,#6578,.T.);
#4109=ORIENTED_EDGE('',*,*,#6579,.T.);
#4110=ORIENTED_EDGE('',*,*,#6580,.F.);
#4111=ORIENTED_EDGE('',*,*,#5816,.T.);
#4112=ORIENTED_EDGE('',*,*,#6581,.T.);
#4113=ORIENTED_EDGE('',*,*,#6582,.T.);
#4114=ORIENTED_EDGE('',*,*,#6578,.F.);
#4115=ORIENTED_EDGE('',*,*,#5815,.T.);
#4116=ORIENTED_EDGE('',*,*,#6583,.T.);
#4117=ORIENTED_EDGE('',*,*,#6584,.T.);
#4118=ORIENTED_EDGE('',*,*,#6581,.F.);
#4119=ORIENTED_EDGE('',*,*,#5814,.T.);
#4120=ORIENTED_EDGE('',*,*,#6585,.T.);
#4121=ORIENTED_EDGE('',*,*,#6586,.T.);
#4122=ORIENTED_EDGE('',*,*,#6583,.F.);
#4123=ORIENTED_EDGE('',*,*,#5813,.T.);
#4124=ORIENTED_EDGE('',*,*,#6587,.T.);
#4125=ORIENTED_EDGE('',*,*,#6588,.T.);
#4126=ORIENTED_EDGE('',*,*,#6585,.F.);
#4127=ORIENTED_EDGE('',*,*,#5812,.T.);
#4128=ORIENTED_EDGE('',*,*,#6589,.T.);
#4129=ORIENTED_EDGE('',*,*,#6590,.T.);
#4130=ORIENTED_EDGE('',*,*,#6587,.F.);
#4131=ORIENTED_EDGE('',*,*,#5811,.T.);
#4132=ORIENTED_EDGE('',*,*,#6591,.T.);
#4133=ORIENTED_EDGE('',*,*,#6592,.T.);
#4134=ORIENTED_EDGE('',*,*,#6589,.F.);
#4135=ORIENTED_EDGE('',*,*,#5810,.T.);
#4136=ORIENTED_EDGE('',*,*,#6593,.T.);
#4137=ORIENTED_EDGE('',*,*,#6594,.T.);
#4138=ORIENTED_EDGE('',*,*,#6591,.F.);
#4139=ORIENTED_EDGE('',*,*,#5809,.T.);
#4140=ORIENTED_EDGE('',*,*,#6595,.T.);
#4141=ORIENTED_EDGE('',*,*,#6596,.T.);
#4142=ORIENTED_EDGE('',*,*,#6593,.F.);
#4143=ORIENTED_EDGE('',*,*,#5808,.T.);
#4144=ORIENTED_EDGE('',*,*,#6597,.T.);
#4145=ORIENTED_EDGE('',*,*,#6598,.T.);
#4146=ORIENTED_EDGE('',*,*,#6595,.F.);
#4147=ORIENTED_EDGE('',*,*,#5807,.T.);
#4148=ORIENTED_EDGE('',*,*,#6599,.T.);
#4149=ORIENTED_EDGE('',*,*,#6600,.T.);
#4150=ORIENTED_EDGE('',*,*,#6597,.F.);
#4151=ORIENTED_EDGE('',*,*,#5806,.T.);
#4152=ORIENTED_EDGE('',*,*,#6601,.T.);
#4153=ORIENTED_EDGE('',*,*,#6602,.T.);
#4154=ORIENTED_EDGE('',*,*,#6599,.F.);
#4155=ORIENTED_EDGE('',*,*,#5805,.T.);
#4156=ORIENTED_EDGE('',*,*,#6603,.T.);
#4157=ORIENTED_EDGE('',*,*,#6604,.T.);
#4158=ORIENTED_EDGE('',*,*,#6601,.F.);
#4159=ORIENTED_EDGE('',*,*,#5804,.T.);
#4160=ORIENTED_EDGE('',*,*,#6605,.T.);
#4161=ORIENTED_EDGE('',*,*,#6606,.T.);
#4162=ORIENTED_EDGE('',*,*,#6603,.F.);
#4163=ORIENTED_EDGE('',*,*,#5803,.T.);
#4164=ORIENTED_EDGE('',*,*,#6607,.T.);
#4165=ORIENTED_EDGE('',*,*,#6608,.T.);
#4166=ORIENTED_EDGE('',*,*,#6605,.F.);
#4167=ORIENTED_EDGE('',*,*,#5802,.T.);
#4168=ORIENTED_EDGE('',*,*,#6609,.T.);
#4169=ORIENTED_EDGE('',*,*,#6610,.T.);
#4170=ORIENTED_EDGE('',*,*,#6607,.F.);
#4171=ORIENTED_EDGE('',*,*,#5801,.T.);
#4172=ORIENTED_EDGE('',*,*,#6611,.T.);
#4173=ORIENTED_EDGE('',*,*,#6612,.T.);
#4174=ORIENTED_EDGE('',*,*,#6609,.F.);
#4175=ORIENTED_EDGE('',*,*,#5800,.T.);
#4176=ORIENTED_EDGE('',*,*,#6613,.T.);
#4177=ORIENTED_EDGE('',*,*,#6614,.T.);
#4178=ORIENTED_EDGE('',*,*,#6611,.F.);
#4179=ORIENTED_EDGE('',*,*,#5799,.T.);
#4180=ORIENTED_EDGE('',*,*,#6615,.T.);
#4181=ORIENTED_EDGE('',*,*,#6616,.T.);
#4182=ORIENTED_EDGE('',*,*,#6613,.F.);
#4183=ORIENTED_EDGE('',*,*,#5798,.T.);
#4184=ORIENTED_EDGE('',*,*,#6617,.T.);
#4185=ORIENTED_EDGE('',*,*,#6618,.T.);
#4186=ORIENTED_EDGE('',*,*,#6615,.F.);
#4187=ORIENTED_EDGE('',*,*,#5797,.T.);
#4188=ORIENTED_EDGE('',*,*,#6619,.T.);
#4189=ORIENTED_EDGE('',*,*,#6620,.T.);
#4190=ORIENTED_EDGE('',*,*,#6617,.F.);
#4191=ORIENTED_EDGE('',*,*,#5796,.T.);
#4192=ORIENTED_EDGE('',*,*,#6621,.T.);
#4193=ORIENTED_EDGE('',*,*,#6622,.T.);
#4194=ORIENTED_EDGE('',*,*,#6619,.F.);
#4195=ORIENTED_EDGE('',*,*,#5795,.T.);
#4196=ORIENTED_EDGE('',*,*,#6623,.T.);
#4197=ORIENTED_EDGE('',*,*,#6624,.T.);
#4198=ORIENTED_EDGE('',*,*,#6621,.F.);
#4199=ORIENTED_EDGE('',*,*,#5794,.T.);
#4200=ORIENTED_EDGE('',*,*,#6625,.T.);
#4201=ORIENTED_EDGE('',*,*,#6626,.T.);
#4202=ORIENTED_EDGE('',*,*,#6623,.F.);
#4203=ORIENTED_EDGE('',*,*,#5793,.T.);
#4204=ORIENTED_EDGE('',*,*,#6627,.T.);
#4205=ORIENTED_EDGE('',*,*,#6628,.T.);
#4206=ORIENTED_EDGE('',*,*,#6625,.F.);
#4207=ORIENTED_EDGE('',*,*,#5792,.T.);
#4208=ORIENTED_EDGE('',*,*,#6629,.T.);
#4209=ORIENTED_EDGE('',*,*,#6630,.T.);
#4210=ORIENTED_EDGE('',*,*,#6627,.F.);
#4211=ORIENTED_EDGE('',*,*,#5791,.T.);
#4212=ORIENTED_EDGE('',*,*,#6631,.T.);
#4213=ORIENTED_EDGE('',*,*,#6632,.T.);
#4214=ORIENTED_EDGE('',*,*,#6629,.F.);
#4215=ORIENTED_EDGE('',*,*,#5790,.T.);
#4216=ORIENTED_EDGE('',*,*,#6633,.T.);
#4217=ORIENTED_EDGE('',*,*,#6634,.T.);
#4218=ORIENTED_EDGE('',*,*,#6631,.F.);
#4219=ORIENTED_EDGE('',*,*,#5789,.T.);
#4220=ORIENTED_EDGE('',*,*,#6635,.T.);
#4221=ORIENTED_EDGE('',*,*,#6636,.T.);
#4222=ORIENTED_EDGE('',*,*,#6633,.F.);
#4223=ORIENTED_EDGE('',*,*,#5788,.T.);
#4224=ORIENTED_EDGE('',*,*,#6637,.T.);
#4225=ORIENTED_EDGE('',*,*,#6638,.T.);
#4226=ORIENTED_EDGE('',*,*,#6635,.F.);
#4227=ORIENTED_EDGE('',*,*,#5787,.T.);
#4228=ORIENTED_EDGE('',*,*,#6639,.T.);
#4229=ORIENTED_EDGE('',*,*,#6640,.T.);
#4230=ORIENTED_EDGE('',*,*,#6637,.F.);
#4231=ORIENTED_EDGE('',*,*,#5786,.T.);
#4232=ORIENTED_EDGE('',*,*,#6641,.T.);
#4233=ORIENTED_EDGE('',*,*,#6642,.T.);
#4234=ORIENTED_EDGE('',*,*,#6639,.F.);
#4235=ORIENTED_EDGE('',*,*,#5785,.T.);
#4236=ORIENTED_EDGE('',*,*,#6643,.T.);
#4237=ORIENTED_EDGE('',*,*,#6644,.T.);
#4238=ORIENTED_EDGE('',*,*,#6641,.F.);
#4239=ORIENTED_EDGE('',*,*,#5784,.T.);
#4240=ORIENTED_EDGE('',*,*,#6645,.T.);
#4241=ORIENTED_EDGE('',*,*,#6646,.T.);
#4242=ORIENTED_EDGE('',*,*,#6643,.F.);
#4243=ORIENTED_EDGE('',*,*,#5783,.T.);
#4244=ORIENTED_EDGE('',*,*,#6647,.T.);
#4245=ORIENTED_EDGE('',*,*,#6648,.T.);
#4246=ORIENTED_EDGE('',*,*,#6645,.F.);
#4247=ORIENTED_EDGE('',*,*,#5782,.T.);
#4248=ORIENTED_EDGE('',*,*,#6580,.T.);
#4249=ORIENTED_EDGE('',*,*,#6649,.T.);
#4250=ORIENTED_EDGE('',*,*,#6647,.F.);
#4251=ORIENTED_EDGE('',*,*,#6650,.T.);
#4252=ORIENTED_EDGE('',*,*,#6502,.T.);
#4253=ORIENTED_EDGE('',*,*,#6651,.T.);
#4254=ORIENTED_EDGE('',*,*,#6576,.F.);
#4255=ORIENTED_EDGE('',*,*,#6579,.F.);
#4256=ORIENTED_EDGE('',*,*,#6582,.F.);
#4257=ORIENTED_EDGE('',*,*,#6584,.F.);
#4258=ORIENTED_EDGE('',*,*,#6586,.F.);
#4259=ORIENTED_EDGE('',*,*,#6588,.F.);
#4260=ORIENTED_EDGE('',*,*,#6590,.F.);
#4261=ORIENTED_EDGE('',*,*,#6592,.F.);
#4262=ORIENTED_EDGE('',*,*,#6594,.F.);
#4263=ORIENTED_EDGE('',*,*,#6596,.F.);
#4264=ORIENTED_EDGE('',*,*,#6598,.F.);
#4265=ORIENTED_EDGE('',*,*,#6600,.F.);
#4266=ORIENTED_EDGE('',*,*,#6602,.F.);
#4267=ORIENTED_EDGE('',*,*,#6604,.F.);
#4268=ORIENTED_EDGE('',*,*,#6606,.F.);
#4269=ORIENTED_EDGE('',*,*,#6608,.F.);
#4270=ORIENTED_EDGE('',*,*,#6610,.F.);
#4271=ORIENTED_EDGE('',*,*,#6612,.F.);
#4272=ORIENTED_EDGE('',*,*,#6614,.F.);
#4273=ORIENTED_EDGE('',*,*,#6616,.F.);
#4274=ORIENTED_EDGE('',*,*,#6618,.F.);
#4275=ORIENTED_EDGE('',*,*,#6620,.F.);
#4276=ORIENTED_EDGE('',*,*,#6622,.F.);
#4277=ORIENTED_EDGE('',*,*,#6624,.F.);
#4278=ORIENTED_EDGE('',*,*,#6626,.F.);
#4279=ORIENTED_EDGE('',*,*,#6628,.F.);
#4280=ORIENTED_EDGE('',*,*,#6630,.F.);
#4281=ORIENTED_EDGE('',*,*,#6632,.F.);
#4282=ORIENTED_EDGE('',*,*,#6634,.F.);
#4283=ORIENTED_EDGE('',*,*,#6636,.F.);
#4284=ORIENTED_EDGE('',*,*,#6638,.F.);
#4285=ORIENTED_EDGE('',*,*,#6640,.F.);
#4286=ORIENTED_EDGE('',*,*,#6642,.F.);
#4287=ORIENTED_EDGE('',*,*,#6644,.F.);
#4288=ORIENTED_EDGE('',*,*,#6646,.F.);
#4289=ORIENTED_EDGE('',*,*,#6648,.F.);
#4290=ORIENTED_EDGE('',*,*,#6649,.F.);
#4291=ORIENTED_EDGE('',*,*,#6501,.F.);
#4292=ORIENTED_EDGE('',*,*,#6505,.F.);
#4293=ORIENTED_EDGE('',*,*,#6508,.F.);
#4294=ORIENTED_EDGE('',*,*,#6511,.F.);
#4295=ORIENTED_EDGE('',*,*,#6514,.F.);
#4296=ORIENTED_EDGE('',*,*,#6517,.F.);
#4297=ORIENTED_EDGE('',*,*,#6520,.F.);
#4298=ORIENTED_EDGE('',*,*,#6523,.F.);
#4299=ORIENTED_EDGE('',*,*,#6526,.F.);
#4300=ORIENTED_EDGE('',*,*,#6529,.F.);
#4301=ORIENTED_EDGE('',*,*,#6532,.F.);
#4302=ORIENTED_EDGE('',*,*,#6535,.F.);
#4303=ORIENTED_EDGE('',*,*,#6538,.F.);
#4304=ORIENTED_EDGE('',*,*,#6541,.F.);
#4305=ORIENTED_EDGE('',*,*,#6544,.F.);
#4306=ORIENTED_EDGE('',*,*,#6547,.F.);
#4307=ORIENTED_EDGE('',*,*,#6550,.F.);
#4308=ORIENTED_EDGE('',*,*,#6553,.F.);
#4309=ORIENTED_EDGE('',*,*,#6556,.F.);
#4310=ORIENTED_EDGE('',*,*,#6559,.F.);
#4311=ORIENTED_EDGE('',*,*,#6562,.F.);
#4312=ORIENTED_EDGE('',*,*,#6565,.F.);
#4313=ORIENTED_EDGE('',*,*,#6568,.F.);
#4314=ORIENTED_EDGE('',*,*,#6571,.F.);
#4315=ORIENTED_EDGE('',*,*,#6574,.F.);
#4316=ORIENTED_EDGE('',*,*,#6577,.F.);
#4317=ORIENTED_EDGE('',*,*,#6651,.F.);
#4318=ORIENTED_EDGE('',*,*,#6499,.F.);
#4319=ORIENTED_EDGE('',*,*,#6650,.F.);
#4320=ORIENTED_EDGE('',*,*,#6575,.F.);
#4321=ORIENTED_EDGE('',*,*,#6572,.F.);
#4322=ORIENTED_EDGE('',*,*,#6569,.F.);
#4323=ORIENTED_EDGE('',*,*,#6566,.F.);
#4324=ORIENTED_EDGE('',*,*,#6563,.F.);
#4325=ORIENTED_EDGE('',*,*,#6560,.F.);
#4326=ORIENTED_EDGE('',*,*,#6557,.F.);
#4327=ORIENTED_EDGE('',*,*,#6554,.F.);
#4328=ORIENTED_EDGE('',*,*,#6551,.F.);
#4329=ORIENTED_EDGE('',*,*,#6548,.F.);
#4330=ORIENTED_EDGE('',*,*,#6545,.F.);
#4331=ORIENTED_EDGE('',*,*,#6542,.F.);
#4332=ORIENTED_EDGE('',*,*,#6539,.F.);
#4333=ORIENTED_EDGE('',*,*,#6536,.F.);
#4334=ORIENTED_EDGE('',*,*,#6533,.F.);
#4335=ORIENTED_EDGE('',*,*,#6530,.F.);
#4336=ORIENTED_EDGE('',*,*,#6527,.F.);
#4337=ORIENTED_EDGE('',*,*,#6524,.F.);
#4338=ORIENTED_EDGE('',*,*,#6521,.F.);
#4339=ORIENTED_EDGE('',*,*,#6518,.F.);
#4340=ORIENTED_EDGE('',*,*,#6515,.F.);
#4341=ORIENTED_EDGE('',*,*,#6512,.F.);
#4342=ORIENTED_EDGE('',*,*,#6509,.F.);
#4343=ORIENTED_EDGE('',*,*,#6506,.F.);
#4344=ORIENTED_EDGE('',*,*,#6503,.F.);
#4345=ORIENTED_EDGE('',*,*,#6652,.F.);
#4346=ORIENTED_EDGE('',*,*,#6653,.F.);
#4347=ORIENTED_EDGE('',*,*,#6011,.F.);
#4348=ORIENTED_EDGE('',*,*,#6654,.F.);
#4349=ORIENTED_EDGE('',*,*,#6655,.F.);
#4350=ORIENTED_EDGE('',*,*,#6008,.F.);
#4351=ORIENTED_EDGE('',*,*,#6656,.F.);
#4352=ORIENTED_EDGE('',*,*,#6657,.F.);
#4353=ORIENTED_EDGE('',*,*,#6005,.F.);
#4354=ORIENTED_EDGE('',*,*,#5982,.F.);
#4355=ORIENTED_EDGE('',*,*,#5980,.F.);
#4356=ORIENTED_EDGE('',*,*,#5537,.F.);
#4357=ORIENTED_EDGE('',*,*,#5568,.F.);
#4358=ORIENTED_EDGE('',*,*,#5983,.T.);
#4359=ORIENTED_EDGE('',*,*,#5555,.T.);
#4360=ORIENTED_EDGE('',*,*,#5976,.F.);
#4361=ORIENTED_EDGE('',*,*,#5978,.F.);
#4362=ORIENTED_EDGE('',*,*,#5947,.F.);
#4363=ORIENTED_EDGE('',*,*,#5943,.F.);
#4364=ORIENTED_EDGE('',*,*,#5523,.F.);
#4365=ORIENTED_EDGE('',*,*,#5560,.F.);
#4366=ORIENTED_EDGE('',*,*,#5974,.F.);
#4367=ORIENTED_EDGE('',*,*,#5551,.T.);
#4368=ORIENTED_EDGE('',*,*,#5971,.F.);
#4369=ORIENTED_EDGE('',*,*,#5973,.F.);
#4370=ORIENTED_EDGE('',*,*,#5960,.F.);
#4371=ORIENTED_EDGE('',*,*,#5963,.F.);
#4372=ORIENTED_EDGE('',*,*,#5957,.F.);
#4373=ORIENTED_EDGE('',*,*,#5953,.F.);
#4374=ORIENTED_EDGE('',*,*,#5533,.F.);
#4375=ORIENTED_EDGE('',*,*,#5564,.F.);
#4376=ORIENTED_EDGE('',*,*,#5958,.F.);
#4377=ORIENTED_EDGE('',*,*,#5547,.T.);
#4378=ORIENTED_EDGE('',*,*,#6658,.F.);
#4379=ORIENTED_EDGE('',*,*,#6659,.T.);
#4380=ORIENTED_EDGE('',*,*,#6660,.F.);
#4381=ORIENTED_EDGE('',*,*,#6661,.T.);
#4382=ORIENTED_EDGE('',*,*,#6662,.F.);
#4383=ORIENTED_EDGE('',*,*,#6663,.T.);
#4384=ORIENTED_EDGE('',*,*,#6664,.F.);
#4385=ORIENTED_EDGE('',*,*,#6659,.F.);
#4386=ORIENTED_EDGE('',*,*,#6658,.T.);
#4387=ORIENTED_EDGE('',*,*,#6664,.T.);
#4388=ORIENTED_EDGE('',*,*,#6665,.F.);
#4389=ORIENTED_EDGE('',*,*,#6666,.T.);
#4390=ORIENTED_EDGE('',*,*,#6667,.F.);
#4391=ORIENTED_EDGE('',*,*,#6662,.T.);
#4392=ORIENTED_EDGE('',*,*,#6668,.F.);
#4393=ORIENTED_EDGE('',*,*,#6661,.F.);
#4394=ORIENTED_EDGE('',*,*,#6669,.F.);
#4395=ORIENTED_EDGE('',*,*,#6670,.T.);
#4396=ORIENTED_EDGE('',*,*,#6671,.F.);
#4397=ORIENTED_EDGE('',*,*,#6669,.T.);
#4398=ORIENTED_EDGE('',*,*,#6660,.T.);
#4399=ORIENTED_EDGE('',*,*,#6668,.T.);
#4400=ORIENTED_EDGE('',*,*,#6672,.F.);
#4401=ORIENTED_EDGE('',*,*,#6673,.F.);
#4402=ORIENTED_EDGE('',*,*,#6673,.T.);
#4403=ORIENTED_EDGE('',*,*,#6674,.T.);
#4404=ORIENTED_EDGE('',*,*,#6675,.T.);
#4405=ORIENTED_EDGE('',*,*,#6666,.F.);
#4406=ORIENTED_EDGE('',*,*,#6676,.T.);
#4407=ORIENTED_EDGE('',*,*,#6677,.T.);
#4408=ORIENTED_EDGE('',*,*,#6678,.T.);
#4409=ORIENTED_EDGE('',*,*,#6653,.T.);
#4410=ORIENTED_EDGE('',*,*,#6679,.F.);
#4411=ORIENTED_EDGE('',*,*,#6674,.F.);
#4412=ORIENTED_EDGE('',*,*,#6672,.T.);
#4413=ORIENTED_EDGE('',*,*,#6670,.F.);
#4414=ORIENTED_EDGE('',*,*,#6671,.T.);
#4415=ORIENTED_EDGE('',*,*,#6677,.F.);
#4416=ORIENTED_EDGE('',*,*,#6679,.T.);
#4417=ORIENTED_EDGE('',*,*,#6652,.T.);
#4418=ORIENTED_EDGE('',*,*,#6678,.F.);
#4419=ORIENTED_EDGE('',*,*,#6676,.F.);
#4420=ORIENTED_EDGE('',*,*,#6665,.T.);
#4421=ORIENTED_EDGE('',*,*,#6663,.F.);
#4422=ORIENTED_EDGE('',*,*,#6667,.T.);
#4423=ORIENTED_EDGE('',*,*,#6675,.F.);
#4424=ORIENTED_EDGE('',*,*,#5835,.F.);
#4425=ORIENTED_EDGE('',*,*,#6016,.T.);
#4426=ORIENTED_EDGE('',*,*,#5841,.F.);
#4427=ORIENTED_EDGE('',*,*,#6680,.F.);
#4428=ORIENTED_EDGE('',*,*,#6681,.T.);
#4429=ORIENTED_EDGE('',*,*,#6682,.F.);
#4430=ORIENTED_EDGE('',*,*,#6683,.F.);
#4431=ORIENTED_EDGE('',*,*,#6684,.F.);
#4432=ORIENTED_EDGE('',*,*,#5827,.F.);
#4433=ORIENTED_EDGE('',*,*,#6017,.T.);
#4434=ORIENTED_EDGE('',*,*,#5832,.F.);
#4435=ORIENTED_EDGE('',*,*,#6685,.F.);
#4436=ORIENTED_EDGE('',*,*,#6683,.T.);
#4437=ORIENTED_EDGE('',*,*,#6686,.F.);
#4438=ORIENTED_EDGE('',*,*,#6681,.F.);
#4439=ORIENTED_EDGE('',*,*,#6687,.F.);
#4440=ORIENTED_EDGE('',*,*,#5831,.F.);
#4441=ORIENTED_EDGE('',*,*,#5541,.F.);
#4442=ORIENTED_EDGE('',*,*,#6688,.F.);
#4443=ORIENTED_EDGE('',*,*,#6685,.T.);
#4444=ORIENTED_EDGE('',*,*,#5828,.F.);
#4445=ORIENTED_EDGE('',*,*,#6687,.T.);
#4446=ORIENTED_EDGE('',*,*,#6689,.T.);
#4447=ORIENTED_EDGE('',*,*,#5544,.F.);
#4448=ORIENTED_EDGE('',*,*,#5987,.F.);
#4449=ORIENTED_EDGE('',*,*,#5984,.F.);
#4450=ORIENTED_EDGE('',*,*,#5836,.F.);
#4451=ORIENTED_EDGE('',*,*,#6684,.T.);
#4452=ORIENTED_EDGE('',*,*,#6688,.T.);
#4453=ORIENTED_EDGE('',*,*,#5540,.F.);
#4454=ORIENTED_EDGE('',*,*,#5840,.F.);
#4455=ORIENTED_EDGE('',*,*,#5990,.F.);
#4456=ORIENTED_EDGE('',*,*,#5988,.F.);
#4457=ORIENTED_EDGE('',*,*,#5545,.F.);
#4458=ORIENTED_EDGE('',*,*,#6689,.F.);
#4459=ORIENTED_EDGE('',*,*,#6680,.T.);
#4460=ORIENTED_EDGE('',*,*,#6690,.F.);
#4461=ORIENTED_EDGE('',*,*,#6691,.F.);
#4462=ORIENTED_EDGE('',*,*,#6692,.T.);
#4463=ORIENTED_EDGE('',*,*,#6682,.T.);
#4464=ORIENTED_EDGE('',*,*,#6692,.F.);
#4465=ORIENTED_EDGE('',*,*,#6693,.F.);
#4466=ORIENTED_EDGE('',*,*,#6690,.T.);
#4467=ORIENTED_EDGE('',*,*,#6686,.T.);
#4468=ORIENTED_EDGE('',*,*,#6694,.F.);
#4469=ORIENTED_EDGE('',*,*,#6693,.T.);
#4470=ORIENTED_EDGE('',*,*,#6695,.T.);
#4471=ORIENTED_EDGE('',*,*,#6696,.F.);
#4472=ORIENTED_EDGE('',*,*,#6697,.T.);
#4473=ORIENTED_EDGE('',*,*,#6696,.T.);
#4474=ORIENTED_EDGE('',*,*,#6695,.F.);
#4475=ORIENTED_EDGE('',*,*,#6691,.T.);
#4476=ORIENTED_EDGE('',*,*,#6694,.T.);
#4477=ORIENTED_EDGE('',*,*,#6697,.F.);
#4478=ORIENTED_EDGE('',*,*,#6698,.F.);
#4479=ORIENTED_EDGE('',*,*,#6699,.T.);
#4480=ORIENTED_EDGE('',*,*,#6700,.F.);
#4481=ORIENTED_EDGE('',*,*,#6701,.T.);
#4482=ORIENTED_EDGE('',*,*,#6702,.F.);
#4483=ORIENTED_EDGE('',*,*,#6703,.T.);
#4484=ORIENTED_EDGE('',*,*,#6704,.F.);
#4485=ORIENTED_EDGE('',*,*,#6699,.F.);
#4486=ORIENTED_EDGE('',*,*,#6698,.T.);
#4487=ORIENTED_EDGE('',*,*,#6704,.T.);
#4488=ORIENTED_EDGE('',*,*,#6705,.F.);
#4489=ORIENTED_EDGE('',*,*,#6706,.T.);
#4490=ORIENTED_EDGE('',*,*,#6707,.F.);
#4491=ORIENTED_EDGE('',*,*,#6702,.T.);
#4492=ORIENTED_EDGE('',*,*,#6708,.F.);
#4493=ORIENTED_EDGE('',*,*,#6701,.F.);
#4494=ORIENTED_EDGE('',*,*,#6709,.F.);
#4495=ORIENTED_EDGE('',*,*,#6710,.T.);
#4496=ORIENTED_EDGE('',*,*,#6711,.F.);
#4497=ORIENTED_EDGE('',*,*,#6709,.T.);
#4498=ORIENTED_EDGE('',*,*,#6700,.T.);
#4499=ORIENTED_EDGE('',*,*,#6708,.T.);
#4500=ORIENTED_EDGE('',*,*,#6712,.F.);
#4501=ORIENTED_EDGE('',*,*,#6713,.F.);
#4502=ORIENTED_EDGE('',*,*,#6713,.T.);
#4503=ORIENTED_EDGE('',*,*,#6714,.T.);
#4504=ORIENTED_EDGE('',*,*,#6715,.T.);
#4505=ORIENTED_EDGE('',*,*,#6706,.F.);
#4506=ORIENTED_EDGE('',*,*,#6716,.T.);
#4507=ORIENTED_EDGE('',*,*,#6717,.T.);
#4508=ORIENTED_EDGE('',*,*,#6718,.T.);
#4509=ORIENTED_EDGE('',*,*,#6655,.T.);
#4510=ORIENTED_EDGE('',*,*,#6719,.F.);
#4511=ORIENTED_EDGE('',*,*,#6714,.F.);
#4512=ORIENTED_EDGE('',*,*,#6712,.T.);
#4513=ORIENTED_EDGE('',*,*,#6710,.F.);
#4514=ORIENTED_EDGE('',*,*,#6711,.T.);
#4515=ORIENTED_EDGE('',*,*,#6717,.F.);
#4516=ORIENTED_EDGE('',*,*,#6719,.T.);
#4517=ORIENTED_EDGE('',*,*,#6654,.T.);
#4518=ORIENTED_EDGE('',*,*,#6718,.F.);
#4519=ORIENTED_EDGE('',*,*,#6716,.F.);
#4520=ORIENTED_EDGE('',*,*,#6705,.T.);
#4521=ORIENTED_EDGE('',*,*,#6703,.F.);
#4522=ORIENTED_EDGE('',*,*,#6707,.T.);
#4523=ORIENTED_EDGE('',*,*,#6715,.F.);
#4524=ORIENTED_EDGE('',*,*,#5851,.F.);
#4525=ORIENTED_EDGE('',*,*,#6014,.T.);
#4526=ORIENTED_EDGE('',*,*,#5857,.F.);
#4527=ORIENTED_EDGE('',*,*,#6720,.F.);
#4528=ORIENTED_EDGE('',*,*,#6721,.T.);
#4529=ORIENTED_EDGE('',*,*,#6722,.F.);
#4530=ORIENTED_EDGE('',*,*,#6723,.F.);
#4531=ORIENTED_EDGE('',*,*,#6724,.F.);
#4532=ORIENTED_EDGE('',*,*,#5843,.F.);
#4533=ORIENTED_EDGE('',*,*,#6015,.T.);
#4534=ORIENTED_EDGE('',*,*,#5848,.F.);
#4535=ORIENTED_EDGE('',*,*,#6725,.F.);
#4536=ORIENTED_EDGE('',*,*,#6723,.T.);
#4537=ORIENTED_EDGE('',*,*,#6726,.F.);
#4538=ORIENTED_EDGE('',*,*,#6721,.F.);
#4539=ORIENTED_EDGE('',*,*,#6727,.F.);
#4540=ORIENTED_EDGE('',*,*,#5847,.F.);
#4541=ORIENTED_EDGE('',*,*,#5530,.F.);
#4542=ORIENTED_EDGE('',*,*,#6728,.F.);
#4543=ORIENTED_EDGE('',*,*,#6725,.T.);
#4544=ORIENTED_EDGE('',*,*,#5844,.F.);
#4545=ORIENTED_EDGE('',*,*,#6727,.T.);
#4546=ORIENTED_EDGE('',*,*,#6729,.T.);
#4547=ORIENTED_EDGE('',*,*,#5534,.F.);
#4548=ORIENTED_EDGE('',*,*,#5955,.F.);
#4549=ORIENTED_EDGE('',*,*,#5875,.T.);
#4550=ORIENTED_EDGE('',*,*,#5852,.F.);
#4551=ORIENTED_EDGE('',*,*,#6724,.T.);
#4552=ORIENTED_EDGE('',*,*,#6728,.T.);
#4553=ORIENTED_EDGE('',*,*,#5529,.F.);
#4554=ORIENTED_EDGE('',*,*,#5856,.F.);
#4555=ORIENTED_EDGE('',*,*,#5881,.T.);
#4556=ORIENTED_EDGE('',*,*,#5956,.F.);
#4557=ORIENTED_EDGE('',*,*,#5535,.F.);
#4558=ORIENTED_EDGE('',*,*,#6729,.F.);
#4559=ORIENTED_EDGE('',*,*,#6720,.T.);
#4560=ORIENTED_EDGE('',*,*,#6730,.F.);
#4561=ORIENTED_EDGE('',*,*,#6731,.F.);
#4562=ORIENTED_EDGE('',*,*,#6732,.T.);
#4563=ORIENTED_EDGE('',*,*,#6722,.T.);
#4564=ORIENTED_EDGE('',*,*,#6732,.F.);
#4565=ORIENTED_EDGE('',*,*,#6733,.F.);
#4566=ORIENTED_EDGE('',*,*,#6730,.T.);
#4567=ORIENTED_EDGE('',*,*,#6726,.T.);
#4568=ORIENTED_EDGE('',*,*,#6734,.F.);
#4569=ORIENTED_EDGE('',*,*,#6733,.T.);
#4570=ORIENTED_EDGE('',*,*,#6735,.T.);
#4571=ORIENTED_EDGE('',*,*,#6736,.F.);
#4572=ORIENTED_EDGE('',*,*,#6737,.T.);
#4573=ORIENTED_EDGE('',*,*,#6736,.T.);
#4574=ORIENTED_EDGE('',*,*,#6735,.F.);
#4575=ORIENTED_EDGE('',*,*,#6731,.T.);
#4576=ORIENTED_EDGE('',*,*,#6734,.T.);
#4577=ORIENTED_EDGE('',*,*,#6737,.F.);
#4578=ORIENTED_EDGE('',*,*,#6738,.F.);
#4579=ORIENTED_EDGE('',*,*,#6739,.T.);
#4580=ORIENTED_EDGE('',*,*,#6740,.F.);
#4581=ORIENTED_EDGE('',*,*,#6741,.T.);
#4582=ORIENTED_EDGE('',*,*,#6742,.F.);
#4583=ORIENTED_EDGE('',*,*,#6743,.T.);
#4584=ORIENTED_EDGE('',*,*,#6744,.F.);
#4585=ORIENTED_EDGE('',*,*,#6739,.F.);
#4586=ORIENTED_EDGE('',*,*,#6738,.T.);
#4587=ORIENTED_EDGE('',*,*,#6744,.T.);
#4588=ORIENTED_EDGE('',*,*,#6745,.F.);
#4589=ORIENTED_EDGE('',*,*,#6746,.T.);
#4590=ORIENTED_EDGE('',*,*,#6747,.F.);
#4591=ORIENTED_EDGE('',*,*,#6742,.T.);
#4592=ORIENTED_EDGE('',*,*,#6748,.F.);
#4593=ORIENTED_EDGE('',*,*,#6741,.F.);
#4594=ORIENTED_EDGE('',*,*,#6749,.F.);
#4595=ORIENTED_EDGE('',*,*,#6750,.T.);
#4596=ORIENTED_EDGE('',*,*,#6751,.F.);
#4597=ORIENTED_EDGE('',*,*,#6749,.T.);
#4598=ORIENTED_EDGE('',*,*,#6740,.T.);
#4599=ORIENTED_EDGE('',*,*,#6748,.T.);
#4600=ORIENTED_EDGE('',*,*,#6752,.F.);
#4601=ORIENTED_EDGE('',*,*,#6753,.F.);
#4602=ORIENTED_EDGE('',*,*,#6753,.T.);
#4603=ORIENTED_EDGE('',*,*,#6754,.T.);
#4604=ORIENTED_EDGE('',*,*,#6755,.T.);
#4605=ORIENTED_EDGE('',*,*,#6746,.F.);
#4606=ORIENTED_EDGE('',*,*,#6756,.T.);
#4607=ORIENTED_EDGE('',*,*,#6757,.T.);
#4608=ORIENTED_EDGE('',*,*,#6758,.T.);
#4609=ORIENTED_EDGE('',*,*,#6657,.T.);
#4610=ORIENTED_EDGE('',*,*,#6759,.F.);
#4611=ORIENTED_EDGE('',*,*,#6754,.F.);
#4612=ORIENTED_EDGE('',*,*,#6752,.T.);
#4613=ORIENTED_EDGE('',*,*,#6750,.F.);
#4614=ORIENTED_EDGE('',*,*,#6751,.T.);
#4615=ORIENTED_EDGE('',*,*,#6757,.F.);
#4616=ORIENTED_EDGE('',*,*,#6759,.T.);
#4617=ORIENTED_EDGE('',*,*,#6656,.T.);
#4618=ORIENTED_EDGE('',*,*,#6758,.F.);
#4619=ORIENTED_EDGE('',*,*,#6756,.F.);
#4620=ORIENTED_EDGE('',*,*,#6745,.T.);
#4621=ORIENTED_EDGE('',*,*,#6743,.F.);
#4622=ORIENTED_EDGE('',*,*,#6747,.T.);
#4623=ORIENTED_EDGE('',*,*,#6755,.F.);
#4624=ORIENTED_EDGE('',*,*,#5867,.F.);
#4625=ORIENTED_EDGE('',*,*,#6012,.T.);
#4626=ORIENTED_EDGE('',*,*,#5873,.F.);
#4627=ORIENTED_EDGE('',*,*,#6760,.F.);
#4628=ORIENTED_EDGE('',*,*,#6761,.T.);
#4629=ORIENTED_EDGE('',*,*,#6762,.F.);
#4630=ORIENTED_EDGE('',*,*,#6763,.F.);
#4631=ORIENTED_EDGE('',*,*,#6764,.F.);
#4632=ORIENTED_EDGE('',*,*,#5859,.F.);
#4633=ORIENTED_EDGE('',*,*,#6013,.T.);
#4634=ORIENTED_EDGE('',*,*,#5864,.F.);
#4635=ORIENTED_EDGE('',*,*,#6765,.F.);
#4636=ORIENTED_EDGE('',*,*,#6763,.T.);
#4637=ORIENTED_EDGE('',*,*,#6766,.F.);
#4638=ORIENTED_EDGE('',*,*,#6761,.F.);
#4639=ORIENTED_EDGE('',*,*,#6767,.F.);
#4640=ORIENTED_EDGE('',*,*,#5863,.F.);
#4641=ORIENTED_EDGE('',*,*,#5520,.F.);
#4642=ORIENTED_EDGE('',*,*,#6768,.F.);
#4643=ORIENTED_EDGE('',*,*,#6765,.T.);
#4644=ORIENTED_EDGE('',*,*,#5860,.F.);
#4645=ORIENTED_EDGE('',*,*,#6767,.T.);
#4646=ORIENTED_EDGE('',*,*,#6769,.T.);
#4647=ORIENTED_EDGE('',*,*,#5524,.F.);
#4648=ORIENTED_EDGE('',*,*,#5945,.F.);
#4649=ORIENTED_EDGE('',*,*,#5887,.T.);
#4650=ORIENTED_EDGE('',*,*,#5868,.F.);
#4651=ORIENTED_EDGE('',*,*,#6764,.T.);
#4652=ORIENTED_EDGE('',*,*,#6768,.T.);
#4653=ORIENTED_EDGE('',*,*,#5519,.F.);
#4654=ORIENTED_EDGE('',*,*,#5872,.F.);
#4655=ORIENTED_EDGE('',*,*,#5893,.T.);
#4656=ORIENTED_EDGE('',*,*,#5946,.F.);
#4657=ORIENTED_EDGE('',*,*,#5525,.F.);
#4658=ORIENTED_EDGE('',*,*,#6769,.F.);
#4659=ORIENTED_EDGE('',*,*,#6760,.T.);
#4660=ORIENTED_EDGE('',*,*,#6770,.F.);
#4661=ORIENTED_EDGE('',*,*,#6771,.F.);
#4662=ORIENTED_EDGE('',*,*,#6772,.T.);
#4663=ORIENTED_EDGE('',*,*,#6762,.T.);
#4664=ORIENTED_EDGE('',*,*,#6772,.F.);
#4665=ORIENTED_EDGE('',*,*,#6773,.F.);
#4666=ORIENTED_EDGE('',*,*,#6770,.T.);
#4667=ORIENTED_EDGE('',*,*,#6766,.T.);
#4668=ORIENTED_EDGE('',*,*,#6774,.F.);
#4669=ORIENTED_EDGE('',*,*,#6773,.T.);
#4670=ORIENTED_EDGE('',*,*,#6775,.T.);
#4671=ORIENTED_EDGE('',*,*,#6776,.F.);
#4672=ORIENTED_EDGE('',*,*,#6777,.T.);
#4673=ORIENTED_EDGE('',*,*,#6776,.T.);
#4674=ORIENTED_EDGE('',*,*,#6775,.F.);
#4675=ORIENTED_EDGE('',*,*,#6771,.T.);
#4676=ORIENTED_EDGE('',*,*,#6774,.T.);
#4677=ORIENTED_EDGE('',*,*,#6777,.F.);
#4678=VERTEX_POINT('',#11775);
#4679=VERTEX_POINT('',#11776);
#4680=VERTEX_POINT('',#11778);
#4681=VERTEX_POINT('',#11780);
#4682=VERTEX_POINT('',#11782);
#4683=VERTEX_POINT('',#11784);
#4684=VERTEX_POINT('',#11786);
#4685=VERTEX_POINT('',#11790);
#4686=VERTEX_POINT('',#11791);
#4687=VERTEX_POINT('',#11793);
#4688=VERTEX_POINT('',#11797);
#4689=VERTEX_POINT('',#11798);
#4690=VERTEX_POINT('',#11800);
#4691=VERTEX_POINT('',#11802);
#4692=VERTEX_POINT('',#11804);
#4693=VERTEX_POINT('',#11806);
#4694=VERTEX_POINT('',#11808);
#4695=VERTEX_POINT('',#11812);
#4696=VERTEX_POINT('',#11813);
#4697=VERTEX_POINT('',#11815);
#4698=VERTEX_POINT('',#11819);
#4699=VERTEX_POINT('',#11820);
#4700=VERTEX_POINT('',#11822);
#4701=VERTEX_POINT('',#11824);
#4702=VERTEX_POINT('',#11826);
#4703=VERTEX_POINT('',#11828);
#4704=VERTEX_POINT('',#11830);
#4705=VERTEX_POINT('',#11834);
#4706=VERTEX_POINT('',#11835);
#4707=VERTEX_POINT('',#11837);
#4708=VERTEX_POINT('',#11841);
#4709=VERTEX_POINT('',#11842);
#4710=VERTEX_POINT('',#11844);
#4711=VERTEX_POINT('',#11846);
#4712=VERTEX_POINT('',#11850);
#4713=VERTEX_POINT('',#11851);
#4714=VERTEX_POINT('',#11853);
#4715=VERTEX_POINT('',#11855);
#4716=VERTEX_POINT('',#11859);
#4717=VERTEX_POINT('',#11860);
#4718=VERTEX_POINT('',#11862);
#4719=VERTEX_POINT('',#11864);
#4720=VERTEX_POINT('',#11868);
#4721=VERTEX_POINT('',#11869);
#4722=VERTEX_POINT('',#11872);
#4723=VERTEX_POINT('',#11876);
#4724=VERTEX_POINT('',#11877);
#4725=VERTEX_POINT('',#11880);
#4726=VERTEX_POINT('',#11884);
#4727=VERTEX_POINT('',#11885);
#4728=VERTEX_POINT('',#11888);
#4729=VERTEX_POINT('',#11892);
#4730=VERTEX_POINT('',#11893);
#4731=VERTEX_POINT('',#11895);
#4732=VERTEX_POINT('',#11897);
#4733=VERTEX_POINT('',#11899);
#4734=VERTEX_POINT('',#11901);
#4735=VERTEX_POINT('',#11903);
#4736=VERTEX_POINT('',#11905);
#4737=VERTEX_POINT('',#11907);
#4738=VERTEX_POINT('',#11909);
#4739=VERTEX_POINT('',#11911);
#4740=VERTEX_POINT('',#11913);
#4741=VERTEX_POINT('',#11915);
#4742=VERTEX_POINT('',#11917);
#4743=VERTEX_POINT('',#11919);
#4744=VERTEX_POINT('',#11921);
#4745=VERTEX_POINT('',#11923);
#4746=VERTEX_POINT('',#11925);
#4747=VERTEX_POINT('',#11927);
#4748=VERTEX_POINT('',#11929);
#4749=VERTEX_POINT('',#11931);
#4750=VERTEX_POINT('',#11933);
#4751=VERTEX_POINT('',#11935);
#4752=VERTEX_POINT('',#11937);
#4753=VERTEX_POINT('',#11939);
#4754=VERTEX_POINT('',#11941);
#4755=VERTEX_POINT('',#11943);
#4756=VERTEX_POINT('',#11945);
#4757=VERTEX_POINT('',#11947);
#4758=VERTEX_POINT('',#11949);
#4759=VERTEX_POINT('',#11951);
#4760=VERTEX_POINT('',#11953);
#4761=VERTEX_POINT('',#11955);
#4762=VERTEX_POINT('',#11957);
#4763=VERTEX_POINT('',#11959);
#4764=VERTEX_POINT('',#11961);
#4765=VERTEX_POINT('',#11963);
#4766=VERTEX_POINT('',#11965);
#4767=VERTEX_POINT('',#11967);
#4768=VERTEX_POINT('',#11969);
#4769=VERTEX_POINT('',#11971);
#4770=VERTEX_POINT('',#11973);
#4771=VERTEX_POINT('',#11975);
#4772=VERTEX_POINT('',#11977);
#4773=VERTEX_POINT('',#11979);
#4774=VERTEX_POINT('',#11981);
#4775=VERTEX_POINT('',#11983);
#4776=VERTEX_POINT('',#11985);
#4777=VERTEX_POINT('',#11987);
#4778=VERTEX_POINT('',#11989);
#4779=VERTEX_POINT('',#11991);
#4780=VERTEX_POINT('',#11993);
#4781=VERTEX_POINT('',#11995);
#4782=VERTEX_POINT('',#11997);
#4783=VERTEX_POINT('',#11999);
#4784=VERTEX_POINT('',#12001);
#4785=VERTEX_POINT('',#12003);
#4786=VERTEX_POINT('',#12005);
#4787=VERTEX_POINT('',#12007);
#4788=VERTEX_POINT('',#12009);
#4789=VERTEX_POINT('',#12011);
#4790=VERTEX_POINT('',#12013);
#4791=VERTEX_POINT('',#12015);
#4792=VERTEX_POINT('',#12017);
#4793=VERTEX_POINT('',#12019);
#4794=VERTEX_POINT('',#12021);
#4795=VERTEX_POINT('',#12023);
#4796=VERTEX_POINT('',#12025);
#4797=VERTEX_POINT('',#12027);
#4798=VERTEX_POINT('',#12029);
#4799=VERTEX_POINT('',#12031);
#4800=VERTEX_POINT('',#12033);
#4801=VERTEX_POINT('',#12035);
#4802=VERTEX_POINT('',#12037);
#4803=VERTEX_POINT('',#12039);
#4804=VERTEX_POINT('',#12041);
#4805=VERTEX_POINT('',#12043);
#4806=VERTEX_POINT('',#12045);
#4807=VERTEX_POINT('',#12047);
#4808=VERTEX_POINT('',#12049);
#4809=VERTEX_POINT('',#12052);
#4810=VERTEX_POINT('',#12053);
#4811=VERTEX_POINT('',#12055);
#4812=VERTEX_POINT('',#12057);
#4813=VERTEX_POINT('',#12059);
#4814=VERTEX_POINT('',#12061);
#4815=VERTEX_POINT('',#12063);
#4816=VERTEX_POINT('',#12065);
#4817=VERTEX_POINT('',#12067);
#4818=VERTEX_POINT('',#12069);
#4819=VERTEX_POINT('',#12071);
#4820=VERTEX_POINT('',#12073);
#4821=VERTEX_POINT('',#12075);
#4822=VERTEX_POINT('',#12077);
#4823=VERTEX_POINT('',#12079);
#4824=VERTEX_POINT('',#12081);
#4825=VERTEX_POINT('',#12083);
#4826=VERTEX_POINT('',#12085);
#4827=VERTEX_POINT('',#12087);
#4828=VERTEX_POINT('',#12089);
#4829=VERTEX_POINT('',#12091);
#4830=VERTEX_POINT('',#12093);
#4831=VERTEX_POINT('',#12095);
#4832=VERTEX_POINT('',#12097);
#4833=VERTEX_POINT('',#12099);
#4834=VERTEX_POINT('',#12101);
#4835=VERTEX_POINT('',#12103);
#4836=VERTEX_POINT('',#12105);
#4837=VERTEX_POINT('',#12107);
#4838=VERTEX_POINT('',#12109);
#4839=VERTEX_POINT('',#12111);
#4840=VERTEX_POINT('',#12113);
#4841=VERTEX_POINT('',#12115);
#4842=VERTEX_POINT('',#12117);
#4843=VERTEX_POINT('',#12119);
#4844=VERTEX_POINT('',#12121);
#4845=VERTEX_POINT('',#12123);
#4846=VERTEX_POINT('',#12125);
#4847=VERTEX_POINT('',#12127);
#4848=VERTEX_POINT('',#12129);
#4849=VERTEX_POINT('',#12131);
#4850=VERTEX_POINT('',#12133);
#4851=VERTEX_POINT('',#12135);
#4852=VERTEX_POINT('',#12137);
#4853=VERTEX_POINT('',#12139);
#4854=VERTEX_POINT('',#12141);
#4855=VERTEX_POINT('',#12143);
#4856=VERTEX_POINT('',#12145);
#4857=VERTEX_POINT('',#12147);
#4858=VERTEX_POINT('',#12149);
#4859=VERTEX_POINT('',#12151);
#4860=VERTEX_POINT('',#12153);
#4861=VERTEX_POINT('',#12155);
#4862=VERTEX_POINT('',#12157);
#4863=VERTEX_POINT('',#12159);
#4864=VERTEX_POINT('',#12161);
#4865=VERTEX_POINT('',#12163);
#4866=VERTEX_POINT('',#12165);
#4867=VERTEX_POINT('',#12167);
#4868=VERTEX_POINT('',#12169);
#4869=VERTEX_POINT('',#12172);
#4870=VERTEX_POINT('',#12173);
#4871=VERTEX_POINT('',#12175);
#4872=VERTEX_POINT('',#12177);
#4873=VERTEX_POINT('',#12179);
#4874=VERTEX_POINT('',#12181);
#4875=VERTEX_POINT('',#12183);
#4876=VERTEX_POINT('',#12185);
#4877=VERTEX_POINT('',#12187);
#4878=VERTEX_POINT('',#12189);
#4879=VERTEX_POINT('',#12192);
#4880=VERTEX_POINT('',#12193);
#4881=VERTEX_POINT('',#12195);
#4882=VERTEX_POINT('',#12197);
#4883=VERTEX_POINT('',#12199);
#4884=VERTEX_POINT('',#12201);
#4885=VERTEX_POINT('',#12203);
#4886=VERTEX_POINT('',#12205);
#4887=VERTEX_POINT('',#12207);
#4888=VERTEX_POINT('',#12209);
#4889=VERTEX_POINT('',#12211);
#4890=VERTEX_POINT('',#12213);
#4891=VERTEX_POINT('',#12216);
#4892=VERTEX_POINT('',#12217);
#4893=VERTEX_POINT('',#12219);
#4894=VERTEX_POINT('',#12221);
#4895=VERTEX_POINT('',#12223);
#4896=VERTEX_POINT('',#12225);
#4897=VERTEX_POINT('',#12227);
#4898=VERTEX_POINT('',#12229);
#4899=VERTEX_POINT('',#12231);
#4900=VERTEX_POINT('',#12233);
#4901=VERTEX_POINT('',#12235);
#4902=VERTEX_POINT('',#12237);
#4903=VERTEX_POINT('',#12239);
#4904=VERTEX_POINT('',#12241);
#4905=VERTEX_POINT('',#12243);
#4906=VERTEX_POINT('',#12245);
#4907=VERTEX_POINT('',#12247);
#4908=VERTEX_POINT('',#12249);
#4909=VERTEX_POINT('',#12251);
#4910=VERTEX_POINT('',#12253);
#4911=VERTEX_POINT('',#12255);
#4912=VERTEX_POINT('',#12257);
#4913=VERTEX_POINT('',#12259);
#4914=VERTEX_POINT('',#12261);
#4915=VERTEX_POINT('',#12263);
#4916=VERTEX_POINT('',#12265);
#4917=VERTEX_POINT('',#12267);
#4918=VERTEX_POINT('',#12269);
#4919=VERTEX_POINT('',#12271);
#4920=VERTEX_POINT('',#12273);
#4921=VERTEX_POINT('',#12275);
#4922=VERTEX_POINT('',#12277);
#4923=VERTEX_POINT('',#12279);
#4924=VERTEX_POINT('',#12282);
#4925=VERTEX_POINT('',#12283);
#4926=VERTEX_POINT('',#12285);
#4927=VERTEX_POINT('',#12287);
#4928=VERTEX_POINT('',#12289);
#4929=VERTEX_POINT('',#12291);
#4930=VERTEX_POINT('',#12293);
#4931=VERTEX_POINT('',#12295);
#4932=VERTEX_POINT('',#12297);
#4933=VERTEX_POINT('',#12299);
#4934=VERTEX_POINT('',#12302);
#4935=VERTEX_POINT('',#12303);
#4936=VERTEX_POINT('',#12305);
#4937=VERTEX_POINT('',#12307);
#4938=VERTEX_POINT('',#12309);
#4939=VERTEX_POINT('',#12312);
#4940=VERTEX_POINT('',#12313);
#4941=VERTEX_POINT('',#12315);
#4942=VERTEX_POINT('',#12317);
#4943=VERTEX_POINT('',#12319);
#4944=VERTEX_POINT('',#12321);
#4945=VERTEX_POINT('',#12323);
#4946=VERTEX_POINT('',#12325);
#4947=VERTEX_POINT('',#12327);
#4948=VERTEX_POINT('',#12329);
#4949=VERTEX_POINT('',#12331);
#4950=VERTEX_POINT('',#12333);
#4951=VERTEX_POINT('',#12335);
#4952=VERTEX_POINT('',#12337);
#4953=VERTEX_POINT('',#12339);
#4954=VERTEX_POINT('',#12341);
#4955=VERTEX_POINT('',#12343);
#4956=VERTEX_POINT('',#12345);
#4957=VERTEX_POINT('',#12347);
#4958=VERTEX_POINT('',#12349);
#4959=VERTEX_POINT('',#12351);
#4960=VERTEX_POINT('',#12353);
#4961=VERTEX_POINT('',#12355);
#4962=VERTEX_POINT('',#12357);
#4963=VERTEX_POINT('',#12359);
#4964=VERTEX_POINT('',#12361);
#4965=VERTEX_POINT('',#12363);
#4966=VERTEX_POINT('',#12365);
#4967=VERTEX_POINT('',#12367);
#4968=VERTEX_POINT('',#12369);
#4969=VERTEX_POINT('',#12371);
#4970=VERTEX_POINT('',#12373);
#4971=VERTEX_POINT('',#12375);
#4972=VERTEX_POINT('',#12377);
#4973=VERTEX_POINT('',#12379);
#4974=VERTEX_POINT('',#12381);
#4975=VERTEX_POINT('',#12385);
#4976=VERTEX_POINT('',#12386);
#4977=VERTEX_POINT('',#12388);
#4978=VERTEX_POINT('',#12390);
#4979=VERTEX_POINT('',#12392);
#4980=VERTEX_POINT('',#12394);
#4981=VERTEX_POINT('',#12396);
#4982=VERTEX_POINT('',#12398);
#4983=VERTEX_POINT('',#12400);
#4984=VERTEX_POINT('',#12402);
#4985=VERTEX_POINT('',#12406);
#4986=VERTEX_POINT('',#12407);
#4987=VERTEX_POINT('',#12412);
#4988=VERTEX_POINT('',#12414);
#4989=VERTEX_POINT('',#12421);
#4990=VERTEX_POINT('',#12423);
#4991=VERTEX_POINT('',#12425);
#4992=VERTEX_POINT('',#12429);
#4993=VERTEX_POINT('',#12430);
#4994=VERTEX_POINT('',#12436);
#4995=VERTEX_POINT('',#12440);
#4996=VERTEX_POINT('',#12441);
#4997=VERTEX_POINT('',#12446);
#4998=VERTEX_POINT('',#12448);
#4999=VERTEX_POINT('',#12452);
#5000=VERTEX_POINT('',#12453);
#5001=VERTEX_POINT('',#12458);
#5002=VERTEX_POINT('',#12460);
#5003=VERTEX_POINT('',#12467);
#5004=VERTEX_POINT('',#12469);
#5005=VERTEX_POINT('',#12471);
#5006=VERTEX_POINT('',#12475);
#5007=VERTEX_POINT('',#12476);
#5008=VERTEX_POINT('',#12482);
#5009=VERTEX_POINT('',#12486);
#5010=VERTEX_POINT('',#12487);
#5011=VERTEX_POINT('',#12492);
#5012=VERTEX_POINT('',#12494);
#5013=VERTEX_POINT('',#12498);
#5014=VERTEX_POINT('',#12499);
#5015=VERTEX_POINT('',#12504);
#5016=VERTEX_POINT('',#12506);
#5017=VERTEX_POINT('',#12513);
#5018=VERTEX_POINT('',#12515);
#5019=VERTEX_POINT('',#12517);
#5020=VERTEX_POINT('',#12521);
#5021=VERTEX_POINT('',#12522);
#5022=VERTEX_POINT('',#12528);
#5023=VERTEX_POINT('',#12532);
#5024=VERTEX_POINT('',#12533);
#5025=VERTEX_POINT('',#12538);
#5026=VERTEX_POINT('',#12540);
#5027=VERTEX_POINT('',#12550);
#5028=VERTEX_POINT('',#12552);
#5029=VERTEX_POINT('',#12554);
#5030=VERTEX_POINT('',#12556);
#5031=VERTEX_POINT('',#12567);
#5032=VERTEX_POINT('',#12570);
#5033=VERTEX_POINT('',#12572);
#5034=VERTEX_POINT('',#12574);
#5035=VERTEX_POINT('',#12584);
#5036=VERTEX_POINT('',#12586);
#5037=VERTEX_POINT('',#12588);
#5038=VERTEX_POINT('',#12590);
#5039=VERTEX_POINT('',#12601);
#5040=VERTEX_POINT('',#12604);
#5041=VERTEX_POINT('',#12606);
#5042=VERTEX_POINT('',#12608);
#5043=VERTEX_POINT('',#12612);
#5044=VERTEX_POINT('',#12613);
#5045=VERTEX_POINT('',#12615);
#5046=VERTEX_POINT('',#12617);
#5047=VERTEX_POINT('',#12619);
#5048=VERTEX_POINT('',#12626);
#5049=VERTEX_POINT('',#12628);
#5050=VERTEX_POINT('',#12630);
#5051=VERTEX_POINT('',#12632);
#5052=VERTEX_POINT('',#12634);
#5053=VERTEX_POINT('',#12636);
#5054=VERTEX_POINT('',#12640);
#5055=VERTEX_POINT('',#12642);
#5056=VERTEX_POINT('',#12644);
#5057=VERTEX_POINT('',#12646);
#5058=VERTEX_POINT('',#12651);
#5059=VERTEX_POINT('',#12655);
#5060=VERTEX_POINT('',#12657);
#5061=VERTEX_POINT('',#12661);
#5062=VERTEX_POINT('',#12668);
#5063=VERTEX_POINT('',#12671);
#5064=VERTEX_POINT('',#12675);
#5065=VERTEX_POINT('',#12677);
#5066=VERTEX_POINT('',#12685);
#5067=VERTEX_POINT('',#12700);
#5068=VERTEX_POINT('',#12702);
#5069=VERTEX_POINT('',#12704);
#5070=VERTEX_POINT('',#12709);
#5071=VERTEX_POINT('',#12726);
#5072=VERTEX_POINT('',#12727);
#5073=VERTEX_POINT('',#12729);
#5074=VERTEX_POINT('',#12731);
#5075=VERTEX_POINT('',#12739);
#5076=VERTEX_POINT('',#12740);
#5077=VERTEX_POINT('',#12743);
#5078=VERTEX_POINT('',#12744);
#5079=VERTEX_POINT('',#12748);
#5080=VERTEX_POINT('',#12750);
#5081=VERTEX_POINT('',#12758);
#5082=VERTEX_POINT('',#12760);
#5083=VERTEX_POINT('',#12767);
#5084=VERTEX_POINT('',#12781);
#5085=VERTEX_POINT('',#12793);
#5086=VERTEX_POINT('',#12806);
#5087=VERTEX_POINT('',#12810);
#5088=VERTEX_POINT('',#12811);
#5089=VERTEX_POINT('',#12813);
#5090=VERTEX_POINT('',#12816);
#5091=VERTEX_POINT('',#12818);
#5092=VERTEX_POINT('',#12831);
#5093=VERTEX_POINT('',#12894);
#5094=VERTEX_POINT('',#12897);
#5095=VERTEX_POINT('',#12900);
#5096=VERTEX_POINT('',#12903);
#5097=VERTEX_POINT('',#12906);
#5098=VERTEX_POINT('',#12909);
#5099=VERTEX_POINT('',#12912);
#5100=VERTEX_POINT('',#12915);
#5101=VERTEX_POINT('',#12932);
#5102=VERTEX_POINT('',#12933);
#5103=VERTEX_POINT('',#12935);
#5104=VERTEX_POINT('',#12937);
#5105=VERTEX_POINT('',#12941);
#5106=VERTEX_POINT('',#12943);
#5107=VERTEX_POINT('',#12947);
#5108=VERTEX_POINT('',#12949);
#5109=VERTEX_POINT('',#12953);
#5110=VERTEX_POINT('',#12957);
#5111=VERTEX_POINT('',#12961);
#5112=VERTEX_POINT('',#12972);
#5113=VERTEX_POINT('',#12973);
#5114=VERTEX_POINT('',#12975);
#5115=VERTEX_POINT('',#12977);
#5116=VERTEX_POINT('',#12981);
#5117=VERTEX_POINT('',#12983);
#5118=VERTEX_POINT('',#12987);
#5119=VERTEX_POINT('',#12989);
#5120=VERTEX_POINT('',#12993);
#5121=VERTEX_POINT('',#12995);
#5122=VERTEX_POINT('',#12999);
#5123=VERTEX_POINT('',#13001);
#5124=VERTEX_POINT('',#13005);
#5125=VERTEX_POINT('',#13007);
#5126=VERTEX_POINT('',#13011);
#5127=VERTEX_POINT('',#13013);
#5128=VERTEX_POINT('',#13017);
#5129=VERTEX_POINT('',#13019);
#5130=VERTEX_POINT('',#13023);
#5131=VERTEX_POINT('',#13025);
#5132=VERTEX_POINT('',#13029);
#5133=VERTEX_POINT('',#13031);
#5134=VERTEX_POINT('',#13035);
#5135=VERTEX_POINT('',#13037);
#5136=VERTEX_POINT('',#13041);
#5137=VERTEX_POINT('',#13043);
#5138=VERTEX_POINT('',#13047);
#5139=VERTEX_POINT('',#13049);
#5140=VERTEX_POINT('',#13053);
#5141=VERTEX_POINT('',#13055);
#5142=VERTEX_POINT('',#13059);
#5143=VERTEX_POINT('',#13061);
#5144=VERTEX_POINT('',#13065);
#5145=VERTEX_POINT('',#13067);
#5146=VERTEX_POINT('',#13071);
#5147=VERTEX_POINT('',#13073);
#5148=VERTEX_POINT('',#13077);
#5149=VERTEX_POINT('',#13079);
#5150=VERTEX_POINT('',#13083);
#5151=VERTEX_POINT('',#13085);
#5152=VERTEX_POINT('',#13089);
#5153=VERTEX_POINT('',#13091);
#5154=VERTEX_POINT('',#13095);
#5155=VERTEX_POINT('',#13097);
#5156=VERTEX_POINT('',#13101);
#5157=VERTEX_POINT('',#13103);
#5158=VERTEX_POINT('',#13107);
#5159=VERTEX_POINT('',#13109);
#5160=VERTEX_POINT('',#13113);
#5161=VERTEX_POINT('',#13115);
#5162=VERTEX_POINT('',#13119);
#5163=VERTEX_POINT('',#13123);
#5164=VERTEX_POINT('',#13127);
#5165=VERTEX_POINT('',#13131);
#5166=VERTEX_POINT('',#13135);
#5167=VERTEX_POINT('',#13139);
#5168=VERTEX_POINT('',#13143);
#5169=VERTEX_POINT('',#13147);
#5170=VERTEX_POINT('',#13151);
#5171=VERTEX_POINT('',#13155);
#5172=VERTEX_POINT('',#13159);
#5173=VERTEX_POINT('',#13163);
#5174=VERTEX_POINT('',#13167);
#5175=VERTEX_POINT('',#13171);
#5176=VERTEX_POINT('',#13175);
#5177=VERTEX_POINT('',#13179);
#5178=VERTEX_POINT('',#13183);
#5179=VERTEX_POINT('',#13187);
#5180=VERTEX_POINT('',#13191);
#5181=VERTEX_POINT('',#13195);
#5182=VERTEX_POINT('',#13199);
#5183=VERTEX_POINT('',#13203);
#5184=VERTEX_POINT('',#13207);
#5185=VERTEX_POINT('',#13211);
#5186=VERTEX_POINT('',#13215);
#5187=VERTEX_POINT('',#13219);
#5188=VERTEX_POINT('',#13223);
#5189=VERTEX_POINT('',#13227);
#5190=VERTEX_POINT('',#13231);
#5191=VERTEX_POINT('',#13235);
#5192=VERTEX_POINT('',#13239);
#5193=VERTEX_POINT('',#13250);
#5194=VERTEX_POINT('',#13252);
#5195=VERTEX_POINT('',#13256);
#5196=VERTEX_POINT('',#13260);
#5197=VERTEX_POINT('',#13264);
#5198=VERTEX_POINT('',#13268);
#5199=VERTEX_POINT('',#13272);
#5200=VERTEX_POINT('',#13276);
#5201=VERTEX_POINT('',#13280);
#5202=VERTEX_POINT('',#13284);
#5203=VERTEX_POINT('',#13288);
#5204=VERTEX_POINT('',#13292);
#5205=VERTEX_POINT('',#13299);
#5206=VERTEX_POINT('',#13301);
#5207=VERTEX_POINT('',#13305);
#5208=VERTEX_POINT('',#13309);
#5209=VERTEX_POINT('',#13313);
#5210=VERTEX_POINT('',#13317);
#5211=VERTEX_POINT('',#13321);
#5212=VERTEX_POINT('',#13325);
#5213=VERTEX_POINT('',#13329);
#5214=VERTEX_POINT('',#13333);
#5215=VERTEX_POINT('',#13340);
#5216=VERTEX_POINT('',#13342);
#5217=VERTEX_POINT('',#13346);
#5218=VERTEX_POINT('',#13350);
#5219=VERTEX_POINT('',#13354);
#5220=VERTEX_POINT('',#13358);
#5221=VERTEX_POINT('',#13362);
#5222=VERTEX_POINT('',#13366);
#5223=VERTEX_POINT('',#13370);
#5224=VERTEX_POINT('',#13374);
#5225=VERTEX_POINT('',#13378);
#5226=VERTEX_POINT('',#13382);
#5227=VERTEX_POINT('',#13386);
#5228=VERTEX_POINT('',#13390);
#5229=VERTEX_POINT('',#13394);
#5230=VERTEX_POINT('',#13398);
#5231=VERTEX_POINT('',#13402);
#5232=VERTEX_POINT('',#13406);
#5233=VERTEX_POINT('',#13410);
#5234=VERTEX_POINT('',#13414);
#5235=VERTEX_POINT('',#13418);
#5236=VERTEX_POINT('',#13422);
#5237=VERTEX_POINT('',#13426);
#5238=VERTEX_POINT('',#13430);
#5239=VERTEX_POINT('',#13434);
#5240=VERTEX_POINT('',#13438);
#5241=VERTEX_POINT('',#13442);
#5242=VERTEX_POINT('',#13446);
#5243=VERTEX_POINT('',#13450);
#5244=VERTEX_POINT('',#13454);
#5245=VERTEX_POINT('',#13458);
#5246=VERTEX_POINT('',#13462);
#5247=VERTEX_POINT('',#13466);
#5248=VERTEX_POINT('',#13470);
#5249=VERTEX_POINT('',#13474);
#5250=VERTEX_POINT('',#13478);
#5251=VERTEX_POINT('',#13482);
#5252=VERTEX_POINT('',#13486);
#5253=VERTEX_POINT('',#13490);
#5254=VERTEX_POINT('',#13494);
#5255=VERTEX_POINT('',#13498);
#5256=VERTEX_POINT('',#13502);
#5257=VERTEX_POINT('',#13506);
#5258=VERTEX_POINT('',#13510);
#5259=VERTEX_POINT('',#13514);
#5260=VERTEX_POINT('',#13518);
#5261=VERTEX_POINT('',#13522);
#5262=VERTEX_POINT('',#13526);
#5263=VERTEX_POINT('',#13530);
#5264=VERTEX_POINT('',#13534);
#5265=VERTEX_POINT('',#13538);
#5266=VERTEX_POINT('',#13542);
#5267=VERTEX_POINT('',#13546);
#5268=VERTEX_POINT('',#13550);
#5269=VERTEX_POINT('',#13554);
#5270=VERTEX_POINT('',#13558);
#5271=VERTEX_POINT('',#13562);
#5272=VERTEX_POINT('',#13566);
#5273=VERTEX_POINT('',#13570);
#5274=VERTEX_POINT('',#13574);
#5275=VERTEX_POINT('',#13581);
#5276=VERTEX_POINT('',#13583);
#5277=VERTEX_POINT('',#13587);
#5278=VERTEX_POINT('',#13591);
#5279=VERTEX_POINT('',#13595);
#5280=VERTEX_POINT('',#13599);
#5281=VERTEX_POINT('',#13603);
#5282=VERTEX_POINT('',#13607);
#5283=VERTEX_POINT('',#13611);
#5284=VERTEX_POINT('',#13615);
#5285=VERTEX_POINT('',#13619);
#5286=VERTEX_POINT('',#13623);
#5287=VERTEX_POINT('',#13627);
#5288=VERTEX_POINT('',#13631);
#5289=VERTEX_POINT('',#13635);
#5290=VERTEX_POINT('',#13639);
#5291=VERTEX_POINT('',#13643);
#5292=VERTEX_POINT('',#13647);
#5293=VERTEX_POINT('',#13651);
#5294=VERTEX_POINT('',#13655);
#5295=VERTEX_POINT('',#13659);
#5296=VERTEX_POINT('',#13663);
#5297=VERTEX_POINT('',#13667);
#5298=VERTEX_POINT('',#13671);
#5299=VERTEX_POINT('',#13675);
#5300=VERTEX_POINT('',#13679);
#5301=VERTEX_POINT('',#13683);
#5302=VERTEX_POINT('',#13687);
#5303=VERTEX_POINT('',#13691);
#5304=VERTEX_POINT('',#13695);
#5305=VERTEX_POINT('',#13699);
#5306=VERTEX_POINT('',#13703);
#5307=VERTEX_POINT('',#13707);
#5308=VERTEX_POINT('',#13711);
#5309=VERTEX_POINT('',#13715);
#5310=VERTEX_POINT('',#13719);
#5311=VERTEX_POINT('',#13723);
#5312=VERTEX_POINT('',#13727);
#5313=VERTEX_POINT('',#13731);
#5314=VERTEX_POINT('',#13735);
#5315=VERTEX_POINT('',#13739);
#5316=VERTEX_POINT('',#13743);
#5317=VERTEX_POINT('',#13747);
#5318=VERTEX_POINT('',#13751);
#5319=VERTEX_POINT('',#13755);
#5320=VERTEX_POINT('',#13759);
#5321=VERTEX_POINT('',#13763);
#5322=VERTEX_POINT('',#13767);
#5323=VERTEX_POINT('',#13771);
#5324=VERTEX_POINT('',#13775);
#5325=VERTEX_POINT('',#13779);
#5326=VERTEX_POINT('',#13783);
#5327=VERTEX_POINT('',#13787);
#5328=VERTEX_POINT('',#13791);
#5329=VERTEX_POINT('',#13795);
#5330=VERTEX_POINT('',#13799);
#5331=VERTEX_POINT('',#13803);
#5332=VERTEX_POINT('',#13807);
#5333=VERTEX_POINT('',#13811);
#5334=VERTEX_POINT('',#13815);
#5335=VERTEX_POINT('',#13819);
#5336=VERTEX_POINT('',#13823);
#5337=VERTEX_POINT('',#13827);
#5338=VERTEX_POINT('',#13831);
#5339=VERTEX_POINT('',#13835);
#5340=VERTEX_POINT('',#13839);
#5341=VERTEX_POINT('',#13843);
#5342=VERTEX_POINT('',#13847);
#5343=VERTEX_POINT('',#13851);
#5344=VERTEX_POINT('',#13855);
#5345=VERTEX_POINT('',#13859);
#5346=VERTEX_POINT('',#13863);
#5347=VERTEX_POINT('',#13867);
#5348=VERTEX_POINT('',#13871);
#5349=VERTEX_POINT('',#13875);
#5350=VERTEX_POINT('',#13879);
#5351=VERTEX_POINT('',#13883);
#5352=VERTEX_POINT('',#13887);
#5353=VERTEX_POINT('',#13891);
#5354=VERTEX_POINT('',#13895);
#5355=VERTEX_POINT('',#13902);
#5356=VERTEX_POINT('',#13903);
#5357=VERTEX_POINT('',#13905);
#5358=VERTEX_POINT('',#13907);
#5359=VERTEX_POINT('',#13911);
#5360=VERTEX_POINT('',#13913);
#5361=VERTEX_POINT('',#13917);
#5362=VERTEX_POINT('',#13919);
#5363=VERTEX_POINT('',#13923);
#5364=VERTEX_POINT('',#13925);
#5365=VERTEX_POINT('',#13929);
#5366=VERTEX_POINT('',#13931);
#5367=VERTEX_POINT('',#13935);
#5368=VERTEX_POINT('',#13937);
#5369=VERTEX_POINT('',#13941);
#5370=VERTEX_POINT('',#13943);
#5371=VERTEX_POINT('',#13947);
#5372=VERTEX_POINT('',#13949);
#5373=VERTEX_POINT('',#13953);
#5374=VERTEX_POINT('',#13955);
#5375=VERTEX_POINT('',#13959);
#5376=VERTEX_POINT('',#13961);
#5377=VERTEX_POINT('',#13965);
#5378=VERTEX_POINT('',#13967);
#5379=VERTEX_POINT('',#13971);
#5380=VERTEX_POINT('',#13973);
#5381=VERTEX_POINT('',#13977);
#5382=VERTEX_POINT('',#13979);
#5383=VERTEX_POINT('',#13983);
#5384=VERTEX_POINT('',#13985);
#5385=VERTEX_POINT('',#13989);
#5386=VERTEX_POINT('',#13991);
#5387=VERTEX_POINT('',#13995);
#5388=VERTEX_POINT('',#13997);
#5389=VERTEX_POINT('',#14001);
#5390=VERTEX_POINT('',#14003);
#5391=VERTEX_POINT('',#14007);
#5392=VERTEX_POINT('',#14009);
#5393=VERTEX_POINT('',#14013);
#5394=VERTEX_POINT('',#14015);
#5395=VERTEX_POINT('',#14019);
#5396=VERTEX_POINT('',#14021);
#5397=VERTEX_POINT('',#14025);
#5398=VERTEX_POINT('',#14027);
#5399=VERTEX_POINT('',#14031);
#5400=VERTEX_POINT('',#14033);
#5401=VERTEX_POINT('',#14037);
#5402=VERTEX_POINT('',#14039);
#5403=VERTEX_POINT('',#14043);
#5404=VERTEX_POINT('',#14045);
#5405=VERTEX_POINT('',#14049);
#5406=VERTEX_POINT('',#14051);
#5407=VERTEX_POINT('',#14055);
#5408=VERTEX_POINT('',#14057);
#5409=VERTEX_POINT('',#14061);
#5410=VERTEX_POINT('',#14063);
#5411=VERTEX_POINT('',#14067);
#5412=VERTEX_POINT('',#14071);
#5413=VERTEX_POINT('',#14075);
#5414=VERTEX_POINT('',#14079);
#5415=VERTEX_POINT('',#14083);
#5416=VERTEX_POINT('',#14087);
#5417=VERTEX_POINT('',#14091);
#5418=VERTEX_POINT('',#14095);
#5419=VERTEX_POINT('',#14099);
#5420=VERTEX_POINT('',#14103);
#5421=VERTEX_POINT('',#14107);
#5422=VERTEX_POINT('',#14111);
#5423=VERTEX_POINT('',#14115);
#5424=VERTEX_POINT('',#14119);
#5425=VERTEX_POINT('',#14123);
#5426=VERTEX_POINT('',#14127);
#5427=VERTEX_POINT('',#14131);
#5428=VERTEX_POINT('',#14135);
#5429=VERTEX_POINT('',#14139);
#5430=VERTEX_POINT('',#14143);
#5431=VERTEX_POINT('',#14147);
#5432=VERTEX_POINT('',#14151);
#5433=VERTEX_POINT('',#14155);
#5434=VERTEX_POINT('',#14159);
#5435=VERTEX_POINT('',#14163);
#5436=VERTEX_POINT('',#14167);
#5437=VERTEX_POINT('',#14171);
#5438=VERTEX_POINT('',#14175);
#5439=VERTEX_POINT('',#14179);
#5440=VERTEX_POINT('',#14183);
#5441=VERTEX_POINT('',#14187);
#5442=VERTEX_POINT('',#14191);
#5443=VERTEX_POINT('',#14195);
#5444=VERTEX_POINT('',#14199);
#5445=VERTEX_POINT('',#14210);
#5446=VERTEX_POINT('',#14211);
#5447=VERTEX_POINT('',#14215);
#5448=VERTEX_POINT('',#14216);
#5449=VERTEX_POINT('',#14220);
#5450=VERTEX_POINT('',#14221);
#5451=VERTEX_POINT('',#14231);
#5452=VERTEX_POINT('',#14232);
#5453=VERTEX_POINT('',#14236);
#5454=VERTEX_POINT('',#14237);
#5455=VERTEX_POINT('',#14253);
#5456=VERTEX_POINT('',#14255);
#5457=VERTEX_POINT('',#14276);
#5458=VERTEX_POINT('',#14278);
#5459=VERTEX_POINT('',#14299);
#5460=VERTEX_POINT('',#14313);
#5461=VERTEX_POINT('',#14322);
#5462=VERTEX_POINT('',#14329);
#5463=VERTEX_POINT('',#14333);
#5464=VERTEX_POINT('',#14336);
#5465=VERTEX_POINT('',#14344);
#5466=VERTEX_POINT('',#14346);
#5467=VERTEX_POINT('',#14348);
#5468=VERTEX_POINT('',#14350);
#5469=VERTEX_POINT('',#14364);
#5470=VERTEX_POINT('',#14366);
#5471=VERTEX_POINT('',#14372);
#5472=VERTEX_POINT('',#14374);
#5473=VERTEX_POINT('',#14381);
#5474=VERTEX_POINT('',#14382);
#5475=VERTEX_POINT('',#14386);
#5476=VERTEX_POINT('',#14387);
#5477=VERTEX_POINT('',#14403);
#5478=VERTEX_POINT('',#14405);
#5479=VERTEX_POINT('',#14426);
#5480=VERTEX_POINT('',#14428);
#5481=VERTEX_POINT('',#14449);
#5482=VERTEX_POINT('',#14463);
#5483=VERTEX_POINT('',#14472);
#5484=VERTEX_POINT('',#14479);
#5485=VERTEX_POINT('',#14483);
#5486=VERTEX_POINT('',#14486);
#5487=VERTEX_POINT('',#14494);
#5488=VERTEX_POINT('',#14496);
#5489=VERTEX_POINT('',#14498);
#5490=VERTEX_POINT('',#14500);
#5491=VERTEX_POINT('',#14514);
#5492=VERTEX_POINT('',#14516);
#5493=VERTEX_POINT('',#14522);
#5494=VERTEX_POINT('',#14524);
#5495=VERTEX_POINT('',#14531);
#5496=VERTEX_POINT('',#14532);
#5497=VERTEX_POINT('',#14536);
#5498=VERTEX_POINT('',#14537);
#5499=VERTEX_POINT('',#14553);
#5500=VERTEX_POINT('',#14555);
#5501=VERTEX_POINT('',#14576);
#5502=VERTEX_POINT('',#14578);
#5503=VERTEX_POINT('',#14599);
#5504=VERTEX_POINT('',#14613);
#5505=VERTEX_POINT('',#14622);
#5506=VERTEX_POINT('',#14629);
#5507=VERTEX_POINT('',#14633);
#5508=VERTEX_POINT('',#14636);
#5509=VERTEX_POINT('',#14644);
#5510=VERTEX_POINT('',#14646);
#5511=VERTEX_POINT('',#14648);
#5512=VERTEX_POINT('',#14650);
#5513=VERTEX_POINT('',#14664);
#5514=VERTEX_POINT('',#14666);
#5515=VERTEX_POINT('',#14672);
#5516=VERTEX_POINT('',#14674);
#5517=EDGE_CURVE('',#4678,#4679,#6778,.T.);
#5518=EDGE_CURVE('',#4679,#4680,#6779,.T.);
#5519=EDGE_CURVE('',#4680,#4681,#2031,.T.);
#5520=EDGE_CURVE('',#4681,#4682,#2032,.T.);
#5521=EDGE_CURVE('',#4682,#4683,#6780,.T.);
#5522=EDGE_CURVE('',#4683,#4684,#6781,.T.);
#5523=EDGE_CURVE('',#4684,#4678,#6782,.T.);
#5524=EDGE_CURVE('',#4685,#4686,#2033,.T.);
#5525=EDGE_CURVE('',#4686,#4687,#2034,.T.);
#5526=EDGE_CURVE('',#4687,#4685,#2035,.T.);
#5527=EDGE_CURVE('',#4688,#4689,#6783,.T.);
#5528=EDGE_CURVE('',#4689,#4690,#6784,.T.);
#5529=EDGE_CURVE('',#4690,#4691,#2036,.T.);
#5530=EDGE_CURVE('',#4691,#4692,#2037,.T.);
#5531=EDGE_CURVE('',#4692,#4693,#6785,.T.);
#5532=EDGE_CURVE('',#4693,#4694,#6786,.T.);
#5533=EDGE_CURVE('',#4694,#4688,#6787,.T.);
#5534=EDGE_CURVE('',#4695,#4696,#2038,.T.);
#5535=EDGE_CURVE('',#4696,#4697,#2039,.T.);
#5536=EDGE_CURVE('',#4697,#4695,#2040,.T.);
#5537=EDGE_CURVE('',#4698,#4699,#6788,.T.);
#5538=EDGE_CURVE('',#4700,#4699,#6789,.T.);
#5539=EDGE_CURVE('',#4700,#4701,#6790,.T.);
#5540=EDGE_CURVE('',#4701,#4702,#2041,.T.);
#5541=EDGE_CURVE('',#4702,#4703,#2042,.T.);
#5542=EDGE_CURVE('',#4703,#4704,#6791,.T.);
#5543=EDGE_CURVE('',#4698,#4704,#6792,.T.);
#5544=EDGE_CURVE('',#4705,#4706,#2043,.T.);
#5545=EDGE_CURVE('',#4706,#4707,#2044,.T.);
#5546=EDGE_CURVE('',#4707,#4705,#2045,.T.);
#5547=EDGE_CURVE('',#4708,#4709,#6793,.T.);
#5548=EDGE_CURVE('',#4708,#4710,#6794,.T.);
#5549=EDGE_CURVE('',#4711,#4710,#6795,.T.);
#5550=EDGE_CURVE('',#4709,#4711,#6796,.T.);
#5551=EDGE_CURVE('',#4712,#4713,#6797,.T.);
#5552=EDGE_CURVE('',#4712,#4714,#6798,.T.);
#5553=EDGE_CURVE('',#4715,#4714,#6799,.T.);
#5554=EDGE_CURVE('',#4713,#4715,#6800,.T.);
#5555=EDGE_CURVE('',#4716,#4717,#6801,.T.);
#5556=EDGE_CURVE('',#4716,#4718,#6802,.T.);
#5557=EDGE_CURVE('',#4719,#4718,#6803,.T.);
#5558=EDGE_CURVE('',#4717,#4719,#6804,.T.);
#5559=EDGE_CURVE('',#4720,#4721,#6805,.T.);
#5560=EDGE_CURVE('',#4720,#4684,#6806,.T.);
#5561=EDGE_CURVE('',#4684,#4722,#6807,.T.);
#5562=EDGE_CURVE('',#4721,#4722,#6808,.T.);
#5563=EDGE_CURVE('',#4723,#4724,#6809,.T.);
#5564=EDGE_CURVE('',#4723,#4694,#6810,.T.);
#5565=EDGE_CURVE('',#4694,#4725,#6811,.T.);
#5566=EDGE_CURVE('',#4724,#4725,#6812,.T.);
#5567=EDGE_CURVE('',#4726,#4727,#6813,.T.);
#5568=EDGE_CURVE('',#4726,#4698,#6814,.T.);
#5569=EDGE_CURVE('',#4728,#4698,#6815,.T.);
#5570=EDGE_CURVE('',#4727,#4728,#6816,.T.);
#5571=EDGE_CURVE('',#4729,#4730,#6817,.T.);
#5572=EDGE_CURVE('',#4731,#4729,#6818,.T.);
#5573=EDGE_CURVE('',#4732,#4731,#6819,.T.);
#5574=EDGE_CURVE('',#4733,#4732,#6820,.T.);
#5575=EDGE_CURVE('',#4734,#4733,#6821,.T.);
#5576=EDGE_CURVE('',#4735,#4734,#6822,.T.);
#5577=EDGE_CURVE('',#4736,#4735,#6823,.T.);
#5578=EDGE_CURVE('',#4737,#4736,#6824,.T.);
#5579=EDGE_CURVE('',#4738,#4737,#6825,.T.);
#5580=EDGE_CURVE('',#4739,#4738,#6826,.T.);
#5581=EDGE_CURVE('',#4740,#4739,#6827,.T.);
#5582=EDGE_CURVE('',#4741,#4740,#6828,.T.);
#5583=EDGE_CURVE('',#4742,#4741,#6829,.T.);
#5584=EDGE_CURVE('',#4743,#4742,#6830,.T.);
#5585=EDGE_CURVE('',#4744,#4743,#6831,.T.);
#5586=EDGE_CURVE('',#4745,#4744,#6832,.T.);
#5587=EDGE_CURVE('',#4746,#4745,#6833,.T.);
#5588=EDGE_CURVE('',#4747,#4746,#6834,.T.);
#5589=EDGE_CURVE('',#4748,#4747,#6835,.T.);
#5590=EDGE_CURVE('',#4749,#4748,#6836,.T.);
#5591=EDGE_CURVE('',#4750,#4749,#6837,.T.);
#5592=EDGE_CURVE('',#4751,#4750,#6838,.T.);
#5593=EDGE_CURVE('',#4752,#4751,#6839,.T.);
#5594=EDGE_CURVE('',#4753,#4752,#6840,.T.);
#5595=EDGE_CURVE('',#4754,#4753,#6841,.T.);
#5596=EDGE_CURVE('',#4755,#4754,#6842,.T.);
#5597=EDGE_CURVE('',#4756,#4755,#6843,.T.);
#5598=EDGE_CURVE('',#4757,#4756,#6844,.T.);
#5599=EDGE_CURVE('',#4758,#4757,#6845,.T.);
#5600=EDGE_CURVE('',#4759,#4758,#6846,.T.);
#5601=EDGE_CURVE('',#4760,#4759,#6847,.T.);
#5602=EDGE_CURVE('',#4761,#4760,#6848,.T.);
#5603=EDGE_CURVE('',#4762,#4761,#6849,.T.);
#5604=EDGE_CURVE('',#4763,#4762,#6850,.T.);
#5605=EDGE_CURVE('',#4764,#4763,#6851,.T.);
#5606=EDGE_CURVE('',#4765,#4764,#6852,.T.);
#5607=EDGE_CURVE('',#4766,#4765,#6853,.T.);
#5608=EDGE_CURVE('',#4767,#4766,#6854,.T.);
#5609=EDGE_CURVE('',#4768,#4767,#6855,.T.);
#5610=EDGE_CURVE('',#4769,#4768,#6856,.T.);
#5611=EDGE_CURVE('',#4770,#4769,#6857,.T.);
#5612=EDGE_CURVE('',#4771,#4770,#6858,.T.);
#5613=EDGE_CURVE('',#4772,#4771,#6859,.T.);
#5614=EDGE_CURVE('',#4773,#4772,#6860,.T.);
#5615=EDGE_CURVE('',#4774,#4773,#6861,.T.);
#5616=EDGE_CURVE('',#4775,#4774,#6862,.T.);
#5617=EDGE_CURVE('',#4776,#4775,#6863,.T.);
#5618=EDGE_CURVE('',#4777,#4776,#6864,.T.);
#5619=EDGE_CURVE('',#4778,#4777,#6865,.T.);
#5620=EDGE_CURVE('',#4779,#4778,#6866,.T.);
#5621=EDGE_CURVE('',#4780,#4779,#6867,.T.);
#5622=EDGE_CURVE('',#4781,#4780,#6868,.T.);
#5623=EDGE_CURVE('',#4782,#4781,#6869,.T.);
#5624=EDGE_CURVE('',#4783,#4782,#6870,.T.);
#5625=EDGE_CURVE('',#4784,#4783,#6871,.T.);
#5626=EDGE_CURVE('',#4785,#4784,#6872,.T.);
#5627=EDGE_CURVE('',#4786,#4785,#6873,.T.);
#5628=EDGE_CURVE('',#4787,#4786,#6874,.T.);
#5629=EDGE_CURVE('',#4788,#4787,#6875,.T.);
#5630=EDGE_CURVE('',#4789,#4788,#6876,.T.);
#5631=EDGE_CURVE('',#4790,#4789,#6877,.T.);
#5632=EDGE_CURVE('',#4791,#4790,#6878,.T.);
#5633=EDGE_CURVE('',#4792,#4791,#6879,.T.);
#5634=EDGE_CURVE('',#4793,#4792,#6880,.T.);
#5635=EDGE_CURVE('',#4794,#4793,#6881,.T.);
#5636=EDGE_CURVE('',#4795,#4794,#6882,.T.);
#5637=EDGE_CURVE('',#4796,#4795,#6883,.T.);
#5638=EDGE_CURVE('',#4797,#4796,#6884,.T.);
#5639=EDGE_CURVE('',#4798,#4797,#6885,.T.);
#5640=EDGE_CURVE('',#4799,#4798,#6886,.T.);
#5641=EDGE_CURVE('',#4800,#4799,#6887,.T.);
#5642=EDGE_CURVE('',#4801,#4800,#6888,.T.);
#5643=EDGE_CURVE('',#4802,#4801,#6889,.T.);
#5644=EDGE_CURVE('',#4803,#4802,#6890,.T.);
#5645=EDGE_CURVE('',#4804,#4803,#6891,.T.);
#5646=EDGE_CURVE('',#4805,#4804,#6892,.T.);
#5647=EDGE_CURVE('',#4806,#4805,#6893,.T.);
#5648=EDGE_CURVE('',#4807,#4806,#6894,.T.);
#5649=EDGE_CURVE('',#4808,#4807,#6895,.T.);
#5650=EDGE_CURVE('',#4730,#4808,#6896,.T.);
#5651=EDGE_CURVE('',#4809,#4810,#6897,.T.);
#5652=EDGE_CURVE('',#4811,#4809,#6898,.T.);
#5653=EDGE_CURVE('',#4812,#4811,#6899,.T.);
#5654=EDGE_CURVE('',#4813,#4812,#6900,.T.);
#5655=EDGE_CURVE('',#4814,#4813,#6901,.T.);
#5656=EDGE_CURVE('',#4815,#4814,#6902,.T.);
#5657=EDGE_CURVE('',#4816,#4815,#6903,.T.);
#5658=EDGE_CURVE('',#4817,#4816,#6904,.T.);
#5659=EDGE_CURVE('',#4818,#4817,#6905,.T.);
#5660=EDGE_CURVE('',#4819,#4818,#6906,.T.);
#5661=EDGE_CURVE('',#4820,#4819,#6907,.T.);
#5662=EDGE_CURVE('',#4821,#4820,#6908,.T.);
#5663=EDGE_CURVE('',#4822,#4821,#6909,.T.);
#5664=EDGE_CURVE('',#4823,#4822,#6910,.T.);
#5665=EDGE_CURVE('',#4824,#4823,#6911,.T.);
#5666=EDGE_CURVE('',#4825,#4824,#6912,.T.);
#5667=EDGE_CURVE('',#4826,#4825,#6913,.T.);
#5668=EDGE_CURVE('',#4827,#4826,#6914,.T.);
#5669=EDGE_CURVE('',#4828,#4827,#6915,.T.);
#5670=EDGE_CURVE('',#4829,#4828,#6916,.T.);
#5671=EDGE_CURVE('',#4830,#4829,#6917,.T.);
#5672=EDGE_CURVE('',#4831,#4830,#6918,.T.);
#5673=EDGE_CURVE('',#4832,#4831,#6919,.T.);
#5674=EDGE_CURVE('',#4833,#4832,#6920,.T.);
#5675=EDGE_CURVE('',#4834,#4833,#6921,.T.);
#5676=EDGE_CURVE('',#4835,#4834,#6922,.T.);
#5677=EDGE_CURVE('',#4836,#4835,#6923,.T.);
#5678=EDGE_CURVE('',#4837,#4836,#6924,.T.);
#5679=EDGE_CURVE('',#4838,#4837,#6925,.T.);
#5680=EDGE_CURVE('',#4839,#4838,#6926,.T.);
#5681=EDGE_CURVE('',#4840,#4839,#6927,.T.);
#5682=EDGE_CURVE('',#4841,#4840,#6928,.T.);
#5683=EDGE_CURVE('',#4842,#4841,#6929,.T.);
#5684=EDGE_CURVE('',#4843,#4842,#6930,.T.);
#5685=EDGE_CURVE('',#4844,#4843,#6931,.T.);
#5686=EDGE_CURVE('',#4845,#4844,#6932,.T.);
#5687=EDGE_CURVE('',#4846,#4845,#6933,.T.);
#5688=EDGE_CURVE('',#4847,#4846,#6934,.T.);
#5689=EDGE_CURVE('',#4848,#4847,#6935,.T.);
#5690=EDGE_CURVE('',#4849,#4848,#6936,.T.);
#5691=EDGE_CURVE('',#4850,#4849,#6937,.T.);
#5692=EDGE_CURVE('',#4851,#4850,#6938,.T.);
#5693=EDGE_CURVE('',#4852,#4851,#6939,.T.);
#5694=EDGE_CURVE('',#4853,#4852,#6940,.T.);
#5695=EDGE_CURVE('',#4854,#4853,#6941,.T.);
#5696=EDGE_CURVE('',#4855,#4854,#6942,.T.);
#5697=EDGE_CURVE('',#4856,#4855,#6943,.T.);
#5698=EDGE_CURVE('',#4857,#4856,#6944,.T.);
#5699=EDGE_CURVE('',#4858,#4857,#6945,.T.);
#5700=EDGE_CURVE('',#4859,#4858,#6946,.T.);
#5701=EDGE_CURVE('',#4860,#4859,#6947,.T.);
#5702=EDGE_CURVE('',#4861,#4860,#6948,.T.);
#5703=EDGE_CURVE('',#4862,#4861,#6949,.T.);
#5704=EDGE_CURVE('',#4863,#4862,#6950,.T.);
#5705=EDGE_CURVE('',#4864,#4863,#6951,.T.);
#5706=EDGE_CURVE('',#4865,#4864,#6952,.T.);
#5707=EDGE_CURVE('',#4866,#4865,#6953,.T.);
#5708=EDGE_CURVE('',#4867,#4866,#6954,.T.);
#5709=EDGE_CURVE('',#4868,#4867,#6955,.T.);
#5710=EDGE_CURVE('',#4810,#4868,#6956,.T.);
#5711=EDGE_CURVE('',#4869,#4870,#6957,.T.);
#5712=EDGE_CURVE('',#4871,#4869,#6958,.T.);
#5713=EDGE_CURVE('',#4872,#4871,#6959,.T.);
#5714=EDGE_CURVE('',#4873,#4872,#6960,.T.);
#5715=EDGE_CURVE('',#4874,#4873,#6961,.T.);
#5716=EDGE_CURVE('',#4875,#4874,#6962,.T.);
#5717=EDGE_CURVE('',#4876,#4875,#6963,.T.);
#5718=EDGE_CURVE('',#4877,#4876,#6964,.T.);
#5719=EDGE_CURVE('',#4878,#4877,#6965,.T.);
#5720=EDGE_CURVE('',#4870,#4878,#6966,.T.);
#5721=EDGE_CURVE('',#4879,#4880,#6967,.T.);
#5722=EDGE_CURVE('',#4881,#4879,#6968,.T.);
#5723=EDGE_CURVE('',#4882,#4881,#6969,.T.);
#5724=EDGE_CURVE('',#4883,#4882,#6970,.T.);
#5725=EDGE_CURVE('',#4884,#4883,#6971,.T.);
#5726=EDGE_CURVE('',#4885,#4884,#6972,.T.);
#5727=EDGE_CURVE('',#4886,#4885,#6973,.T.);
#5728=EDGE_CURVE('',#4887,#4886,#6974,.T.);
#5729=EDGE_CURVE('',#4888,#4887,#6975,.T.);
#5730=EDGE_CURVE('',#4889,#4888,#6976,.T.);
#5731=EDGE_CURVE('',#4890,#4889,#6977,.T.);
#5732=EDGE_CURVE('',#4880,#4890,#6978,.T.);
#5733=EDGE_CURVE('',#4891,#4892,#6979,.T.);
#5734=EDGE_CURVE('',#4893,#4891,#6980,.T.);
#5735=EDGE_CURVE('',#4894,#4893,#6981,.T.);
#5736=EDGE_CURVE('',#4895,#4894,#6982,.T.);
#5737=EDGE_CURVE('',#4896,#4895,#6983,.T.);
#5738=EDGE_CURVE('',#4897,#4896,#6984,.T.);
#5739=EDGE_CURVE('',#4898,#4897,#6985,.T.);
#5740=EDGE_CURVE('',#4899,#4898,#6986,.T.);
#5741=EDGE_CURVE('',#4900,#4899,#6987,.T.);
#5742=EDGE_CURVE('',#4901,#4900,#6988,.T.);
#5743=EDGE_CURVE('',#4902,#4901,#6989,.T.);
#5744=EDGE_CURVE('',#4903,#4902,#6990,.T.);
#5745=EDGE_CURVE('',#4904,#4903,#6991,.T.);
#5746=EDGE_CURVE('',#4905,#4904,#6992,.T.);
#5747=EDGE_CURVE('',#4906,#4905,#6993,.T.);
#5748=EDGE_CURVE('',#4907,#4906,#6994,.T.);
#5749=EDGE_CURVE('',#4908,#4907,#6995,.T.);
#5750=EDGE_CURVE('',#4909,#4908,#6996,.T.);
#5751=EDGE_CURVE('',#4910,#4909,#6997,.T.);
#5752=EDGE_CURVE('',#4911,#4910,#6998,.T.);
#5753=EDGE_CURVE('',#4912,#4911,#6999,.T.);
#5754=EDGE_CURVE('',#4913,#4912,#7000,.T.);
#5755=EDGE_CURVE('',#4914,#4913,#7001,.T.);
#5756=EDGE_CURVE('',#4915,#4914,#7002,.T.);
#5757=EDGE_CURVE('',#4916,#4915,#7003,.T.);
#5758=EDGE_CURVE('',#4917,#4916,#7004,.T.);
#5759=EDGE_CURVE('',#4918,#4917,#7005,.T.);
#5760=EDGE_CURVE('',#4919,#4918,#7006,.T.);
#5761=EDGE_CURVE('',#4920,#4919,#7007,.T.);
#5762=EDGE_CURVE('',#4921,#4920,#7008,.T.);
#5763=EDGE_CURVE('',#4922,#4921,#7009,.T.);
#5764=EDGE_CURVE('',#4923,#4922,#7010,.T.);
#5765=EDGE_CURVE('',#4892,#4923,#7011,.T.);
#5766=EDGE_CURVE('',#4924,#4925,#7012,.T.);
#5767=EDGE_CURVE('',#4926,#4925,#7013,.T.);
#5768=EDGE_CURVE('',#4926,#4927,#7014,.T.);
#5769=EDGE_CURVE('',#4928,#4927,#7015,.T.);
#5770=EDGE_CURVE('',#4928,#4929,#7016,.T.);
#5771=EDGE_CURVE('',#4929,#4930,#7017,.T.);
#5772=EDGE_CURVE('',#4930,#4931,#7018,.T.);
#5773=EDGE_CURVE('',#4932,#4931,#7019,.T.);
#5774=EDGE_CURVE('',#4932,#4933,#7020,.T.);
#5775=EDGE_CURVE('',#4924,#4933,#7021,.T.);
#5776=EDGE_CURVE('',#4934,#4935,#7022,.T.);
#5777=EDGE_CURVE('',#4936,#4934,#7023,.T.);
#5778=EDGE_CURVE('',#4937,#4936,#7024,.T.);
#5779=EDGE_CURVE('',#4938,#4937,#7025,.T.);
#5780=EDGE_CURVE('',#4935,#4938,#7026,.T.);
#5781=EDGE_CURVE('',#4939,#4940,#7027,.T.);
#5782=EDGE_CURVE('',#4941,#4939,#7028,.T.);
#5783=EDGE_CURVE('',#4942,#4941,#7029,.T.);
#5784=EDGE_CURVE('',#4943,#4942,#7030,.T.);
#5785=EDGE_CURVE('',#4944,#4943,#7031,.T.);
#5786=EDGE_CURVE('',#4945,#4944,#7032,.T.);
#5787=EDGE_CURVE('',#4946,#4945,#7033,.T.);
#5788=EDGE_CURVE('',#4947,#4946,#7034,.T.);
#5789=EDGE_CURVE('',#4948,#4947,#7035,.T.);
#5790=EDGE_CURVE('',#4949,#4948,#7036,.T.);
#5791=EDGE_CURVE('',#4950,#4949,#7037,.T.);
#5792=EDGE_CURVE('',#4951,#4950,#7038,.T.);
#5793=EDGE_CURVE('',#4952,#4951,#7039,.T.);
#5794=EDGE_CURVE('',#4953,#4952,#7040,.T.);
#5795=EDGE_CURVE('',#4954,#4953,#7041,.T.);
#5796=EDGE_CURVE('',#4955,#4954,#7042,.T.);
#5797=EDGE_CURVE('',#4956,#4955,#7043,.T.);
#5798=EDGE_CURVE('',#4957,#4956,#7044,.T.);
#5799=EDGE_CURVE('',#4958,#4957,#7045,.T.);
#5800=EDGE_CURVE('',#4959,#4958,#7046,.T.);
#5801=EDGE_CURVE('',#4960,#4959,#7047,.T.);
#5802=EDGE_CURVE('',#4961,#4960,#7048,.T.);
#5803=EDGE_CURVE('',#4962,#4961,#7049,.T.);
#5804=EDGE_CURVE('',#4963,#4962,#7050,.T.);
#5805=EDGE_CURVE('',#4964,#4963,#7051,.T.);
#5806=EDGE_CURVE('',#4965,#4964,#7052,.T.);
#5807=EDGE_CURVE('',#4966,#4965,#7053,.T.);
#5808=EDGE_CURVE('',#4967,#4966,#7054,.T.);
#5809=EDGE_CURVE('',#4968,#4967,#7055,.T.);
#5810=EDGE_CURVE('',#4969,#4968,#7056,.T.);
#5811=EDGE_CURVE('',#4970,#4969,#7057,.T.);
#5812=EDGE_CURVE('',#4971,#4970,#7058,.T.);
#5813=EDGE_CURVE('',#4972,#4971,#7059,.T.);
#5814=EDGE_CURVE('',#4973,#4972,#7060,.T.);
#5815=EDGE_CURVE('',#4974,#4973,#7061,.T.);
#5816=EDGE_CURVE('',#4940,#4974,#7062,.T.);
#5817=EDGE_CURVE('',#4975,#4976,#7063,.T.);
#5818=EDGE_CURVE('',#4977,#4976,#7064,.T.);
#5819=EDGE_CURVE('',#4977,#4978,#7065,.T.);
#5820=EDGE_CURVE('',#4978,#4979,#7066,.T.);
#5821=EDGE_CURVE('',#4980,#4979,#7067,.T.);
#5822=EDGE_CURVE('',#4981,#4980,#7068,.T.);
#5823=EDGE_CURVE('',#4981,#4982,#7069,.T.);
#5824=EDGE_CURVE('',#4983,#4982,#7070,.T.);
#5825=EDGE_CURVE('',#4983,#4984,#7071,.T.);
#5826=EDGE_CURVE('',#4984,#4975,#7072,.T.);
#5827=EDGE_CURVE('',#4985,#4986,#7073,.T.);
#5828=EDGE_CURVE('',#4986,#4987,#182,.T.);
#5829=EDGE_CURVE('',#4987,#4988,#7074,.T.);
#5830=EDGE_CURVE('',#4985,#4988,#7075,.T.);
#5831=EDGE_CURVE('',#4703,#4989,#183,.T.);
#5832=EDGE_CURVE('',#4989,#4990,#7076,.T.);
#5833=EDGE_CURVE('',#4991,#4990,#7077,.T.);
#5834=EDGE_CURVE('',#4704,#4991,#7078,.T.);
#5835=EDGE_CURVE('',#4992,#4993,#7079,.T.);
#5836=EDGE_CURVE('',#4993,#4701,#184,.T.);
#5837=EDGE_CURVE('',#4700,#4994,#7080,.T.);
#5838=EDGE_CURVE('',#4992,#4994,#7081,.T.);
#5839=EDGE_CURVE('',#4995,#4996,#7082,.T.);
#5840=EDGE_CURVE('',#4995,#4997,#185,.T.);
#5841=EDGE_CURVE('',#4997,#4998,#7083,.T.);
#5842=EDGE_CURVE('',#4996,#4998,#7084,.T.);
#5843=EDGE_CURVE('',#4999,#5000,#7085,.T.);
#5844=EDGE_CURVE('',#5000,#5001,#186,.T.);
#5845=EDGE_CURVE('',#5001,#5002,#7086,.T.);
#5846=EDGE_CURVE('',#4999,#5002,#7087,.T.);
#5847=EDGE_CURVE('',#4692,#5003,#187,.T.);
#5848=EDGE_CURVE('',#5003,#5004,#7088,.T.);
#5849=EDGE_CURVE('',#5005,#5004,#7089,.T.);
#5850=EDGE_CURVE('',#4693,#5005,#7090,.T.);
#5851=EDGE_CURVE('',#5006,#5007,#7091,.T.);
#5852=EDGE_CURVE('',#5007,#4690,#188,.T.);
#5853=EDGE_CURVE('',#4689,#5008,#7092,.T.);
#5854=EDGE_CURVE('',#5006,#5008,#7093,.T.);
#5855=EDGE_CURVE('',#5009,#5010,#7094,.T.);
#5856=EDGE_CURVE('',#5009,#5011,#189,.T.);
#5857=EDGE_CURVE('',#5011,#5012,#7095,.T.);
#5858=EDGE_CURVE('',#5010,#5012,#7096,.T.);
#5859=EDGE_CURVE('',#5013,#5014,#7097,.T.);
#5860=EDGE_CURVE('',#5014,#5015,#190,.T.);
#5861=EDGE_CURVE('',#5015,#5016,#7098,.T.);
#5862=EDGE_CURVE('',#5013,#5016,#7099,.T.);
#5863=EDGE_CURVE('',#4682,#5017,#191,.T.);
#5864=EDGE_CURVE('',#5017,#5018,#7100,.T.);
#5865=EDGE_CURVE('',#5019,#5018,#7101,.T.);
#5866=EDGE_CURVE('',#4683,#5019,#7102,.T.);
#5867=EDGE_CURVE('',#5020,#5021,#7103,.T.);
#5868=EDGE_CURVE('',#5021,#4680,#192,.T.);
#5869=EDGE_CURVE('',#4679,#5022,#7104,.T.);
#5870=EDGE_CURVE('',#5020,#5022,#7105,.T.);
#5871=EDGE_CURVE('',#5023,#5024,#7106,.T.);
#5872=EDGE_CURVE('',#5023,#5025,#193,.T.);
#5873=EDGE_CURVE('',#5025,#5026,#7107,.T.);
#5874=EDGE_CURVE('',#5024,#5026,#7108,.T.);
#5875=EDGE_CURVE('',#5027,#5001,#194,.T.);
#5876=EDGE_CURVE('',#5028,#5027,#7109,.T.);
#5877=EDGE_CURVE('',#5028,#5029,#7110,.T.);
#5878=EDGE_CURVE('',#5029,#5030,#7111,.T.);
#5879=EDGE_CURVE('',#5030,#4725,#7112,.T.);
#5880=EDGE_CURVE('',#5002,#5005,#7113,.T.);
#5881=EDGE_CURVE('',#5009,#5031,#195,.T.);
#5882=EDGE_CURVE('',#5008,#5010,#7114,.T.);
#5883=EDGE_CURVE('',#5032,#4688,#7115,.T.);
#5884=EDGE_CURVE('',#5033,#5032,#7116,.T.);
#5885=EDGE_CURVE('',#5033,#5034,#7117,.T.);
#5886=EDGE_CURVE('',#5031,#5034,#7118,.T.);
#5887=EDGE_CURVE('',#5035,#5015,#196,.T.);
#5888=EDGE_CURVE('',#5036,#5035,#7119,.T.);
#5889=EDGE_CURVE('',#5036,#5037,#7120,.T.);
#5890=EDGE_CURVE('',#5037,#5038,#7121,.T.);
#5891=EDGE_CURVE('',#5038,#4722,#7122,.T.);
#5892=EDGE_CURVE('',#5016,#5019,#7123,.T.);
#5893=EDGE_CURVE('',#5023,#5039,#197,.T.);
#5894=EDGE_CURVE('',#5022,#5024,#7124,.T.);
#5895=EDGE_CURVE('',#5040,#4678,#7125,.T.);
#5896=EDGE_CURVE('',#5041,#5040,#7126,.T.);
#5897=EDGE_CURVE('',#5041,#5042,#7127,.T.);
#5898=EDGE_CURVE('',#5039,#5042,#7128,.T.);
#5899=EDGE_CURVE('',#5043,#5044,#7129,.T.);
#5900=EDGE_CURVE('',#5044,#5045,#7130,.T.);
#5901=EDGE_CURVE('',#5045,#5046,#2046,.T.);
#5902=EDGE_CURVE('',#5046,#5047,#7131,.T.);
#5903=EDGE_CURVE('',#5030,#5047,#7132,.T.);
#5904=EDGE_CURVE('',#5028,#5034,#2047,.T.);
#5905=EDGE_CURVE('',#5038,#5033,#7133,.T.);
#5906=EDGE_CURVE('',#5036,#5042,#2048,.T.);
#5907=EDGE_CURVE('',#4982,#5041,#7134,.T.);
#5908=EDGE_CURVE('',#4981,#5048,#7135,.T.);
#5909=EDGE_CURVE('',#5048,#5049,#2049,.T.);
#5910=EDGE_CURVE('',#5049,#5050,#2050,.T.);
#5911=EDGE_CURVE('',#5051,#5050,#7136,.T.);
#5912=EDGE_CURVE('',#5051,#5052,#2051,.T.);
#5913=EDGE_CURVE('',#5052,#5053,#2052,.T.);
#5914=EDGE_CURVE('',#5053,#4978,#7137,.T.);
#5915=EDGE_CURVE('',#4977,#4933,#7138,.T.);
#5916=EDGE_CURVE('',#4932,#5054,#7139,.T.);
#5917=EDGE_CURVE('',#5054,#5055,#2053,.T.);
#5918=EDGE_CURVE('',#5055,#5056,#7140,.T.);
#5919=EDGE_CURVE('',#5056,#5057,#2054,.T.);
#5920=EDGE_CURVE('',#5057,#4929,#7141,.T.);
#5921=EDGE_CURVE('',#5043,#4928,#7142,.T.);
#5922=EDGE_CURVE('',#5058,#4931,#7143,.T.);
#5923=EDGE_CURVE('',#5058,#5054,#7144,.T.);
#5924=EDGE_CURVE('',#5055,#5059,#7145,.T.);
#5925=EDGE_CURVE('',#5060,#5059,#7146,.T.);
#5926=EDGE_CURVE('',#5060,#5056,#7147,.T.);
#5927=EDGE_CURVE('',#5057,#5061,#7148,.T.);
#5928=EDGE_CURVE('',#4930,#5061,#7149,.T.);
#5929=EDGE_CURVE('',#5059,#5058,#2055,.T.);
#5930=EDGE_CURVE('',#5061,#5060,#2056,.T.);
#5931=EDGE_CURVE('',#5062,#4715,#7150,.T.);
#5932=EDGE_CURVE('',#4714,#4721,#7151,.T.);
#5933=EDGE_CURVE('',#5032,#5063,#7152,.T.);
#5934=EDGE_CURVE('',#5063,#4711,#7153,.T.);
#5935=EDGE_CURVE('',#4710,#4724,#7154,.T.);
#5936=EDGE_CURVE('',#5047,#5064,#7155,.T.);
#5937=EDGE_CURVE('',#5064,#5065,#7156,.T.);
#5938=EDGE_CURVE('',#5065,#4719,#7157,.T.);
#5939=EDGE_CURVE('',#4718,#4727,#7158,.T.);
#5940=EDGE_CURVE('',#5043,#4728,#7159,.T.);
#5941=EDGE_CURVE('',#4983,#4927,#7160,.T.);
#5942=EDGE_CURVE('',#5040,#5062,#7161,.T.);
#5943=EDGE_CURVE('',#4678,#5066,#7162,.T.);
#5944=EDGE_CURVE('',#5066,#5062,#7163,.T.);
#5945=EDGE_CURVE('',#5035,#4685,#198,.T.);
#5946=EDGE_CURVE('',#4687,#5039,#199,.T.);
#5947=EDGE_CURVE('',#5066,#4713,#7164,.T.);
#5948=EDGE_CURVE('',#5067,#5067,#2057,.T.);
#5949=EDGE_CURVE('',#5068,#5068,#2058,.T.);
#5950=EDGE_CURVE('',#5069,#5069,#2059,.T.);
#5951=EDGE_CURVE('',#4975,#4925,#7165,.T.);
#5952=EDGE_CURVE('',#4984,#4926,#7166,.T.);
#5953=EDGE_CURVE('',#4688,#5070,#7167,.T.);
#5954=EDGE_CURVE('',#5070,#5063,#7168,.T.);
#5955=EDGE_CURVE('',#5027,#4695,#200,.T.);
#5956=EDGE_CURVE('',#4697,#5031,#201,.T.);
#5957=EDGE_CURVE('',#5070,#4709,#7169,.T.);
#5958=EDGE_CURVE('',#4708,#4723,#7170,.T.);
#5959=EDGE_CURVE('',#5071,#5072,#7171,.T.);
#5960=EDGE_CURVE('',#5071,#5073,#2060,.T.);
#5961=EDGE_CURVE('',#5073,#5074,#7172,.T.);
#5962=EDGE_CURVE('',#5074,#5072,#151,.T.);
#5963=EDGE_CURVE('',#5073,#5071,#2061,.T.);
#5964=EDGE_CURVE('',#5072,#5074,#152,.T.);
#5965=EDGE_CURVE('',#4976,#4924,#7173,.T.);
#5966=EDGE_CURVE('',#5075,#5076,#153,.T.);
#5967=EDGE_CURVE('',#5076,#5075,#154,.T.);
#5968=EDGE_CURVE('',#5077,#5078,#155,.T.);
#5969=EDGE_CURVE('',#5078,#5077,#156,.T.);
#5970=EDGE_CURVE('',#5077,#5079,#7174,.T.);
#5971=EDGE_CURVE('',#5079,#5080,#2062,.T.);
#5972=EDGE_CURVE('',#5078,#5080,#7175,.T.);
#5973=EDGE_CURVE('',#5080,#5079,#2063,.T.);
#5974=EDGE_CURVE('',#4712,#4720,#7176,.T.);
#5975=EDGE_CURVE('',#5081,#5075,#7177,.T.);
#5976=EDGE_CURVE('',#5081,#5082,#2064,.T.);
#5977=EDGE_CURVE('',#5082,#5076,#7178,.T.);
#5978=EDGE_CURVE('',#5082,#5081,#2065,.T.);
#5979=EDGE_CURVE('',#4699,#5064,#7179,.T.);
#5980=EDGE_CURVE('',#4699,#5083,#7180,.T.);
#5981=EDGE_CURVE('',#5083,#5065,#7181,.T.);
#5982=EDGE_CURVE('',#5083,#4717,#7182,.T.);
#5983=EDGE_CURVE('',#4726,#4716,#7183,.T.);
#5984=EDGE_CURVE('',#4987,#5084,#202,.T.);
#5985=EDGE_CURVE('',#5045,#5084,#7184,.T.);
#5986=EDGE_CURVE('',#4988,#4991,#7185,.T.);
#5987=EDGE_CURVE('',#5084,#4705,#203,.T.);
#5988=EDGE_CURVE('',#4707,#5085,#204,.T.);
#5989=EDGE_CURVE('',#5085,#5046,#7186,.T.);
#5990=EDGE_CURVE('',#5085,#4995,#205,.T.);
#5991=EDGE_CURVE('',#4994,#4996,#7187,.T.);
#5992=EDGE_CURVE('',#5086,#5053,#7188,.T.);
#5993=EDGE_CURVE('',#4979,#5086,#7189,.T.);
#5994=EDGE_CURVE('',#5087,#5088,#2066,.T.);
#5995=EDGE_CURVE('',#5088,#5089,#2067,.T.);
#5996=EDGE_CURVE('',#5089,#4980,#7190,.T.);
#5997=EDGE_CURVE('',#5086,#5090,#2068,.T.);
#5998=EDGE_CURVE('',#5090,#5091,#2069,.T.);
#5999=EDGE_CURVE('',#5091,#5087,#7191,.T.);
#6000=EDGE_CURVE('',#5087,#5050,#7192,.T.);
#6001=EDGE_CURVE('',#5051,#5091,#7193,.T.);
#6002=EDGE_CURVE('',#5048,#5089,#7194,.T.);
#6003=EDGE_CURVE('',#5092,#5092,#2070,.T.);
#6004=EDGE_CURVE('',#5093,#5093,#206,.T.);
#6005=EDGE_CURVE('',#5094,#5094,#2071,.T.);
#6006=EDGE_CURVE('',#5095,#5095,#2072,.T.);
#6007=EDGE_CURVE('',#5096,#5096,#2073,.T.);
#6008=EDGE_CURVE('',#5097,#5097,#2074,.T.);
#6009=EDGE_CURVE('',#5098,#5098,#2075,.T.);
#6010=EDGE_CURVE('',#5099,#5099,#2076,.T.);
#6011=EDGE_CURVE('',#5100,#5100,#2077,.T.);
#6012=EDGE_CURVE('',#5020,#5026,#2078,.T.);
#6013=EDGE_CURVE('',#5013,#5018,#2079,.T.);
#6014=EDGE_CURVE('',#5006,#5012,#2080,.T.);
#6015=EDGE_CURVE('',#4999,#5004,#2081,.T.);
#6016=EDGE_CURVE('',#4992,#4998,#2082,.T.);
#6017=EDGE_CURVE('',#4985,#4990,#2083,.T.);
#6018=EDGE_CURVE('',#5101,#5102,#7195,.T.);
#6019=EDGE_CURVE('',#5102,#5103,#7196,.T.);
#6020=EDGE_CURVE('',#5103,#5104,#7197,.T.);
#6021=EDGE_CURVE('',#5101,#5104,#7198,.T.);
#6022=EDGE_CURVE('',#5102,#5105,#7199,.T.);
#6023=EDGE_CURVE('',#5105,#5106,#7200,.T.);
#6024=EDGE_CURVE('',#5106,#5103,#7201,.T.);
#6025=EDGE_CURVE('',#4935,#5107,#7202,.T.);
#6026=EDGE_CURVE('',#5107,#5108,#7203,.T.);
#6027=EDGE_CURVE('',#4934,#5108,#7204,.T.);
#6028=EDGE_CURVE('',#4938,#5109,#7205,.T.);
#6029=EDGE_CURVE('',#5109,#5107,#7206,.T.);
#6030=EDGE_CURVE('',#4937,#5110,#7207,.T.);
#6031=EDGE_CURVE('',#5110,#5109,#7208,.T.);
#6032=EDGE_CURVE('',#4936,#5111,#7209,.T.);
#6033=EDGE_CURVE('',#5111,#5110,#7210,.T.);
#6034=EDGE_CURVE('',#5108,#5111,#7211,.T.);
#6035=EDGE_CURVE('',#5105,#5101,#7212,.T.);
#6036=EDGE_CURVE('',#5104,#5106,#7213,.T.);
#6037=EDGE_CURVE('',#5112,#5113,#7214,.T.);
#6038=EDGE_CURVE('',#5113,#5114,#7215,.T.);
#6039=EDGE_CURVE('',#5114,#5115,#7216,.T.);
#6040=EDGE_CURVE('',#5112,#5115,#7217,.T.);
#6041=EDGE_CURVE('',#5113,#5116,#7218,.T.);
#6042=EDGE_CURVE('',#5116,#5117,#7219,.T.);
#6043=EDGE_CURVE('',#5117,#5114,#7220,.T.);
#6044=EDGE_CURVE('',#5116,#5118,#7221,.T.);
#6045=EDGE_CURVE('',#5118,#5119,#7222,.T.);
#6046=EDGE_CURVE('',#5119,#5117,#7223,.T.);
#6047=EDGE_CURVE('',#5118,#5120,#7224,.T.);
#6048=EDGE_CURVE('',#5120,#5121,#7225,.T.);
#6049=EDGE_CURVE('',#5121,#5119,#7226,.T.);
#6050=EDGE_CURVE('',#5120,#5122,#7227,.T.);
#6051=EDGE_CURVE('',#5122,#5123,#7228,.T.);
#6052=EDGE_CURVE('',#5123,#5121,#7229,.T.);
#6053=EDGE_CURVE('',#5122,#5124,#7230,.T.);
#6054=EDGE_CURVE('',#5124,#5125,#7231,.T.);
#6055=EDGE_CURVE('',#5125,#5123,#7232,.T.);
#6056=EDGE_CURVE('',#5124,#5126,#7233,.T.);
#6057=EDGE_CURVE('',#5126,#5127,#7234,.T.);
#6058=EDGE_CURVE('',#5127,#5125,#7235,.T.);
#6059=EDGE_CURVE('',#5126,#5128,#7236,.T.);
#6060=EDGE_CURVE('',#5128,#5129,#7237,.T.);
#6061=EDGE_CURVE('',#5129,#5127,#7238,.T.);
#6062=EDGE_CURVE('',#5128,#5130,#7239,.T.);
#6063=EDGE_CURVE('',#5130,#5131,#7240,.T.);
#6064=EDGE_CURVE('',#5131,#5129,#7241,.T.);
#6065=EDGE_CURVE('',#5130,#5132,#7242,.T.);
#6066=EDGE_CURVE('',#5132,#5133,#7243,.T.);
#6067=EDGE_CURVE('',#5133,#5131,#7244,.T.);
#6068=EDGE_CURVE('',#5132,#5134,#7245,.T.);
#6069=EDGE_CURVE('',#5134,#5135,#7246,.T.);
#6070=EDGE_CURVE('',#5135,#5133,#7247,.T.);
#6071=EDGE_CURVE('',#5134,#5136,#7248,.T.);
#6072=EDGE_CURVE('',#5136,#5137,#7249,.T.);
#6073=EDGE_CURVE('',#5137,#5135,#7250,.T.);
#6074=EDGE_CURVE('',#5136,#5138,#7251,.T.);
#6075=EDGE_CURVE('',#5138,#5139,#7252,.T.);
#6076=EDGE_CURVE('',#5139,#5137,#7253,.T.);
#6077=EDGE_CURVE('',#5138,#5140,#7254,.T.);
#6078=EDGE_CURVE('',#5140,#5141,#7255,.T.);
#6079=EDGE_CURVE('',#5141,#5139,#7256,.T.);
#6080=EDGE_CURVE('',#5140,#5142,#7257,.T.);
#6081=EDGE_CURVE('',#5142,#5143,#7258,.T.);
#6082=EDGE_CURVE('',#5143,#5141,#7259,.T.);
#6083=EDGE_CURVE('',#5142,#5144,#7260,.T.);
#6084=EDGE_CURVE('',#5144,#5145,#7261,.T.);
#6085=EDGE_CURVE('',#5145,#5143,#7262,.T.);
#6086=EDGE_CURVE('',#5144,#5146,#7263,.T.);
#6087=EDGE_CURVE('',#5146,#5147,#7264,.T.);
#6088=EDGE_CURVE('',#5147,#5145,#7265,.T.);
#6089=EDGE_CURVE('',#5146,#5148,#7266,.T.);
#6090=EDGE_CURVE('',#5148,#5149,#7267,.T.);
#6091=EDGE_CURVE('',#5149,#5147,#7268,.T.);
#6092=EDGE_CURVE('',#5148,#5150,#7269,.T.);
#6093=EDGE_CURVE('',#5150,#5151,#7270,.T.);
#6094=EDGE_CURVE('',#5151,#5149,#7271,.T.);
#6095=EDGE_CURVE('',#5150,#5152,#7272,.T.);
#6096=EDGE_CURVE('',#5152,#5153,#7273,.T.);
#6097=EDGE_CURVE('',#5153,#5151,#7274,.T.);
#6098=EDGE_CURVE('',#5152,#5154,#7275,.T.);
#6099=EDGE_CURVE('',#5154,#5155,#7276,.T.);
#6100=EDGE_CURVE('',#5155,#5153,#7277,.T.);
#6101=EDGE_CURVE('',#5154,#5156,#7278,.T.);
#6102=EDGE_CURVE('',#5156,#5157,#7279,.T.);
#6103=EDGE_CURVE('',#5157,#5155,#7280,.T.);
#6104=EDGE_CURVE('',#5156,#5158,#7281,.T.);
#6105=EDGE_CURVE('',#5158,#5159,#7282,.T.);
#6106=EDGE_CURVE('',#5159,#5157,#7283,.T.);
#6107=EDGE_CURVE('',#4892,#5160,#7284,.T.);
#6108=EDGE_CURVE('',#5160,#5161,#7285,.T.);
#6109=EDGE_CURVE('',#4891,#5161,#7286,.T.);
#6110=EDGE_CURVE('',#4923,#5162,#7287,.T.);
#6111=EDGE_CURVE('',#5162,#5160,#7288,.T.);
#6112=EDGE_CURVE('',#4922,#5163,#7289,.T.);
#6113=EDGE_CURVE('',#5163,#5162,#7290,.T.);
#6114=EDGE_CURVE('',#4921,#5164,#7291,.T.);
#6115=EDGE_CURVE('',#5164,#5163,#7292,.T.);
#6116=EDGE_CURVE('',#4920,#5165,#7293,.T.);
#6117=EDGE_CURVE('',#5165,#5164,#7294,.T.);
#6118=EDGE_CURVE('',#4919,#5166,#7295,.T.);
#6119=EDGE_CURVE('',#5166,#5165,#7296,.T.);
#6120=EDGE_CURVE('',#4918,#5167,#7297,.T.);
#6121=EDGE_CURVE('',#5167,#5166,#7298,.T.);
#6122=EDGE_CURVE('',#4917,#5168,#7299,.T.);
#6123=EDGE_CURVE('',#5168,#5167,#7300,.T.);
#6124=EDGE_CURVE('',#4916,#5169,#7301,.T.);
#6125=EDGE_CURVE('',#5169,#5168,#7302,.T.);
#6126=EDGE_CURVE('',#4915,#5170,#7303,.T.);
#6127=EDGE_CURVE('',#5170,#5169,#7304,.T.);
#6128=EDGE_CURVE('',#4914,#5171,#7305,.T.);
#6129=EDGE_CURVE('',#5171,#5170,#7306,.T.);
#6130=EDGE_CURVE('',#4913,#5172,#7307,.T.);
#6131=EDGE_CURVE('',#5172,#5171,#7308,.T.);
#6132=EDGE_CURVE('',#4912,#5173,#7309,.T.);
#6133=EDGE_CURVE('',#5173,#5172,#7310,.T.);
#6134=EDGE_CURVE('',#4911,#5174,#7311,.T.);
#6135=EDGE_CURVE('',#5174,#5173,#7312,.T.);
#6136=EDGE_CURVE('',#4910,#5175,#7313,.T.);
#6137=EDGE_CURVE('',#5175,#5174,#7314,.T.);
#6138=EDGE_CURVE('',#4909,#5176,#7315,.T.);
#6139=EDGE_CURVE('',#5176,#5175,#7316,.T.);
#6140=EDGE_CURVE('',#4908,#5177,#7317,.T.);
#6141=EDGE_CURVE('',#5177,#5176,#7318,.T.);
#6142=EDGE_CURVE('',#4907,#5178,#7319,.T.);
#6143=EDGE_CURVE('',#5178,#5177,#7320,.T.);
#6144=EDGE_CURVE('',#4906,#5179,#7321,.T.);
#6145=EDGE_CURVE('',#5179,#5178,#7322,.T.);
#6146=EDGE_CURVE('',#4905,#5180,#7323,.T.);
#6147=EDGE_CURVE('',#5180,#5179,#7324,.T.);
#6148=EDGE_CURVE('',#4904,#5181,#7325,.T.);
#6149=EDGE_CURVE('',#5181,#5180,#7326,.T.);
#6150=EDGE_CURVE('',#4903,#5182,#7327,.T.);
#6151=EDGE_CURVE('',#5182,#5181,#7328,.T.);
#6152=EDGE_CURVE('',#4902,#5183,#7329,.T.);
#6153=EDGE_CURVE('',#5183,#5182,#7330,.T.);
#6154=EDGE_CURVE('',#4901,#5184,#7331,.T.);
#6155=EDGE_CURVE('',#5184,#5183,#7332,.T.);
#6156=EDGE_CURVE('',#4900,#5185,#7333,.T.);
#6157=EDGE_CURVE('',#5185,#5184,#7334,.T.);
#6158=EDGE_CURVE('',#4899,#5186,#7335,.T.);
#6159=EDGE_CURVE('',#5186,#5185,#7336,.T.);
#6160=EDGE_CURVE('',#4898,#5187,#7337,.T.);
#6161=EDGE_CURVE('',#5187,#5186,#7338,.T.);
#6162=EDGE_CURVE('',#4897,#5188,#7339,.T.);
#6163=EDGE_CURVE('',#5188,#5187,#7340,.T.);
#6164=EDGE_CURVE('',#4896,#5189,#7341,.T.);
#6165=EDGE_CURVE('',#5189,#5188,#7342,.T.);
#6166=EDGE_CURVE('',#4895,#5190,#7343,.T.);
#6167=EDGE_CURVE('',#5190,#5189,#7344,.T.);
#6168=EDGE_CURVE('',#4894,#5191,#7345,.T.);
#6169=EDGE_CURVE('',#5191,#5190,#7346,.T.);
#6170=EDGE_CURVE('',#4893,#5192,#7347,.T.);
#6171=EDGE_CURVE('',#5192,#5191,#7348,.T.);
#6172=EDGE_CURVE('',#5161,#5192,#7349,.T.);
#6173=EDGE_CURVE('',#5158,#5112,#7350,.T.);
#6174=EDGE_CURVE('',#5115,#5159,#7351,.T.);
#6175=EDGE_CURVE('',#4880,#5193,#7352,.T.);
#6176=EDGE_CURVE('',#5193,#5194,#7353,.T.);
#6177=EDGE_CURVE('',#4879,#5194,#7354,.T.);
#6178=EDGE_CURVE('',#4890,#5195,#7355,.T.);
#6179=EDGE_CURVE('',#5195,#5193,#7356,.T.);
#6180=EDGE_CURVE('',#4889,#5196,#7357,.T.);
#6181=EDGE_CURVE('',#5196,#5195,#7358,.T.);
#6182=EDGE_CURVE('',#4888,#5197,#7359,.T.);
#6183=EDGE_CURVE('',#5197,#5196,#7360,.T.);
#6184=EDGE_CURVE('',#4887,#5198,#7361,.T.);
#6185=EDGE_CURVE('',#5198,#5197,#7362,.T.);
#6186=EDGE_CURVE('',#4886,#5199,#7363,.T.);
#6187=EDGE_CURVE('',#5199,#5198,#7364,.T.);
#6188=EDGE_CURVE('',#4885,#5200,#7365,.T.);
#6189=EDGE_CURVE('',#5200,#5199,#7366,.T.);
#6190=EDGE_CURVE('',#4884,#5201,#7367,.T.);
#6191=EDGE_CURVE('',#5201,#5200,#7368,.T.);
#6192=EDGE_CURVE('',#4883,#5202,#7369,.T.);
#6193=EDGE_CURVE('',#5202,#5201,#7370,.T.);
#6194=EDGE_CURVE('',#4882,#5203,#7371,.T.);
#6195=EDGE_CURVE('',#5203,#5202,#7372,.T.);
#6196=EDGE_CURVE('',#4881,#5204,#7373,.T.);
#6197=EDGE_CURVE('',#5204,#5203,#7374,.T.);
#6198=EDGE_CURVE('',#5194,#5204,#7375,.T.);
#6199=EDGE_CURVE('',#4870,#5205,#7376,.T.);
#6200=EDGE_CURVE('',#5205,#5206,#7377,.T.);
#6201=EDGE_CURVE('',#4869,#5206,#7378,.T.);
#6202=EDGE_CURVE('',#4878,#5207,#7379,.T.);
#6203=EDGE_CURVE('',#5207,#5205,#7380,.T.);
#6204=EDGE_CURVE('',#4877,#5208,#7381,.T.);
#6205=EDGE_CURVE('',#5208,#5207,#7382,.T.);
#6206=EDGE_CURVE('',#4876,#5209,#7383,.T.);
#6207=EDGE_CURVE('',#5209,#5208,#7384,.T.);
#6208=EDGE_CURVE('',#4875,#5210,#7385,.T.);
#6209=EDGE_CURVE('',#5210,#5209,#7386,.T.);
#6210=EDGE_CURVE('',#4874,#5211,#7387,.T.);
#6211=EDGE_CURVE('',#5211,#5210,#7388,.T.);
#6212=EDGE_CURVE('',#4873,#5212,#7389,.T.);
#6213=EDGE_CURVE('',#5212,#5211,#7390,.T.);
#6214=EDGE_CURVE('',#4872,#5213,#7391,.T.);
#6215=EDGE_CURVE('',#5213,#5212,#7392,.T.);
#6216=EDGE_CURVE('',#4871,#5214,#7393,.T.);
#6217=EDGE_CURVE('',#5214,#5213,#7394,.T.);
#6218=EDGE_CURVE('',#5206,#5214,#7395,.T.);
#6219=EDGE_CURVE('',#4810,#5215,#7396,.T.);
#6220=EDGE_CURVE('',#5215,#5216,#7397,.T.);
#6221=EDGE_CURVE('',#4809,#5216,#7398,.T.);
#6222=EDGE_CURVE('',#4868,#5217,#7399,.T.);
#6223=EDGE_CURVE('',#5217,#5215,#7400,.T.);
#6224=EDGE_CURVE('',#4867,#5218,#7401,.T.);
#6225=EDGE_CURVE('',#5218,#5217,#7402,.T.);
#6226=EDGE_CURVE('',#4866,#5219,#7403,.T.);
#6227=EDGE_CURVE('',#5219,#5218,#7404,.T.);
#6228=EDGE_CURVE('',#4865,#5220,#7405,.T.);
#6229=EDGE_CURVE('',#5220,#5219,#7406,.T.);
#6230=EDGE_CURVE('',#4864,#5221,#7407,.T.);
#6231=EDGE_CURVE('',#5221,#5220,#7408,.T.);
#6232=EDGE_CURVE('',#4863,#5222,#7409,.T.);
#6233=EDGE_CURVE('',#5222,#5221,#7410,.T.);
#6234=EDGE_CURVE('',#4862,#5223,#7411,.T.);
#6235=EDGE_CURVE('',#5223,#5222,#7412,.T.);
#6236=EDGE_CURVE('',#4861,#5224,#7413,.T.);
#6237=EDGE_CURVE('',#5224,#5223,#7414,.T.);
#6238=EDGE_CURVE('',#4860,#5225,#7415,.T.);
#6239=EDGE_CURVE('',#5225,#5224,#7416,.T.);
#6240=EDGE_CURVE('',#4859,#5226,#7417,.T.);
#6241=EDGE_CURVE('',#5226,#5225,#7418,.T.);
#6242=EDGE_CURVE('',#4858,#5227,#7419,.T.);
#6243=EDGE_CURVE('',#5227,#5226,#7420,.T.);
#6244=EDGE_CURVE('',#4857,#5228,#7421,.T.);
#6245=EDGE_CURVE('',#5228,#5227,#7422,.T.);
#6246=EDGE_CURVE('',#4856,#5229,#7423,.T.);
#6247=EDGE_CURVE('',#5229,#5228,#7424,.T.);
#6248=EDGE_CURVE('',#4855,#5230,#7425,.T.);
#6249=EDGE_CURVE('',#5230,#5229,#7426,.T.);
#6250=EDGE_CURVE('',#4854,#5231,#7427,.T.);
#6251=EDGE_CURVE('',#5231,#5230,#7428,.T.);
#6252=EDGE_CURVE('',#4853,#5232,#7429,.T.);
#6253=EDGE_CURVE('',#5232,#5231,#7430,.T.);
#6254=EDGE_CURVE('',#4852,#5233,#7431,.T.);
#6255=EDGE_CURVE('',#5233,#5232,#7432,.T.);
#6256=EDGE_CURVE('',#4851,#5234,#7433,.T.);
#6257=EDGE_CURVE('',#5234,#5233,#7434,.T.);
#6258=EDGE_CURVE('',#4850,#5235,#7435,.T.);
#6259=EDGE_CURVE('',#5235,#5234,#7436,.T.);
#6260=EDGE_CURVE('',#4849,#5236,#7437,.T.);
#6261=EDGE_CURVE('',#5236,#5235,#7438,.T.);
#6262=EDGE_CURVE('',#4848,#5237,#7439,.T.);
#6263=EDGE_CURVE('',#5237,#5236,#7440,.T.);
#6264=EDGE_CURVE('',#4847,#5238,#7441,.T.);
#6265=EDGE_CURVE('',#5238,#5237,#7442,.T.);
#6266=EDGE_CURVE('',#4846,#5239,#7443,.T.);
#6267=EDGE_CURVE('',#5239,#5238,#7444,.T.);
#6268=EDGE_CURVE('',#4845,#5240,#7445,.T.);
#6269=EDGE_CURVE('',#5240,#5239,#7446,.T.);
#6270=EDGE_CURVE('',#4844,#5241,#7447,.T.);
#6271=EDGE_CURVE('',#5241,#5240,#7448,.T.);
#6272=EDGE_CURVE('',#4843,#5242,#7449,.T.);
#6273=EDGE_CURVE('',#5242,#5241,#7450,.T.);
#6274=EDGE_CURVE('',#4842,#5243,#7451,.T.);
#6275=EDGE_CURVE('',#5243,#5242,#7452,.T.);
#6276=EDGE_CURVE('',#4841,#5244,#7453,.T.);
#6277=EDGE_CURVE('',#5244,#5243,#7454,.T.);
#6278=EDGE_CURVE('',#4840,#5245,#7455,.T.);
#6279=EDGE_CURVE('',#5245,#5244,#7456,.T.);
#6280=EDGE_CURVE('',#4839,#5246,#7457,.T.);
#6281=EDGE_CURVE('',#5246,#5245,#7458,.T.);
#6282=EDGE_CURVE('',#4838,#5247,#7459,.T.);
#6283=EDGE_CURVE('',#5247,#5246,#7460,.T.);
#6284=EDGE_CURVE('',#4837,#5248,#7461,.T.);
#6285=EDGE_CURVE('',#5248,#5247,#7462,.T.);
#6286=EDGE_CURVE('',#4836,#5249,#7463,.T.);
#6287=EDGE_CURVE('',#5249,#5248,#7464,.T.);
#6288=EDGE_CURVE('',#4835,#5250,#7465,.T.);
#6289=EDGE_CURVE('',#5250,#5249,#7466,.T.);
#6290=EDGE_CURVE('',#4834,#5251,#7467,.T.);
#6291=EDGE_CURVE('',#5251,#5250,#7468,.T.);
#6292=EDGE_CURVE('',#4833,#5252,#7469,.T.);
#6293=EDGE_CURVE('',#5252,#5251,#7470,.T.);
#6294=EDGE_CURVE('',#4832,#5253,#7471,.T.);
#6295=EDGE_CURVE('',#5253,#5252,#7472,.T.);
#6296=EDGE_CURVE('',#4831,#5254,#7473,.T.);
#6297=EDGE_CURVE('',#5254,#5253,#7474,.T.);
#6298=EDGE_CURVE('',#4830,#5255,#7475,.T.);
#6299=EDGE_CURVE('',#5255,#5254,#7476,.T.);
#6300=EDGE_CURVE('',#4829,#5256,#7477,.T.);
#6301=EDGE_CURVE('',#5256,#5255,#7478,.T.);
#6302=EDGE_CURVE('',#4828,#5257,#7479,.T.);
#6303=EDGE_CURVE('',#5257,#5256,#7480,.T.);
#6304=EDGE_CURVE('',#4827,#5258,#7481,.T.);
#6305=EDGE_CURVE('',#5258,#5257,#7482,.T.);
#6306=EDGE_CURVE('',#4826,#5259,#7483,.T.);
#6307=EDGE_CURVE('',#5259,#5258,#7484,.T.);
#6308=EDGE_CURVE('',#4825,#5260,#7485,.T.);
#6309=EDGE_CURVE('',#5260,#5259,#7486,.T.);
#6310=EDGE_CURVE('',#4824,#5261,#7487,.T.);
#6311=EDGE_CURVE('',#5261,#5260,#7488,.T.);
#6312=EDGE_CURVE('',#4823,#5262,#7489,.T.);
#6313=EDGE_CURVE('',#5262,#5261,#7490,.T.);
#6314=EDGE_CURVE('',#4822,#5263,#7491,.T.);
#6315=EDGE_CURVE('',#5263,#5262,#7492,.T.);
#6316=EDGE_CURVE('',#4821,#5264,#7493,.T.);
#6317=EDGE_CURVE('',#5264,#5263,#7494,.T.);
#6318=EDGE_CURVE('',#4820,#5265,#7495,.T.);
#6319=EDGE_CURVE('',#5265,#5264,#7496,.T.);
#6320=EDGE_CURVE('',#4819,#5266,#7497,.T.);
#6321=EDGE_CURVE('',#5266,#5265,#7498,.T.);
#6322=EDGE_CURVE('',#4818,#5267,#7499,.T.);
#6323=EDGE_CURVE('',#5267,#5266,#7500,.T.);
#6324=EDGE_CURVE('',#4817,#5268,#7501,.T.);
#6325=EDGE_CURVE('',#5268,#5267,#7502,.T.);
#6326=EDGE_CURVE('',#4816,#5269,#7503,.T.);
#6327=EDGE_CURVE('',#5269,#5268,#7504,.T.);
#6328=EDGE_CURVE('',#4815,#5270,#7505,.T.);
#6329=EDGE_CURVE('',#5270,#5269,#7506,.T.);
#6330=EDGE_CURVE('',#4814,#5271,#7507,.T.);
#6331=EDGE_CURVE('',#5271,#5270,#7508,.T.);
#6332=EDGE_CURVE('',#4813,#5272,#7509,.T.);
#6333=EDGE_CURVE('',#5272,#5271,#7510,.T.);
#6334=EDGE_CURVE('',#4812,#5273,#7511,.T.);
#6335=EDGE_CURVE('',#5273,#5272,#7512,.T.);
#6336=EDGE_CURVE('',#4811,#5274,#7513,.T.);
#6337=EDGE_CURVE('',#5274,#5273,#7514,.T.);
#6338=EDGE_CURVE('',#5216,#5274,#7515,.T.);
#6339=EDGE_CURVE('',#4730,#5275,#7516,.T.);
#6340=EDGE_CURVE('',#5275,#5276,#7517,.T.);
#6341=EDGE_CURVE('',#4729,#5276,#7518,.T.);
#6342=EDGE_CURVE('',#4808,#5277,#7519,.T.);
#6343=EDGE_CURVE('',#5277,#5275,#7520,.T.);
#6344=EDGE_CURVE('',#4807,#5278,#7521,.T.);
#6345=EDGE_CURVE('',#5278,#5277,#7522,.T.);
#6346=EDGE_CURVE('',#4806,#5279,#7523,.T.);
#6347=EDGE_CURVE('',#5279,#5278,#7524,.T.);
#6348=EDGE_CURVE('',#4805,#5280,#7525,.T.);
#6349=EDGE_CURVE('',#5280,#5279,#7526,.T.);
#6350=EDGE_CURVE('',#4804,#5281,#7527,.T.);
#6351=EDGE_CURVE('',#5281,#5280,#7528,.T.);
#6352=EDGE_CURVE('',#4803,#5282,#7529,.T.);
#6353=EDGE_CURVE('',#5282,#5281,#7530,.T.);
#6354=EDGE_CURVE('',#4802,#5283,#7531,.T.);
#6355=EDGE_CURVE('',#5283,#5282,#7532,.T.);
#6356=EDGE_CURVE('',#4801,#5284,#7533,.T.);
#6357=EDGE_CURVE('',#5284,#5283,#7534,.T.);
#6358=EDGE_CURVE('',#4800,#5285,#7535,.T.);
#6359=EDGE_CURVE('',#5285,#5284,#7536,.T.);
#6360=EDGE_CURVE('',#4799,#5286,#7537,.T.);
#6361=EDGE_CURVE('',#5286,#5285,#7538,.T.);
#6362=EDGE_CURVE('',#4798,#5287,#7539,.T.);
#6363=EDGE_CURVE('',#5287,#5286,#7540,.T.);
#6364=EDGE_CURVE('',#4797,#5288,#7541,.T.);
#6365=EDGE_CURVE('',#5288,#5287,#7542,.T.);
#6366=EDGE_CURVE('',#4796,#5289,#7543,.T.);
#6367=EDGE_CURVE('',#5289,#5288,#7544,.T.);
#6368=EDGE_CURVE('',#4795,#5290,#7545,.T.);
#6369=EDGE_CURVE('',#5290,#5289,#7546,.T.);
#6370=EDGE_CURVE('',#4794,#5291,#7547,.T.);
#6371=EDGE_CURVE('',#5291,#5290,#7548,.T.);
#6372=EDGE_CURVE('',#4793,#5292,#7549,.T.);
#6373=EDGE_CURVE('',#5292,#5291,#7550,.T.);
#6374=EDGE_CURVE('',#4792,#5293,#7551,.T.);
#6375=EDGE_CURVE('',#5293,#5292,#7552,.T.);
#6376=EDGE_CURVE('',#4791,#5294,#7553,.T.);
#6377=EDGE_CURVE('',#5294,#5293,#7554,.T.);
#6378=EDGE_CURVE('',#4790,#5295,#7555,.T.);
#6379=EDGE_CURVE('',#5295,#5294,#7556,.T.);
#6380=EDGE_CURVE('',#4789,#5296,#7557,.T.);
#6381=EDGE_CURVE('',#5296,#5295,#7558,.T.);
#6382=EDGE_CURVE('',#4788,#5297,#7559,.T.);
#6383=EDGE_CURVE('',#5297,#5296,#7560,.T.);
#6384=EDGE_CURVE('',#4787,#5298,#7561,.T.);
#6385=EDGE_CURVE('',#5298,#5297,#7562,.T.);
#6386=EDGE_CURVE('',#4786,#5299,#7563,.T.);
#6387=EDGE_CURVE('',#5299,#5298,#7564,.T.);
#6388=EDGE_CURVE('',#4785,#5300,#7565,.T.);
#6389=EDGE_CURVE('',#5300,#5299,#7566,.T.);
#6390=EDGE_CURVE('',#4784,#5301,#7567,.T.);
#6391=EDGE_CURVE('',#5301,#5300,#7568,.T.);
#6392=EDGE_CURVE('',#4783,#5302,#7569,.T.);
#6393=EDGE_CURVE('',#5302,#5301,#7570,.T.);
#6394=EDGE_CURVE('',#4782,#5303,#7571,.T.);
#6395=EDGE_CURVE('',#5303,#5302,#7572,.T.);
#6396=EDGE_CURVE('',#4781,#5304,#7573,.T.);
#6397=EDGE_CURVE('',#5304,#5303,#7574,.T.);
#6398=EDGE_CURVE('',#4780,#5305,#7575,.T.);
#6399=EDGE_CURVE('',#5305,#5304,#7576,.T.);
#6400=EDGE_CURVE('',#4779,#5306,#7577,.T.);
#6401=EDGE_CURVE('',#5306,#5305,#7578,.T.);
#6402=EDGE_CURVE('',#4778,#5307,#7579,.T.);
#6403=EDGE_CURVE('',#5307,#5306,#7580,.T.);
#6404=EDGE_CURVE('',#4777,#5308,#7581,.T.);
#6405=EDGE_CURVE('',#5308,#5307,#7582,.T.);
#6406=EDGE_CURVE('',#4776,#5309,#7583,.T.);
#6407=EDGE_CURVE('',#5309,#5308,#7584,.T.);
#6408=EDGE_CURVE('',#4775,#5310,#7585,.T.);
#6409=EDGE_CURVE('',#5310,#5309,#7586,.T.);
#6410=EDGE_CURVE('',#4774,#5311,#7587,.T.);
#6411=EDGE_CURVE('',#5311,#5310,#7588,.T.);
#6412=EDGE_CURVE('',#4773,#5312,#7589,.T.);
#6413=EDGE_CURVE('',#5312,#5311,#7590,.T.);
#6414=EDGE_CURVE('',#4772,#5313,#7591,.T.);
#6415=EDGE_CURVE('',#5313,#5312,#7592,.T.);
#6416=EDGE_CURVE('',#4771,#5314,#7593,.T.);
#6417=EDGE_CURVE('',#5314,#5313,#7594,.T.);
#6418=EDGE_CURVE('',#4770,#5315,#7595,.T.);
#6419=EDGE_CURVE('',#5315,#5314,#7596,.T.);
#6420=EDGE_CURVE('',#4769,#5316,#7597,.T.);
#6421=EDGE_CURVE('',#5316,#5315,#7598,.T.);
#6422=EDGE_CURVE('',#4768,#5317,#7599,.T.);
#6423=EDGE_CURVE('',#5317,#5316,#7600,.T.);
#6424=EDGE_CURVE('',#4767,#5318,#7601,.T.);
#6425=EDGE_CURVE('',#5318,#5317,#7602,.T.);
#6426=EDGE_CURVE('',#4766,#5319,#7603,.T.);
#6427=EDGE_CURVE('',#5319,#5318,#7604,.T.);
#6428=EDGE_CURVE('',#4765,#5320,#7605,.T.);
#6429=EDGE_CURVE('',#5320,#5319,#7606,.T.);
#6430=EDGE_CURVE('',#4764,#5321,#7607,.T.);
#6431=EDGE_CURVE('',#5321,#5320,#7608,.T.);
#6432=EDGE_CURVE('',#4763,#5322,#7609,.T.);
#6433=EDGE_CURVE('',#5322,#5321,#7610,.T.);
#6434=EDGE_CURVE('',#4762,#5323,#7611,.T.);
#6435=EDGE_CURVE('',#5323,#5322,#7612,.T.);
#6436=EDGE_CURVE('',#4761,#5324,#7613,.T.);
#6437=EDGE_CURVE('',#5324,#5323,#7614,.T.);
#6438=EDGE_CURVE('',#4760,#5325,#7615,.T.);
#6439=EDGE_CURVE('',#5325,#5324,#7616,.T.);
#6440=EDGE_CURVE('',#4759,#5326,#7617,.T.);
#6441=EDGE_CURVE('',#5326,#5325,#7618,.T.);
#6442=EDGE_CURVE('',#4758,#5327,#7619,.T.);
#6443=EDGE_CURVE('',#5327,#5326,#7620,.T.);
#6444=EDGE_CURVE('',#4757,#5328,#7621,.T.);
#6445=EDGE_CURVE('',#5328,#5327,#7622,.T.);
#6446=EDGE_CURVE('',#4756,#5329,#7623,.T.);
#6447=EDGE_CURVE('',#5329,#5328,#7624,.T.);
#6448=EDGE_CURVE('',#4755,#5330,#7625,.T.);
#6449=EDGE_CURVE('',#5330,#5329,#7626,.T.);
#6450=EDGE_CURVE('',#4754,#5331,#7627,.T.);
#6451=EDGE_CURVE('',#5331,#5330,#7628,.T.);
#6452=EDGE_CURVE('',#4753,#5332,#7629,.T.);
#6453=EDGE_CURVE('',#5332,#5331,#7630,.T.);
#6454=EDGE_CURVE('',#4752,#5333,#7631,.T.);
#6455=EDGE_CURVE('',#5333,#5332,#7632,.T.);
#6456=EDGE_CURVE('',#4751,#5334,#7633,.T.);
#6457=EDGE_CURVE('',#5334,#5333,#7634,.T.);
#6458=EDGE_CURVE('',#4750,#5335,#7635,.T.);
#6459=EDGE_CURVE('',#5335,#5334,#7636,.T.);
#6460=EDGE_CURVE('',#4749,#5336,#7637,.T.);
#6461=EDGE_CURVE('',#5336,#5335,#7638,.T.);
#6462=EDGE_CURVE('',#4748,#5337,#7639,.T.);
#6463=EDGE_CURVE('',#5337,#5336,#7640,.T.);
#6464=EDGE_CURVE('',#4747,#5338,#7641,.T.);
#6465=EDGE_CURVE('',#5338,#5337,#7642,.T.);
#6466=EDGE_CURVE('',#4746,#5339,#7643,.T.);
#6467=EDGE_CURVE('',#5339,#5338,#7644,.T.);
#6468=EDGE_CURVE('',#4745,#5340,#7645,.T.);
#6469=EDGE_CURVE('',#5340,#5339,#7646,.T.);
#6470=EDGE_CURVE('',#4744,#5341,#7647,.T.);
#6471=EDGE_CURVE('',#5341,#5340,#7648,.T.);
#6472=EDGE_CURVE('',#4743,#5342,#7649,.T.);
#6473=EDGE_CURVE('',#5342,#5341,#7650,.T.);
#6474=EDGE_CURVE('',#4742,#5343,#7651,.T.);
#6475=EDGE_CURVE('',#5343,#5342,#7652,.T.);
#6476=EDGE_CURVE('',#4741,#5344,#7653,.T.);
#6477=EDGE_CURVE('',#5344,#5343,#7654,.T.);
#6478=EDGE_CURVE('',#4740,#5345,#7655,.T.);
#6479=EDGE_CURVE('',#5345,#5344,#7656,.T.);
#6480=EDGE_CURVE('',#4739,#5346,#7657,.T.);
#6481=EDGE_CURVE('',#5346,#5345,#7658,.T.);
#6482=EDGE_CURVE('',#4738,#5347,#7659,.T.);
#6483=EDGE_CURVE('',#5347,#5346,#7660,.T.);
#6484=EDGE_CURVE('',#4737,#5348,#7661,.T.);
#6485=EDGE_CURVE('',#5348,#5347,#7662,.T.);
#6486=EDGE_CURVE('',#4736,#5349,#7663,.T.);
#6487=EDGE_CURVE('',#5349,#5348,#7664,.T.);
#6488=EDGE_CURVE('',#4735,#5350,#7665,.T.);
#6489=EDGE_CURVE('',#5350,#5349,#7666,.T.);
#6490=EDGE_CURVE('',#4734,#5351,#7667,.T.);
#6491=EDGE_CURVE('',#5351,#5350,#7668,.T.);
#6492=EDGE_CURVE('',#4733,#5352,#7669,.T.);
#6493=EDGE_CURVE('',#5352,#5351,#7670,.T.);
#6494=EDGE_CURVE('',#4732,#5353,#7671,.T.);
#6495=EDGE_CURVE('',#5353,#5352,#7672,.T.);
#6496=EDGE_CURVE('',#4731,#5354,#7673,.T.);
#6497=EDGE_CURVE('',#5354,#5353,#7674,.T.);
#6498=EDGE_CURVE('',#5276,#5354,#7675,.T.);
#6499=EDGE_CURVE('',#5355,#5356,#7676,.T.);
#6500=EDGE_CURVE('',#5356,#5357,#7677,.T.);
#6501=EDGE_CURVE('',#5357,#5358,#7678,.T.);
#6502=EDGE_CURVE('',#5355,#5358,#7679,.T.);
#6503=EDGE_CURVE('',#5356,#5359,#7680,.T.);
#6504=EDGE_CURVE('',#5359,#5360,#7681,.T.);
#6505=EDGE_CURVE('',#5360,#5357,#7682,.T.);
#6506=EDGE_CURVE('',#5359,#5361,#7683,.T.);
#6507=EDGE_CURVE('',#5361,#5362,#7684,.T.);
#6508=EDGE_CURVE('',#5362,#5360,#7685,.T.);
#6509=EDGE_CURVE('',#5361,#5363,#7686,.T.);
#6510=EDGE_CURVE('',#5363,#5364,#7687,.T.);
#6511=EDGE_CURVE('',#5364,#5362,#7688,.T.);
#6512=EDGE_CURVE('',#5363,#5365,#7689,.T.);
#6513=EDGE_CURVE('',#5365,#5366,#7690,.T.);
#6514=EDGE_CURVE('',#5366,#5364,#7691,.T.);
#6515=EDGE_CURVE('',#5365,#5367,#7692,.T.);
#6516=EDGE_CURVE('',#5367,#5368,#7693,.T.);
#6517=EDGE_CURVE('',#5368,#5366,#7694,.T.);
#6518=EDGE_CURVE('',#5367,#5369,#7695,.T.);
#6519=EDGE_CURVE('',#5369,#5370,#7696,.T.);
#6520=EDGE_CURVE('',#5370,#5368,#7697,.T.);
#6521=EDGE_CURVE('',#5369,#5371,#7698,.T.);
#6522=EDGE_CURVE('',#5371,#5372,#7699,.T.);
#6523=EDGE_CURVE('',#5372,#5370,#7700,.T.);
#6524=EDGE_CURVE('',#5371,#5373,#7701,.T.);
#6525=EDGE_CURVE('',#5373,#5374,#7702,.T.);
#6526=EDGE_CURVE('',#5374,#5372,#7703,.T.);
#6527=EDGE_CURVE('',#5373,#5375,#7704,.T.);
#6528=EDGE_CURVE('',#5375,#5376,#7705,.T.);
#6529=EDGE_CURVE('',#5376,#5374,#7706,.T.);
#6530=EDGE_CURVE('',#5375,#5377,#7707,.T.);
#6531=EDGE_CURVE('',#5377,#5378,#7708,.T.);
#6532=EDGE_CURVE('',#5378,#5376,#7709,.T.);
#6533=EDGE_CURVE('',#5377,#5379,#7710,.T.);
#6534=EDGE_CURVE('',#5379,#5380,#7711,.T.);
#6535=EDGE_CURVE('',#5380,#5378,#7712,.T.);
#6536=EDGE_CURVE('',#5379,#5381,#7713,.T.);
#6537=EDGE_CURVE('',#5381,#5382,#7714,.T.);
#6538=EDGE_CURVE('',#5382,#5380,#7715,.T.);
#6539=EDGE_CURVE('',#5381,#5383,#7716,.T.);
#6540=EDGE_CURVE('',#5383,#5384,#7717,.T.);
#6541=EDGE_CURVE('',#5384,#5382,#7718,.T.);
#6542=EDGE_CURVE('',#5383,#5385,#7719,.T.);
#6543=EDGE_CURVE('',#5385,#5386,#7720,.T.);
#6544=EDGE_CURVE('',#5386,#5384,#7721,.T.);
#6545=EDGE_CURVE('',#5385,#5387,#7722,.T.);
#6546=EDGE_CURVE('',#5387,#5388,#7723,.T.);
#6547=EDGE_CURVE('',#5388,#5386,#7724,.T.);
#6548=EDGE_CURVE('',#5387,#5389,#7725,.T.);
#6549=EDGE_CURVE('',#5389,#5390,#7726,.T.);
#6550=EDGE_CURVE('',#5390,#5388,#7727,.T.);
#6551=EDGE_CURVE('',#5389,#5391,#7728,.T.);
#6552=EDGE_CURVE('',#5391,#5392,#7729,.T.);
#6553=EDGE_CURVE('',#5392,#5390,#7730,.T.);
#6554=EDGE_CURVE('',#5391,#5393,#7731,.T.);
#6555=EDGE_CURVE('',#5393,#5394,#7732,.T.);
#6556=EDGE_CURVE('',#5394,#5392,#7733,.T.);
#6557=EDGE_CURVE('',#5393,#5395,#7734,.T.);
#6558=EDGE_CURVE('',#5395,#5396,#7735,.T.);
#6559=EDGE_CURVE('',#5396,#5394,#7736,.T.);
#6560=EDGE_CURVE('',#5395,#5397,#7737,.T.);
#6561=EDGE_CURVE('',#5397,#5398,#7738,.T.);
#6562=EDGE_CURVE('',#5398,#5396,#7739,.T.);
#6563=EDGE_CURVE('',#5397,#5399,#7740,.T.);
#6564=EDGE_CURVE('',#5399,#5400,#7741,.T.);
#6565=EDGE_CURVE('',#5400,#5398,#7742,.T.);
#6566=EDGE_CURVE('',#5399,#5401,#7743,.T.);
#6567=EDGE_CURVE('',#5401,#5402,#7744,.T.);
#6568=EDGE_CURVE('',#5402,#5400,#7745,.T.);
#6569=EDGE_CURVE('',#5401,#5403,#7746,.T.);
#6570=EDGE_CURVE('',#5403,#5404,#7747,.T.);
#6571=EDGE_CURVE('',#5404,#5402,#7748,.T.);
#6572=EDGE_CURVE('',#5403,#5405,#7749,.T.);
#6573=EDGE_CURVE('',#5405,#5406,#7750,.T.);
#6574=EDGE_CURVE('',#5406,#5404,#7751,.T.);
#6575=EDGE_CURVE('',#5405,#5407,#7752,.T.);
#6576=EDGE_CURVE('',#5407,#5408,#7753,.T.);
#6577=EDGE_CURVE('',#5408,#5406,#7754,.T.);
#6578=EDGE_CURVE('',#4940,#5409,#7755,.T.);
#6579=EDGE_CURVE('',#5409,#5410,#7756,.T.);
#6580=EDGE_CURVE('',#4939,#5410,#7757,.T.);
#6581=EDGE_CURVE('',#4974,#5411,#7758,.T.);
#6582=EDGE_CURVE('',#5411,#5409,#7759,.T.);
#6583=EDGE_CURVE('',#4973,#5412,#7760,.T.);
#6584=EDGE_CURVE('',#5412,#5411,#7761,.T.);
#6585=EDGE_CURVE('',#4972,#5413,#7762,.T.);
#6586=EDGE_CURVE('',#5413,#5412,#7763,.T.);
#6587=EDGE_CURVE('',#4971,#5414,#7764,.T.);
#6588=EDGE_CURVE('',#5414,#5413,#7765,.T.);
#6589=EDGE_CURVE('',#4970,#5415,#7766,.T.);
#6590=EDGE_CURVE('',#5415,#5414,#7767,.T.);
#6591=EDGE_CURVE('',#4969,#5416,#7768,.T.);
#6592=EDGE_CURVE('',#5416,#5415,#7769,.T.);
#6593=EDGE_CURVE('',#4968,#5417,#7770,.T.);
#6594=EDGE_CURVE('',#5417,#5416,#7771,.T.);
#6595=EDGE_CURVE('',#4967,#5418,#7772,.T.);
#6596=EDGE_CURVE('',#5418,#5417,#7773,.T.);
#6597=EDGE_CURVE('',#4966,#5419,#7774,.T.);
#6598=EDGE_CURVE('',#5419,#5418,#7775,.T.);
#6599=EDGE_CURVE('',#4965,#5420,#7776,.T.);
#6600=EDGE_CURVE('',#5420,#5419,#7777,.T.);
#6601=EDGE_CURVE('',#4964,#5421,#7778,.T.);
#6602=EDGE_CURVE('',#5421,#5420,#7779,.T.);
#6603=EDGE_CURVE('',#4963,#5422,#7780,.T.);
#6604=EDGE_CURVE('',#5422,#5421,#7781,.T.);
#6605=EDGE_CURVE('',#4962,#5423,#7782,.T.);
#6606=EDGE_CURVE('',#5423,#5422,#7783,.T.);
#6607=EDGE_CURVE('',#4961,#5424,#7784,.T.);
#6608=EDGE_CURVE('',#5424,#5423,#7785,.T.);
#6609=EDGE_CURVE('',#4960,#5425,#7786,.T.);
#6610=EDGE_CURVE('',#5425,#5424,#7787,.T.);
#6611=EDGE_CURVE('',#4959,#5426,#7788,.T.);
#6612=EDGE_CURVE('',#5426,#5425,#7789,.T.);
#6613=EDGE_CURVE('',#4958,#5427,#7790,.T.);
#6614=EDGE_CURVE('',#5427,#5426,#7791,.T.);
#6615=EDGE_CURVE('',#4957,#5428,#7792,.T.);
#6616=EDGE_CURVE('',#5428,#5427,#7793,.T.);
#6617=EDGE_CURVE('',#4956,#5429,#7794,.T.);
#6618=EDGE_CURVE('',#5429,#5428,#7795,.T.);
#6619=EDGE_CURVE('',#4955,#5430,#7796,.T.);
#6620=EDGE_CURVE('',#5430,#5429,#7797,.T.);
#6621=EDGE_CURVE('',#4954,#5431,#7798,.T.);
#6622=EDGE_CURVE('',#5431,#5430,#7799,.T.);
#6623=EDGE_CURVE('',#4953,#5432,#7800,.T.);
#6624=EDGE_CURVE('',#5432,#5431,#7801,.T.);
#6625=EDGE_CURVE('',#4952,#5433,#7802,.T.);
#6626=EDGE_CURVE('',#5433,#5432,#7803,.T.);
#6627=EDGE_CURVE('',#4951,#5434,#7804,.T.);
#6628=EDGE_CURVE('',#5434,#5433,#7805,.T.);
#6629=EDGE_CURVE('',#4950,#5435,#7806,.T.);
#6630=EDGE_CURVE('',#5435,#5434,#7807,.T.);
#6631=EDGE_CURVE('',#4949,#5436,#7808,.T.);
#6632=EDGE_CURVE('',#5436,#5435,#7809,.T.);
#6633=EDGE_CURVE('',#4948,#5437,#7810,.T.);
#6634=EDGE_CURVE('',#5437,#5436,#7811,.T.);
#6635=EDGE_CURVE('',#4947,#5438,#7812,.T.);
#6636=EDGE_CURVE('',#5438,#5437,#7813,.T.);
#6637=EDGE_CURVE('',#4946,#5439,#7814,.T.);
#6638=EDGE_CURVE('',#5439,#5438,#7815,.T.);
#6639=EDGE_CURVE('',#4945,#5440,#7816,.T.);
#6640=EDGE_CURVE('',#5440,#5439,#7817,.T.);
#6641=EDGE_CURVE('',#4944,#5441,#7818,.T.);
#6642=EDGE_CURVE('',#5441,#5440,#7819,.T.);
#6643=EDGE_CURVE('',#4943,#5442,#7820,.T.);
#6644=EDGE_CURVE('',#5442,#5441,#7821,.T.);
#6645=EDGE_CURVE('',#4942,#5443,#7822,.T.);
#6646=EDGE_CURVE('',#5443,#5442,#7823,.T.);
#6647=EDGE_CURVE('',#4941,#5444,#7824,.T.);
#6648=EDGE_CURVE('',#5444,#5443,#7825,.T.);
#6649=EDGE_CURVE('',#5410,#5444,#7826,.T.);
#6650=EDGE_CURVE('',#5407,#5355,#7827,.T.);
#6651=EDGE_CURVE('',#5358,#5408,#7828,.T.);
#6652=EDGE_CURVE('',#5445,#5446,#2084,.T.);
#6653=EDGE_CURVE('',#5446,#5445,#2085,.T.);
#6654=EDGE_CURVE('',#5447,#5448,#2086,.T.);
#6655=EDGE_CURVE('',#5448,#5447,#2087,.T.);
#6656=EDGE_CURVE('',#5449,#5450,#2088,.T.);
#6657=EDGE_CURVE('',#5450,#5449,#2089,.T.);
#6658=EDGE_CURVE('',#5451,#5452,#7829,.T.);
#6659=EDGE_CURVE('',#5451,#5452,#2090,.T.);
#6660=EDGE_CURVE('',#5453,#5454,#7830,.T.);
#6661=EDGE_CURVE('',#5453,#5454,#2091,.T.);
#6662=EDGE_CURVE('',#5455,#5451,#207,.T.);
#6663=EDGE_CURVE('',#5455,#5456,#2092,.T.);
#6664=EDGE_CURVE('',#5452,#5456,#208,.T.);
#6665=EDGE_CURVE('',#5457,#5456,#209,.T.);
#6666=EDGE_CURVE('',#5457,#5458,#7831,.T.);
#6667=EDGE_CURVE('',#5455,#5458,#210,.T.);
#6668=EDGE_CURVE('',#5454,#5459,#211,.T.);
#6669=EDGE_CURVE('',#5460,#5453,#212,.T.);
#6670=EDGE_CURVE('',#5460,#5459,#2093,.T.);
#6671=EDGE_CURVE('',#5460,#5461,#213,.T.);
#6672=EDGE_CURVE('',#5462,#5459,#214,.T.);
#6673=EDGE_CURVE('',#5461,#5462,#7832,.T.);
#6674=EDGE_CURVE('',#5462,#5463,#2094,.T.);
#6675=EDGE_CURVE('',#5463,#5458,#2095,.T.);
#6676=EDGE_CURVE('',#5457,#5464,#2096,.T.);
#6677=EDGE_CURVE('',#5464,#5461,#2097,.T.);
#6678=EDGE_CURVE('',#5464,#5446,#7833,.T.);
#6679=EDGE_CURVE('',#5463,#5445,#7834,.T.);
#6680=EDGE_CURVE('',#5465,#4997,#2098,.T.);
#6681=EDGE_CURVE('',#5465,#5466,#7835,.T.);
#6682=EDGE_CURVE('',#5467,#5466,#2099,.T.);
#6683=EDGE_CURVE('',#5468,#5467,#7836,.T.);
#6684=EDGE_CURVE('',#4993,#5468,#2100,.T.);
#6685=EDGE_CURVE('',#5468,#4989,#2101,.T.);
#6686=EDGE_CURVE('',#5466,#5467,#2102,.T.);
#6687=EDGE_CURVE('',#4986,#5465,#2103,.T.);
#6688=EDGE_CURVE('',#5468,#4702,#7837,.T.);
#6689=EDGE_CURVE('',#5465,#4706,#7838,.T.);
#6690=EDGE_CURVE('',#5469,#5466,#2104,.T.);
#6691=EDGE_CURVE('',#5470,#5469,#2105,.T.);
#6692=EDGE_CURVE('',#5470,#5467,#2106,.T.);
#6693=EDGE_CURVE('',#5469,#5470,#2107,.T.);
#6694=EDGE_CURVE('',#5469,#5471,#2108,.T.);
#6695=EDGE_CURVE('',#5470,#5472,#2109,.T.);
#6696=EDGE_CURVE('',#5471,#5472,#2110,.T.);
#6697=EDGE_CURVE('',#5472,#5471,#2111,.T.);
#6698=EDGE_CURVE('',#5473,#5474,#7839,.T.);
#6699=EDGE_CURVE('',#5473,#5474,#2112,.T.);
#6700=EDGE_CURVE('',#5475,#5476,#7840,.T.);
#6701=EDGE_CURVE('',#5475,#5476,#2113,.T.);
#6702=EDGE_CURVE('',#5477,#5473,#215,.T.);
#6703=EDGE_CURVE('',#5477,#5478,#2114,.T.);
#6704=EDGE_CURVE('',#5474,#5478,#216,.T.);
#6705=EDGE_CURVE('',#5479,#5478,#217,.T.);
#6706=EDGE_CURVE('',#5479,#5480,#7841,.T.);
#6707=EDGE_CURVE('',#5477,#5480,#218,.T.);
#6708=EDGE_CURVE('',#5476,#5481,#219,.T.);
#6709=EDGE_CURVE('',#5482,#5475,#220,.T.);
#6710=EDGE_CURVE('',#5482,#5481,#2115,.T.);
#6711=EDGE_CURVE('',#5482,#5483,#221,.T.);
#6712=EDGE_CURVE('',#5484,#5481,#222,.T.);
#6713=EDGE_CURVE('',#5483,#5484,#7842,.T.);
#6714=EDGE_CURVE('',#5484,#5485,#2116,.T.);
#6715=EDGE_CURVE('',#5485,#5480,#2117,.T.);
#6716=EDGE_CURVE('',#5479,#5486,#2118,.T.);
#6717=EDGE_CURVE('',#5486,#5483,#2119,.T.);
#6718=EDGE_CURVE('',#5486,#5448,#7843,.T.);
#6719=EDGE_CURVE('',#5485,#5447,#7844,.T.);
#6720=EDGE_CURVE('',#5487,#5011,#2120,.T.);
#6721=EDGE_CURVE('',#5487,#5488,#7845,.T.);
#6722=EDGE_CURVE('',#5489,#5488,#2121,.T.);
#6723=EDGE_CURVE('',#5490,#5489,#7846,.T.);
#6724=EDGE_CURVE('',#5007,#5490,#2122,.T.);
#6725=EDGE_CURVE('',#5490,#5003,#2123,.T.);
#6726=EDGE_CURVE('',#5488,#5489,#2124,.T.);
#6727=EDGE_CURVE('',#5000,#5487,#2125,.T.);
#6728=EDGE_CURVE('',#5490,#4691,#7847,.T.);
#6729=EDGE_CURVE('',#5487,#4696,#7848,.T.);
#6730=EDGE_CURVE('',#5491,#5488,#2126,.T.);
#6731=EDGE_CURVE('',#5492,#5491,#2127,.T.);
#6732=EDGE_CURVE('',#5492,#5489,#2128,.T.);
#6733=EDGE_CURVE('',#5491,#5492,#2129,.T.);
#6734=EDGE_CURVE('',#5491,#5493,#2130,.T.);
#6735=EDGE_CURVE('',#5492,#5494,#2131,.T.);
#6736=EDGE_CURVE('',#5493,#5494,#2132,.T.);
#6737=EDGE_CURVE('',#5494,#5493,#2133,.T.);
#6738=EDGE_CURVE('',#5495,#5496,#7849,.T.);
#6739=EDGE_CURVE('',#5495,#5496,#2134,.T.);
#6740=EDGE_CURVE('',#5497,#5498,#7850,.T.);
#6741=EDGE_CURVE('',#5497,#5498,#2135,.T.);
#6742=EDGE_CURVE('',#5499,#5495,#223,.T.);
#6743=EDGE_CURVE('',#5499,#5500,#2136,.T.);
#6744=EDGE_CURVE('',#5496,#5500,#224,.T.);
#6745=EDGE_CURVE('',#5501,#5500,#225,.T.);
#6746=EDGE_CURVE('',#5501,#5502,#7851,.T.);
#6747=EDGE_CURVE('',#5499,#5502,#226,.T.);
#6748=EDGE_CURVE('',#5498,#5503,#227,.T.);
#6749=EDGE_CURVE('',#5504,#5497,#228,.T.);
#6750=EDGE_CURVE('',#5504,#5503,#2137,.T.);
#6751=EDGE_CURVE('',#5504,#5505,#229,.T.);
#6752=EDGE_CURVE('',#5506,#5503,#230,.T.);
#6753=EDGE_CURVE('',#5505,#5506,#7852,.T.);
#6754=EDGE_CURVE('',#5506,#5507,#2138,.T.);
#6755=EDGE_CURVE('',#5507,#5502,#2139,.T.);
#6756=EDGE_CURVE('',#5501,#5508,#2140,.T.);
#6757=EDGE_CURVE('',#5508,#5505,#2141,.T.);
#6758=EDGE_CURVE('',#5508,#5450,#7853,.T.);
#6759=EDGE_CURVE('',#5507,#5449,#7854,.T.);
#6760=EDGE_CURVE('',#5509,#5025,#2142,.T.);
#6761=EDGE_CURVE('',#5509,#5510,#7855,.T.);
#6762=EDGE_CURVE('',#5511,#5510,#2143,.T.);
#6763=EDGE_CURVE('',#5512,#5511,#7856,.T.);
#6764=EDGE_CURVE('',#5021,#5512,#2144,.T.);
#6765=EDGE_CURVE('',#5512,#5017,#2145,.T.);
#6766=EDGE_CURVE('',#5510,#5511,#2146,.T.);
#6767=EDGE_CURVE('',#5014,#5509,#2147,.T.);
#6768=EDGE_CURVE('',#5512,#4681,#7857,.T.);
#6769=EDGE_CURVE('',#5509,#4686,#7858,.T.);
#6770=EDGE_CURVE('',#5513,#5510,#2148,.T.);
#6771=EDGE_CURVE('',#5514,#5513,#2149,.T.);
#6772=EDGE_CURVE('',#5514,#5511,#2150,.T.);
#6773=EDGE_CURVE('',#5513,#5514,#2151,.T.);
#6774=EDGE_CURVE('',#5513,#5515,#2152,.T.);
#6775=EDGE_CURVE('',#5514,#5516,#2153,.T.);
#6776=EDGE_CURVE('',#5515,#5516,#2154,.T.);
#6777=EDGE_CURVE('',#5516,#5515,#2155,.T.);
#6778=LINE('',#11774,#7859);
#6779=LINE('',#11777,#7860);
#6780=LINE('',#11783,#7861);
#6781=LINE('',#11785,#7862);
#6782=LINE('',#11787,#7863);
#6783=LINE('',#11796,#7864);
#6784=LINE('',#11799,#7865);
#6785=LINE('',#11805,#7866);
#6786=LINE('',#11807,#7867);
#6787=LINE('',#11809,#7868);
#6788=LINE('',#11818,#7869);
#6789=LINE('',#11821,#7870);
#6790=LINE('',#11823,#7871);
#6791=LINE('',#11829,#7872);
#6792=LINE('',#11831,#7873);
#6793=LINE('',#11840,#7874);
#6794=LINE('',#11843,#7875);
#6795=LINE('',#11845,#7876);
#6796=LINE('',#11847,#7877);
#6797=LINE('',#11849,#7878);
#6798=LINE('',#11852,#7879);
#6799=LINE('',#11854,#7880);
#6800=LINE('',#11856,#7881);
#6801=LINE('',#11858,#7882);
#6802=LINE('',#11861,#7883);
#6803=LINE('',#11863,#7884);
#6804=LINE('',#11865,#7885);
#6805=LINE('',#11867,#7886);
#6806=LINE('',#11870,#7887);
#6807=LINE('',#11871,#7888);
#6808=LINE('',#11873,#7889);
#6809=LINE('',#11875,#7890);
#6810=LINE('',#11878,#7891);
#6811=LINE('',#11879,#7892);
#6812=LINE('',#11881,#7893);
#6813=LINE('',#11883,#7894);
#6814=LINE('',#11886,#7895);
#6815=LINE('',#11887,#7896);
#6816=LINE('',#11889,#7897);
#6817=LINE('',#11891,#7898);
#6818=LINE('',#11894,#7899);
#6819=LINE('',#11896,#7900);
#6820=LINE('',#11898,#7901);
#6821=LINE('',#11900,#7902);
#6822=LINE('',#11902,#7903);
#6823=LINE('',#11904,#7904);
#6824=LINE('',#11906,#7905);
#6825=LINE('',#11908,#7906);
#6826=LINE('',#11910,#7907);
#6827=LINE('',#11912,#7908);
#6828=LINE('',#11914,#7909);
#6829=LINE('',#11916,#7910);
#6830=LINE('',#11918,#7911);
#6831=LINE('',#11920,#7912);
#6832=LINE('',#11922,#7913);
#6833=LINE('',#11924,#7914);
#6834=LINE('',#11926,#7915);
#6835=LINE('',#11928,#7916);
#6836=LINE('',#11930,#7917);
#6837=LINE('',#11932,#7918);
#6838=LINE('',#11934,#7919);
#6839=LINE('',#11936,#7920);
#6840=LINE('',#11938,#7921);
#6841=LINE('',#11940,#7922);
#6842=LINE('',#11942,#7923);
#6843=LINE('',#11944,#7924);
#6844=LINE('',#11946,#7925);
#6845=LINE('',#11948,#7926);
#6846=LINE('',#11950,#7927);
#6847=LINE('',#11952,#7928);
#6848=LINE('',#11954,#7929);
#6849=LINE('',#11956,#7930);
#6850=LINE('',#11958,#7931);
#6851=LINE('',#11960,#7932);
#6852=LINE('',#11962,#7933);
#6853=LINE('',#11964,#7934);
#6854=LINE('',#11966,#7935);
#6855=LINE('',#11968,#7936);
#6856=LINE('',#11970,#7937);
#6857=LINE('',#11972,#7938);
#6858=LINE('',#11974,#7939);
#6859=LINE('',#11976,#7940);
#6860=LINE('',#11978,#7941);
#6861=LINE('',#11980,#7942);
#6862=LINE('',#11982,#7943);
#6863=LINE('',#11984,#7944);
#6864=LINE('',#11986,#7945);
#6865=LINE('',#11988,#7946);
#6866=LINE('',#11990,#7947);
#6867=LINE('',#11992,#7948);
#6868=LINE('',#11994,#7949);
#6869=LINE('',#11996,#7950);
#6870=LINE('',#11998,#7951);
#6871=LINE('',#12000,#7952);
#6872=LINE('',#12002,#7953);
#6873=LINE('',#12004,#7954);
#6874=LINE('',#12006,#7955);
#6875=LINE('',#12008,#7956);
#6876=LINE('',#12010,#7957);
#6877=LINE('',#12012,#7958);
#6878=LINE('',#12014,#7959);
#6879=LINE('',#12016,#7960);
#6880=LINE('',#12018,#7961);
#6881=LINE('',#12020,#7962);
#6882=LINE('',#12022,#7963);
#6883=LINE('',#12024,#7964);
#6884=LINE('',#12026,#7965);
#6885=LINE('',#12028,#7966);
#6886=LINE('',#12030,#7967);
#6887=LINE('',#12032,#7968);
#6888=LINE('',#12034,#7969);
#6889=LINE('',#12036,#7970);
#6890=LINE('',#12038,#7971);
#6891=LINE('',#12040,#7972);
#6892=LINE('',#12042,#7973);
#6893=LINE('',#12044,#7974);
#6894=LINE('',#12046,#7975);
#6895=LINE('',#12048,#7976);
#6896=LINE('',#12050,#7977);
#6897=LINE('',#12051,#7978);
#6898=LINE('',#12054,#7979);
#6899=LINE('',#12056,#7980);
#6900=LINE('',#12058,#7981);
#6901=LINE('',#12060,#7982);
#6902=LINE('',#12062,#7983);
#6903=LINE('',#12064,#7984);
#6904=LINE('',#12066,#7985);
#6905=LINE('',#12068,#7986);
#6906=LINE('',#12070,#7987);
#6907=LINE('',#12072,#7988);
#6908=LINE('',#12074,#7989);
#6909=LINE('',#12076,#7990);
#6910=LINE('',#12078,#7991);
#6911=LINE('',#12080,#7992);
#6912=LINE('',#12082,#7993);
#6913=LINE('',#12084,#7994);
#6914=LINE('',#12086,#7995);
#6915=LINE('',#12088,#7996);
#6916=LINE('',#12090,#7997);
#6917=LINE('',#12092,#7998);
#6918=LINE('',#12094,#7999);
#6919=LINE('',#12096,#8000);
#6920=LINE('',#12098,#8001);
#6921=LINE('',#12100,#8002);
#6922=LINE('',#12102,#8003);
#6923=LINE('',#12104,#8004);
#6924=LINE('',#12106,#8005);
#6925=LINE('',#12108,#8006);
#6926=LINE('',#12110,#8007);
#6927=LINE('',#12112,#8008);
#6928=LINE('',#12114,#8009);
#6929=LINE('',#12116,#8010);
#6930=LINE('',#12118,#8011);
#6931=LINE('',#12120,#8012);
#6932=LINE('',#12122,#8013);
#6933=LINE('',#12124,#8014);
#6934=LINE('',#12126,#8015);
#6935=LINE('',#12128,#8016);
#6936=LINE('',#12130,#8017);
#6937=LINE('',#12132,#8018);
#6938=LINE('',#12134,#8019);
#6939=LINE('',#12136,#8020);
#6940=LINE('',#12138,#8021);
#6941=LINE('',#12140,#8022);
#6942=LINE('',#12142,#8023);
#6943=LINE('',#12144,#8024);
#6944=LINE('',#12146,#8025);
#6945=LINE('',#12148,#8026);
#6946=LINE('',#12150,#8027);
#6947=LINE('',#12152,#8028);
#6948=LINE('',#12154,#8029);
#6949=LINE('',#12156,#8030);
#6950=LINE('',#12158,#8031);
#6951=LINE('',#12160,#8032);
#6952=LINE('',#12162,#8033);
#6953=LINE('',#12164,#8034);
#6954=LINE('',#12166,#8035);
#6955=LINE('',#12168,#8036);
#6956=LINE('',#12170,#8037);
#6957=LINE('',#12171,#8038);
#6958=LINE('',#12174,#8039);
#6959=LINE('',#12176,#8040);
#6960=LINE('',#12178,#8041);
#6961=LINE('',#12180,#8042);
#6962=LINE('',#12182,#8043);
#6963=LINE('',#12184,#8044);
#6964=LINE('',#12186,#8045);
#6965=LINE('',#12188,#8046);
#6966=LINE('',#12190,#8047);
#6967=LINE('',#12191,#8048);
#6968=LINE('',#12194,#8049);
#6969=LINE('',#12196,#8050);
#6970=LINE('',#12198,#8051);
#6971=LINE('',#12200,#8052);
#6972=LINE('',#12202,#8053);
#6973=LINE('',#12204,#8054);
#6974=LINE('',#12206,#8055);
#6975=LINE('',#12208,#8056);
#6976=LINE('',#12210,#8057);
#6977=LINE('',#12212,#8058);
#6978=LINE('',#12214,#8059);
#6979=LINE('',#12215,#8060);
#6980=LINE('',#12218,#8061);
#6981=LINE('',#12220,#8062);
#6982=LINE('',#12222,#8063);
#6983=LINE('',#12224,#8064);
#6984=LINE('',#12226,#8065);
#6985=LINE('',#12228,#8066);
#6986=LINE('',#12230,#8067);
#6987=LINE('',#12232,#8068);
#6988=LINE('',#12234,#8069);
#6989=LINE('',#12236,#8070);
#6990=LINE('',#12238,#8071);
#6991=LINE('',#12240,#8072);
#6992=LINE('',#12242,#8073);
#6993=LINE('',#12244,#8074);
#6994=LINE('',#12246,#8075);
#6995=LINE('',#12248,#8076);
#6996=LINE('',#12250,#8077);
#6997=LINE('',#12252,#8078);
#6998=LINE('',#12254,#8079);
#6999=LINE('',#12256,#8080);
#7000=LINE('',#12258,#8081);
#7001=LINE('',#12260,#8082);
#7002=LINE('',#12262,#8083);
#7003=LINE('',#12264,#8084);
#7004=LINE('',#12266,#8085);
#7005=LINE('',#12268,#8086);
#7006=LINE('',#12270,#8087);
#7007=LINE('',#12272,#8088);
#7008=LINE('',#12274,#8089);
#7009=LINE('',#12276,#8090);
#7010=LINE('',#12278,#8091);
#7011=LINE('',#12280,#8092);
#7012=LINE('',#12281,#8093);
#7013=LINE('',#12284,#8094);
#7014=LINE('',#12286,#8095);
#7015=LINE('',#12288,#8096);
#7016=LINE('',#12290,#8097);
#7017=LINE('',#12292,#8098);
#7018=LINE('',#12294,#8099);
#7019=LINE('',#12296,#8100);
#7020=LINE('',#12298,#8101);
#7021=LINE('',#12300,#8102);
#7022=LINE('',#12301,#8103);
#7023=LINE('',#12304,#8104);
#7024=LINE('',#12306,#8105);
#7025=LINE('',#12308,#8106);
#7026=LINE('',#12310,#8107);
#7027=LINE('',#12311,#8108);
#7028=LINE('',#12314,#8109);
#7029=LINE('',#12316,#8110);
#7030=LINE('',#12318,#8111);
#7031=LINE('',#12320,#8112);
#7032=LINE('',#12322,#8113);
#7033=LINE('',#12324,#8114);
#7034=LINE('',#12326,#8115);
#7035=LINE('',#12328,#8116);
#7036=LINE('',#12330,#8117);
#7037=LINE('',#12332,#8118);
#7038=LINE('',#12334,#8119);
#7039=LINE('',#12336,#8120);
#7040=LINE('',#12338,#8121);
#7041=LINE('',#12340,#8122);
#7042=LINE('',#12342,#8123);
#7043=LINE('',#12344,#8124);
#7044=LINE('',#12346,#8125);
#7045=LINE('',#12348,#8126);
#7046=LINE('',#12350,#8127);
#7047=LINE('',#12352,#8128);
#7048=LINE('',#12354,#8129);
#7049=LINE('',#12356,#8130);
#7050=LINE('',#12358,#8131);
#7051=LINE('',#12360,#8132);
#7052=LINE('',#12362,#8133);
#7053=LINE('',#12364,#8134);
#7054=LINE('',#12366,#8135);
#7055=LINE('',#12368,#8136);
#7056=LINE('',#12370,#8137);
#7057=LINE('',#12372,#8138);
#7058=LINE('',#12374,#8139);
#7059=LINE('',#12376,#8140);
#7060=LINE('',#12378,#8141);
#7061=LINE('',#12380,#8142);
#7062=LINE('',#12382,#8143);
#7063=LINE('',#12384,#8144);
#7064=LINE('',#12387,#8145);
#7065=LINE('',#12389,#8146);
#7066=LINE('',#12391,#8147);
#7067=LINE('',#12393,#8148);
#7068=LINE('',#12395,#8149);
#7069=LINE('',#12397,#8150);
#7070=LINE('',#12399,#8151);
#7071=LINE('',#12401,#8152);
#7072=LINE('',#12403,#8153);
#7073=LINE('',#12405,#8154);
#7074=LINE('',#12413,#8155);
#7075=LINE('',#12415,#8156);
#7076=LINE('',#12422,#8157);
#7077=LINE('',#12424,#8158);
#7078=LINE('',#12426,#8159);
#7079=LINE('',#12428,#8160);
#7080=LINE('',#12435,#8161);
#7081=LINE('',#12437,#8162);
#7082=LINE('',#12439,#8163);
#7083=LINE('',#12447,#8164);
#7084=LINE('',#12449,#8165);
#7085=LINE('',#12451,#8166);
#7086=LINE('',#12459,#8167);
#7087=LINE('',#12461,#8168);
#7088=LINE('',#12468,#8169);
#7089=LINE('',#12470,#8170);
#7090=LINE('',#12472,#8171);
#7091=LINE('',#12474,#8172);
#7092=LINE('',#12481,#8173);
#7093=LINE('',#12483,#8174);
#7094=LINE('',#12485,#8175);
#7095=LINE('',#12493,#8176);
#7096=LINE('',#12495,#8177);
#7097=LINE('',#12497,#8178);
#7098=LINE('',#12505,#8179);
#7099=LINE('',#12507,#8180);
#7100=LINE('',#12514,#8181);
#7101=LINE('',#12516,#8182);
#7102=LINE('',#12518,#8183);
#7103=LINE('',#12520,#8184);
#7104=LINE('',#12527,#8185);
#7105=LINE('',#12529,#8186);
#7106=LINE('',#12531,#8187);
#7107=LINE('',#12539,#8188);
#7108=LINE('',#12541,#8189);
#7109=LINE('',#12551,#8190);
#7110=LINE('',#12553,#8191);
#7111=LINE('',#12555,#8192);
#7112=LINE('',#12557,#8193);
#7113=LINE('',#12558,#8194);
#7114=LINE('',#12568,#8195);
#7115=LINE('',#12569,#8196);
#7116=LINE('',#12571,#8197);
#7117=LINE('',#12573,#8198);
#7118=LINE('',#12575,#8199);
#7119=LINE('',#12585,#8200);
#7120=LINE('',#12587,#8201);
#7121=LINE('',#12589,#8202);
#7122=LINE('',#12591,#8203);
#7123=LINE('',#12592,#8204);
#7124=LINE('',#12602,#8205);
#7125=LINE('',#12603,#8206);
#7126=LINE('',#12605,#8207);
#7127=LINE('',#12607,#8208);
#7128=LINE('',#12609,#8209);
#7129=LINE('',#12611,#8210);
#7130=LINE('',#12614,#8211);
#7131=LINE('',#12618,#8212);
#7132=LINE('',#12620,#8213);
#7133=LINE('',#12622,#8214);
#7134=LINE('',#12624,#8215);
#7135=LINE('',#12625,#8216);
#7136=LINE('',#12631,#8217);
#7137=LINE('',#12637,#8218);
#7138=LINE('',#12638,#8219);
#7139=LINE('',#12639,#8220);
#7140=LINE('',#12643,#8221);
#7141=LINE('',#12647,#8222);
#7142=LINE('',#12648,#8223);
#7143=LINE('',#12650,#8224);
#7144=LINE('',#12652,#8225);
#7145=LINE('',#12654,#8226);
#7146=LINE('',#12656,#8227);
#7147=LINE('',#12658,#8228);
#7148=LINE('',#12660,#8229);
#7149=LINE('',#12662,#8230);
#7150=LINE('',#12667,#8231);
#7151=LINE('',#12669,#8232);
#7152=LINE('',#12670,#8233);
#7153=LINE('',#12672,#8234);
#7154=LINE('',#12673,#8235);
#7155=LINE('',#12674,#8236);
#7156=LINE('',#12676,#8237);
#7157=LINE('',#12678,#8238);
#7158=LINE('',#12679,#8239);
#7159=LINE('',#12680,#8240);
#7160=LINE('',#12681,#8241);
#7161=LINE('',#12682,#8242);
#7162=LINE('',#12684,#8243);
#7163=LINE('',#12686,#8244);
#7164=LINE('',#12697,#8245);
#7165=LINE('',#12705,#8246);
#7166=LINE('',#12706,#8247);
#7167=LINE('',#12708,#8248);
#7168=LINE('',#12710,#8249);
#7169=LINE('',#12721,#8250);
#7170=LINE('',#12723,#8251);
#7171=LINE('',#12725,#8252);
#7172=LINE('',#12730,#8253);
#7173=LINE('',#12737,#8254);
#7174=LINE('',#12747,#8255);
#7175=LINE('',#12751,#8256);
#7176=LINE('',#12755,#8257);
#7177=LINE('',#12757,#8258);
#7178=LINE('',#12761,#8259);
#7179=LINE('',#12765,#8260);
#7180=LINE('',#12766,#8261);
#7181=LINE('',#12768,#8262);
#7182=LINE('',#12770,#8263);
#7183=LINE('',#12772,#8264);
#7184=LINE('',#12782,#8265);
#7185=LINE('',#12783,#8266);
#7186=LINE('',#12794,#8267);
#7187=LINE('',#12803,#8268);
#7188=LINE('',#12805,#8269);
#7189=LINE('',#12807,#8270);
#7190=LINE('',#12814,#8271);
#7191=LINE('',#12819,#8272);
#7192=LINE('',#12821,#8273);
#7193=LINE('',#12822,#8274);
#7194=LINE('',#12825,#8275);
#7195=LINE('',#12931,#8276);
#7196=LINE('',#12934,#8277);
#7197=LINE('',#12936,#8278);
#7198=LINE('',#12938,#8279);
#7199=LINE('',#12940,#8280);
#7200=LINE('',#12942,#8281);
#7201=LINE('',#12944,#8282);
#7202=LINE('',#12946,#8283);
#7203=LINE('',#12948,#8284);
#7204=LINE('',#12950,#8285);
#7205=LINE('',#12952,#8286);
#7206=LINE('',#12954,#8287);
#7207=LINE('',#12956,#8288);
#7208=LINE('',#12958,#8289);
#7209=LINE('',#12960,#8290);
#7210=LINE('',#12962,#8291);
#7211=LINE('',#12964,#8292);
#7212=LINE('',#12966,#8293);
#7213=LINE('',#12967,#8294);
#7214=LINE('',#12971,#8295);
#7215=LINE('',#12974,#8296);
#7216=LINE('',#12976,#8297);
#7217=LINE('',#12978,#8298);
#7218=LINE('',#12980,#8299);
#7219=LINE('',#12982,#8300);
#7220=LINE('',#12984,#8301);
#7221=LINE('',#12986,#8302);
#7222=LINE('',#12988,#8303);
#7223=LINE('',#12990,#8304);
#7224=LINE('',#12992,#8305);
#7225=LINE('',#12994,#8306);
#7226=LINE('',#12996,#8307);
#7227=LINE('',#12998,#8308);
#7228=LINE('',#13000,#8309);
#7229=LINE('',#13002,#8310);
#7230=LINE('',#13004,#8311);
#7231=LINE('',#13006,#8312);
#7232=LINE('',#13008,#8313);
#7233=LINE('',#13010,#8314);
#7234=LINE('',#13012,#8315);
#7235=LINE('',#13014,#8316);
#7236=LINE('',#13016,#8317);
#7237=LINE('',#13018,#8318);
#7238=LINE('',#13020,#8319);
#7239=LINE('',#13022,#8320);
#7240=LINE('',#13024,#8321);
#7241=LINE('',#13026,#8322);
#7242=LINE('',#13028,#8323);
#7243=LINE('',#13030,#8324);
#7244=LINE('',#13032,#8325);
#7245=LINE('',#13034,#8326);
#7246=LINE('',#13036,#8327);
#7247=LINE('',#13038,#8328);
#7248=LINE('',#13040,#8329);
#7249=LINE('',#13042,#8330);
#7250=LINE('',#13044,#8331);
#7251=LINE('',#13046,#8332);
#7252=LINE('',#13048,#8333);
#7253=LINE('',#13050,#8334);
#7254=LINE('',#13052,#8335);
#7255=LINE('',#13054,#8336);
#7256=LINE('',#13056,#8337);
#7257=LINE('',#13058,#8338);
#7258=LINE('',#13060,#8339);
#7259=LINE('',#13062,#8340);
#7260=LINE('',#13064,#8341);
#7261=LINE('',#13066,#8342);
#7262=LINE('',#13068,#8343);
#7263=LINE('',#13070,#8344);
#7264=LINE('',#13072,#8345);
#7265=LINE('',#13074,#8346);
#7266=LINE('',#13076,#8347);
#7267=LINE('',#13078,#8348);
#7268=LINE('',#13080,#8349);
#7269=LINE('',#13082,#8350);
#7270=LINE('',#13084,#8351);
#7271=LINE('',#13086,#8352);
#7272=LINE('',#13088,#8353);
#7273=LINE('',#13090,#8354);
#7274=LINE('',#13092,#8355);
#7275=LINE('',#13094,#8356);
#7276=LINE('',#13096,#8357);
#7277=LINE('',#13098,#8358);
#7278=LINE('',#13100,#8359);
#7279=LINE('',#13102,#8360);
#7280=LINE('',#13104,#8361);
#7281=LINE('',#13106,#8362);
#7282=LINE('',#13108,#8363);
#7283=LINE('',#13110,#8364);
#7284=LINE('',#13112,#8365);
#7285=LINE('',#13114,#8366);
#7286=LINE('',#13116,#8367);
#7287=LINE('',#13118,#8368);
#7288=LINE('',#13120,#8369);
#7289=LINE('',#13122,#8370);
#7290=LINE('',#13124,#8371);
#7291=LINE('',#13126,#8372);
#7292=LINE('',#13128,#8373);
#7293=LINE('',#13130,#8374);
#7294=LINE('',#13132,#8375);
#7295=LINE('',#13134,#8376);
#7296=LINE('',#13136,#8377);
#7297=LINE('',#13138,#8378);
#7298=LINE('',#13140,#8379);
#7299=LINE('',#13142,#8380);
#7300=LINE('',#13144,#8381);
#7301=LINE('',#13146,#8382);
#7302=LINE('',#13148,#8383);
#7303=LINE('',#13150,#8384);
#7304=LINE('',#13152,#8385);
#7305=LINE('',#13154,#8386);
#7306=LINE('',#13156,#8387);
#7307=LINE('',#13158,#8388);
#7308=LINE('',#13160,#8389);
#7309=LINE('',#13162,#8390);
#7310=LINE('',#13164,#8391);
#7311=LINE('',#13166,#8392);
#7312=LINE('',#13168,#8393);
#7313=LINE('',#13170,#8394);
#7314=LINE('',#13172,#8395);
#7315=LINE('',#13174,#8396);
#7316=LINE('',#13176,#8397);
#7317=LINE('',#13178,#8398);
#7318=LINE('',#13180,#8399);
#7319=LINE('',#13182,#8400);
#7320=LINE('',#13184,#8401);
#7321=LINE('',#13186,#8402);
#7322=LINE('',#13188,#8403);
#7323=LINE('',#13190,#8404);
#7324=LINE('',#13192,#8405);
#7325=LINE('',#13194,#8406);
#7326=LINE('',#13196,#8407);
#7327=LINE('',#13198,#8408);
#7328=LINE('',#13200,#8409);
#7329=LINE('',#13202,#8410);
#7330=LINE('',#13204,#8411);
#7331=LINE('',#13206,#8412);
#7332=LINE('',#13208,#8413);
#7333=LINE('',#13210,#8414);
#7334=LINE('',#13212,#8415);
#7335=LINE('',#13214,#8416);
#7336=LINE('',#13216,#8417);
#7337=LINE('',#13218,#8418);
#7338=LINE('',#13220,#8419);
#7339=LINE('',#13222,#8420);
#7340=LINE('',#13224,#8421);
#7341=LINE('',#13226,#8422);
#7342=LINE('',#13228,#8423);
#7343=LINE('',#13230,#8424);
#7344=LINE('',#13232,#8425);
#7345=LINE('',#13234,#8426);
#7346=LINE('',#13236,#8427);
#7347=LINE('',#13238,#8428);
#7348=LINE('',#13240,#8429);
#7349=LINE('',#13242,#8430);
#7350=LINE('',#13244,#8431);
#7351=LINE('',#13245,#8432);
#7352=LINE('',#13249,#8433);
#7353=LINE('',#13251,#8434);
#7354=LINE('',#13253,#8435);
#7355=LINE('',#13255,#8436);
#7356=LINE('',#13257,#8437);
#7357=LINE('',#13259,#8438);
#7358=LINE('',#13261,#8439);
#7359=LINE('',#13263,#8440);
#7360=LINE('',#13265,#8441);
#7361=LINE('',#13267,#8442);
#7362=LINE('',#13269,#8443);
#7363=LINE('',#13271,#8444);
#7364=LINE('',#13273,#8445);
#7365=LINE('',#13275,#8446);
#7366=LINE('',#13277,#8447);
#7367=LINE('',#13279,#8448);
#7368=LINE('',#13281,#8449);
#7369=LINE('',#13283,#8450);
#7370=LINE('',#13285,#8451);
#7371=LINE('',#13287,#8452);
#7372=LINE('',#13289,#8453);
#7373=LINE('',#13291,#8454);
#7374=LINE('',#13293,#8455);
#7375=LINE('',#13295,#8456);
#7376=LINE('',#13298,#8457);
#7377=LINE('',#13300,#8458);
#7378=LINE('',#13302,#8459);
#7379=LINE('',#13304,#8460);
#7380=LINE('',#13306,#8461);
#7381=LINE('',#13308,#8462);
#7382=LINE('',#13310,#8463);
#7383=LINE('',#13312,#8464);
#7384=LINE('',#13314,#8465);
#7385=LINE('',#13316,#8466);
#7386=LINE('',#13318,#8467);
#7387=LINE('',#13320,#8468);
#7388=LINE('',#13322,#8469);
#7389=LINE('',#13324,#8470);
#7390=LINE('',#13326,#8471);
#7391=LINE('',#13328,#8472);
#7392=LINE('',#13330,#8473);
#7393=LINE('',#13332,#8474);
#7394=LINE('',#13334,#8475);
#7395=LINE('',#13336,#8476);
#7396=LINE('',#13339,#8477);
#7397=LINE('',#13341,#8478);
#7398=LINE('',#13343,#8479);
#7399=LINE('',#13345,#8480);
#7400=LINE('',#13347,#8481);
#7401=LINE('',#13349,#8482);
#7402=LINE('',#13351,#8483);
#7403=LINE('',#13353,#8484);
#7404=LINE('',#13355,#8485);
#7405=LINE('',#13357,#8486);
#7406=LINE('',#13359,#8487);
#7407=LINE('',#13361,#8488);
#7408=LINE('',#13363,#8489);
#7409=LINE('',#13365,#8490);
#7410=LINE('',#13367,#8491);
#7411=LINE('',#13369,#8492);
#7412=LINE('',#13371,#8493);
#7413=LINE('',#13373,#8494);
#7414=LINE('',#13375,#8495);
#7415=LINE('',#13377,#8496);
#7416=LINE('',#13379,#8497);
#7417=LINE('',#13381,#8498);
#7418=LINE('',#13383,#8499);
#7419=LINE('',#13385,#8500);
#7420=LINE('',#13387,#8501);
#7421=LINE('',#13389,#8502);
#7422=LINE('',#13391,#8503);
#7423=LINE('',#13393,#8504);
#7424=LINE('',#13395,#8505);
#7425=LINE('',#13397,#8506);
#7426=LINE('',#13399,#8507);
#7427=LINE('',#13401,#8508);
#7428=LINE('',#13403,#8509);
#7429=LINE('',#13405,#8510);
#7430=LINE('',#13407,#8511);
#7431=LINE('',#13409,#8512);
#7432=LINE('',#13411,#8513);
#7433=LINE('',#13413,#8514);
#7434=LINE('',#13415,#8515);
#7435=LINE('',#13417,#8516);
#7436=LINE('',#13419,#8517);
#7437=LINE('',#13421,#8518);
#7438=LINE('',#13423,#8519);
#7439=LINE('',#13425,#8520);
#7440=LINE('',#13427,#8521);
#7441=LINE('',#13429,#8522);
#7442=LINE('',#13431,#8523);
#7443=LINE('',#13433,#8524);
#7444=LINE('',#13435,#8525);
#7445=LINE('',#13437,#8526);
#7446=LINE('',#13439,#8527);
#7447=LINE('',#13441,#8528);
#7448=LINE('',#13443,#8529);
#7449=LINE('',#13445,#8530);
#7450=LINE('',#13447,#8531);
#7451=LINE('',#13449,#8532);
#7452=LINE('',#13451,#8533);
#7453=LINE('',#13453,#8534);
#7454=LINE('',#13455,#8535);
#7455=LINE('',#13457,#8536);
#7456=LINE('',#13459,#8537);
#7457=LINE('',#13461,#8538);
#7458=LINE('',#13463,#8539);
#7459=LINE('',#13465,#8540);
#7460=LINE('',#13467,#8541);
#7461=LINE('',#13469,#8542);
#7462=LINE('',#13471,#8543);
#7463=LINE('',#13473,#8544);
#7464=LINE('',#13475,#8545);
#7465=LINE('',#13477,#8546);
#7466=LINE('',#13479,#8547);
#7467=LINE('',#13481,#8548);
#7468=LINE('',#13483,#8549);
#7469=LINE('',#13485,#8550);
#7470=LINE('',#13487,#8551);
#7471=LINE('',#13489,#8552);
#7472=LINE('',#13491,#8553);
#7473=LINE('',#13493,#8554);
#7474=LINE('',#13495,#8555);
#7475=LINE('',#13497,#8556);
#7476=LINE('',#13499,#8557);
#7477=LINE('',#13501,#8558);
#7478=LINE('',#13503,#8559);
#7479=LINE('',#13505,#8560);
#7480=LINE('',#13507,#8561);
#7481=LINE('',#13509,#8562);
#7482=LINE('',#13511,#8563);
#7483=LINE('',#13513,#8564);
#7484=LINE('',#13515,#8565);
#7485=LINE('',#13517,#8566);
#7486=LINE('',#13519,#8567);
#7487=LINE('',#13521,#8568);
#7488=LINE('',#13523,#8569);
#7489=LINE('',#13525,#8570);
#7490=LINE('',#13527,#8571);
#7491=LINE('',#13529,#8572);
#7492=LINE('',#13531,#8573);
#7493=LINE('',#13533,#8574);
#7494=LINE('',#13535,#8575);
#7495=LINE('',#13537,#8576);
#7496=LINE('',#13539,#8577);
#7497=LINE('',#13541,#8578);
#7498=LINE('',#13543,#8579);
#7499=LINE('',#13545,#8580);
#7500=LINE('',#13547,#8581);
#7501=LINE('',#13549,#8582);
#7502=LINE('',#13551,#8583);
#7503=LINE('',#13553,#8584);
#7504=LINE('',#13555,#8585);
#7505=LINE('',#13557,#8586);
#7506=LINE('',#13559,#8587);
#7507=LINE('',#13561,#8588);
#7508=LINE('',#13563,#8589);
#7509=LINE('',#13565,#8590);
#7510=LINE('',#13567,#8591);
#7511=LINE('',#13569,#8592);
#7512=LINE('',#13571,#8593);
#7513=LINE('',#13573,#8594);
#7514=LINE('',#13575,#8595);
#7515=LINE('',#13577,#8596);
#7516=LINE('',#13580,#8597);
#7517=LINE('',#13582,#8598);
#7518=LINE('',#13584,#8599);
#7519=LINE('',#13586,#8600);
#7520=LINE('',#13588,#8601);
#7521=LINE('',#13590,#8602);
#7522=LINE('',#13592,#8603);
#7523=LINE('',#13594,#8604);
#7524=LINE('',#13596,#8605);
#7525=LINE('',#13598,#8606);
#7526=LINE('',#13600,#8607);
#7527=LINE('',#13602,#8608);
#7528=LINE('',#13604,#8609);
#7529=LINE('',#13606,#8610);
#7530=LINE('',#13608,#8611);
#7531=LINE('',#13610,#8612);
#7532=LINE('',#13612,#8613);
#7533=LINE('',#13614,#8614);
#7534=LINE('',#13616,#8615);
#7535=LINE('',#13618,#8616);
#7536=LINE('',#13620,#8617);
#7537=LINE('',#13622,#8618);
#7538=LINE('',#13624,#8619);
#7539=LINE('',#13626,#8620);
#7540=LINE('',#13628,#8621);
#7541=LINE('',#13630,#8622);
#7542=LINE('',#13632,#8623);
#7543=LINE('',#13634,#8624);
#7544=LINE('',#13636,#8625);
#7545=LINE('',#13638,#8626);
#7546=LINE('',#13640,#8627);
#7547=LINE('',#13642,#8628);
#7548=LINE('',#13644,#8629);
#7549=LINE('',#13646,#8630);
#7550=LINE('',#13648,#8631);
#7551=LINE('',#13650,#8632);
#7552=LINE('',#13652,#8633);
#7553=LINE('',#13654,#8634);
#7554=LINE('',#13656,#8635);
#7555=LINE('',#13658,#8636);
#7556=LINE('',#13660,#8637);
#7557=LINE('',#13662,#8638);
#7558=LINE('',#13664,#8639);
#7559=LINE('',#13666,#8640);
#7560=LINE('',#13668,#8641);
#7561=LINE('',#13670,#8642);
#7562=LINE('',#13672,#8643);
#7563=LINE('',#13674,#8644);
#7564=LINE('',#13676,#8645);
#7565=LINE('',#13678,#8646);
#7566=LINE('',#13680,#8647);
#7567=LINE('',#13682,#8648);
#7568=LINE('',#13684,#8649);
#7569=LINE('',#13686,#8650);
#7570=LINE('',#13688,#8651);
#7571=LINE('',#13690,#8652);
#7572=LINE('',#13692,#8653);
#7573=LINE('',#13694,#8654);
#7574=LINE('',#13696,#8655);
#7575=LINE('',#13698,#8656);
#7576=LINE('',#13700,#8657);
#7577=LINE('',#13702,#8658);
#7578=LINE('',#13704,#8659);
#7579=LINE('',#13706,#8660);
#7580=LINE('',#13708,#8661);
#7581=LINE('',#13710,#8662);
#7582=LINE('',#13712,#8663);
#7583=LINE('',#13714,#8664);
#7584=LINE('',#13716,#8665);
#7585=LINE('',#13718,#8666);
#7586=LINE('',#13720,#8667);
#7587=LINE('',#13722,#8668);
#7588=LINE('',#13724,#8669);
#7589=LINE('',#13726,#8670);
#7590=LINE('',#13728,#8671);
#7591=LINE('',#13730,#8672);
#7592=LINE('',#13732,#8673);
#7593=LINE('',#13734,#8674);
#7594=LINE('',#13736,#8675);
#7595=LINE('',#13738,#8676);
#7596=LINE('',#13740,#8677);
#7597=LINE('',#13742,#8678);
#7598=LINE('',#13744,#8679);
#7599=LINE('',#13746,#8680);
#7600=LINE('',#13748,#8681);
#7601=LINE('',#13750,#8682);
#7602=LINE('',#13752,#8683);
#7603=LINE('',#13754,#8684);
#7604=LINE('',#13756,#8685);
#7605=LINE('',#13758,#8686);
#7606=LINE('',#13760,#8687);
#7607=LINE('',#13762,#8688);
#7608=LINE('',#13764,#8689);
#7609=LINE('',#13766,#8690);
#7610=LINE('',#13768,#8691);
#7611=LINE('',#13770,#8692);
#7612=LINE('',#13772,#8693);
#7613=LINE('',#13774,#8694);
#7614=LINE('',#13776,#8695);
#7615=LINE('',#13778,#8696);
#7616=LINE('',#13780,#8697);
#7617=LINE('',#13782,#8698);
#7618=LINE('',#13784,#8699);
#7619=LINE('',#13786,#8700);
#7620=LINE('',#13788,#8701);
#7621=LINE('',#13790,#8702);
#7622=LINE('',#13792,#8703);
#7623=LINE('',#13794,#8704);
#7624=LINE('',#13796,#8705);
#7625=LINE('',#13798,#8706);
#7626=LINE('',#13800,#8707);
#7627=LINE('',#13802,#8708);
#7628=LINE('',#13804,#8709);
#7629=LINE('',#13806,#8710);
#7630=LINE('',#13808,#8711);
#7631=LINE('',#13810,#8712);
#7632=LINE('',#13812,#8713);
#7633=LINE('',#13814,#8714);
#7634=LINE('',#13816,#8715);
#7635=LINE('',#13818,#8716);
#7636=LINE('',#13820,#8717);
#7637=LINE('',#13822,#8718);
#7638=LINE('',#13824,#8719);
#7639=LINE('',#13826,#8720);
#7640=LINE('',#13828,#8721);
#7641=LINE('',#13830,#8722);
#7642=LINE('',#13832,#8723);
#7643=LINE('',#13834,#8724);
#7644=LINE('',#13836,#8725);
#7645=LINE('',#13838,#8726);
#7646=LINE('',#13840,#8727);
#7647=LINE('',#13842,#8728);
#7648=LINE('',#13844,#8729);
#7649=LINE('',#13846,#8730);
#7650=LINE('',#13848,#8731);
#7651=LINE('',#13850,#8732);
#7652=LINE('',#13852,#8733);
#7653=LINE('',#13854,#8734);
#7654=LINE('',#13856,#8735);
#7655=LINE('',#13858,#8736);
#7656=LINE('',#13860,#8737);
#7657=LINE('',#13862,#8738);
#7658=LINE('',#13864,#8739);
#7659=LINE('',#13866,#8740);
#7660=LINE('',#13868,#8741);
#7661=LINE('',#13870,#8742);
#7662=LINE('',#13872,#8743);
#7663=LINE('',#13874,#8744);
#7664=LINE('',#13876,#8745);
#7665=LINE('',#13878,#8746);
#7666=LINE('',#13880,#8747);
#7667=LINE('',#13882,#8748);
#7668=LINE('',#13884,#8749);
#7669=LINE('',#13886,#8750);
#7670=LINE('',#13888,#8751);
#7671=LINE('',#13890,#8752);
#7672=LINE('',#13892,#8753);
#7673=LINE('',#13894,#8754);
#7674=LINE('',#13896,#8755);
#7675=LINE('',#13898,#8756);
#7676=LINE('',#13901,#8757);
#7677=LINE('',#13904,#8758);
#7678=LINE('',#13906,#8759);
#7679=LINE('',#13908,#8760);
#7680=LINE('',#13910,#8761);
#7681=LINE('',#13912,#8762);
#7682=LINE('',#13914,#8763);
#7683=LINE('',#13916,#8764);
#7684=LINE('',#13918,#8765);
#7685=LINE('',#13920,#8766);
#7686=LINE('',#13922,#8767);
#7687=LINE('',#13924,#8768);
#7688=LINE('',#13926,#8769);
#7689=LINE('',#13928,#8770);
#7690=LINE('',#13930,#8771);
#7691=LINE('',#13932,#8772);
#7692=LINE('',#13934,#8773);
#7693=LINE('',#13936,#8774);
#7694=LINE('',#13938,#8775);
#7695=LINE('',#13940,#8776);
#7696=LINE('',#13942,#8777);
#7697=LINE('',#13944,#8778);
#7698=LINE('',#13946,#8779);
#7699=LINE('',#13948,#8780);
#7700=LINE('',#13950,#8781);
#7701=LINE('',#13952,#8782);
#7702=LINE('',#13954,#8783);
#7703=LINE('',#13956,#8784);
#7704=LINE('',#13958,#8785);
#7705=LINE('',#13960,#8786);
#7706=LINE('',#13962,#8787);
#7707=LINE('',#13964,#8788);
#7708=LINE('',#13966,#8789);
#7709=LINE('',#13968,#8790);
#7710=LINE('',#13970,#8791);
#7711=LINE('',#13972,#8792);
#7712=LINE('',#13974,#8793);
#7713=LINE('',#13976,#8794);
#7714=LINE('',#13978,#8795);
#7715=LINE('',#13980,#8796);
#7716=LINE('',#13982,#8797);
#7717=LINE('',#13984,#8798);
#7718=LINE('',#13986,#8799);
#7719=LINE('',#13988,#8800);
#7720=LINE('',#13990,#8801);
#7721=LINE('',#13992,#8802);
#7722=LINE('',#13994,#8803);
#7723=LINE('',#13996,#8804);
#7724=LINE('',#13998,#8805);
#7725=LINE('',#14000,#8806);
#7726=LINE('',#14002,#8807);
#7727=LINE('',#14004,#8808);
#7728=LINE('',#14006,#8809);
#7729=LINE('',#14008,#8810);
#7730=LINE('',#14010,#8811);
#7731=LINE('',#14012,#8812);
#7732=LINE('',#14014,#8813);
#7733=LINE('',#14016,#8814);
#7734=LINE('',#14018,#8815);
#7735=LINE('',#14020,#8816);
#7736=LINE('',#14022,#8817);
#7737=LINE('',#14024,#8818);
#7738=LINE('',#14026,#8819);
#7739=LINE('',#14028,#8820);
#7740=LINE('',#14030,#8821);
#7741=LINE('',#14032,#8822);
#7742=LINE('',#14034,#8823);
#7743=LINE('',#14036,#8824);
#7744=LINE('',#14038,#8825);
#7745=LINE('',#14040,#8826);
#7746=LINE('',#14042,#8827);
#7747=LINE('',#14044,#8828);
#7748=LINE('',#14046,#8829);
#7749=LINE('',#14048,#8830);
#7750=LINE('',#14050,#8831);
#7751=LINE('',#14052,#8832);
#7752=LINE('',#14054,#8833);
#7753=LINE('',#14056,#8834);
#7754=LINE('',#14058,#8835);
#7755=LINE('',#14060,#8836);
#7756=LINE('',#14062,#8837);
#7757=LINE('',#14064,#8838);
#7758=LINE('',#14066,#8839);
#7759=LINE('',#14068,#8840);
#7760=LINE('',#14070,#8841);
#7761=LINE('',#14072,#8842);
#7762=LINE('',#14074,#8843);
#7763=LINE('',#14076,#8844);
#7764=LINE('',#14078,#8845);
#7765=LINE('',#14080,#8846);
#7766=LINE('',#14082,#8847);
#7767=LINE('',#14084,#8848);
#7768=LINE('',#14086,#8849);
#7769=LINE('',#14088,#8850);
#7770=LINE('',#14090,#8851);
#7771=LINE('',#14092,#8852);
#7772=LINE('',#14094,#8853);
#7773=LINE('',#14096,#8854);
#7774=LINE('',#14098,#8855);
#7775=LINE('',#14100,#8856);
#7776=LINE('',#14102,#8857);
#7777=LINE('',#14104,#8858);
#7778=LINE('',#14106,#8859);
#7779=LINE('',#14108,#8860);
#7780=LINE('',#14110,#8861);
#7781=LINE('',#14112,#8862);
#7782=LINE('',#14114,#8863);
#7783=LINE('',#14116,#8864);
#7784=LINE('',#14118,#8865);
#7785=LINE('',#14120,#8866);
#7786=LINE('',#14122,#8867);
#7787=LINE('',#14124,#8868);
#7788=LINE('',#14126,#8869);
#7789=LINE('',#14128,#8870);
#7790=LINE('',#14130,#8871);
#7791=LINE('',#14132,#8872);
#7792=LINE('',#14134,#8873);
#7793=LINE('',#14136,#8874);
#7794=LINE('',#14138,#8875);
#7795=LINE('',#14140,#8876);
#7796=LINE('',#14142,#8877);
#7797=LINE('',#14144,#8878);
#7798=LINE('',#14146,#8879);
#7799=LINE('',#14148,#8880);
#7800=LINE('',#14150,#8881);
#7801=LINE('',#14152,#8882);
#7802=LINE('',#14154,#8883);
#7803=LINE('',#14156,#8884);
#7804=LINE('',#14158,#8885);
#7805=LINE('',#14160,#8886);
#7806=LINE('',#14162,#8887);
#7807=LINE('',#14164,#8888);
#7808=LINE('',#14166,#8889);
#7809=LINE('',#14168,#8890);
#7810=LINE('',#14170,#8891);
#7811=LINE('',#14172,#8892);
#7812=LINE('',#14174,#8893);
#7813=LINE('',#14176,#8894);
#7814=LINE('',#14178,#8895);
#7815=LINE('',#14180,#8896);
#7816=LINE('',#14182,#8897);
#7817=LINE('',#14184,#8898);
#7818=LINE('',#14186,#8899);
#7819=LINE('',#14188,#8900);
#7820=LINE('',#14190,#8901);
#7821=LINE('',#14192,#8902);
#7822=LINE('',#14194,#8903);
#7823=LINE('',#14196,#8904);
#7824=LINE('',#14198,#8905);
#7825=LINE('',#14200,#8906);
#7826=LINE('',#14202,#8907);
#7827=LINE('',#14204,#8908);
#7828=LINE('',#14205,#8909);
#7829=LINE('',#14230,#8910);
#7830=LINE('',#14235,#8911);
#7831=LINE('',#14277,#8912);
#7832=LINE('',#14330,#8913);
#7833=LINE('',#14339,#8914);
#7834=LINE('',#14340,#8915);
#7835=LINE('',#14345,#8916);
#7836=LINE('',#14349,#8917);
#7837=LINE('',#14357,#8918);
#7838=LINE('',#14359,#8919);
#7839=LINE('',#14380,#8920);
#7840=LINE('',#14385,#8921);
#7841=LINE('',#14427,#8922);
#7842=LINE('',#14480,#8923);
#7843=LINE('',#14489,#8924);
#7844=LINE('',#14490,#8925);
#7845=LINE('',#14495,#8926);
#7846=LINE('',#14499,#8927);
#7847=LINE('',#14507,#8928);
#7848=LINE('',#14509,#8929);
#7849=LINE('',#14530,#8930);
#7850=LINE('',#14535,#8931);
#7851=LINE('',#14577,#8932);
#7852=LINE('',#14630,#8933);
#7853=LINE('',#14639,#8934);
#7854=LINE('',#14640,#8935);
#7855=LINE('',#14645,#8936);
#7856=LINE('',#14649,#8937);
#7857=LINE('',#14657,#8938);
#7858=LINE('',#14659,#8939);
#7859=VECTOR('',#9526,1.);
#7860=VECTOR('',#9527,1.);
#7861=VECTOR('',#9532,1.);
#7862=VECTOR('',#9533,1.);
#7863=VECTOR('',#9534,1.);
#7864=VECTOR('',#9545,1.);
#7865=VECTOR('',#9546,1.);
#7866=VECTOR('',#9551,1.);
#7867=VECTOR('',#9552,1.);
#7868=VECTOR('',#9553,1.);
#7869=VECTOR('',#9564,1.);
#7870=VECTOR('',#9565,1.);
#7871=VECTOR('',#9566,1.);
#7872=VECTOR('',#9571,1.);
#7873=VECTOR('',#9572,1.);
#7874=VECTOR('',#9583,1.);
#7875=VECTOR('',#9584,1.);
#7876=VECTOR('',#9585,1.);
#7877=VECTOR('',#9586,1.);
#7878=VECTOR('',#9589,1.);
#7879=VECTOR('',#9590,1.);
#7880=VECTOR('',#9591,1.);
#7881=VECTOR('',#9592,1.);
#7882=VECTOR('',#9595,1.);
#7883=VECTOR('',#9596,1.);
#7884=VECTOR('',#9597,1.);
#7885=VECTOR('',#9598,1.);
#7886=VECTOR('',#9601,1.);
#7887=VECTOR('',#9602,1.);
#7888=VECTOR('',#9603,1.);
#7889=VECTOR('',#9604,1.);
#7890=VECTOR('',#9607,1.);
#7891=VECTOR('',#9608,1.);
#7892=VECTOR('',#9609,1.);
#7893=VECTOR('',#9610,1.);
#7894=VECTOR('',#9613,1.);
#7895=VECTOR('',#9614,1.);
#7896=VECTOR('',#9615,1.);
#7897=VECTOR('',#9616,1.);
#7898=VECTOR('',#9619,1.);
#7899=VECTOR('',#9620,1.);
#7900=VECTOR('',#9621,1.);
#7901=VECTOR('',#9622,1.);
#7902=VECTOR('',#9623,1.);
#7903=VECTOR('',#9624,1.);
#7904=VECTOR('',#9625,1.);
#7905=VECTOR('',#9626,1.);
#7906=VECTOR('',#9627,1.);
#7907=VECTOR('',#9628,1.);
#7908=VECTOR('',#9629,1.);
#7909=VECTOR('',#9630,1.);
#7910=VECTOR('',#9631,1.);
#7911=VECTOR('',#9632,1.);
#7912=VECTOR('',#9633,1.);
#7913=VECTOR('',#9634,1.);
#7914=VECTOR('',#9635,1.);
#7915=VECTOR('',#9636,1.);
#7916=VECTOR('',#9637,1.);
#7917=VECTOR('',#9638,1.);
#7918=VECTOR('',#9639,1.);
#7919=VECTOR('',#9640,1.);
#7920=VECTOR('',#9641,1.);
#7921=VECTOR('',#9642,1.);
#7922=VECTOR('',#9643,1.);
#7923=VECTOR('',#9644,1.);
#7924=VECTOR('',#9645,1.);
#7925=VECTOR('',#9646,1.);
#7926=VECTOR('',#9647,1.);
#7927=VECTOR('',#9648,1.);
#7928=VECTOR('',#9649,1.);
#7929=VECTOR('',#9650,1.);
#7930=VECTOR('',#9651,1.);
#7931=VECTOR('',#9652,1.);
#7932=VECTOR('',#9653,1.);
#7933=VECTOR('',#9654,1.);
#7934=VECTOR('',#9655,1.);
#7935=VECTOR('',#9656,1.);
#7936=VECTOR('',#9657,1.);
#7937=VECTOR('',#9658,1.);
#7938=VECTOR('',#9659,1.);
#7939=VECTOR('',#9660,1.);
#7940=VECTOR('',#9661,1.);
#7941=VECTOR('',#9662,1.);
#7942=VECTOR('',#9663,1.);
#7943=VECTOR('',#9664,1.);
#7944=VECTOR('',#9665,1.);
#7945=VECTOR('',#9666,1.);
#7946=VECTOR('',#9667,1.);
#7947=VECTOR('',#9668,1.);
#7948=VECTOR('',#9669,1.);
#7949=VECTOR('',#9670,1.);
#7950=VECTOR('',#9671,1.);
#7951=VECTOR('',#9672,1.);
#7952=VECTOR('',#9673,1.);
#7953=VECTOR('',#9674,1.);
#7954=VECTOR('',#9675,1.);
#7955=VECTOR('',#9676,1.);
#7956=VECTOR('',#9677,1.);
#7957=VECTOR('',#9678,1.);
#7958=VECTOR('',#9679,1.);
#7959=VECTOR('',#9680,1.);
#7960=VECTOR('',#9681,1.);
#7961=VECTOR('',#9682,1.);
#7962=VECTOR('',#9683,1.);
#7963=VECTOR('',#9684,1.);
#7964=VECTOR('',#9685,1.);
#7965=VECTOR('',#9686,1.);
#7966=VECTOR('',#9687,1.);
#7967=VECTOR('',#9688,1.);
#7968=VECTOR('',#9689,1.);
#7969=VECTOR('',#9690,1.);
#7970=VECTOR('',#9691,1.);
#7971=VECTOR('',#9692,1.);
#7972=VECTOR('',#9693,1.);
#7973=VECTOR('',#9694,1.);
#7974=VECTOR('',#9695,1.);
#7975=VECTOR('',#9696,1.);
#7976=VECTOR('',#9697,1.);
#7977=VECTOR('',#9698,1.);
#7978=VECTOR('',#9699,1.);
#7979=VECTOR('',#9700,1.);
#7980=VECTOR('',#9701,1.);
#7981=VECTOR('',#9702,1.);
#7982=VECTOR('',#9703,1.);
#7983=VECTOR('',#9704,1.);
#7984=VECTOR('',#9705,1.);
#7985=VECTOR('',#9706,1.);
#7986=VECTOR('',#9707,1.);
#7987=VECTOR('',#9708,1.);
#7988=VECTOR('',#9709,1.);
#7989=VECTOR('',#9710,1.);
#7990=VECTOR('',#9711,1.);
#7991=VECTOR('',#9712,1.);
#7992=VECTOR('',#9713,1.);
#7993=VECTOR('',#9714,1.);
#7994=VECTOR('',#9715,1.);
#7995=VECTOR('',#9716,1.);
#7996=VECTOR('',#9717,1.);
#7997=VECTOR('',#9718,1.);
#7998=VECTOR('',#9719,1.);
#7999=VECTOR('',#9720,1.);
#8000=VECTOR('',#9721,1.);
#8001=VECTOR('',#9722,1.);
#8002=VECTOR('',#9723,1.);
#8003=VECTOR('',#9724,1.);
#8004=VECTOR('',#9725,1.);
#8005=VECTOR('',#9726,1.);
#8006=VECTOR('',#9727,1.);
#8007=VECTOR('',#9728,1.);
#8008=VECTOR('',#9729,1.);
#8009=VECTOR('',#9730,1.);
#8010=VECTOR('',#9731,1.);
#8011=VECTOR('',#9732,1.);
#8012=VECTOR('',#9733,1.);
#8013=VECTOR('',#9734,1.);
#8014=VECTOR('',#9735,1.);
#8015=VECTOR('',#9736,1.);
#8016=VECTOR('',#9737,1.);
#8017=VECTOR('',#9738,1.);
#8018=VECTOR('',#9739,1.);
#8019=VECTOR('',#9740,1.);
#8020=VECTOR('',#9741,1.);
#8021=VECTOR('',#9742,1.);
#8022=VECTOR('',#9743,1.);
#8023=VECTOR('',#9744,1.);
#8024=VECTOR('',#9745,1.);
#8025=VECTOR('',#9746,1.);
#8026=VECTOR('',#9747,1.);
#8027=VECTOR('',#9748,1.);
#8028=VECTOR('',#9749,1.);
#8029=VECTOR('',#9750,1.);
#8030=VECTOR('',#9751,1.);
#8031=VECTOR('',#9752,1.);
#8032=VECTOR('',#9753,1.);
#8033=VECTOR('',#9754,1.);
#8034=VECTOR('',#9755,1.);
#8035=VECTOR('',#9756,1.);
#8036=VECTOR('',#9757,1.);
#8037=VECTOR('',#9758,1.);
#8038=VECTOR('',#9759,1.);
#8039=VECTOR('',#9760,1.);
#8040=VECTOR('',#9761,1.);
#8041=VECTOR('',#9762,1.);
#8042=VECTOR('',#9763,1.);
#8043=VECTOR('',#9764,1.);
#8044=VECTOR('',#9765,1.);
#8045=VECTOR('',#9766,1.);
#8046=VECTOR('',#9767,1.);
#8047=VECTOR('',#9768,1.);
#8048=VECTOR('',#9769,1.);
#8049=VECTOR('',#9770,1.);
#8050=VECTOR('',#9771,1.);
#8051=VECTOR('',#9772,1.);
#8052=VECTOR('',#9773,1.);
#8053=VECTOR('',#9774,1.);
#8054=VECTOR('',#9775,1.);
#8055=VECTOR('',#9776,1.);
#8056=VECTOR('',#9777,1.);
#8057=VECTOR('',#9778,1.);
#8058=VECTOR('',#9779,1.);
#8059=VECTOR('',#9780,1.);
#8060=VECTOR('',#9781,1.);
#8061=VECTOR('',#9782,1.);
#8062=VECTOR('',#9783,1.);
#8063=VECTOR('',#9784,1.);
#8064=VECTOR('',#9785,1.);
#8065=VECTOR('',#9786,1.);
#8066=VECTOR('',#9787,1.);
#8067=VECTOR('',#9788,1.);
#8068=VECTOR('',#9789,1.);
#8069=VECTOR('',#9790,1.);
#8070=VECTOR('',#9791,1.);
#8071=VECTOR('',#9792,1.);
#8072=VECTOR('',#9793,1.);
#8073=VECTOR('',#9794,1.);
#8074=VECTOR('',#9795,1.);
#8075=VECTOR('',#9796,1.);
#8076=VECTOR('',#9797,1.);
#8077=VECTOR('',#9798,1.);
#8078=VECTOR('',#9799,1.);
#8079=VECTOR('',#9800,1.);
#8080=VECTOR('',#9801,1.);
#8081=VECTOR('',#9802,1.);
#8082=VECTOR('',#9803,1.);
#8083=VECTOR('',#9804,1.);
#8084=VECTOR('',#9805,1.);
#8085=VECTOR('',#9806,1.);
#8086=VECTOR('',#9807,1.);
#8087=VECTOR('',#9808,1.);
#8088=VECTOR('',#9809,1.);
#8089=VECTOR('',#9810,1.);
#8090=VECTOR('',#9811,1.);
#8091=VECTOR('',#9812,1.);
#8092=VECTOR('',#9813,1.);
#8093=VECTOR('',#9814,1.);
#8094=VECTOR('',#9815,1.);
#8095=VECTOR('',#9816,1.);
#8096=VECTOR('',#9817,1.);
#8097=VECTOR('',#9818,1.);
#8098=VECTOR('',#9819,1.);
#8099=VECTOR('',#9820,1.);
#8100=VECTOR('',#9821,1.);
#8101=VECTOR('',#9822,1.);
#8102=VECTOR('',#9823,1.);
#8103=VECTOR('',#9824,1.);
#8104=VECTOR('',#9825,1.);
#8105=VECTOR('',#9826,1.);
#8106=VECTOR('',#9827,1.);
#8107=VECTOR('',#9828,1.);
#8108=VECTOR('',#9829,1.);
#8109=VECTOR('',#9830,1.);
#8110=VECTOR('',#9831,1.);
#8111=VECTOR('',#9832,1.);
#8112=VECTOR('',#9833,1.);
#8113=VECTOR('',#9834,1.);
#8114=VECTOR('',#9835,1.);
#8115=VECTOR('',#9836,1.);
#8116=VECTOR('',#9837,1.);
#8117=VECTOR('',#9838,1.);
#8118=VECTOR('',#9839,1.);
#8119=VECTOR('',#9840,1.);
#8120=VECTOR('',#9841,1.);
#8121=VECTOR('',#9842,1.);
#8122=VECTOR('',#9843,1.);
#8123=VECTOR('',#9844,1.);
#8124=VECTOR('',#9845,1.);
#8125=VECTOR('',#9846,1.);
#8126=VECTOR('',#9847,1.);
#8127=VECTOR('',#9848,1.);
#8128=VECTOR('',#9849,1.);
#8129=VECTOR('',#9850,1.);
#8130=VECTOR('',#9851,1.);
#8131=VECTOR('',#9852,1.);
#8132=VECTOR('',#9853,1.);
#8133=VECTOR('',#9854,1.);
#8134=VECTOR('',#9855,1.);
#8135=VECTOR('',#9856,1.);
#8136=VECTOR('',#9857,1.);
#8137=VECTOR('',#9858,1.);
#8138=VECTOR('',#9859,1.);
#8139=VECTOR('',#9860,1.);
#8140=VECTOR('',#9861,1.);
#8141=VECTOR('',#9862,1.);
#8142=VECTOR('',#9863,1.);
#8143=VECTOR('',#9864,1.);
#8144=VECTOR('',#9867,1.);
#8145=VECTOR('',#9868,1.);
#8146=VECTOR('',#9869,1.);
#8147=VECTOR('',#9870,1.);
#8148=VECTOR('',#9871,1.);
#8149=VECTOR('',#9872,1.);
#8150=VECTOR('',#9873,1.);
#8151=VECTOR('',#9874,1.);
#8152=VECTOR('',#9875,1.);
#8153=VECTOR('',#9876,1.);
#8154=VECTOR('',#9879,1.);
#8155=VECTOR('',#9880,1.);
#8156=VECTOR('',#9881,1.);
#8157=VECTOR('',#9884,1.);
#8158=VECTOR('',#9885,1.);
#8159=VECTOR('',#9886,1.);
#8160=VECTOR('',#9889,1.);
#8161=VECTOR('',#9890,1.);
#8162=VECTOR('',#9891,1.);
#8163=VECTOR('',#9894,1.);
#8164=VECTOR('',#9895,1.);
#8165=VECTOR('',#9896,1.);
#8166=VECTOR('',#9899,1.);
#8167=VECTOR('',#9900,1.);
#8168=VECTOR('',#9901,1.);
#8169=VECTOR('',#9904,1.);
#8170=VECTOR('',#9905,1.);
#8171=VECTOR('',#9906,1.);
#8172=VECTOR('',#9909,1.);
#8173=VECTOR('',#9910,1.);
#8174=VECTOR('',#9911,1.);
#8175=VECTOR('',#9914,1.);
#8176=VECTOR('',#9915,1.);
#8177=VECTOR('',#9916,1.);
#8178=VECTOR('',#9919,1.);
#8179=VECTOR('',#9920,1.);
#8180=VECTOR('',#9921,1.);
#8181=VECTOR('',#9924,1.);
#8182=VECTOR('',#9925,1.);
#8183=VECTOR('',#9926,1.);
#8184=VECTOR('',#9929,1.);
#8185=VECTOR('',#9930,1.);
#8186=VECTOR('',#9931,1.);
#8187=VECTOR('',#9934,1.);
#8188=VECTOR('',#9935,1.);
#8189=VECTOR('',#9936,1.);
#8190=VECTOR('',#9939,1.);
#8191=VECTOR('',#9940,1.);
#8192=VECTOR('',#9941,1.);
#8193=VECTOR('',#9942,1.);
#8194=VECTOR('',#9943,1.);
#8195=VECTOR('',#9946,1.);
#8196=VECTOR('',#9947,1.);
#8197=VECTOR('',#9948,1.);
#8198=VECTOR('',#9949,1.);
#8199=VECTOR('',#9950,1.);
#8200=VECTOR('',#9953,1.);
#8201=VECTOR('',#9954,1.);
#8202=VECTOR('',#9955,1.);
#8203=VECTOR('',#9956,1.);
#8204=VECTOR('',#9957,1.);
#8205=VECTOR('',#9960,1.);
#8206=VECTOR('',#9961,1.);
#8207=VECTOR('',#9962,1.);
#8208=VECTOR('',#9963,1.);
#8209=VECTOR('',#9964,1.);
#8210=VECTOR('',#9967,1.);
#8211=VECTOR('',#9968,1.);
#8212=VECTOR('',#9971,1.);
#8213=VECTOR('',#9972,1.);
#8214=VECTOR('',#9975,1.);
#8215=VECTOR('',#9978,1.);
#8216=VECTOR('',#9979,1.);
#8217=VECTOR('',#9984,1.);
#8218=VECTOR('',#9989,1.);
#8219=VECTOR('',#9990,1.);
#8220=VECTOR('',#9991,1.);
#8221=VECTOR('',#9994,1.);
#8222=VECTOR('',#9997,1.);
#8223=VECTOR('',#9998,1.);
#8224=VECTOR('',#10001,1.);
#8225=VECTOR('',#10002,1.);
#8226=VECTOR('',#10005,1.);
#8227=VECTOR('',#10006,1.);
#8228=VECTOR('',#10007,1.);
#8229=VECTOR('',#10010,1.);
#8230=VECTOR('',#10011,1.);
#8231=VECTOR('',#10020,1.);
#8232=VECTOR('',#10021,1.);
#8233=VECTOR('',#10022,1.);
#8234=VECTOR('',#10023,1.);
#8235=VECTOR('',#10024,1.);
#8236=VECTOR('',#10025,1.);
#8237=VECTOR('',#10026,1.);
#8238=VECTOR('',#10027,1.);
#8239=VECTOR('',#10028,1.);
#8240=VECTOR('',#10029,1.);
#8241=VECTOR('',#10030,1.);
#8242=VECTOR('',#10031,1.);
#8243=VECTOR('',#10034,1.);
#8244=VECTOR('',#10035,1.);
#8245=VECTOR('',#10040,1.);
#8246=VECTOR('',#10049,1.);
#8247=VECTOR('',#10050,1.);
#8248=VECTOR('',#10053,1.);
#8249=VECTOR('',#10054,1.);
#8250=VECTOR('',#10059,1.);
#8251=VECTOR('',#10062,1.);
#8252=VECTOR('',#10065,1.);
#8253=VECTOR('',#10068,1.);
#8254=VECTOR('',#10079,1.);
#8255=VECTOR('',#10090,1.);
#8256=VECTOR('',#10093,1.);
#8257=VECTOR('',#10100,1.);
#8258=VECTOR('',#10103,1.);
#8259=VECTOR('',#10106,1.);
#8260=VECTOR('',#10113,1.);
#8261=VECTOR('',#10114,1.);
#8262=VECTOR('',#10115,1.);
#8263=VECTOR('',#10118,1.);
#8264=VECTOR('',#10121,1.);
#8265=VECTOR('',#10124,1.);
#8266=VECTOR('',#10125,1.);
#8267=VECTOR('',#10128,1.);
#8268=VECTOR('',#10131,1.);
#8269=VECTOR('',#10134,1.);
#8270=VECTOR('',#10135,1.);
#8271=VECTOR('',#10142,1.);
#8272=VECTOR('',#10147,1.);
#8273=VECTOR('',#10150,1.);
#8274=VECTOR('',#10151,1.);
#8275=VECTOR('',#10156,1.);
#8276=VECTOR('',#10227,1.);
#8277=VECTOR('',#10228,1.);
#8278=VECTOR('',#10229,1.);
#8279=VECTOR('',#10230,1.);
#8280=VECTOR('',#10233,1.);
#8281=VECTOR('',#10234,1.);
#8282=VECTOR('',#10235,1.);
#8283=VECTOR('',#10238,1.);
#8284=VECTOR('',#10239,1.);
#8285=VECTOR('',#10240,1.);
#8286=VECTOR('',#10243,1.);
#8287=VECTOR('',#10244,1.);
#8288=VECTOR('',#10247,1.);
#8289=VECTOR('',#10248,1.);
#8290=VECTOR('',#10251,1.);
#8291=VECTOR('',#10252,1.);
#8292=VECTOR('',#10255,1.);
#8293=VECTOR('',#10258,1.);
#8294=VECTOR('',#10259,1.);
#8295=VECTOR('',#10266,1.);
#8296=VECTOR('',#10267,1.);
#8297=VECTOR('',#10268,1.);
#8298=VECTOR('',#10269,1.);
#8299=VECTOR('',#10272,1.);
#8300=VECTOR('',#10273,1.);
#8301=VECTOR('',#10274,1.);
#8302=VECTOR('',#10277,1.);
#8303=VECTOR('',#10278,1.);
#8304=VECTOR('',#10279,1.);
#8305=VECTOR('',#10282,1.);
#8306=VECTOR('',#10283,1.);
#8307=VECTOR('',#10284,1.);
#8308=VECTOR('',#10287,1.);
#8309=VECTOR('',#10288,1.);
#8310=VECTOR('',#10289,1.);
#8311=VECTOR('',#10292,1.);
#8312=VECTOR('',#10293,1.);
#8313=VECTOR('',#10294,1.);
#8314=VECTOR('',#10297,1.);
#8315=VECTOR('',#10298,1.);
#8316=VECTOR('',#10299,1.);
#8317=VECTOR('',#10302,1.);
#8318=VECTOR('',#10303,1.);
#8319=VECTOR('',#10304,1.);
#8320=VECTOR('',#10307,1.);
#8321=VECTOR('',#10308,1.);
#8322=VECTOR('',#10309,1.);
#8323=VECTOR('',#10312,1.);
#8324=VECTOR('',#10313,1.);
#8325=VECTOR('',#10314,1.);
#8326=VECTOR('',#10317,1.);
#8327=VECTOR('',#10318,1.);
#8328=VECTOR('',#10319,1.);
#8329=VECTOR('',#10322,1.);
#8330=VECTOR('',#10323,1.);
#8331=VECTOR('',#10324,1.);
#8332=VECTOR('',#10327,1.);
#8333=VECTOR('',#10328,1.);
#8334=VECTOR('',#10329,1.);
#8335=VECTOR('',#10332,1.);
#8336=VECTOR('',#10333,1.);
#8337=VECTOR('',#10334,1.);
#8338=VECTOR('',#10337,1.);
#8339=VECTOR('',#10338,1.);
#8340=VECTOR('',#10339,1.);
#8341=VECTOR('',#10342,1.);
#8342=VECTOR('',#10343,1.);
#8343=VECTOR('',#10344,1.);
#8344=VECTOR('',#10347,1.);
#8345=VECTOR('',#10348,1.);
#8346=VECTOR('',#10349,1.);
#8347=VECTOR('',#10352,1.);
#8348=VECTOR('',#10353,1.);
#8349=VECTOR('',#10354,1.);
#8350=VECTOR('',#10357,1.);
#8351=VECTOR('',#10358,1.);
#8352=VECTOR('',#10359,1.);
#8353=VECTOR('',#10362,1.);
#8354=VECTOR('',#10363,1.);
#8355=VECTOR('',#10364,1.);
#8356=VECTOR('',#10367,1.);
#8357=VECTOR('',#10368,1.);
#8358=VECTOR('',#10369,1.);
#8359=VECTOR('',#10372,1.);
#8360=VECTOR('',#10373,1.);
#8361=VECTOR('',#10374,1.);
#8362=VECTOR('',#10377,1.);
#8363=VECTOR('',#10378,1.);
#8364=VECTOR('',#10379,1.);
#8365=VECTOR('',#10382,1.);
#8366=VECTOR('',#10383,1.);
#8367=VECTOR('',#10384,1.);
#8368=VECTOR('',#10387,1.);
#8369=VECTOR('',#10388,1.);
#8370=VECTOR('',#10391,1.);
#8371=VECTOR('',#10392,1.);
#8372=VECTOR('',#10395,1.);
#8373=VECTOR('',#10396,1.);
#8374=VECTOR('',#10399,1.);
#8375=VECTOR('',#10400,1.);
#8376=VECTOR('',#10403,1.);
#8377=VECTOR('',#10404,1.);
#8378=VECTOR('',#10407,1.);
#8379=VECTOR('',#10408,1.);
#8380=VECTOR('',#10411,1.);
#8381=VECTOR('',#10412,1.);
#8382=VECTOR('',#10415,1.);
#8383=VECTOR('',#10416,1.);
#8384=VECTOR('',#10419,1.);
#8385=VECTOR('',#10420,1.);
#8386=VECTOR('',#10423,1.);
#8387=VECTOR('',#10424,1.);
#8388=VECTOR('',#10427,1.);
#8389=VECTOR('',#10428,1.);
#8390=VECTOR('',#10431,1.);
#8391=VECTOR('',#10432,1.);
#8392=VECTOR('',#10435,1.);
#8393=VECTOR('',#10436,1.);
#8394=VECTOR('',#10439,1.);
#8395=VECTOR('',#10440,1.);
#8396=VECTOR('',#10443,1.);
#8397=VECTOR('',#10444,1.);
#8398=VECTOR('',#10447,1.);
#8399=VECTOR('',#10448,1.);
#8400=VECTOR('',#10451,1.);
#8401=VECTOR('',#10452,1.);
#8402=VECTOR('',#10455,1.);
#8403=VECTOR('',#10456,1.);
#8404=VECTOR('',#10459,1.);
#8405=VECTOR('',#10460,1.);
#8406=VECTOR('',#10463,1.);
#8407=VECTOR('',#10464,1.);
#8408=VECTOR('',#10467,1.);
#8409=VECTOR('',#10468,1.);
#8410=VECTOR('',#10471,1.);
#8411=VECTOR('',#10472,1.);
#8412=VECTOR('',#10475,1.);
#8413=VECTOR('',#10476,1.);
#8414=VECTOR('',#10479,1.);
#8415=VECTOR('',#10480,1.);
#8416=VECTOR('',#10483,1.);
#8417=VECTOR('',#10484,1.);
#8418=VECTOR('',#10487,1.);
#8419=VECTOR('',#10488,1.);
#8420=VECTOR('',#10491,1.);
#8421=VECTOR('',#10492,1.);
#8422=VECTOR('',#10495,1.);
#8423=VECTOR('',#10496,1.);
#8424=VECTOR('',#10499,1.);
#8425=VECTOR('',#10500,1.);
#8426=VECTOR('',#10503,1.);
#8427=VECTOR('',#10504,1.);
#8428=VECTOR('',#10507,1.);
#8429=VECTOR('',#10508,1.);
#8430=VECTOR('',#10511,1.);
#8431=VECTOR('',#10514,1.);
#8432=VECTOR('',#10515,1.);
#8433=VECTOR('',#10522,1.);
#8434=VECTOR('',#10523,1.);
#8435=VECTOR('',#10524,1.);
#8436=VECTOR('',#10527,1.);
#8437=VECTOR('',#10528,1.);
#8438=VECTOR('',#10531,1.);
#8439=VECTOR('',#10532,1.);
#8440=VECTOR('',#10535,1.);
#8441=VECTOR('',#10536,1.);
#8442=VECTOR('',#10539,1.);
#8443=VECTOR('',#10540,1.);
#8444=VECTOR('',#10543,1.);
#8445=VECTOR('',#10544,1.);
#8446=VECTOR('',#10547,1.);
#8447=VECTOR('',#10548,1.);
#8448=VECTOR('',#10551,1.);
#8449=VECTOR('',#10552,1.);
#8450=VECTOR('',#10555,1.);
#8451=VECTOR('',#10556,1.);
#8452=VECTOR('',#10559,1.);
#8453=VECTOR('',#10560,1.);
#8454=VECTOR('',#10563,1.);
#8455=VECTOR('',#10564,1.);
#8456=VECTOR('',#10567,1.);
#8457=VECTOR('',#10572,1.);
#8458=VECTOR('',#10573,1.);
#8459=VECTOR('',#10574,1.);
#8460=VECTOR('',#10577,1.);
#8461=VECTOR('',#10578,1.);
#8462=VECTOR('',#10581,1.);
#8463=VECTOR('',#10582,1.);
#8464=VECTOR('',#10585,1.);
#8465=VECTOR('',#10586,1.);
#8466=VECTOR('',#10589,1.);
#8467=VECTOR('',#10590,1.);
#8468=VECTOR('',#10593,1.);
#8469=VECTOR('',#10594,1.);
#8470=VECTOR('',#10597,1.);
#8471=VECTOR('',#10598,1.);
#8472=VECTOR('',#10601,1.);
#8473=VECTOR('',#10602,1.);
#8474=VECTOR('',#10605,1.);
#8475=VECTOR('',#10606,1.);
#8476=VECTOR('',#10609,1.);
#8477=VECTOR('',#10614,1.);
#8478=VECTOR('',#10615,1.);
#8479=VECTOR('',#10616,1.);
#8480=VECTOR('',#10619,1.);
#8481=VECTOR('',#10620,1.);
#8482=VECTOR('',#10623,1.);
#8483=VECTOR('',#10624,1.);
#8484=VECTOR('',#10627,1.);
#8485=VECTOR('',#10628,1.);
#8486=VECTOR('',#10631,1.);
#8487=VECTOR('',#10632,1.);
#8488=VECTOR('',#10635,1.);
#8489=VECTOR('',#10636,1.);
#8490=VECTOR('',#10639,1.);
#8491=VECTOR('',#10640,1.);
#8492=VECTOR('',#10643,1.);
#8493=VECTOR('',#10644,1.);
#8494=VECTOR('',#10647,1.);
#8495=VECTOR('',#10648,1.);
#8496=VECTOR('',#10651,1.);
#8497=VECTOR('',#10652,1.);
#8498=VECTOR('',#10655,1.);
#8499=VECTOR('',#10656,1.);
#8500=VECTOR('',#10659,1.);
#8501=VECTOR('',#10660,1.);
#8502=VECTOR('',#10663,1.);
#8503=VECTOR('',#10664,1.);
#8504=VECTOR('',#10667,1.);
#8505=VECTOR('',#10668,1.);
#8506=VECTOR('',#10671,1.);
#8507=VECTOR('',#10672,1.);
#8508=VECTOR('',#10675,1.);
#8509=VECTOR('',#10676,1.);
#8510=VECTOR('',#10679,1.);
#8511=VECTOR('',#10680,1.);
#8512=VECTOR('',#10683,1.);
#8513=VECTOR('',#10684,1.);
#8514=VECTOR('',#10687,1.);
#8515=VECTOR('',#10688,1.);
#8516=VECTOR('',#10691,1.);
#8517=VECTOR('',#10692,1.);
#8518=VECTOR('',#10695,1.);
#8519=VECTOR('',#10696,1.);
#8520=VECTOR('',#10699,1.);
#8521=VECTOR('',#10700,1.);
#8522=VECTOR('',#10703,1.);
#8523=VECTOR('',#10704,1.);
#8524=VECTOR('',#10707,1.);
#8525=VECTOR('',#10708,1.);
#8526=VECTOR('',#10711,1.);
#8527=VECTOR('',#10712,1.);
#8528=VECTOR('',#10715,1.);
#8529=VECTOR('',#10716,1.);
#8530=VECTOR('',#10719,1.);
#8531=VECTOR('',#10720,1.);
#8532=VECTOR('',#10723,1.);
#8533=VECTOR('',#10724,1.);
#8534=VECTOR('',#10727,1.);
#8535=VECTOR('',#10728,1.);
#8536=VECTOR('',#10731,1.);
#8537=VECTOR('',#10732,1.);
#8538=VECTOR('',#10735,1.);
#8539=VECTOR('',#10736,1.);
#8540=VECTOR('',#10739,1.);
#8541=VECTOR('',#10740,1.);
#8542=VECTOR('',#10743,1.);
#8543=VECTOR('',#10744,1.);
#8544=VECTOR('',#10747,1.);
#8545=VECTOR('',#10748,1.);
#8546=VECTOR('',#10751,1.);
#8547=VECTOR('',#10752,1.);
#8548=VECTOR('',#10755,1.);
#8549=VECTOR('',#10756,1.);
#8550=VECTOR('',#10759,1.);
#8551=VECTOR('',#10760,1.);
#8552=VECTOR('',#10763,1.);
#8553=VECTOR('',#10764,1.);
#8554=VECTOR('',#10767,1.);
#8555=VECTOR('',#10768,1.);
#8556=VECTOR('',#10771,1.);
#8557=VECTOR('',#10772,1.);
#8558=VECTOR('',#10775,1.);
#8559=VECTOR('',#10776,1.);
#8560=VECTOR('',#10779,1.);
#8561=VECTOR('',#10780,1.);
#8562=VECTOR('',#10783,1.);
#8563=VECTOR('',#10784,1.);
#8564=VECTOR('',#10787,1.);
#8565=VECTOR('',#10788,1.);
#8566=VECTOR('',#10791,1.);
#8567=VECTOR('',#10792,1.);
#8568=VECTOR('',#10795,1.);
#8569=VECTOR('',#10796,1.);
#8570=VECTOR('',#10799,1.);
#8571=VECTOR('',#10800,1.);
#8572=VECTOR('',#10803,1.);
#8573=VECTOR('',#10804,1.);
#8574=VECTOR('',#10807,1.);
#8575=VECTOR('',#10808,1.);
#8576=VECTOR('',#10811,1.);
#8577=VECTOR('',#10812,1.);
#8578=VECTOR('',#10815,1.);
#8579=VECTOR('',#10816,1.);
#8580=VECTOR('',#10819,1.);
#8581=VECTOR('',#10820,1.);
#8582=VECTOR('',#10823,1.);
#8583=VECTOR('',#10824,1.);
#8584=VECTOR('',#10827,1.);
#8585=VECTOR('',#10828,1.);
#8586=VECTOR('',#10831,1.);
#8587=VECTOR('',#10832,1.);
#8588=VECTOR('',#10835,1.);
#8589=VECTOR('',#10836,1.);
#8590=VECTOR('',#10839,1.);
#8591=VECTOR('',#10840,1.);
#8592=VECTOR('',#10843,1.);
#8593=VECTOR('',#10844,1.);
#8594=VECTOR('',#10847,1.);
#8595=VECTOR('',#10848,1.);
#8596=VECTOR('',#10851,1.);
#8597=VECTOR('',#10856,1.);
#8598=VECTOR('',#10857,1.);
#8599=VECTOR('',#10858,1.);
#8600=VECTOR('',#10861,1.);
#8601=VECTOR('',#10862,1.);
#8602=VECTOR('',#10865,1.);
#8603=VECTOR('',#10866,1.);
#8604=VECTOR('',#10869,1.);
#8605=VECTOR('',#10870,1.);
#8606=VECTOR('',#10873,1.);
#8607=VECTOR('',#10874,1.);
#8608=VECTOR('',#10877,1.);
#8609=VECTOR('',#10878,1.);
#8610=VECTOR('',#10881,1.);
#8611=VECTOR('',#10882,1.);
#8612=VECTOR('',#10885,1.);
#8613=VECTOR('',#10886,1.);
#8614=VECTOR('',#10889,1.);
#8615=VECTOR('',#10890,1.);
#8616=VECTOR('',#10893,1.);
#8617=VECTOR('',#10894,1.);
#8618=VECTOR('',#10897,1.);
#8619=VECTOR('',#10898,1.);
#8620=VECTOR('',#10901,1.);
#8621=VECTOR('',#10902,1.);
#8622=VECTOR('',#10905,1.);
#8623=VECTOR('',#10906,1.);
#8624=VECTOR('',#10909,1.);
#8625=VECTOR('',#10910,1.);
#8626=VECTOR('',#10913,1.);
#8627=VECTOR('',#10914,1.);
#8628=VECTOR('',#10917,1.);
#8629=VECTOR('',#10918,1.);
#8630=VECTOR('',#10921,1.);
#8631=VECTOR('',#10922,1.);
#8632=VECTOR('',#10925,1.);
#8633=VECTOR('',#10926,1.);
#8634=VECTOR('',#10929,1.);
#8635=VECTOR('',#10930,1.);
#8636=VECTOR('',#10933,1.);
#8637=VECTOR('',#10934,1.);
#8638=VECTOR('',#10937,1.);
#8639=VECTOR('',#10938,1.);
#8640=VECTOR('',#10941,1.);
#8641=VECTOR('',#10942,1.);
#8642=VECTOR('',#10945,1.);
#8643=VECTOR('',#10946,1.);
#8644=VECTOR('',#10949,1.);
#8645=VECTOR('',#10950,1.);
#8646=VECTOR('',#10953,1.);
#8647=VECTOR('',#10954,1.);
#8648=VECTOR('',#10957,1.);
#8649=VECTOR('',#10958,1.);
#8650=VECTOR('',#10961,1.);
#8651=VECTOR('',#10962,1.);
#8652=VECTOR('',#10965,1.);
#8653=VECTOR('',#10966,1.);
#8654=VECTOR('',#10969,1.);
#8655=VECTOR('',#10970,1.);
#8656=VECTOR('',#10973,1.);
#8657=VECTOR('',#10974,1.);
#8658=VECTOR('',#10977,1.);
#8659=VECTOR('',#10978,1.);
#8660=VECTOR('',#10981,1.);
#8661=VECTOR('',#10982,1.);
#8662=VECTOR('',#10985,1.);
#8663=VECTOR('',#10986,1.);
#8664=VECTOR('',#10989,1.);
#8665=VECTOR('',#10990,1.);
#8666=VECTOR('',#10993,1.);
#8667=VECTOR('',#10994,1.);
#8668=VECTOR('',#10997,1.);
#8669=VECTOR('',#10998,1.);
#8670=VECTOR('',#11001,1.);
#8671=VECTOR('',#11002,1.);
#8672=VECTOR('',#11005,1.);
#8673=VECTOR('',#11006,1.);
#8674=VECTOR('',#11009,1.);
#8675=VECTOR('',#11010,1.);
#8676=VECTOR('',#11013,1.);
#8677=VECTOR('',#11014,1.);
#8678=VECTOR('',#11017,1.);
#8679=VECTOR('',#11018,1.);
#8680=VECTOR('',#11021,1.);
#8681=VECTOR('',#11022,1.);
#8682=VECTOR('',#11025,1.);
#8683=VECTOR('',#11026,1.);
#8684=VECTOR('',#11029,1.);
#8685=VECTOR('',#11030,1.);
#8686=VECTOR('',#11033,1.);
#8687=VECTOR('',#11034,1.);
#8688=VECTOR('',#11037,1.);
#8689=VECTOR('',#11038,1.);
#8690=VECTOR('',#11041,1.);
#8691=VECTOR('',#11042,1.);
#8692=VECTOR('',#11045,1.);
#8693=VECTOR('',#11046,1.);
#8694=VECTOR('',#11049,1.);
#8695=VECTOR('',#11050,1.);
#8696=VECTOR('',#11053,1.);
#8697=VECTOR('',#11054,1.);
#8698=VECTOR('',#11057,1.);
#8699=VECTOR('',#11058,1.);
#8700=VECTOR('',#11061,1.);
#8701=VECTOR('',#11062,1.);
#8702=VECTOR('',#11065,1.);
#8703=VECTOR('',#11066,1.);
#8704=VECTOR('',#11069,1.);
#8705=VECTOR('',#11070,1.);
#8706=VECTOR('',#11073,1.);
#8707=VECTOR('',#11074,1.);
#8708=VECTOR('',#11077,1.);
#8709=VECTOR('',#11078,1.);
#8710=VECTOR('',#11081,1.);
#8711=VECTOR('',#11082,1.);
#8712=VECTOR('',#11085,1.);
#8713=VECTOR('',#11086,1.);
#8714=VECTOR('',#11089,1.);
#8715=VECTOR('',#11090,1.);
#8716=VECTOR('',#11093,1.);
#8717=VECTOR('',#11094,1.);
#8718=VECTOR('',#11097,1.);
#8719=VECTOR('',#11098,1.);
#8720=VECTOR('',#11101,1.);
#8721=VECTOR('',#11102,1.);
#8722=VECTOR('',#11105,1.);
#8723=VECTOR('',#11106,1.);
#8724=VECTOR('',#11109,1.);
#8725=VECTOR('',#11110,1.);
#8726=VECTOR('',#11113,1.);
#8727=VECTOR('',#11114,1.);
#8728=VECTOR('',#11117,1.);
#8729=VECTOR('',#11118,1.);
#8730=VECTOR('',#11121,1.);
#8731=VECTOR('',#11122,1.);
#8732=VECTOR('',#11125,1.);
#8733=VECTOR('',#11126,1.);
#8734=VECTOR('',#11129,1.);
#8735=VECTOR('',#11130,1.);
#8736=VECTOR('',#11133,1.);
#8737=VECTOR('',#11134,1.);
#8738=VECTOR('',#11137,1.);
#8739=VECTOR('',#11138,1.);
#8740=VECTOR('',#11141,1.);
#8741=VECTOR('',#11142,1.);
#8742=VECTOR('',#11145,1.);
#8743=VECTOR('',#11146,1.);
#8744=VECTOR('',#11149,1.);
#8745=VECTOR('',#11150,1.);
#8746=VECTOR('',#11153,1.);
#8747=VECTOR('',#11154,1.);
#8748=VECTOR('',#11157,1.);
#8749=VECTOR('',#11158,1.);
#8750=VECTOR('',#11161,1.);
#8751=VECTOR('',#11162,1.);
#8752=VECTOR('',#11165,1.);
#8753=VECTOR('',#11166,1.);
#8754=VECTOR('',#11169,1.);
#8755=VECTOR('',#11170,1.);
#8756=VECTOR('',#11173,1.);
#8757=VECTOR('',#11178,1.);
#8758=VECTOR('',#11179,1.);
#8759=VECTOR('',#11180,1.);
#8760=VECTOR('',#11181,1.);
#8761=VECTOR('',#11184,1.);
#8762=VECTOR('',#11185,1.);
#8763=VECTOR('',#11186,1.);
#8764=VECTOR('',#11189,1.);
#8765=VECTOR('',#11190,1.);
#8766=VECTOR('',#11191,1.);
#8767=VECTOR('',#11194,1.);
#8768=VECTOR('',#11195,1.);
#8769=VECTOR('',#11196,1.);
#8770=VECTOR('',#11199,1.);
#8771=VECTOR('',#11200,1.);
#8772=VECTOR('',#11201,1.);
#8773=VECTOR('',#11204,1.);
#8774=VECTOR('',#11205,1.);
#8775=VECTOR('',#11206,1.);
#8776=VECTOR('',#11209,1.);
#8777=VECTOR('',#11210,1.);
#8778=VECTOR('',#11211,1.);
#8779=VECTOR('',#11214,1.);
#8780=VECTOR('',#11215,1.);
#8781=VECTOR('',#11216,1.);
#8782=VECTOR('',#11219,1.);
#8783=VECTOR('',#11220,1.);
#8784=VECTOR('',#11221,1.);
#8785=VECTOR('',#11224,1.);
#8786=VECTOR('',#11225,1.);
#8787=VECTOR('',#11226,1.);
#8788=VECTOR('',#11229,1.);
#8789=VECTOR('',#11230,1.);
#8790=VECTOR('',#11231,1.);
#8791=VECTOR('',#11234,1.);
#8792=VECTOR('',#11235,1.);
#8793=VECTOR('',#11236,1.);
#8794=VECTOR('',#11239,1.);
#8795=VECTOR('',#11240,1.);
#8796=VECTOR('',#11241,1.);
#8797=VECTOR('',#11244,1.);
#8798=VECTOR('',#11245,1.);
#8799=VECTOR('',#11246,1.);
#8800=VECTOR('',#11249,1.);
#8801=VECTOR('',#11250,1.);
#8802=VECTOR('',#11251,1.);
#8803=VECTOR('',#11254,1.);
#8804=VECTOR('',#11255,1.);
#8805=VECTOR('',#11256,1.);
#8806=VECTOR('',#11259,1.);
#8807=VECTOR('',#11260,1.);
#8808=VECTOR('',#11261,1.);
#8809=VECTOR('',#11264,1.);
#8810=VECTOR('',#11265,1.);
#8811=VECTOR('',#11266,1.);
#8812=VECTOR('',#11269,1.);
#8813=VECTOR('',#11270,1.);
#8814=VECTOR('',#11271,1.);
#8815=VECTOR('',#11274,1.);
#8816=VECTOR('',#11275,1.);
#8817=VECTOR('',#11276,1.);
#8818=VECTOR('',#11279,1.);
#8819=VECTOR('',#11280,1.);
#8820=VECTOR('',#11281,1.);
#8821=VECTOR('',#11284,1.);
#8822=VECTOR('',#11285,1.);
#8823=VECTOR('',#11286,1.);
#8824=VECTOR('',#11289,1.);
#8825=VECTOR('',#11290,1.);
#8826=VECTOR('',#11291,1.);
#8827=VECTOR('',#11294,1.);
#8828=VECTOR('',#11295,1.);
#8829=VECTOR('',#11296,1.);
#8830=VECTOR('',#11299,1.);
#8831=VECTOR('',#11300,1.);
#8832=VECTOR('',#11301,1.);
#8833=VECTOR('',#11304,1.);
#8834=VECTOR('',#11305,1.);
#8835=VECTOR('',#11306,1.);
#8836=VECTOR('',#11309,1.);
#8837=VECTOR('',#11310,1.);
#8838=VECTOR('',#11311,1.);
#8839=VECTOR('',#11314,1.);
#8840=VECTOR('',#11315,1.);
#8841=VECTOR('',#11318,1.);
#8842=VECTOR('',#11319,1.);
#8843=VECTOR('',#11322,1.);
#8844=VECTOR('',#11323,1.);
#8845=VECTOR('',#11326,1.);
#8846=VECTOR('',#11327,1.);
#8847=VECTOR('',#11330,1.);
#8848=VECTOR('',#11331,1.);
#8849=VECTOR('',#11334,1.);
#8850=VECTOR('',#11335,1.);
#8851=VECTOR('',#11338,1.);
#8852=VECTOR('',#11339,1.);
#8853=VECTOR('',#11342,1.);
#8854=VECTOR('',#11343,1.);
#8855=VECTOR('',#11346,1.);
#8856=VECTOR('',#11347,1.);
#8857=VECTOR('',#11350,1.);
#8858=VECTOR('',#11351,1.);
#8859=VECTOR('',#11354,1.);
#8860=VECTOR('',#11355,1.);
#8861=VECTOR('',#11358,1.);
#8862=VECTOR('',#11359,1.);
#8863=VECTOR('',#11362,1.);
#8864=VECTOR('',#11363,1.);
#8865=VECTOR('',#11366,1.);
#8866=VECTOR('',#11367,1.);
#8867=VECTOR('',#11370,1.);
#8868=VECTOR('',#11371,1.);
#8869=VECTOR('',#11374,1.);
#8870=VECTOR('',#11375,1.);
#8871=VECTOR('',#11378,1.);
#8872=VECTOR('',#11379,1.);
#8873=VECTOR('',#11382,1.);
#8874=VECTOR('',#11383,1.);
#8875=VECTOR('',#11386,1.);
#8876=VECTOR('',#11387,1.);
#8877=VECTOR('',#11390,1.);
#8878=VECTOR('',#11391,1.);
#8879=VECTOR('',#11394,1.);
#8880=VECTOR('',#11395,1.);
#8881=VECTOR('',#11398,1.);
#8882=VECTOR('',#11399,1.);
#8883=VECTOR('',#11402,1.);
#8884=VECTOR('',#11403,1.);
#8885=VECTOR('',#11406,1.);
#8886=VECTOR('',#11407,1.);
#8887=VECTOR('',#11410,1.);
#8888=VECTOR('',#11411,1.);
#8889=VECTOR('',#11414,1.);
#8890=VECTOR('',#11415,1.);
#8891=VECTOR('',#11418,1.);
#8892=VECTOR('',#11419,1.);
#8893=VECTOR('',#11422,1.);
#8894=VECTOR('',#11423,1.);
#8895=VECTOR('',#11426,1.);
#8896=VECTOR('',#11427,1.);
#8897=VECTOR('',#11430,1.);
#8898=VECTOR('',#11431,1.);
#8899=VECTOR('',#11434,1.);
#8900=VECTOR('',#11435,1.);
#8901=VECTOR('',#11438,1.);
#8902=VECTOR('',#11439,1.);
#8903=VECTOR('',#11442,1.);
#8904=VECTOR('',#11443,1.);
#8905=VECTOR('',#11446,1.);
#8906=VECTOR('',#11447,1.);
#8907=VECTOR('',#11450,1.);
#8908=VECTOR('',#11453,1.);
#8909=VECTOR('',#11454,1.);
#8910=VECTOR('',#11491,1.);
#8911=VECTOR('',#11496,1.);
#8912=VECTOR('',#11505,1.);
#8913=VECTOR('',#11512,1.);
#8914=VECTOR('',#11525,1.);
#8915=VECTOR('',#11526,1.);
#8916=VECTOR('',#11533,1.);
#8917=VECTOR('',#11536,1.);
#8918=VECTOR('',#11549,1.);
#8919=VECTOR('',#11552,1.);
#8920=VECTOR('',#11585,1.);
#8921=VECTOR('',#11590,1.);
#8922=VECTOR('',#11599,1.);
#8923=VECTOR('',#11606,1.);
#8924=VECTOR('',#11619,1.);
#8925=VECTOR('',#11620,1.);
#8926=VECTOR('',#11627,1.);
#8927=VECTOR('',#11630,1.);
#8928=VECTOR('',#11643,1.);
#8929=VECTOR('',#11646,1.);
#8930=VECTOR('',#11679,1.);
#8931=VECTOR('',#11684,1.);
#8932=VECTOR('',#11693,1.);
#8933=VECTOR('',#11700,1.);
#8934=VECTOR('',#11713,1.);
#8935=VECTOR('',#11714,1.);
#8936=VECTOR('',#11721,1.);
#8937=VECTOR('',#11724,1.);
#8938=VECTOR('',#11737,1.);
#8939=VECTOR('',#11740,1.);
#8940=AXIS2_PLACEMENT_3D('',#11773,#9524,#9525);
#8941=AXIS2_PLACEMENT_3D('',#11779,#9528,#9529);
#8942=AXIS2_PLACEMENT_3D('',#11781,#9530,#9531);
#8943=AXIS2_PLACEMENT_3D('',#11788,#9535,#9536);
#8944=AXIS2_PLACEMENT_3D('',#11789,#9537,#9538);
#8945=AXIS2_PLACEMENT_3D('',#11792,#9539,#9540);
#8946=AXIS2_PLACEMENT_3D('',#11794,#9541,#9542);
#8947=AXIS2_PLACEMENT_3D('',#11795,#9543,#9544);
#8948=AXIS2_PLACEMENT_3D('',#11801,#9547,#9548);
#8949=AXIS2_PLACEMENT_3D('',#11803,#9549,#9550);
#8950=AXIS2_PLACEMENT_3D('',#11810,#9554,#9555);
#8951=AXIS2_PLACEMENT_3D('',#11811,#9556,#9557);
#8952=AXIS2_PLACEMENT_3D('',#11814,#9558,#9559);
#8953=AXIS2_PLACEMENT_3D('',#11816,#9560,#9561);
#8954=AXIS2_PLACEMENT_3D('',#11817,#9562,#9563);
#8955=AXIS2_PLACEMENT_3D('',#11825,#9567,#9568);
#8956=AXIS2_PLACEMENT_3D('',#11827,#9569,#9570);
#8957=AXIS2_PLACEMENT_3D('',#11832,#9573,#9574);
#8958=AXIS2_PLACEMENT_3D('',#11833,#9575,#9576);
#8959=AXIS2_PLACEMENT_3D('',#11836,#9577,#9578);
#8960=AXIS2_PLACEMENT_3D('',#11838,#9579,#9580);
#8961=AXIS2_PLACEMENT_3D('',#11839,#9581,#9582);
#8962=AXIS2_PLACEMENT_3D('',#11848,#9587,#9588);
#8963=AXIS2_PLACEMENT_3D('',#11857,#9593,#9594);
#8964=AXIS2_PLACEMENT_3D('',#11866,#9599,#9600);
#8965=AXIS2_PLACEMENT_3D('',#11874,#9605,#9606);
#8966=AXIS2_PLACEMENT_3D('',#11882,#9611,#9612);
#8967=AXIS2_PLACEMENT_3D('',#11890,#9617,#9618);
#8968=AXIS2_PLACEMENT_3D('',#12383,#9865,#9866);
#8969=AXIS2_PLACEMENT_3D('',#12404,#9877,#9878);
#8970=AXIS2_PLACEMENT_3D('',#12416,#9882,#9883);
#8971=AXIS2_PLACEMENT_3D('',#12427,#9887,#9888);
#8972=AXIS2_PLACEMENT_3D('',#12438,#9892,#9893);
#8973=AXIS2_PLACEMENT_3D('',#12450,#9897,#9898);
#8974=AXIS2_PLACEMENT_3D('',#12462,#9902,#9903);
#8975=AXIS2_PLACEMENT_3D('',#12473,#9907,#9908);
#8976=AXIS2_PLACEMENT_3D('',#12484,#9912,#9913);
#8977=AXIS2_PLACEMENT_3D('',#12496,#9917,#9918);
#8978=AXIS2_PLACEMENT_3D('',#12508,#9922,#9923);
#8979=AXIS2_PLACEMENT_3D('',#12519,#9927,#9928);
#8980=AXIS2_PLACEMENT_3D('',#12530,#9932,#9933);
#8981=AXIS2_PLACEMENT_3D('',#12542,#9937,#9938);
#8982=AXIS2_PLACEMENT_3D('',#12559,#9944,#9945);
#8983=AXIS2_PLACEMENT_3D('',#12576,#9951,#9952);
#8984=AXIS2_PLACEMENT_3D('',#12593,#9958,#9959);
#8985=AXIS2_PLACEMENT_3D('',#12610,#9965,#9966);
#8986=AXIS2_PLACEMENT_3D('',#12616,#9969,#9970);
#8987=AXIS2_PLACEMENT_3D('',#12621,#9973,#9974);
#8988=AXIS2_PLACEMENT_3D('',#12623,#9976,#9977);
#8989=AXIS2_PLACEMENT_3D('',#12627,#9980,#9981);
#8990=AXIS2_PLACEMENT_3D('',#12629,#9982,#9983);
#8991=AXIS2_PLACEMENT_3D('',#12633,#9985,#9986);
#8992=AXIS2_PLACEMENT_3D('',#12635,#9987,#9988);
#8993=AXIS2_PLACEMENT_3D('',#12641,#9992,#9993);
#8994=AXIS2_PLACEMENT_3D('',#12645,#9995,#9996);
#8995=AXIS2_PLACEMENT_3D('',#12649,#9999,#10000);
#8996=AXIS2_PLACEMENT_3D('',#12653,#10003,#10004);
#8997=AXIS2_PLACEMENT_3D('',#12659,#10008,#10009);
#8998=AXIS2_PLACEMENT_3D('',#12663,#10012,#10013);
#8999=AXIS2_PLACEMENT_3D('',#12664,#10014,#10015);
#9000=AXIS2_PLACEMENT_3D('',#12665,#10016,#10017);
#9001=AXIS2_PLACEMENT_3D('',#12666,#10018,#10019);
#9002=AXIS2_PLACEMENT_3D('',#12683,#10032,#10033);
#9003=AXIS2_PLACEMENT_3D('',#12687,#10036,#10037);
#9004=AXIS2_PLACEMENT_3D('',#12696,#10038,#10039);
#9005=AXIS2_PLACEMENT_3D('',#12698,#10041,#10042);
#9006=AXIS2_PLACEMENT_3D('',#12699,#10043,#10044);
#9007=AXIS2_PLACEMENT_3D('',#12701,#10045,#10046);
#9008=AXIS2_PLACEMENT_3D('',#12703,#10047,#10048);
#9009=AXIS2_PLACEMENT_3D('',#12707,#10051,#10052);
#9010=AXIS2_PLACEMENT_3D('',#12711,#10055,#10056);
#9011=AXIS2_PLACEMENT_3D('',#12720,#10057,#10058);
#9012=AXIS2_PLACEMENT_3D('',#12722,#10060,#10061);
#9013=AXIS2_PLACEMENT_3D('',#12724,#10063,#10064);
#9014=AXIS2_PLACEMENT_3D('',#12728,#10066,#10067);
#9015=AXIS2_PLACEMENT_3D('',#12732,#10069,#10070);
#9016=AXIS2_PLACEMENT_3D('',#12733,#10071,#10072);
#9017=AXIS2_PLACEMENT_3D('',#12734,#10073,#10074);
#9018=AXIS2_PLACEMENT_3D('',#12735,#10075,#10076);
#9019=AXIS2_PLACEMENT_3D('',#12736,#10077,#10078);
#9020=AXIS2_PLACEMENT_3D('',#12738,#10080,#10081);
#9021=AXIS2_PLACEMENT_3D('',#12741,#10082,#10083);
#9022=AXIS2_PLACEMENT_3D('',#12742,#10084,#10085);
#9023=AXIS2_PLACEMENT_3D('',#12745,#10086,#10087);
#9024=AXIS2_PLACEMENT_3D('',#12746,#10088,#10089);
#9025=AXIS2_PLACEMENT_3D('',#12749,#10091,#10092);
#9026=AXIS2_PLACEMENT_3D('',#12752,#10094,#10095);
#9027=AXIS2_PLACEMENT_3D('',#12753,#10096,#10097);
#9028=AXIS2_PLACEMENT_3D('',#12754,#10098,#10099);
#9029=AXIS2_PLACEMENT_3D('',#12756,#10101,#10102);
#9030=AXIS2_PLACEMENT_3D('',#12759,#10104,#10105);
#9031=AXIS2_PLACEMENT_3D('',#12762,#10107,#10108);
#9032=AXIS2_PLACEMENT_3D('',#12763,#10109,#10110);
#9033=AXIS2_PLACEMENT_3D('',#12764,#10111,#10112);
#9034=AXIS2_PLACEMENT_3D('',#12769,#10116,#10117);
#9035=AXIS2_PLACEMENT_3D('',#12771,#10119,#10120);
#9036=AXIS2_PLACEMENT_3D('',#12773,#10122,#10123);
#9037=AXIS2_PLACEMENT_3D('',#12784,#10126,#10127);
#9038=AXIS2_PLACEMENT_3D('',#12795,#10129,#10130);
#9039=AXIS2_PLACEMENT_3D('',#12804,#10132,#10133);
#9040=AXIS2_PLACEMENT_3D('',#12808,#10136,#10137);
#9041=AXIS2_PLACEMENT_3D('',#12809,#10138,#10139);
#9042=AXIS2_PLACEMENT_3D('',#12812,#10140,#10141);
#9043=AXIS2_PLACEMENT_3D('',#12815,#10143,#10144);
#9044=AXIS2_PLACEMENT_3D('',#12817,#10145,#10146);
#9045=AXIS2_PLACEMENT_3D('',#12820,#10148,#10149);
#9046=AXIS2_PLACEMENT_3D('',#12823,#10152,#10153);
#9047=AXIS2_PLACEMENT_3D('',#12824,#10154,#10155);
#9048=AXIS2_PLACEMENT_3D('',#12826,#10157,#10158);
#9049=AXIS2_PLACEMENT_3D('',#12827,#10159,#10160);
#9050=AXIS2_PLACEMENT_3D('',#12828,#10161,#10162);
#9051=AXIS2_PLACEMENT_3D('',#12829,#10163,#10164);
#9052=AXIS2_PLACEMENT_3D('',#12830,#10165,#10166);
#9053=AXIS2_PLACEMENT_3D('',#12832,#10167,#10168);
#9054=AXIS2_PLACEMENT_3D('',#12895,#10169,#10170);
#9055=AXIS2_PLACEMENT_3D('',#12896,#10171,#10172);
#9056=AXIS2_PLACEMENT_3D('',#12898,#10173,#10174);
#9057=AXIS2_PLACEMENT_3D('',#12899,#10175,#10176);
#9058=AXIS2_PLACEMENT_3D('',#12901,#10177,#10178);
#9059=AXIS2_PLACEMENT_3D('',#12902,#10179,#10180);
#9060=AXIS2_PLACEMENT_3D('',#12904,#10181,#10182);
#9061=AXIS2_PLACEMENT_3D('',#12905,#10183,#10184);
#9062=AXIS2_PLACEMENT_3D('',#12907,#10185,#10186);
#9063=AXIS2_PLACEMENT_3D('',#12908,#10187,#10188);
#9064=AXIS2_PLACEMENT_3D('',#12910,#10189,#10190);
#9065=AXIS2_PLACEMENT_3D('',#12911,#10191,#10192);
#9066=AXIS2_PLACEMENT_3D('',#12913,#10193,#10194);
#9067=AXIS2_PLACEMENT_3D('',#12914,#10195,#10196);
#9068=AXIS2_PLACEMENT_3D('',#12916,#10197,#10198);
#9069=AXIS2_PLACEMENT_3D('',#12917,#10199,#10200);
#9070=AXIS2_PLACEMENT_3D('',#12918,#10201,#10202);
#9071=AXIS2_PLACEMENT_3D('',#12919,#10203,#10204);
#9072=AXIS2_PLACEMENT_3D('',#12920,#10205,#10206);
#9073=AXIS2_PLACEMENT_3D('',#12921,#10207,#10208);
#9074=AXIS2_PLACEMENT_3D('',#12922,#10209,#10210);
#9075=AXIS2_PLACEMENT_3D('',#12923,#10211,#10212);
#9076=AXIS2_PLACEMENT_3D('',#12924,#10213,#10214);
#9077=AXIS2_PLACEMENT_3D('',#12925,#10215,#10216);
#9078=AXIS2_PLACEMENT_3D('',#12926,#10217,#10218);
#9079=AXIS2_PLACEMENT_3D('',#12927,#10219,#10220);
#9080=AXIS2_PLACEMENT_3D('',#12928,#10221,#10222);
#9081=AXIS2_PLACEMENT_3D('',#12929,#10223,#10224);
#9082=AXIS2_PLACEMENT_3D('',#12930,#10225,#10226);
#9083=AXIS2_PLACEMENT_3D('',#12939,#10231,#10232);
#9084=AXIS2_PLACEMENT_3D('',#12945,#10236,#10237);
#9085=AXIS2_PLACEMENT_3D('',#12951,#10241,#10242);
#9086=AXIS2_PLACEMENT_3D('',#12955,#10245,#10246);
#9087=AXIS2_PLACEMENT_3D('',#12959,#10249,#10250);
#9088=AXIS2_PLACEMENT_3D('',#12963,#10253,#10254);
#9089=AXIS2_PLACEMENT_3D('',#12965,#10256,#10257);
#9090=AXIS2_PLACEMENT_3D('',#12968,#10260,#10261);
#9091=AXIS2_PLACEMENT_3D('',#12969,#10262,#10263);
#9092=AXIS2_PLACEMENT_3D('',#12970,#10264,#10265);
#9093=AXIS2_PLACEMENT_3D('',#12979,#10270,#10271);
#9094=AXIS2_PLACEMENT_3D('',#12985,#10275,#10276);
#9095=AXIS2_PLACEMENT_3D('',#12991,#10280,#10281);
#9096=AXIS2_PLACEMENT_3D('',#12997,#10285,#10286);
#9097=AXIS2_PLACEMENT_3D('',#13003,#10290,#10291);
#9098=AXIS2_PLACEMENT_3D('',#13009,#10295,#10296);
#9099=AXIS2_PLACEMENT_3D('',#13015,#10300,#10301);
#9100=AXIS2_PLACEMENT_3D('',#13021,#10305,#10306);
#9101=AXIS2_PLACEMENT_3D('',#13027,#10310,#10311);
#9102=AXIS2_PLACEMENT_3D('',#13033,#10315,#10316);
#9103=AXIS2_PLACEMENT_3D('',#13039,#10320,#10321);
#9104=AXIS2_PLACEMENT_3D('',#13045,#10325,#10326);
#9105=AXIS2_PLACEMENT_3D('',#13051,#10330,#10331);
#9106=AXIS2_PLACEMENT_3D('',#13057,#10335,#10336);
#9107=AXIS2_PLACEMENT_3D('',#13063,#10340,#10341);
#9108=AXIS2_PLACEMENT_3D('',#13069,#10345,#10346);
#9109=AXIS2_PLACEMENT_3D('',#13075,#10350,#10351);
#9110=AXIS2_PLACEMENT_3D('',#13081,#10355,#10356);
#9111=AXIS2_PLACEMENT_3D('',#13087,#10360,#10361);
#9112=AXIS2_PLACEMENT_3D('',#13093,#10365,#10366);
#9113=AXIS2_PLACEMENT_3D('',#13099,#10370,#10371);
#9114=AXIS2_PLACEMENT_3D('',#13105,#10375,#10376);
#9115=AXIS2_PLACEMENT_3D('',#13111,#10380,#10381);
#9116=AXIS2_PLACEMENT_3D('',#13117,#10385,#10386);
#9117=AXIS2_PLACEMENT_3D('',#13121,#10389,#10390);
#9118=AXIS2_PLACEMENT_3D('',#13125,#10393,#10394);
#9119=AXIS2_PLACEMENT_3D('',#13129,#10397,#10398);
#9120=AXIS2_PLACEMENT_3D('',#13133,#10401,#10402);
#9121=AXIS2_PLACEMENT_3D('',#13137,#10405,#10406);
#9122=AXIS2_PLACEMENT_3D('',#13141,#10409,#10410);
#9123=AXIS2_PLACEMENT_3D('',#13145,#10413,#10414);
#9124=AXIS2_PLACEMENT_3D('',#13149,#10417,#10418);
#9125=AXIS2_PLACEMENT_3D('',#13153,#10421,#10422);
#9126=AXIS2_PLACEMENT_3D('',#13157,#10425,#10426);
#9127=AXIS2_PLACEMENT_3D('',#13161,#10429,#10430);
#9128=AXIS2_PLACEMENT_3D('',#13165,#10433,#10434);
#9129=AXIS2_PLACEMENT_3D('',#13169,#10437,#10438);
#9130=AXIS2_PLACEMENT_3D('',#13173,#10441,#10442);
#9131=AXIS2_PLACEMENT_3D('',#13177,#10445,#10446);
#9132=AXIS2_PLACEMENT_3D('',#13181,#10449,#10450);
#9133=AXIS2_PLACEMENT_3D('',#13185,#10453,#10454);
#9134=AXIS2_PLACEMENT_3D('',#13189,#10457,#10458);
#9135=AXIS2_PLACEMENT_3D('',#13193,#10461,#10462);
#9136=AXIS2_PLACEMENT_3D('',#13197,#10465,#10466);
#9137=AXIS2_PLACEMENT_3D('',#13201,#10469,#10470);
#9138=AXIS2_PLACEMENT_3D('',#13205,#10473,#10474);
#9139=AXIS2_PLACEMENT_3D('',#13209,#10477,#10478);
#9140=AXIS2_PLACEMENT_3D('',#13213,#10481,#10482);
#9141=AXIS2_PLACEMENT_3D('',#13217,#10485,#10486);
#9142=AXIS2_PLACEMENT_3D('',#13221,#10489,#10490);
#9143=AXIS2_PLACEMENT_3D('',#13225,#10493,#10494);
#9144=AXIS2_PLACEMENT_3D('',#13229,#10497,#10498);
#9145=AXIS2_PLACEMENT_3D('',#13233,#10501,#10502);
#9146=AXIS2_PLACEMENT_3D('',#13237,#10505,#10506);
#9147=AXIS2_PLACEMENT_3D('',#13241,#10509,#10510);
#9148=AXIS2_PLACEMENT_3D('',#13243,#10512,#10513);
#9149=AXIS2_PLACEMENT_3D('',#13246,#10516,#10517);
#9150=AXIS2_PLACEMENT_3D('',#13247,#10518,#10519);
#9151=AXIS2_PLACEMENT_3D('',#13248,#10520,#10521);
#9152=AXIS2_PLACEMENT_3D('',#13254,#10525,#10526);
#9153=AXIS2_PLACEMENT_3D('',#13258,#10529,#10530);
#9154=AXIS2_PLACEMENT_3D('',#13262,#10533,#10534);
#9155=AXIS2_PLACEMENT_3D('',#13266,#10537,#10538);
#9156=AXIS2_PLACEMENT_3D('',#13270,#10541,#10542);
#9157=AXIS2_PLACEMENT_3D('',#13274,#10545,#10546);
#9158=AXIS2_PLACEMENT_3D('',#13278,#10549,#10550);
#9159=AXIS2_PLACEMENT_3D('',#13282,#10553,#10554);
#9160=AXIS2_PLACEMENT_3D('',#13286,#10557,#10558);
#9161=AXIS2_PLACEMENT_3D('',#13290,#10561,#10562);
#9162=AXIS2_PLACEMENT_3D('',#13294,#10565,#10566);
#9163=AXIS2_PLACEMENT_3D('',#13296,#10568,#10569);
#9164=AXIS2_PLACEMENT_3D('',#13297,#10570,#10571);
#9165=AXIS2_PLACEMENT_3D('',#13303,#10575,#10576);
#9166=AXIS2_PLACEMENT_3D('',#13307,#10579,#10580);
#9167=AXIS2_PLACEMENT_3D('',#13311,#10583,#10584);
#9168=AXIS2_PLACEMENT_3D('',#13315,#10587,#10588);
#9169=AXIS2_PLACEMENT_3D('',#13319,#10591,#10592);
#9170=AXIS2_PLACEMENT_3D('',#13323,#10595,#10596);
#9171=AXIS2_PLACEMENT_3D('',#13327,#10599,#10600);
#9172=AXIS2_PLACEMENT_3D('',#13331,#10603,#10604);
#9173=AXIS2_PLACEMENT_3D('',#13335,#10607,#10608);
#9174=AXIS2_PLACEMENT_3D('',#13337,#10610,#10611);
#9175=AXIS2_PLACEMENT_3D('',#13338,#10612,#10613);
#9176=AXIS2_PLACEMENT_3D('',#13344,#10617,#10618);
#9177=AXIS2_PLACEMENT_3D('',#13348,#10621,#10622);
#9178=AXIS2_PLACEMENT_3D('',#13352,#10625,#10626);
#9179=AXIS2_PLACEMENT_3D('',#13356,#10629,#10630);
#9180=AXIS2_PLACEMENT_3D('',#13360,#10633,#10634);
#9181=AXIS2_PLACEMENT_3D('',#13364,#10637,#10638);
#9182=AXIS2_PLACEMENT_3D('',#13368,#10641,#10642);
#9183=AXIS2_PLACEMENT_3D('',#13372,#10645,#10646);
#9184=AXIS2_PLACEMENT_3D('',#13376,#10649,#10650);
#9185=AXIS2_PLACEMENT_3D('',#13380,#10653,#10654);
#9186=AXIS2_PLACEMENT_3D('',#13384,#10657,#10658);
#9187=AXIS2_PLACEMENT_3D('',#13388,#10661,#10662);
#9188=AXIS2_PLACEMENT_3D('',#13392,#10665,#10666);
#9189=AXIS2_PLACEMENT_3D('',#13396,#10669,#10670);
#9190=AXIS2_PLACEMENT_3D('',#13400,#10673,#10674);
#9191=AXIS2_PLACEMENT_3D('',#13404,#10677,#10678);
#9192=AXIS2_PLACEMENT_3D('',#13408,#10681,#10682);
#9193=AXIS2_PLACEMENT_3D('',#13412,#10685,#10686);
#9194=AXIS2_PLACEMENT_3D('',#13416,#10689,#10690);
#9195=AXIS2_PLACEMENT_3D('',#13420,#10693,#10694);
#9196=AXIS2_PLACEMENT_3D('',#13424,#10697,#10698);
#9197=AXIS2_PLACEMENT_3D('',#13428,#10701,#10702);
#9198=AXIS2_PLACEMENT_3D('',#13432,#10705,#10706);
#9199=AXIS2_PLACEMENT_3D('',#13436,#10709,#10710);
#9200=AXIS2_PLACEMENT_3D('',#13440,#10713,#10714);
#9201=AXIS2_PLACEMENT_3D('',#13444,#10717,#10718);
#9202=AXIS2_PLACEMENT_3D('',#13448,#10721,#10722);
#9203=AXIS2_PLACEMENT_3D('',#13452,#10725,#10726);
#9204=AXIS2_PLACEMENT_3D('',#13456,#10729,#10730);
#9205=AXIS2_PLACEMENT_3D('',#13460,#10733,#10734);
#9206=AXIS2_PLACEMENT_3D('',#13464,#10737,#10738);
#9207=AXIS2_PLACEMENT_3D('',#13468,#10741,#10742);
#9208=AXIS2_PLACEMENT_3D('',#13472,#10745,#10746);
#9209=AXIS2_PLACEMENT_3D('',#13476,#10749,#10750);
#9210=AXIS2_PLACEMENT_3D('',#13480,#10753,#10754);
#9211=AXIS2_PLACEMENT_3D('',#13484,#10757,#10758);
#9212=AXIS2_PLACEMENT_3D('',#13488,#10761,#10762);
#9213=AXIS2_PLACEMENT_3D('',#13492,#10765,#10766);
#9214=AXIS2_PLACEMENT_3D('',#13496,#10769,#10770);
#9215=AXIS2_PLACEMENT_3D('',#13500,#10773,#10774);
#9216=AXIS2_PLACEMENT_3D('',#13504,#10777,#10778);
#9217=AXIS2_PLACEMENT_3D('',#13508,#10781,#10782);
#9218=AXIS2_PLACEMENT_3D('',#13512,#10785,#10786);
#9219=AXIS2_PLACEMENT_3D('',#13516,#10789,#10790);
#9220=AXIS2_PLACEMENT_3D('',#13520,#10793,#10794);
#9221=AXIS2_PLACEMENT_3D('',#13524,#10797,#10798);
#9222=AXIS2_PLACEMENT_3D('',#13528,#10801,#10802);
#9223=AXIS2_PLACEMENT_3D('',#13532,#10805,#10806);
#9224=AXIS2_PLACEMENT_3D('',#13536,#10809,#10810);
#9225=AXIS2_PLACEMENT_3D('',#13540,#10813,#10814);
#9226=AXIS2_PLACEMENT_3D('',#13544,#10817,#10818);
#9227=AXIS2_PLACEMENT_3D('',#13548,#10821,#10822);
#9228=AXIS2_PLACEMENT_3D('',#13552,#10825,#10826);
#9229=AXIS2_PLACEMENT_3D('',#13556,#10829,#10830);
#9230=AXIS2_PLACEMENT_3D('',#13560,#10833,#10834);
#9231=AXIS2_PLACEMENT_3D('',#13564,#10837,#10838);
#9232=AXIS2_PLACEMENT_3D('',#13568,#10841,#10842);
#9233=AXIS2_PLACEMENT_3D('',#13572,#10845,#10846);
#9234=AXIS2_PLACEMENT_3D('',#13576,#10849,#10850);
#9235=AXIS2_PLACEMENT_3D('',#13578,#10852,#10853);
#9236=AXIS2_PLACEMENT_3D('',#13579,#10854,#10855);
#9237=AXIS2_PLACEMENT_3D('',#13585,#10859,#10860);
#9238=AXIS2_PLACEMENT_3D('',#13589,#10863,#10864);
#9239=AXIS2_PLACEMENT_3D('',#13593,#10867,#10868);
#9240=AXIS2_PLACEMENT_3D('',#13597,#10871,#10872);
#9241=AXIS2_PLACEMENT_3D('',#13601,#10875,#10876);
#9242=AXIS2_PLACEMENT_3D('',#13605,#10879,#10880);
#9243=AXIS2_PLACEMENT_3D('',#13609,#10883,#10884);
#9244=AXIS2_PLACEMENT_3D('',#13613,#10887,#10888);
#9245=AXIS2_PLACEMENT_3D('',#13617,#10891,#10892);
#9246=AXIS2_PLACEMENT_3D('',#13621,#10895,#10896);
#9247=AXIS2_PLACEMENT_3D('',#13625,#10899,#10900);
#9248=AXIS2_PLACEMENT_3D('',#13629,#10903,#10904);
#9249=AXIS2_PLACEMENT_3D('',#13633,#10907,#10908);
#9250=AXIS2_PLACEMENT_3D('',#13637,#10911,#10912);
#9251=AXIS2_PLACEMENT_3D('',#13641,#10915,#10916);
#9252=AXIS2_PLACEMENT_3D('',#13645,#10919,#10920);
#9253=AXIS2_PLACEMENT_3D('',#13649,#10923,#10924);
#9254=AXIS2_PLACEMENT_3D('',#13653,#10927,#10928);
#9255=AXIS2_PLACEMENT_3D('',#13657,#10931,#10932);
#9256=AXIS2_PLACEMENT_3D('',#13661,#10935,#10936);
#9257=AXIS2_PLACEMENT_3D('',#13665,#10939,#10940);
#9258=AXIS2_PLACEMENT_3D('',#13669,#10943,#10944);
#9259=AXIS2_PLACEMENT_3D('',#13673,#10947,#10948);
#9260=AXIS2_PLACEMENT_3D('',#13677,#10951,#10952);
#9261=AXIS2_PLACEMENT_3D('',#13681,#10955,#10956);
#9262=AXIS2_PLACEMENT_3D('',#13685,#10959,#10960);
#9263=AXIS2_PLACEMENT_3D('',#13689,#10963,#10964);
#9264=AXIS2_PLACEMENT_3D('',#13693,#10967,#10968);
#9265=AXIS2_PLACEMENT_3D('',#13697,#10971,#10972);
#9266=AXIS2_PLACEMENT_3D('',#13701,#10975,#10976);
#9267=AXIS2_PLACEMENT_3D('',#13705,#10979,#10980);
#9268=AXIS2_PLACEMENT_3D('',#13709,#10983,#10984);
#9269=AXIS2_PLACEMENT_3D('',#13713,#10987,#10988);
#9270=AXIS2_PLACEMENT_3D('',#13717,#10991,#10992);
#9271=AXIS2_PLACEMENT_3D('',#13721,#10995,#10996);
#9272=AXIS2_PLACEMENT_3D('',#13725,#10999,#11000);
#9273=AXIS2_PLACEMENT_3D('',#13729,#11003,#11004);
#9274=AXIS2_PLACEMENT_3D('',#13733,#11007,#11008);
#9275=AXIS2_PLACEMENT_3D('',#13737,#11011,#11012);
#9276=AXIS2_PLACEMENT_3D('',#13741,#11015,#11016);
#9277=AXIS2_PLACEMENT_3D('',#13745,#11019,#11020);
#9278=AXIS2_PLACEMENT_3D('',#13749,#11023,#11024);
#9279=AXIS2_PLACEMENT_3D('',#13753,#11027,#11028);
#9280=AXIS2_PLACEMENT_3D('',#13757,#11031,#11032);
#9281=AXIS2_PLACEMENT_3D('',#13761,#11035,#11036);
#9282=AXIS2_PLACEMENT_3D('',#13765,#11039,#11040);
#9283=AXIS2_PLACEMENT_3D('',#13769,#11043,#11044);
#9284=AXIS2_PLACEMENT_3D('',#13773,#11047,#11048);
#9285=AXIS2_PLACEMENT_3D('',#13777,#11051,#11052);
#9286=AXIS2_PLACEMENT_3D('',#13781,#11055,#11056);
#9287=AXIS2_PLACEMENT_3D('',#13785,#11059,#11060);
#9288=AXIS2_PLACEMENT_3D('',#13789,#11063,#11064);
#9289=AXIS2_PLACEMENT_3D('',#13793,#11067,#11068);
#9290=AXIS2_PLACEMENT_3D('',#13797,#11071,#11072);
#9291=AXIS2_PLACEMENT_3D('',#13801,#11075,#11076);
#9292=AXIS2_PLACEMENT_3D('',#13805,#11079,#11080);
#9293=AXIS2_PLACEMENT_3D('',#13809,#11083,#11084);
#9294=AXIS2_PLACEMENT_3D('',#13813,#11087,#11088);
#9295=AXIS2_PLACEMENT_3D('',#13817,#11091,#11092);
#9296=AXIS2_PLACEMENT_3D('',#13821,#11095,#11096);
#9297=AXIS2_PLACEMENT_3D('',#13825,#11099,#11100);
#9298=AXIS2_PLACEMENT_3D('',#13829,#11103,#11104);
#9299=AXIS2_PLACEMENT_3D('',#13833,#11107,#11108);
#9300=AXIS2_PLACEMENT_3D('',#13837,#11111,#11112);
#9301=AXIS2_PLACEMENT_3D('',#13841,#11115,#11116);
#9302=AXIS2_PLACEMENT_3D('',#13845,#11119,#11120);
#9303=AXIS2_PLACEMENT_3D('',#13849,#11123,#11124);
#9304=AXIS2_PLACEMENT_3D('',#13853,#11127,#11128);
#9305=AXIS2_PLACEMENT_3D('',#13857,#11131,#11132);
#9306=AXIS2_PLACEMENT_3D('',#13861,#11135,#11136);
#9307=AXIS2_PLACEMENT_3D('',#13865,#11139,#11140);
#9308=AXIS2_PLACEMENT_3D('',#13869,#11143,#11144);
#9309=AXIS2_PLACEMENT_3D('',#13873,#11147,#11148);
#9310=AXIS2_PLACEMENT_3D('',#13877,#11151,#11152);
#9311=AXIS2_PLACEMENT_3D('',#13881,#11155,#11156);
#9312=AXIS2_PLACEMENT_3D('',#13885,#11159,#11160);
#9313=AXIS2_PLACEMENT_3D('',#13889,#11163,#11164);
#9314=AXIS2_PLACEMENT_3D('',#13893,#11167,#11168);
#9315=AXIS2_PLACEMENT_3D('',#13897,#11171,#11172);
#9316=AXIS2_PLACEMENT_3D('',#13899,#11174,#11175);
#9317=AXIS2_PLACEMENT_3D('',#13900,#11176,#11177);
#9318=AXIS2_PLACEMENT_3D('',#13909,#11182,#11183);
#9319=AXIS2_PLACEMENT_3D('',#13915,#11187,#11188);
#9320=AXIS2_PLACEMENT_3D('',#13921,#11192,#11193);
#9321=AXIS2_PLACEMENT_3D('',#13927,#11197,#11198);
#9322=AXIS2_PLACEMENT_3D('',#13933,#11202,#11203);
#9323=AXIS2_PLACEMENT_3D('',#13939,#11207,#11208);
#9324=AXIS2_PLACEMENT_3D('',#13945,#11212,#11213);
#9325=AXIS2_PLACEMENT_3D('',#13951,#11217,#11218);
#9326=AXIS2_PLACEMENT_3D('',#13957,#11222,#11223);
#9327=AXIS2_PLACEMENT_3D('',#13963,#11227,#11228);
#9328=AXIS2_PLACEMENT_3D('',#13969,#11232,#11233);
#9329=AXIS2_PLACEMENT_3D('',#13975,#11237,#11238);
#9330=AXIS2_PLACEMENT_3D('',#13981,#11242,#11243);
#9331=AXIS2_PLACEMENT_3D('',#13987,#11247,#11248);
#9332=AXIS2_PLACEMENT_3D('',#13993,#11252,#11253);
#9333=AXIS2_PLACEMENT_3D('',#13999,#11257,#11258);
#9334=AXIS2_PLACEMENT_3D('',#14005,#11262,#11263);
#9335=AXIS2_PLACEMENT_3D('',#14011,#11267,#11268);
#9336=AXIS2_PLACEMENT_3D('',#14017,#11272,#11273);
#9337=AXIS2_PLACEMENT_3D('',#14023,#11277,#11278);
#9338=AXIS2_PLACEMENT_3D('',#14029,#11282,#11283);
#9339=AXIS2_PLACEMENT_3D('',#14035,#11287,#11288);
#9340=AXIS2_PLACEMENT_3D('',#14041,#11292,#11293);
#9341=AXIS2_PLACEMENT_3D('',#14047,#11297,#11298);
#9342=AXIS2_PLACEMENT_3D('',#14053,#11302,#11303);
#9343=AXIS2_PLACEMENT_3D('',#14059,#11307,#11308);
#9344=AXIS2_PLACEMENT_3D('',#14065,#11312,#11313);
#9345=AXIS2_PLACEMENT_3D('',#14069,#11316,#11317);
#9346=AXIS2_PLACEMENT_3D('',#14073,#11320,#11321);
#9347=AXIS2_PLACEMENT_3D('',#14077,#11324,#11325);
#9348=AXIS2_PLACEMENT_3D('',#14081,#11328,#11329);
#9349=AXIS2_PLACEMENT_3D('',#14085,#11332,#11333);
#9350=AXIS2_PLACEMENT_3D('',#14089,#11336,#11337);
#9351=AXIS2_PLACEMENT_3D('',#14093,#11340,#11341);
#9352=AXIS2_PLACEMENT_3D('',#14097,#11344,#11345);
#9353=AXIS2_PLACEMENT_3D('',#14101,#11348,#11349);
#9354=AXIS2_PLACEMENT_3D('',#14105,#11352,#11353);
#9355=AXIS2_PLACEMENT_3D('',#14109,#11356,#11357);
#9356=AXIS2_PLACEMENT_3D('',#14113,#11360,#11361);
#9357=AXIS2_PLACEMENT_3D('',#14117,#11364,#11365);
#9358=AXIS2_PLACEMENT_3D('',#14121,#11368,#11369);
#9359=AXIS2_PLACEMENT_3D('',#14125,#11372,#11373);
#9360=AXIS2_PLACEMENT_3D('',#14129,#11376,#11377);
#9361=AXIS2_PLACEMENT_3D('',#14133,#11380,#11381);
#9362=AXIS2_PLACEMENT_3D('',#14137,#11384,#11385);
#9363=AXIS2_PLACEMENT_3D('',#14141,#11388,#11389);
#9364=AXIS2_PLACEMENT_3D('',#14145,#11392,#11393);
#9365=AXIS2_PLACEMENT_3D('',#14149,#11396,#11397);
#9366=AXIS2_PLACEMENT_3D('',#14153,#11400,#11401);
#9367=AXIS2_PLACEMENT_3D('',#14157,#11404,#11405);
#9368=AXIS2_PLACEMENT_3D('',#14161,#11408,#11409);
#9369=AXIS2_PLACEMENT_3D('',#14165,#11412,#11413);
#9370=AXIS2_PLACEMENT_3D('',#14169,#11416,#11417);
#9371=AXIS2_PLACEMENT_3D('',#14173,#11420,#11421);
#9372=AXIS2_PLACEMENT_3D('',#14177,#11424,#11425);
#9373=AXIS2_PLACEMENT_3D('',#14181,#11428,#11429);
#9374=AXIS2_PLACEMENT_3D('',#14185,#11432,#11433);
#9375=AXIS2_PLACEMENT_3D('',#14189,#11436,#11437);
#9376=AXIS2_PLACEMENT_3D('',#14193,#11440,#11441);
#9377=AXIS2_PLACEMENT_3D('',#14197,#11444,#11445);
#9378=AXIS2_PLACEMENT_3D('',#14201,#11448,#11449);
#9379=AXIS2_PLACEMENT_3D('',#14203,#11451,#11452);
#9380=AXIS2_PLACEMENT_3D('',#14206,#11455,#11456);
#9381=AXIS2_PLACEMENT_3D('',#14207,#11457,#11458);
#9382=AXIS2_PLACEMENT_3D('',#14208,#11459,#11460);
#9383=AXIS2_PLACEMENT_3D('',#14209,#11461,#11462);
#9384=AXIS2_PLACEMENT_3D('',#14212,#11463,#11464);
#9385=AXIS2_PLACEMENT_3D('',#14213,#11465,#11466);
#9386=AXIS2_PLACEMENT_3D('',#14214,#11467,#11468);
#9387=AXIS2_PLACEMENT_3D('',#14217,#11469,#11470);
#9388=AXIS2_PLACEMENT_3D('',#14218,#11471,#11472);
#9389=AXIS2_PLACEMENT_3D('',#14219,#11473,#11474);
#9390=AXIS2_PLACEMENT_3D('',#14222,#11475,#11476);
#9391=AXIS2_PLACEMENT_3D('',#14223,#11477,#11478);
#9392=AXIS2_PLACEMENT_3D('',#14224,#11479,#11480);
#9393=AXIS2_PLACEMENT_3D('',#14225,#11481,#11482);
#9394=AXIS2_PLACEMENT_3D('',#14226,#11483,#11484);
#9395=AXIS2_PLACEMENT_3D('',#14227,#11485,#11486);
#9396=AXIS2_PLACEMENT_3D('',#14228,#11487,#11488);
#9397=AXIS2_PLACEMENT_3D('',#14229,#11489,#11490);
#9398=AXIS2_PLACEMENT_3D('',#14233,#11492,#11493);
#9399=AXIS2_PLACEMENT_3D('',#14234,#11494,#11495);
#9400=AXIS2_PLACEMENT_3D('',#14238,#11497,#11498);
#9401=AXIS2_PLACEMENT_3D('',#14239,#11499,#11500);
#9402=AXIS2_PLACEMENT_3D('',#14254,#11501,#11502);
#9403=AXIS2_PLACEMENT_3D('',#14269,#11503,#11504);
#9404=AXIS2_PLACEMENT_3D('',#14285,#11506,#11507);
#9405=AXIS2_PLACEMENT_3D('',#14314,#11508,#11509);
#9406=AXIS2_PLACEMENT_3D('',#14315,#11510,#11511);
#9407=AXIS2_PLACEMENT_3D('',#14331,#11513,#11514);
#9408=AXIS2_PLACEMENT_3D('',#14332,#11515,#11516);
#9409=AXIS2_PLACEMENT_3D('',#14334,#11517,#11518);
#9410=AXIS2_PLACEMENT_3D('',#14335,#11519,#11520);
#9411=AXIS2_PLACEMENT_3D('',#14337,#11521,#11522);
#9412=AXIS2_PLACEMENT_3D('',#14338,#11523,#11524);
#9413=AXIS2_PLACEMENT_3D('',#14341,#11527,#11528);
#9414=AXIS2_PLACEMENT_3D('',#14342,#11529,#11530);
#9415=AXIS2_PLACEMENT_3D('',#14343,#11531,#11532);
#9416=AXIS2_PLACEMENT_3D('',#14347,#11534,#11535);
#9417=AXIS2_PLACEMENT_3D('',#14351,#11537,#11538);
#9418=AXIS2_PLACEMENT_3D('',#14352,#11539,#11540);
#9419=AXIS2_PLACEMENT_3D('',#14353,#11541,#11542);
#9420=AXIS2_PLACEMENT_3D('',#14354,#11543,#11544);
#9421=AXIS2_PLACEMENT_3D('',#14355,#11545,#11546);
#9422=AXIS2_PLACEMENT_3D('',#14356,#11547,#11548);
#9423=AXIS2_PLACEMENT_3D('',#14358,#11550,#11551);
#9424=AXIS2_PLACEMENT_3D('',#14360,#11553,#11554);
#9425=AXIS2_PLACEMENT_3D('',#14361,#11555,#11556);
#9426=AXIS2_PLACEMENT_3D('',#14362,#11557,#11558);
#9427=AXIS2_PLACEMENT_3D('',#14363,#11559,#11560);
#9428=AXIS2_PLACEMENT_3D('',#14365,#11561,#11562);
#9429=AXIS2_PLACEMENT_3D('',#14367,#11563,#11564);
#9430=AXIS2_PLACEMENT_3D('',#14368,#11565,#11566);
#9431=AXIS2_PLACEMENT_3D('',#14369,#11567,#11568);
#9432=AXIS2_PLACEMENT_3D('',#14370,#11569,#11570);
#9433=AXIS2_PLACEMENT_3D('',#14371,#11571,#11572);
#9434=AXIS2_PLACEMENT_3D('',#14373,#11573,#11574);
#9435=AXIS2_PLACEMENT_3D('',#14375,#11575,#11576);
#9436=AXIS2_PLACEMENT_3D('',#14376,#11577,#11578);
#9437=AXIS2_PLACEMENT_3D('',#14377,#11579,#11580);
#9438=AXIS2_PLACEMENT_3D('',#14378,#11581,#11582);
#9439=AXIS2_PLACEMENT_3D('',#14379,#11583,#11584);
#9440=AXIS2_PLACEMENT_3D('',#14383,#11586,#11587);
#9441=AXIS2_PLACEMENT_3D('',#14384,#11588,#11589);
#9442=AXIS2_PLACEMENT_3D('',#14388,#11591,#11592);
#9443=AXIS2_PLACEMENT_3D('',#14389,#11593,#11594);
#9444=AXIS2_PLACEMENT_3D('',#14404,#11595,#11596);
#9445=AXIS2_PLACEMENT_3D('',#14419,#11597,#11598);
#9446=AXIS2_PLACEMENT_3D('',#14435,#11600,#11601);
#9447=AXIS2_PLACEMENT_3D('',#14464,#11602,#11603);
#9448=AXIS2_PLACEMENT_3D('',#14465,#11604,#11605);
#9449=AXIS2_PLACEMENT_3D('',#14481,#11607,#11608);
#9450=AXIS2_PLACEMENT_3D('',#14482,#11609,#11610);
#9451=AXIS2_PLACEMENT_3D('',#14484,#11611,#11612);
#9452=AXIS2_PLACEMENT_3D('',#14485,#11613,#11614);
#9453=AXIS2_PLACEMENT_3D('',#14487,#11615,#11616);
#9454=AXIS2_PLACEMENT_3D('',#14488,#11617,#11618);
#9455=AXIS2_PLACEMENT_3D('',#14491,#11621,#11622);
#9456=AXIS2_PLACEMENT_3D('',#14492,#11623,#11624);
#9457=AXIS2_PLACEMENT_3D('',#14493,#11625,#11626);
#9458=AXIS2_PLACEMENT_3D('',#14497,#11628,#11629);
#9459=AXIS2_PLACEMENT_3D('',#14501,#11631,#11632);
#9460=AXIS2_PLACEMENT_3D('',#14502,#11633,#11634);
#9461=AXIS2_PLACEMENT_3D('',#14503,#11635,#11636);
#9462=AXIS2_PLACEMENT_3D('',#14504,#11637,#11638);
#9463=AXIS2_PLACEMENT_3D('',#14505,#11639,#11640);
#9464=AXIS2_PLACEMENT_3D('',#14506,#11641,#11642);
#9465=AXIS2_PLACEMENT_3D('',#14508,#11644,#11645);
#9466=AXIS2_PLACEMENT_3D('',#14510,#11647,#11648);
#9467=AXIS2_PLACEMENT_3D('',#14511,#11649,#11650);
#9468=AXIS2_PLACEMENT_3D('',#14512,#11651,#11652);
#9469=AXIS2_PLACEMENT_3D('',#14513,#11653,#11654);
#9470=AXIS2_PLACEMENT_3D('',#14515,#11655,#11656);
#9471=AXIS2_PLACEMENT_3D('',#14517,#11657,#11658);
#9472=AXIS2_PLACEMENT_3D('',#14518,#11659,#11660);
#9473=AXIS2_PLACEMENT_3D('',#14519,#11661,#11662);
#9474=AXIS2_PLACEMENT_3D('',#14520,#11663,#11664);
#9475=AXIS2_PLACEMENT_3D('',#14521,#11665,#11666);
#9476=AXIS2_PLACEMENT_3D('',#14523,#11667,#11668);
#9477=AXIS2_PLACEMENT_3D('',#14525,#11669,#11670);
#9478=AXIS2_PLACEMENT_3D('',#14526,#11671,#11672);
#9479=AXIS2_PLACEMENT_3D('',#14527,#11673,#11674);
#9480=AXIS2_PLACEMENT_3D('',#14528,#11675,#11676);
#9481=AXIS2_PLACEMENT_3D('',#14529,#11677,#11678);
#9482=AXIS2_PLACEMENT_3D('',#14533,#11680,#11681);
#9483=AXIS2_PLACEMENT_3D('',#14534,#11682,#11683);
#9484=AXIS2_PLACEMENT_3D('',#14538,#11685,#11686);
#9485=AXIS2_PLACEMENT_3D('',#14539,#11687,#11688);
#9486=AXIS2_PLACEMENT_3D('',#14554,#11689,#11690);
#9487=AXIS2_PLACEMENT_3D('',#14569,#11691,#11692);
#9488=AXIS2_PLACEMENT_3D('',#14585,#11694,#11695);
#9489=AXIS2_PLACEMENT_3D('',#14614,#11696,#11697);
#9490=AXIS2_PLACEMENT_3D('',#14615,#11698,#11699);
#9491=AXIS2_PLACEMENT_3D('',#14631,#11701,#11702);
#9492=AXIS2_PLACEMENT_3D('',#14632,#11703,#11704);
#9493=AXIS2_PLACEMENT_3D('',#14634,#11705,#11706);
#9494=AXIS2_PLACEMENT_3D('',#14635,#11707,#11708);
#9495=AXIS2_PLACEMENT_3D('',#14637,#11709,#11710);
#9496=AXIS2_PLACEMENT_3D('',#14638,#11711,#11712);
#9497=AXIS2_PLACEMENT_3D('',#14641,#11715,#11716);
#9498=AXIS2_PLACEMENT_3D('',#14642,#11717,#11718);
#9499=AXIS2_PLACEMENT_3D('',#14643,#11719,#11720);
#9500=AXIS2_PLACEMENT_3D('',#14647,#11722,#11723);
#9501=AXIS2_PLACEMENT_3D('',#14651,#11725,#11726);
#9502=AXIS2_PLACEMENT_3D('',#14652,#11727,#11728);
#9503=AXIS2_PLACEMENT_3D('',#14653,#11729,#11730);
#9504=AXIS2_PLACEMENT_3D('',#14654,#11731,#11732);
#9505=AXIS2_PLACEMENT_3D('',#14655,#11733,#11734);
#9506=AXIS2_PLACEMENT_3D('',#14656,#11735,#11736);
#9507=AXIS2_PLACEMENT_3D('',#14658,#11738,#11739);
#9508=AXIS2_PLACEMENT_3D('',#14660,#11741,#11742);
#9509=AXIS2_PLACEMENT_3D('',#14661,#11743,#11744);
#9510=AXIS2_PLACEMENT_3D('',#14662,#11745,#11746);
#9511=AXIS2_PLACEMENT_3D('',#14663,#11747,#11748);
#9512=AXIS2_PLACEMENT_3D('',#14665,#11749,#11750);
#9513=AXIS2_PLACEMENT_3D('',#14667,#11751,#11752);
#9514=AXIS2_PLACEMENT_3D('',#14668,#11753,#11754);
#9515=AXIS2_PLACEMENT_3D('',#14669,#11755,#11756);
#9516=AXIS2_PLACEMENT_3D('',#14670,#11757,#11758);
#9517=AXIS2_PLACEMENT_3D('',#14671,#11759,#11760);
#9518=AXIS2_PLACEMENT_3D('',#14673,#11761,#11762);
#9519=AXIS2_PLACEMENT_3D('',#14675,#11763,#11764);
#9520=AXIS2_PLACEMENT_3D('',#14676,#11765,#11766);
#9521=AXIS2_PLACEMENT_3D('',#14677,#11767,#11768);
#9522=AXIS2_PLACEMENT_3D('',#14678,#11769,#11770);
#9523=AXIS2_PLACEMENT_3D('',#14679,#11771,#11772);
#9524=DIRECTION('',(0.,0.,1.));
#9525=DIRECTION('',(1.,0.,0.));
#9526=DIRECTION('',(6.26796376783999E-008,0.,-0.999999999999998));
#9527=DIRECTION('',(0.202605217232504,0.,-0.979260499535323));
#9528=DIRECTION('',(0.,1.,0.));
#9529=DIRECTION('',(0.,0.,-1.));
#9530=DIRECTION('',(0.,1.,0.));
#9531=DIRECTION('',(0.,0.,1.));
#9532=DIRECTION('',(0.202605217232505,0.,0.979260499535323));
#9533=DIRECTION('',(7.83076734865298E-008,0.,0.999999999999997));
#9534=DIRECTION('',(-1.,0.,0.));
#9535=DIRECTION('',(0.,-1.,0.));
#9536=DIRECTION('',(0.,0.,-1.));
#9537=DIRECTION('',(0.,1.,0.));
#9538=DIRECTION('',(1.,0.,0.));
#9539=DIRECTION('',(0.,1.,0.));
#9540=DIRECTION('',(0.,0.,-1.));
#9541=DIRECTION('',(0.,-1.,0.));
#9542=DIRECTION('',(-1.,0.,-4.88324658487471E-012));
#9543=DIRECTION('',(0.,-1.,0.));
#9544=DIRECTION('',(0.,0.,-1.));
#9545=DIRECTION('',(6.26796399423799E-008,0.,-0.999999999999998));
#9546=DIRECTION('',(0.202605217232504,0.,-0.979260499535323));
#9547=DIRECTION('',(0.,1.,0.));
#9548=DIRECTION('',(0.,0.,-1.));
#9549=DIRECTION('',(0.,1.,0.));
#9550=DIRECTION('',(0.,0.,1.));
#9551=DIRECTION('',(0.202605217232508,0.,0.979260499535322));
#9552=DIRECTION('',(7.83076734865298E-008,0.,0.999999999999997));
#9553=DIRECTION('',(-1.,0.,0.));
#9554=DIRECTION('',(0.,-1.,0.));
#9555=DIRECTION('',(0.,0.,-1.));
#9556=DIRECTION('',(0.,1.,0.));
#9557=DIRECTION('',(1.,0.,0.));
#9558=DIRECTION('',(0.,1.,0.));
#9559=DIRECTION('',(0.,0.,-1.));
#9560=DIRECTION('',(0.,-1.,0.));
#9561=DIRECTION('',(-1.,0.,-9.42664507059044E-012));
#9562=DIRECTION('',(0.,-1.,0.));
#9563=DIRECTION('',(0.,0.,-1.));
#9564=DIRECTION('',(-1.,0.,0.));
#9565=DIRECTION('',(-6.26796033703299E-008,0.,0.999999999999998));
#9566=DIRECTION('',(0.202605217232506,0.,-0.979260499535322));
#9567=DIRECTION('',(0.,1.,0.));
#9568=DIRECTION('',(0.,0.,-1.));
#9569=DIRECTION('',(0.,1.,0.));
#9570=DIRECTION('',(0.,0.,1.));
#9571=DIRECTION('',(0.202605217232508,0.,0.979260499535322));
#9572=DIRECTION('',(-7.83076734865298E-008,0.,-0.999999999999997));
#9573=DIRECTION('',(0.,-1.,0.));
#9574=DIRECTION('',(0.,0.,-1.));
#9575=DIRECTION('',(0.,1.,0.));
#9576=DIRECTION('',(1.,0.,0.));
#9577=DIRECTION('',(0.,1.,0.));
#9578=DIRECTION('',(0.,0.,-1.));
#9579=DIRECTION('',(0.,-1.,0.));
#9580=DIRECTION('',(-0.999999999999999,0.,5.21994064134934E-013));
#9581=DIRECTION('',(0.,-1.,0.));
#9582=DIRECTION('',(0.,0.,-1.));
#9583=DIRECTION('',(-1.,0.,0.));
#9584=DIRECTION('',(0.,0.,1.));
#9585=DIRECTION('',(1.,0.,0.));
#9586=DIRECTION('',(0.,0.,1.));
#9587=DIRECTION('',(0.,1.,0.));
#9588=DIRECTION('',(0.,0.,1.));
#9589=DIRECTION('',(-1.,0.,0.));
#9590=DIRECTION('',(0.,0.,1.));
#9591=DIRECTION('',(1.,0.,0.));
#9592=DIRECTION('',(0.,0.,1.));
#9593=DIRECTION('',(0.,1.,0.));
#9594=DIRECTION('',(0.,0.,1.));
#9595=DIRECTION('',(-1.,0.,0.));
#9596=DIRECTION('',(0.,0.,1.));
#9597=DIRECTION('',(1.,0.,0.));
#9598=DIRECTION('',(0.,0.,1.));
#9599=DIRECTION('',(0.,1.,0.));
#9600=DIRECTION('',(0.,0.,1.));
#9601=DIRECTION('',(0.,0.,1.));
#9602=DIRECTION('',(-1.,0.,0.));
#9603=DIRECTION('',(7.83076734865298E-008,0.,0.999999999999997));
#9604=DIRECTION('',(-1.,0.,0.));
#9605=DIRECTION('',(0.,-1.,0.));
#9606=DIRECTION('',(0.,0.,-1.));
#9607=DIRECTION('',(0.,0.,1.));
#9608=DIRECTION('',(-1.,0.,0.));
#9609=DIRECTION('',(7.83076734865298E-008,0.,0.999999999999997));
#9610=DIRECTION('',(-1.,0.,0.));
#9611=DIRECTION('',(0.,-1.,0.));
#9612=DIRECTION('',(0.,0.,-1.));
#9613=DIRECTION('',(0.,0.,1.));
#9614=DIRECTION('',(-1.,0.,0.));
#9615=DIRECTION('',(-7.83076734865298E-008,0.,-0.999999999999997));
#9616=DIRECTION('',(-1.,0.,0.));
#9617=DIRECTION('',(0.,-1.,0.));
#9618=DIRECTION('',(0.,0.,-1.));
#9619=DIRECTION('',(0.,-0.0588615494035133,-0.998266155893216));
#9620=DIRECTION('',(0.,-0.194318825080669,-0.980938425294508));
#9621=DIRECTION('',(0.,-0.351561116653581,-0.936164932721413));
#9622=DIRECTION('',(0.,-0.522212592635108,-0.852815342318206));
#9623=DIRECTION('',(0.,-0.707987621154041,-0.706224842590971));
#9624=DIRECTION('',(0.,-0.872075964387021,-0.489370526634418));
#9625=DIRECTION('',(0.,-0.962364849873835,-0.271760732497009));
#9626=DIRECTION('',(0.,-0.995739318864428,-0.0922128454576954));
#9627=DIRECTION('',(0.,-0.997694111960222,0.0678708992124252));
#9628=DIRECTION('',(0.,-0.0519461064159613,0.998649889615085));
#9629=DIRECTION('',(0.,0.999861769023234,-0.0166265704740398));
#9630=DIRECTION('',(0.,0.990116987289655,0.140243899975921));
#9631=DIRECTION('',(0.,0.912053752098852,0.410070668644328));
#9632=DIRECTION('',(0.,0.64366828793237,0.76530460282832));
#9633=DIRECTION('',(0.,0.31463412060549,0.949213026749428));
#9634=DIRECTION('',(0.,0.0820785053860501,0.99662586709035));
#9635=DIRECTION('',(0.,-0.0652968742327053,0.997865881877639));
#9636=DIRECTION('',(0.,-0.234230933220745,0.972180986196778));
#9637=DIRECTION('',(0.,-0.461505361233328,0.887137419768153));
#9638=DIRECTION('',(0.,-0.679295076658597,0.733865245687102));
#9639=DIRECTION('',(0.,-0.846482981434947,0.532415779387691));
#9640=DIRECTION('',(0.,-0.966201076594397,0.257789603335409));
#9641=DIRECTION('',(0.,-0.999388094545814,-0.034977656869606));
#9642=DIRECTION('',(0.,-0.934676878301097,-0.355498429207944));
#9643=DIRECTION('',(0.,-0.772403389210571,-0.635132273102244));
#9644=DIRECTION('',(0.,-0.581110200988656,-0.813824879385562));
#9645=DIRECTION('',(0.,-0.477716034393445,-0.878514308638966));
#9646=DIRECTION('',(0.,-0.429355818348192,-0.903135416895249));
#9647=DIRECTION('',(0.,-0.429185423052014,-0.903216404102397));
#9648=DIRECTION('',(0.,-0.464888509103558,-0.885369230379886));
#9649=DIRECTION('',(0.,-0.52137270842734,-0.853329068359411));
#9650=DIRECTION('',(0.,-0.632061021485183,-0.774918618384607));
#9651=DIRECTION('',(0.,-0.760841913451846,-0.648937271802856));
#9652=DIRECTION('',(0.,-0.867172836711433,-0.498007300418223));
#9653=DIRECTION('',(0.,-0.947524997200978,-0.319681684929378));
#9654=DIRECTION('',(0.,-0.991359508515768,-0.131172881630977));
#9655=DIRECTION('',(0.,-0.999306225685077,0.0372433525215796));
#9656=DIRECTION('',(0.,-0.972553566394177,0.232679093375331));
#9657=DIRECTION('',(0.,-0.876813305447268,0.480830975905916));
#9658=DIRECTION('',(0.,-0.723554460862122,0.690267297622106));
#9659=DIRECTION('',(0.,-0.523200062066149,0.85220988908483));
#9660=DIRECTION('',(0.,-0.290368134406897,0.956915015307555));
#9661=DIRECTION('',(0.,-0.0856555569815664,0.996324809265622));
#9662=DIRECTION('',(0.,0.0849408574989528,0.996385994847048));
#9663=DIRECTION('',(0.,0.298802250421085,0.954315050255048));
#9664=DIRECTION('',(0.,0.558348373334605,0.829606589893427));
#9665=DIRECTION('',(0.,0.787859118883105,0.615855509671496));
#9666=DIRECTION('',(0.,0.937301604918251,0.348519298486713));
#9667=DIRECTION('',(0.,0.997000813421135,0.0773910720793693));
#9668=DIRECTION('',(0.,0.044538703393109,-0.999007659580276));
#9669=DIRECTION('',(0.,-0.995363226071787,-0.0961875677203923));
#9670=DIRECTION('',(0.,-0.94077389175506,-0.339034636271928));
#9671=DIRECTION('',(0.,-0.795382347527613,-0.606108011200532));
#9672=DIRECTION('',(0.,-0.553463255788673,-0.832873594545896));
#9673=DIRECTION('',(0.,-0.289186123771266,-0.957272889942126));
#9674=DIRECTION('',(0.,-0.0808667413031717,-0.996724922007575));
#9675=DIRECTION('',(0.,0.0642814661272842,-0.997931807846872));
#9676=DIRECTION('',(0.,0.233275691574736,-0.972410639452453));
#9677=DIRECTION('',(0.,0.467244849531147,-0.884127960527556));
#9678=DIRECTION('',(0.,0.69080927170611,-0.723037032332974));
#9679=DIRECTION('',(0.,0.85977847823867,-0.510667179636206));
#9680=DIRECTION('',(0.,0.969692029649379,-0.244330447620571));
#9681=DIRECTION('',(0.,0.999644564924228,0.0266597790210375));
#9682=DIRECTION('',(0.,0.940740910587515,0.339126140465421));
#9683=DIRECTION('',(0.,0.778879656351338,0.627173405783457));
#9684=DIRECTION('',(0.,0.596997622469535,0.802243004809467));
#9685=DIRECTION('',(0.,0.490931332962294,0.871198270381585));
#9686=DIRECTION('',(0.,0.435208672561373,0.900329612601611));
#9687=DIRECTION('',(0.,0.435132050042005,0.9003666469979));
#9688=DIRECTION('',(0.,0.504412722939686,0.863462683001745));
#9689=DIRECTION('',(0.,0.633488271437108,0.773752292372452));
#9690=DIRECTION('',(0.,0.830404976803856,0.557160277208801));
#9691=DIRECTION('',(0.,0.960434220730734,0.278506925675733));
#9692=DIRECTION('',(0.,0.999984476109939,0.00557203186741405));
#9693=DIRECTION('',(0.,0.970149645240995,-0.242507042864267));
#9694=DIRECTION('',(0.,0.867008838541792,-0.49829275921933));
#9695=DIRECTION('',(0.,0.712951147931449,-0.701213705415994));
#9696=DIRECTION('',(0.,0.524194664685234,-0.851598469653119));
#9697=DIRECTION('',(0.,0.296432146924139,-0.95505391589687));
#9698=DIRECTION('',(0.,0.0888048019082542,-0.996049048570418));
#9699=DIRECTION('',(0.,0.0495754459657358,-0.998770381597942));
#9700=DIRECTION('',(0.,-0.0821628662505896,-0.996618915839694));
#9701=DIRECTION('',(0.,-0.291384127481929,-0.956606131201131));
#9702=DIRECTION('',(0.,-0.551019848715898,-0.834492136764098));
#9703=DIRECTION('',(0.,-0.803149212620027,-0.595777930329608));
#9704=DIRECTION('',(0.,-0.959035131229279,-0.28328716361325));
#9705=DIRECTION('',(0.,-0.999999207836611,-0.00125870018315789));
#9706=DIRECTION('',(0.,-0.984428575815234,0.175785036673748));
#9707=DIRECTION('',(0.,-0.952802183359436,0.303591830235089));
#9708=DIRECTION('',(0.,-0.906054032173937,0.423162014813889));
#9709=DIRECTION('',(0.,-0.840144954031057,0.542361923641541));
#9710=DIRECTION('',(0.,-0.741697878604587,0.670734117868963));
#9711=DIRECTION('',(0.,-0.613584732461971,0.789628885040036));
#9712=DIRECTION('',(0.,-0.456873457952748,0.889531698939559));
#9713=DIRECTION('',(0.,-0.273974953246315,0.961736827304476));
#9714=DIRECTION('',(0.,-0.0879759705724683,0.996122597174581));
#9715=DIRECTION('',(0.,0.0833050206411339,0.996524095813032));
#9716=DIRECTION('',(0.,0.286698752599462,0.958020785399728));
#9717=DIRECTION('',(0.,0.525738497794954,0.850646243709043));
#9718=DIRECTION('',(0.,0.747037444409295,0.66478196173665));
#9719=DIRECTION('',(0.,0.901312041888728,0.433170408899745));
#9720=DIRECTION('',(0.,0.978085666527184,0.208202855249573));
#9721=DIRECTION('',(0.,0.112029679984044,-0.993704861013909));
#9722=DIRECTION('',(0.,-0.962495508742601,-0.271297614531203));
#9723=DIRECTION('',(0.,-0.884873158968327,-0.465832043270333));
#9724=DIRECTION('',(0.,-0.739374555460245,-0.673294338857802));
#9725=DIRECTION('',(0.,-0.529631465451982,-0.848227864906115));
#9726=DIRECTION('',(0.,-0.298732646011996,-0.954336841061201));
#9727=DIRECTION('',(0.,-0.0890403673610169,-0.99602801817028));
#9728=DIRECTION('',(0.,0.0875358665117202,-0.996161368491091));
#9729=DIRECTION('',(0.,0.264236175462255,-0.964458005087355));
#9730=DIRECTION('',(0.,0.428386376463422,-0.90359565761492));
#9731=DIRECTION('',(0.,0.590360630299031,-0.807139595233024));
#9732=DIRECTION('',(0.,0.734803444868105,-0.678280102472398));
#9733=DIRECTION('',(0.,0.839546858557664,-0.543287283383255));
#9734=DIRECTION('',(0.,0.907531158742339,-0.419984756761227));
#9735=DIRECTION('',(0.,0.955203225177756,-0.29595066921704));
#9736=DIRECTION('',(0.,0.985211298245178,-0.17134380003388));
#9737=DIRECTION('',(0.,0.999592309387895,-0.0285519703798936));
#9738=DIRECTION('',(0.,0.981425923309925,0.191841489400133));
#9739=DIRECTION('',(0.,0.873473588208155,0.486871534085503));
#9740=DIRECTION('',(0.,0.639159181811039,0.769074469935548));
#9741=DIRECTION('',(0.,0.350259361579755,0.936652752959037));
#9742=DIRECTION('',(0.,0.0990792077721939,0.99507954987892));
#9743=DIRECTION('',(0.,-0.0469281005666974,0.998898269783866));
#9744=DIRECTION('',(0.,-0.135639528795594,0.990758254181165));
#9745=DIRECTION('',(0.,-0.216309538928995,0.976324834964432));
#9746=DIRECTION('',(0.,-0.277245006416112,0.960799253963766));
#9747=DIRECTION('',(0.,-0.336787891755509,0.941580541412618));
#9748=DIRECTION('',(0.,-0.404569848694491,0.914507100862162));
#9749=DIRECTION('',(0.,-0.952924008668797,0.303209224303271));
#9750=DIRECTION('',(0.,0.,-1.));
#9751=DIRECTION('',(0.,-0.952389022080167,0.304885471318629));
#9752=DIRECTION('',(0.,0.,1.));
#9753=DIRECTION('',(0.,0.952054040108798,-0.305929901631917));
#9754=DIRECTION('',(0.,0.471364915090059,-0.881938272682472));
#9755=DIRECTION('',(0.,0.391133104073828,-0.92033412133723));
#9756=DIRECTION('',(0.,0.31949207366842,-0.94758894825924));
#9757=DIRECTION('',(0.,0.240444730288711,-0.97066283109862));
#9758=DIRECTION('',(0.,0.147196766991849,-0.989107229670852));
#9759=DIRECTION('',(0.,0.,-1.));
#9760=DIRECTION('',(0.,-0.960263915503136,-0.279093555250897));
#9761=DIRECTION('',(0.,0.95235898953866,-0.304979269860925));
#9762=DIRECTION('',(0.,0.,-1.));
#9763=DIRECTION('',(0.,-0.952451871401928,0.304689075391564));
#9764=DIRECTION('',(0.,0.,1.));
#9765=DIRECTION('',(0.,0.959567380004137,0.281479028050041));
#9766=DIRECTION('',(0.,-0.952306731648552,0.305142407503206));
#9767=DIRECTION('',(0.,-6.03322409524639E-012,1.));
#9768=DIRECTION('',(0.,0.952447512637305,-0.30470270046557));
#9769=DIRECTION('',(0.,0.,-1.));
#9770=DIRECTION('',(0.,-0.952377751806073,0.304920674708702));
#9771=DIRECTION('',(0.,-1.55387679928859E-012,1.));
#9772=DIRECTION('',(0.,0.952727679570608,-0.3038255561667));
#9773=DIRECTION('',(0.,0.,-1.));
#9774=DIRECTION('',(0.,0.952004245667576,-0.306084818687417));
#9775=DIRECTION('',(0.,0.,1.));
#9776=DIRECTION('',(0.,0.952727680311532,-0.303825553843333));
#9777=DIRECTION('',(0.,0.,-1.));
#9778=DIRECTION('',(0.,0.946205466861272,-0.323566398876402));
#9779=DIRECTION('',(0.,0.,1.));
#9780=DIRECTION('',(0.,0.951603934557164,-0.307327108689299));
#9781=DIRECTION('',(0.,0.,-1.));
#9782=DIRECTION('',(0.,-0.952246843212386,0.305329247849015));
#9783=DIRECTION('',(0.,0.,1.));
#9784=DIRECTION('',(0.,0.00588552207372449,0.999982680164972));
#9785=DIRECTION('',(0.,0.0241369592257833,0.999708661160507));
#9786=DIRECTION('',(0.,0.0649149341758847,0.997890801300894));
#9787=DIRECTION('',(0.,0.137405563066964,0.990514871790551));
#9788=DIRECTION('',(0.,0.22675798475719,0.9739511365304));
#9789=DIRECTION('',(0.,0.326616229116189,0.945157044558163));
#9790=DIRECTION('',(0.,0.435818003867145,0.900034814607333));
#9791=DIRECTION('',(0.,0.543291166633931,0.839544345617039));
#9792=DIRECTION('',(0.,0.645799228425952,0.763507273419478));
#9793=DIRECTION('',(0.,0.733531520416511,0.679655433698166));
#9794=DIRECTION('',(0.,0.811660388865887,0.584129620158127));
#9795=DIRECTION('',(0.,0.874255937772027,0.485465297699386));
#9796=DIRECTION('',(0.,0.923622257460331,0.383303959702848));
#9797=DIRECTION('',(0.,0.960434229820818,0.278506894328476));
#9798=DIRECTION('',(0.,0.98345019333301,0.181178688684034));
#9799=DIRECTION('',(0.,0.995931678300051,0.090111553967535));
#9800=DIRECTION('',(0.,0.99999244724523,0.00388657336172556));
#9801=DIRECTION('',(0.,0.997203323950812,-0.0747364081385502));
#9802=DIRECTION('',(0.,0.984584083426971,-0.174911928301852));
#9803=DIRECTION('',(0.,0.950557624783966,-0.310548228082313));
#9804=DIRECTION('',(0.,0.893523039073685,-0.449017347821357));
#9805=DIRECTION('',(0.,0.824552088625467,-0.565786048911936));
#9806=DIRECTION('',(0.,0.746072079802509,-0.665865190364506));
#9807=DIRECTION('',(0.,0.645093352557527,-0.764103766831502));
#9808=DIRECTION('',(0.,0.526603424523848,-0.850111071142916));
#9809=DIRECTION('',(0.,0.399495668880762,-0.916735081986891));
#9810=DIRECTION('',(0.,0.283551799690247,-0.958956921291265));
#9811=DIRECTION('',(0.,0.159778584903078,-0.987152877626546));
#9812=DIRECTION('',(0.,0.0744281427934561,-0.997226379294249));
#9813=DIRECTION('',(0.,0.0201227675288491,-0.999797516613729));
#9814=DIRECTION('',(0.,0.883462102068402,0.468502629884701));
#9815=DIRECTION('',(0.,0.,-1.));
#9816=DIRECTION('',(0.,-0.952088580077446,0.305822392388315));
#9817=DIRECTION('',(0.,1.,0.));
#9818=DIRECTION('',(0.,0.,-1.));
#9819=DIRECTION('',(0.,1.,0.));
#9820=DIRECTION('',(0.,0.,-1.));
#9821=DIRECTION('',(0.,1.,0.));
#9822=DIRECTION('',(0.,0.,-1.));
#9823=DIRECTION('',(0.,-1.,0.));
#9824=DIRECTION('',(0.,0.,-1.));
#9825=DIRECTION('',(0.,-1.,0.));
#9826=DIRECTION('',(0.,-0.707300350795595,0.706913158573547));
#9827=DIRECTION('',(0.,0.706913264552435,0.707300244874706));
#9828=DIRECTION('',(0.,1.,0.));
#9829=DIRECTION('',(0.,-0.0805196557443508,-0.996753021083363));
#9830=DIRECTION('',(0.,-0.268201398971731,-0.963362864962941));
#9831=DIRECTION('',(0.,-0.479083052422866,-0.877769576187959));
#9832=DIRECTION('',(0.,-0.661158924680266,-0.750245877240012));
#9833=DIRECTION('',(0.,-0.803022242332007,-0.595949056816164));
#9834=DIRECTION('',(0.,-0.915595151437575,-0.402101378590033));
#9835=DIRECTION('',(0.,-0.972541951013981,-0.232727638062004));
#9836=DIRECTION('',(0.,-0.995219364781138,-0.0976648143633527));
#9837=DIRECTION('',(0.,-0.999129202542092,0.0417233343298834));
#9838=DIRECTION('',(0.,-0.987208234080847,0.159436202171824));
#9839=DIRECTION('',(0.,-0.968971912577387,0.247170857173982));
#9840=DIRECTION('',(0.,-0.946419543783214,0.322939695833717));
#9841=DIRECTION('',(0.,-0.91699788319925,0.398892068369496));
#9842=DIRECTION('',(0.,-0.866896611851453,0.498487978150398));
#9843=DIRECTION('',(0.,-0.801826213533082,0.597557297078029));
#9844=DIRECTION('',(0.,-0.716866740553033,0.697210209541477));
#9845=DIRECTION('',(0.,-0.613594623192058,0.789621199303689));
#9846=DIRECTION('',(0.,-0.499489606890813,0.866319878917748));
#9847=DIRECTION('',(0.,-0.36843078697182,0.929655180812394));
#9848=DIRECTION('',(0.,-0.216814579211079,0.976212803768483));
#9849=DIRECTION('',(0.,-0.0692574000741966,0.997598823443053));
#9850=DIRECTION('',(0.,0.111389661015501,0.9937768076479));
#9851=DIRECTION('',(0.,0.372902978458815,0.927870340433697));
#9852=DIRECTION('',(0.,0.639729735588205,0.768599938462296));
#9853=DIRECTION('',(0.,0.844192985335625,0.536039367500304));
#9854=DIRECTION('',(0.,0.967252107505918,0.253817573318632));
#9855=DIRECTION('',(0.,0.99999073120872,-0.00430551932410323));
#9856=DIRECTION('',(0.,0.982399516148701,-0.186791837805612));
#9857=DIRECTION('',(0.,0.942800210633316,-0.333358309975579));
#9858=DIRECTION('',(0.,0.885404136628509,-0.464822024909668));
#9859=DIRECTION('',(0.,0.81141800753921,-0.584466266811951));
#9860=DIRECTION('',(0.,0.707866201190751,-0.70634654470152));
#9861=DIRECTION('',(0.,0.577315142823209,-0.816521417886278));
#9862=DIRECTION('',(0.,0.427722766399958,-0.903909970684673));
#9863=DIRECTION('',(0.,0.259086634016834,-0.965854086326619));
#9864=DIRECTION('',(0.,0.0844253802806376,-0.996429804434045));
#9865=DIRECTION('',(1.,0.,0.));
#9866=DIRECTION('',(0.,0.,-1.));
#9867=DIRECTION('',(0.,-0.883462102068402,-0.468502629884701));
#9868=DIRECTION('',(0.,1.,0.));
#9869=DIRECTION('',(0.,0.,1.));
#9870=DIRECTION('',(0.,1.,0.));
#9871=DIRECTION('',(0.,0.,-1.));
#9872=DIRECTION('',(0.,1.,0.));
#9873=DIRECTION('',(0.,0.,1.));
#9874=DIRECTION('',(0.,-1.,0.));
#9875=DIRECTION('',(0.,0.952088580077446,-0.305822392388315));
#9876=DIRECTION('',(0.,0.,-1.));
#9877=DIRECTION('',(1.,0.,0.));
#9878=DIRECTION('',(0.,0.,-1.));
#9879=DIRECTION('',(0.,1.,0.));
#9880=DIRECTION('',(0.,-1.,0.));
#9881=DIRECTION('',(0.650794467801116,0.,-0.759253950058518));
#9882=DIRECTION('',(0.759253950058521,0.,0.650794467801112));
#9883=DIRECTION('',(-0.650794467801112,0.,0.759253950058521));
#9884=DIRECTION('',(0.,-1.,0.));
#9885=DIRECTION('',(-0.202605217232506,0.,-0.979260499535322));
#9886=DIRECTION('',(0.,-1.,0.));
#9887=DIRECTION('',(0.979260499535322,0.,-0.202605217232508));
#9888=DIRECTION('',(0.202605217232508,0.,0.979260499535322));
#9889=DIRECTION('',(0.,1.,0.));
#9890=DIRECTION('',(0.,-1.,0.));
#9891=DIRECTION('',(-0.202605217232506,0.,0.979260499535322));
#9892=DIRECTION('',(-0.979260499535322,0.,-0.202605217232506));
#9893=DIRECTION('',(0.202605217232506,0.,-0.979260499535322));
#9894=DIRECTION('',(0.,-1.,0.));
#9895=DIRECTION('',(0.,-1.,0.));
#9896=DIRECTION('',(0.650794467801124,0.,0.759253950058511));
#9897=DIRECTION('',(-0.759253950058513,0.,0.650794467801121));
#9898=DIRECTION('',(-0.650794467801121,0.,-0.759253950058513));
#9899=DIRECTION('',(0.,1.,0.));
#9900=DIRECTION('',(0.,-1.,0.));
#9901=DIRECTION('',(0.650794467801116,0.,-0.759253950058518));
#9902=DIRECTION('',(0.759253950058521,0.,0.650794467801112));
#9903=DIRECTION('',(-0.650794467801112,0.,0.759253950058521));
#9904=DIRECTION('',(0.,-1.,0.));
#9905=DIRECTION('',(-0.202605217232506,0.,-0.979260499535322));
#9906=DIRECTION('',(0.,-1.,0.));
#9907=DIRECTION('',(0.979260499535322,0.,-0.202605217232508));
#9908=DIRECTION('',(0.202605217232508,0.,0.979260499535322));
#9909=DIRECTION('',(0.,1.,0.));
#9910=DIRECTION('',(0.,-1.,0.));
#9911=DIRECTION('',(-0.202605217232505,0.,0.979260499535323));
#9912=DIRECTION('',(-0.979260499535323,0.,-0.202605217232504));
#9913=DIRECTION('',(0.202605217232504,0.,-0.979260499535323));
#9914=DIRECTION('',(0.,-1.,0.));
#9915=DIRECTION('',(0.,-1.,0.));
#9916=DIRECTION('',(0.650794467801114,0.,0.75925395005852));
#9917=DIRECTION('',(-0.759253950058519,0.,0.650794467801114));
#9918=DIRECTION('',(-0.650794467801114,0.,-0.759253950058519));
#9919=DIRECTION('',(0.,1.,0.));
#9920=DIRECTION('',(0.,-1.,0.));
#9921=DIRECTION('',(0.650794467801118,0.,-0.759253950058516));
#9922=DIRECTION('',(0.759253950058516,0.,0.650794467801118));
#9923=DIRECTION('',(-0.650794467801118,0.,0.759253950058516));
#9924=DIRECTION('',(0.,-1.,0.));
#9925=DIRECTION('',(-0.202605217232505,0.,-0.979260499535323));
#9926=DIRECTION('',(0.,-1.,0.));
#9927=DIRECTION('',(0.979260499535323,0.,-0.202605217232505));
#9928=DIRECTION('',(0.202605217232505,0.,0.979260499535323));
#9929=DIRECTION('',(0.,1.,0.));
#9930=DIRECTION('',(0.,-1.,0.));
#9931=DIRECTION('',(-0.202605217232505,0.,0.979260499535323));
#9932=DIRECTION('',(-0.979260499535323,0.,-0.202605217232504));
#9933=DIRECTION('',(0.202605217232504,0.,-0.979260499535323));
#9934=DIRECTION('',(0.,-1.,0.));
#9935=DIRECTION('',(0.,-1.,0.));
#9936=DIRECTION('',(0.650794467801116,0.,0.759253950058517));
#9937=DIRECTION('',(-0.759253950058518,0.,0.650794467801116));
#9938=DIRECTION('',(-0.650794467801116,0.,-0.759253950058518));
#9939=DIRECTION('',(0.,1.,3.404683942184E-014));
#9940=DIRECTION('',(-3.723243936385E-011,0.,1.));
#9941=DIRECTION('',(0.,0.,1.));
#9942=DIRECTION('',(0.,1.,0.));
#9943=DIRECTION('',(0.,0.,1.));
#9944=DIRECTION('',(-1.,0.,0.));
#9945=DIRECTION('',(0.,0.,1.));
#9946=DIRECTION('',(-2.23611435856938E-015,0.,-1.));
#9947=DIRECTION('',(6.26796399423799E-008,0.,-0.999999999999998));
#9948=DIRECTION('',(0.,1.,0.));
#9949=DIRECTION('',(0.,0.,-1.));
#9950=DIRECTION('',(0.,-1.,1.317094581547E-012));
#9951=DIRECTION('',(1.,0.,0.));
#9952=DIRECTION('',(0.,0.,-1.));
#9953=DIRECTION('',(0.,1.,2.22044604925E-014));
#9954=DIRECTION('',(-3.723243936385E-011,0.,1.));
#9955=DIRECTION('',(0.,0.,1.));
#9956=DIRECTION('',(0.,1.,0.));
#9957=DIRECTION('',(5.59028589659242E-016,0.,1.));
#9958=DIRECTION('',(-1.,0.,0.));
#9959=DIRECTION('',(0.,0.,1.));
#9960=DIRECTION('',(-1.95660006374821E-015,0.,-1.));
#9961=DIRECTION('',(6.26796376783999E-008,0.,-0.999999999999998));
#9962=DIRECTION('',(0.,1.,0.));
#9963=DIRECTION('',(0.,0.,-1.));
#9964=DIRECTION('',(0.,-1.,6.476300976979E-013));
#9965=DIRECTION('',(1.,0.,0.));
#9966=DIRECTION('',(0.,0.,-1.));
#9967=DIRECTION('',(0.,0.,-1.));
#9968=DIRECTION('',(3.696598583793E-011,0.,-1.));
#9969=DIRECTION('',(0.,1.,0.));
#9970=DIRECTION('',(0.999999999999999,0.,1.41931920761765E-012));
#9971=DIRECTION('',(0.,0.,1.));
#9972=DIRECTION('',(1.,0.,0.));
#9973=DIRECTION('',(0.,1.,0.));
#9974=DIRECTION('',(1.,0.,-5.38552788223611E-013));
#9975=DIRECTION('',(1.,0.,0.));
#9976=DIRECTION('',(0.,1.,0.));
#9977=DIRECTION('',(1.,0.,-4.89665126627999E-013));
#9978=DIRECTION('',(1.,0.,0.));
#9979=DIRECTION('',(-0.927183854566793,0.,0.374606593415897));
#9980=DIRECTION('',(0.,-1.,0.));
#9981=DIRECTION('',(0.,0.,-1.));
#9982=DIRECTION('',(0.,-1.,0.));
#9983=DIRECTION('',(0.,0.,1.));
#9984=DIRECTION('',(0.,0.,1.));
#9985=DIRECTION('',(0.,-1.,0.));
#9986=DIRECTION('',(-1.,0.,-2.68882138776405E-013));
#9987=DIRECTION('',(0.,-1.,0.));
#9988=DIRECTION('',(0.,0.,-1.));
#9989=DIRECTION('',(0.927183854566793,0.,0.374606593415897));
#9990=DIRECTION('',(1.,0.,0.));
#9991=DIRECTION('',(-0.927183854566793,0.,-0.374606593415897));
#9992=DIRECTION('',(0.,1.,0.));
#9993=DIRECTION('',(0.,0.,-1.));
#9994=DIRECTION('',(0.,0.,1.));
#9995=DIRECTION('',(0.,1.,0.));
#9996=DIRECTION('',(0.,0.,-1.));
#9997=DIRECTION('',(0.927183854566793,0.,-0.374606593415897));
#9998=DIRECTION('',(1.,0.,0.));
#9999=DIRECTION('',(0.,-1.,0.));
#10000=DIRECTION('',(0.,0.,-1.));
#10001=DIRECTION('',(0.927183854566793,0.,0.374606593415897));
#10002=DIRECTION('',(0.,-1.,0.));
#10003=DIRECTION('',(0.374606593415897,0.,-0.927183854566793));
#10004=DIRECTION('',(0.927183854566793,0.,0.374606593415897));
#10005=DIRECTION('',(0.,1.,0.));
#10006=DIRECTION('',(0.,0.,-1.));
#10007=DIRECTION('',(0.,-1.,0.));
#10008=DIRECTION('',(-1.,0.,0.));
#10009=DIRECTION('',(0.,0.,-1.));
#10010=DIRECTION('',(0.,1.,0.));
#10011=DIRECTION('',(-0.927183854566793,0.,0.374606593415897));
#10012=DIRECTION('',(0.374606593415897,0.,0.927183854566793));
#10013=DIRECTION('',(-0.927183854566793,0.,0.374606593415897));
#10014=DIRECTION('',(0.,-1.,0.));
#10015=DIRECTION('',(0.,0.,-1.));
#10016=DIRECTION('',(0.,-1.,0.));
#10017=DIRECTION('',(0.,0.,-1.));
#10018=DIRECTION('',(0.,-1.,0.));
#10019=DIRECTION('',(0.,0.,1.));
#10020=DIRECTION('',(0.,1.,0.));
#10021=DIRECTION('',(0.,-1.,0.));
#10022=DIRECTION('',(-1.,0.,0.));
#10023=DIRECTION('',(0.,1.,0.));
#10024=DIRECTION('',(0.,-1.,0.));
#10025=DIRECTION('',(0.,1.,0.));
#10026=DIRECTION('',(-1.,0.,0.));
#10027=DIRECTION('',(0.,1.,0.));
#10028=DIRECTION('',(0.,-1.,0.));
#10029=DIRECTION('',(0.,1.,0.));
#10030=DIRECTION('',(1.,0.,0.));
#10031=DIRECTION('',(-1.,0.,0.));
#10032=DIRECTION('',(0.,0.,-1.));
#10033=DIRECTION('',(-1.,0.,0.));
#10034=DIRECTION('',(-1.,0.,0.));
#10035=DIRECTION('',(0.,0.,1.));
#10036=DIRECTION('',(0.,-1.,0.));
#10037=DIRECTION('',(0.,0.,-1.));
#10038=DIRECTION('',(0.,-1.,0.));
#10039=DIRECTION('',(0.,0.,-0.999999999999999));
#10040=DIRECTION('',(0.,1.,1.1817803680092E-015));
#10041=DIRECTION('',(-1.,0.,0.));
#10042=DIRECTION('',(0.,0.,1.));
#10043=DIRECTION('',(0.,-1.,0.));
#10044=DIRECTION('',(0.,0.,-1.));
#10045=DIRECTION('',(0.,-1.,0.));
#10046=DIRECTION('',(0.,0.,-1.));
#10047=DIRECTION('',(0.,-1.,0.));
#10048=DIRECTION('',(0.,0.,-1.));
#10049=DIRECTION('',(1.,0.,0.));
#10050=DIRECTION('',(1.,0.,0.));
#10051=DIRECTION('',(0.,-1.,0.));
#10052=DIRECTION('',(0.,0.,-1.));
#10053=DIRECTION('',(-1.,0.,0.));
#10054=DIRECTION('',(0.,0.,1.));
#10055=DIRECTION('',(0.,-1.,0.));
#10056=DIRECTION('',(0.,0.,-1.));
#10057=DIRECTION('',(0.,-1.,0.));
#10058=DIRECTION('',(0.,0.,-1.));
#10059=DIRECTION('',(0.,1.,1.1817803680092E-015));
#10060=DIRECTION('',(-1.,0.,0.));
#10061=DIRECTION('',(0.,0.,1.));
#10062=DIRECTION('',(0.,-1.,-1.1817803680092E-015));
#10063=DIRECTION('',(1.,0.,0.));
#10064=DIRECTION('',(0.,0.,-1.));
#10065=DIRECTION('',(-1.311655894071E-014,1.,-1.486543346614E-013));
#10066=DIRECTION('',(0.,-1.,0.));
#10067=DIRECTION('',(0.,0.,1.));
#10068=DIRECTION('',(0.,1.,7.333498225288E-014));
#10069=DIRECTION('',(0.,0.468502629884701,-0.883462102068402));
#10070=DIRECTION('',(0.,0.883462102068402,0.468502629884701));
#10071=DIRECTION('',(0.,1.,0.));
#10072=DIRECTION('',(0.,0.,1.));
#10073=DIRECTION('',(0.,-1.,0.));
#10074=DIRECTION('',(0.,0.,1.));
#10075=DIRECTION('',(0.,0.468502629884701,-0.883462102068402));
#10076=DIRECTION('',(0.,0.883462102068402,0.468502629884701));
#10077=DIRECTION('',(0.,1.,0.));
#10078=DIRECTION('',(0.,0.,1.));
#10079=DIRECTION('',(1.,0.,0.));
#10080=DIRECTION('',(0.,0.468502629884701,-0.883462102068402));
#10081=DIRECTION('',(0.,0.883462102068402,0.468502629884701));
#10082=DIRECTION('',(0.,0.468502629884701,-0.883462102068402));
#10083=DIRECTION('',(0.,0.883462102068402,0.468502629884701));
#10084=DIRECTION('',(0.,0.468502629884701,-0.883462102068402));
#10085=DIRECTION('',(0.,0.883462102068402,0.468502629884701));
#10086=DIRECTION('',(0.,0.468502629884701,-0.883462102068402));
#10087=DIRECTION('',(0.,0.883462102068402,0.468502629884701));
#10088=DIRECTION('',(0.,-0.468502629884701,0.883462102068402));
#10089=DIRECTION('',(0.,-0.883462102068402,-0.468502629884701));
#10090=DIRECTION('',(0.,-1.,0.));
#10091=DIRECTION('',(0.,-1.,0.));
#10092=DIRECTION('',(0.,0.,1.));
#10093=DIRECTION('',(1.486543346614E-014,-1.,1.512776464495E-013));
#10094=DIRECTION('',(0.,1.,0.));
#10095=DIRECTION('',(0.,0.,1.));
#10096=DIRECTION('',(0.,-1.,0.));
#10097=DIRECTION('',(0.,0.,1.));
#10098=DIRECTION('',(0.,1.,0.));
#10099=DIRECTION('',(0.,0.,1.));
#10100=DIRECTION('',(0.,-1.,-1.1817803680092E-015));
#10101=DIRECTION('',(1.,0.,0.));
#10102=DIRECTION('',(0.,0.,-1.));
#10103=DIRECTION('',(0.,1.,6.662883343329E-014));
#10104=DIRECTION('',(0.,-1.,0.));
#10105=DIRECTION('',(0.,0.,1.));
#10106=DIRECTION('',(-1.399099620342E-014,1.,-1.447193669792E-013));
#10107=DIRECTION('',(0.,1.,0.));
#10108=DIRECTION('',(0.,0.,1.));
#10109=DIRECTION('',(0.,-1.,0.));
#10110=DIRECTION('',(0.,0.,1.));
#10111=DIRECTION('',(0.,1.,0.));
#10112=DIRECTION('',(0.,0.,1.));
#10113=DIRECTION('',(-6.26796033703299E-008,0.,0.999999999999998));
#10114=DIRECTION('',(-1.,0.,0.));
#10115=DIRECTION('',(0.,0.,1.));
#10116=DIRECTION('',(0.,-1.,0.));
#10117=DIRECTION('',(0.,0.,-1.));
#10118=DIRECTION('',(0.,1.,1.1817803680092E-015));
#10119=DIRECTION('',(-1.,0.,0.));
#10120=DIRECTION('',(0.,0.,1.));
#10121=DIRECTION('',(0.,1.,1.1817803680092E-015));
#10122=DIRECTION('',(1.,0.,0.));
#10123=DIRECTION('',(0.,0.,-1.));
#10124=DIRECTION('',(0.,1.,2.812564995717E-013));
#10125=DIRECTION('',(0.,0.,1.));
#10126=DIRECTION('',(1.,0.,0.));
#10127=DIRECTION('',(0.,0.,-1.));
#10128=DIRECTION('',(0.,-1.,1.361873576873E-013));
#10129=DIRECTION('',(0.,-1.,0.));
#10130=DIRECTION('',(0.,0.,-1.));
#10131=DIRECTION('',(0.,0.,-1.));
#10132=DIRECTION('',(-1.,0.,0.));
#10133=DIRECTION('',(0.,0.,1.));
#10134=DIRECTION('',(0.,-1.,0.));
#10135=DIRECTION('',(-0.927183854566793,0.,-0.374606593415897));
#10136=DIRECTION('',(0.374606593415897,0.,-0.927183854566793));
#10137=DIRECTION('',(0.927183854566793,0.,0.374606593415897));
#10138=DIRECTION('',(0.,1.,0.));
#10139=DIRECTION('',(-1.,0.,2.34187669256869E-013));
#10140=DIRECTION('',(0.,1.,0.));
#10141=DIRECTION('',(0.,0.,-1.));
#10142=DIRECTION('',(0.927183854566793,0.,-0.374606593415897));
#10143=DIRECTION('',(0.,1.,0.));
#10144=DIRECTION('',(0.,0.,-1.));
#10145=DIRECTION('',(0.,1.,0.));
#10146=DIRECTION('',(0.,0.,-1.));
#10147=DIRECTION('',(0.,0.,1.));
#10148=DIRECTION('',(0.,-1.,0.));
#10149=DIRECTION('',(0.,0.,1.));
#10150=DIRECTION('',(0.,-1.,0.));
#10151=DIRECTION('',(0.,1.,0.));
#10152=DIRECTION('',(-1.,0.,0.));
#10153=DIRECTION('',(0.,0.,-1.));
#10154=DIRECTION('',(0.,-1.,0.));
#10155=DIRECTION('',(0.,0.,1.));
#10156=DIRECTION('',(0.,1.,0.));
#10157=DIRECTION('',(0.,-1.,0.));
#10158=DIRECTION('',(0.,0.,1.));
#10159=DIRECTION('',(0.374606593415897,0.,0.927183854566793));
#10160=DIRECTION('',(-0.927183854566793,0.,0.374606593415897));
#10161=DIRECTION('',(0.,0.,1.));
#10162=DIRECTION('',(1.,0.,0.));
#10163=DIRECTION('',(0.,-0.305822392388315,-0.952088580077446));
#10164=DIRECTION('',(0.,0.952088580077446,-0.305822392388315));
#10165=DIRECTION('',(0.,1.,0.));
#10166=DIRECTION('',(0.,0.,-1.));
#10167=DIRECTION('',(0.,-1.,0.));
#10168=DIRECTION('',(0.,0.,1.));
#10169=DIRECTION('',(0.,-1.,0.));
#10170=DIRECTION('',(0.,0.,1.));
#10171=DIRECTION('',(0.,-1.,0.));
#10172=DIRECTION('',(0.,0.,1.));
#10173=DIRECTION('',(0.,-1.,0.));
#10174=DIRECTION('',(0.,0.,1.));
#10175=DIRECTION('',(0.,1.,0.));
#10176=DIRECTION('',(0.,0.,-1.));
#10177=DIRECTION('',(0.,-1.,0.));
#10178=DIRECTION('',(0.,0.,1.));
#10179=DIRECTION('',(0.,1.,0.));
#10180=DIRECTION('',(0.,0.,-1.));
#10181=DIRECTION('',(0.,-1.,0.));
#10182=DIRECTION('',(0.,0.,1.));
#10183=DIRECTION('',(0.,-1.,0.));
#10184=DIRECTION('',(0.,0.,1.));
#10185=DIRECTION('',(0.,-1.,0.));
#10186=DIRECTION('',(0.,0.,1.));
#10187=DIRECTION('',(0.,1.,0.));
#10188=DIRECTION('',(0.,0.,-1.));
#10189=DIRECTION('',(0.,-1.,0.));
#10190=DIRECTION('',(0.,0.,1.));
#10191=DIRECTION('',(0.,1.,0.));
#10192=DIRECTION('',(0.,0.,-1.));
#10193=DIRECTION('',(0.,-1.,0.));
#10194=DIRECTION('',(0.,0.,1.));
#10195=DIRECTION('',(0.,-1.,0.));
#10196=DIRECTION('',(0.,0.,1.));
#10197=DIRECTION('',(0.,-1.,0.));
#10198=DIRECTION('',(0.,0.,1.));
#10199=DIRECTION('',(0.,1.,0.));
#10200=DIRECTION('',(0.,0.,-1.));
#10201=DIRECTION('',(0.,1.,0.));
#10202=DIRECTION('',(0.,0.,-1.));
#10203=DIRECTION('',(0.,-1.,0.));
#10204=DIRECTION('',(0.,0.,-1.));
#10205=DIRECTION('',(0.,-1.,0.));
#10206=DIRECTION('',(0.,0.,1.));
#10207=DIRECTION('',(0.,-1.,0.));
#10208=DIRECTION('',(0.,0.,-1.));
#10209=DIRECTION('',(0.,-1.,0.));
#10210=DIRECTION('',(0.,0.,1.));
#10211=DIRECTION('',(0.,-1.,0.));
#10212=DIRECTION('',(0.,0.,-1.));
#10213=DIRECTION('',(0.,-1.,0.));
#10214=DIRECTION('',(0.,0.,1.));
#10215=DIRECTION('',(0.,-1.,0.));
#10216=DIRECTION('',(0.,0.,-1.));
#10217=DIRECTION('',(0.,-1.,0.));
#10218=DIRECTION('',(0.,0.,1.));
#10219=DIRECTION('',(0.,-1.,0.));
#10220=DIRECTION('',(0.,0.,-1.));
#10221=DIRECTION('',(0.,-1.,0.));
#10222=DIRECTION('',(0.,0.,1.));
#10223=DIRECTION('',(0.,-1.,0.));
#10224=DIRECTION('',(0.,0.,-1.));
#10225=DIRECTION('',(0.,-1.,0.));
#10226=DIRECTION('',(0.,0.,1.));
#10227=DIRECTION('',(0.,-0.707300244875363,0.706913264551777));
#10228=DIRECTION('',(-1.,0.,0.));
#10229=DIRECTION('',(0.,0.707300244875363,-0.706913264551777));
#10230=DIRECTION('',(-1.,0.,0.));
#10231=DIRECTION('',(0.,0.706913264551777,0.707300244875363));
#10232=DIRECTION('',(0.,0.707300244875363,-0.706913264551777));
#10233=DIRECTION('',(0.,0.707106781186546,0.707106781186549));
#10234=DIRECTION('',(-1.,0.,0.));
#10235=DIRECTION('',(0.,-0.707106781186546,-0.707106781186549));
#10236=DIRECTION('',(0.,0.707106781186549,-0.707106781186546));
#10237=DIRECTION('',(0.,-0.707106781186546,-0.707106781186549));
#10238=DIRECTION('',(-1.,0.,0.));
#10239=DIRECTION('',(0.,0.,1.));
#10240=DIRECTION('',(-1.,0.,0.));
#10241=DIRECTION('',(0.,-1.,0.));
#10242=DIRECTION('',(0.,0.,1.));
#10243=DIRECTION('',(-1.,0.,0.));
#10244=DIRECTION('',(0.,-1.,0.));
#10245=DIRECTION('',(0.,0.,-1.));
#10246=DIRECTION('',(1.,0.,0.));
#10247=DIRECTION('',(-1.,0.,0.));
#10248=DIRECTION('',(0.,-0.706913264552435,-0.707300244874706));
#10249=DIRECTION('',(0.,0.707300244874706,-0.706913264552435));
#10250=DIRECTION('',(0.,-0.706913264552435,-0.707300244874706));
#10251=DIRECTION('',(-1.,0.,0.));
#10252=DIRECTION('',(0.,0.707300350795595,-0.706913158573547));
#10253=DIRECTION('',(0.,0.706913158573547,0.707300350795595));
#10254=DIRECTION('',(0.,0.707300350795595,-0.706913158573547));
#10255=DIRECTION('',(0.,1.,0.));
#10256=DIRECTION('',(0.,0.,1.));
#10257=DIRECTION('',(-1.,0.,0.));
#10258=DIRECTION('',(0.,-3.04977496640323E-013,-1.));
#10259=DIRECTION('',(0.,3.04977496640323E-013,1.));
#10260=DIRECTION('',(0.,-1.,3.04977496640323E-013));
#10261=DIRECTION('',(0.,3.04978264864531E-013,1.));
#10262=DIRECTION('',(1.,0.,0.));
#10263=DIRECTION('',(0.,0.,1.));
#10264=DIRECTION('',(1.,0.,0.));
#10265=DIRECTION('',(0.,0.,-1.));
#10266=DIRECTION('',(0.,0.,1.));
#10267=DIRECTION('',(-1.,0.,0.));
#10268=DIRECTION('',(0.,0.,-1.));
#10269=DIRECTION('',(-1.,0.,0.));
#10270=DIRECTION('',(0.,1.,0.));
#10271=DIRECTION('',(0.,0.,-1.));
#10272=DIRECTION('',(0.,0.952431132453471,-0.304753897322739));
#10273=DIRECTION('',(-1.,0.,0.));
#10274=DIRECTION('',(0.,-0.952431132453471,0.304753897322739));
#10275=DIRECTION('',(0.,-0.304753897322739,-0.952431132453471));
#10276=DIRECTION('',(0.,-0.952431132453471,0.304753897322739));
#10277=DIRECTION('',(0.,0.,-1.));
#10278=DIRECTION('',(-1.,0.,0.));
#10279=DIRECTION('',(0.,0.,1.));
#10280=DIRECTION('',(0.,-1.,0.));
#10281=DIRECTION('',(0.,0.,1.));
#10282=DIRECTION('',(0.,-0.0254786868693143,-0.999675365563949));
#10283=DIRECTION('',(-1.,0.,0.));
#10284=DIRECTION('',(0.,0.0254786868693143,0.999675365563949));
#10285=DIRECTION('',(0.,-0.999675365563949,0.0254786868693143));
#10286=DIRECTION('',(0.,0.0254786868693143,0.999675365563949));
#10287=DIRECTION('',(0.,-0.0987696326455418,-0.995110325374561));
#10288=DIRECTION('',(-1.,0.,0.));
#10289=DIRECTION('',(0.,0.0987696326455418,0.995110325374561));
#10290=DIRECTION('',(0.,-0.995110325374561,0.0987696326455418));
#10291=DIRECTION('',(0.,0.0987696326455418,0.995110325374561));
#10292=DIRECTION('',(0.,-0.229127949503165,-0.973396313305364));
#10293=DIRECTION('',(-1.,0.,0.));
#10294=DIRECTION('',(0.,0.229127949503165,0.973396313305364));
#10295=DIRECTION('',(0.,-0.973396313305364,0.229127949503165));
#10296=DIRECTION('',(0.,0.229127949503165,0.973396313305364));
#10297=DIRECTION('',(0.,-0.464779464482361,-0.885426478819947));
#10298=DIRECTION('',(-1.,0.,0.));
#10299=DIRECTION('',(0.,0.464779464482361,0.885426478819947));
#10300=DIRECTION('',(0.,-0.885426478819947,0.464779464482361));
#10301=DIRECTION('',(0.,0.464779464482361,0.885426478819947));
#10302=DIRECTION('',(0.,-0.679515995517463,-0.733660692579281));
#10303=DIRECTION('',(-1.,0.,0.));
#10304=DIRECTION('',(0.,0.679515995517463,0.733660692579281));
#10305=DIRECTION('',(0.,-0.733660692579281,0.679515995517463));
#10306=DIRECTION('',(0.,0.679515995517463,0.733660692579281));
#10307=DIRECTION('',(0.,-0.830435215650251,-0.557115205866723));
#10308=DIRECTION('',(-1.,0.,0.));
#10309=DIRECTION('',(0.,0.830435215650251,0.557115205866723));
#10310=DIRECTION('',(0.,-0.557115205866723,0.830435215650251));
#10311=DIRECTION('',(0.,0.830435215650251,0.557115205866723));
#10312=DIRECTION('',(0.,-0.943608492341768,-0.331063457935932));
#10313=DIRECTION('',(-1.,0.,0.));
#10314=DIRECTION('',(0.,0.943608492341768,0.331063457935932));
#10315=DIRECTION('',(0.,-0.331063457935932,0.943608492341767));
#10316=DIRECTION('',(0.,0.943608492341767,0.331063457935932));
#10317=DIRECTION('',(0.,-0.994654349293996,-0.103260473708661));
#10318=DIRECTION('',(-1.,0.,0.));
#10319=DIRECTION('',(0.,0.994654349293996,0.103260473708661));
#10320=DIRECTION('',(0.,-0.103260473708661,0.994654349293996));
#10321=DIRECTION('',(0.,0.994654349293996,0.103260473708661));
#10322=DIRECTION('',(0.,-0.998605332182913,0.0527957435391646));
#10323=DIRECTION('',(-1.,0.,0.));
#10324=DIRECTION('',(0.,0.998605332182913,-0.0527957435391646));
#10325=DIRECTION('',(0.,0.0527957435391646,0.998605332182913));
#10326=DIRECTION('',(0.,0.998605332182913,-0.0527957435391646));
#10327=DIRECTION('',(0.,-0.985889202402607,0.167399165427879));
#10328=DIRECTION('',(-1.,0.,0.));
#10329=DIRECTION('',(0.,0.985889202402607,-0.167399165427879));
#10330=DIRECTION('',(0.,0.167399165427879,0.985889202402607));
#10331=DIRECTION('',(0.,0.985889202402607,-0.167399165427879));
#10332=DIRECTION('',(0.,-0.956893343093584,0.290439546107594));
#10333=DIRECTION('',(-1.,0.,0.));
#10334=DIRECTION('',(0.,0.956893343093584,-0.290439546107594));
#10335=DIRECTION('',(0.,0.290439546107594,0.956893343093584));
#10336=DIRECTION('',(0.,0.956893343093584,-0.290439546107594));
#10337=DIRECTION('',(0.,-0.906325138296366,0.422581049849698));
#10338=DIRECTION('',(-1.,0.,0.));
#10339=DIRECTION('',(0.,0.906325138296366,-0.422581049849698));
#10340=DIRECTION('',(0.,0.422581049849698,0.906325138296366));
#10341=DIRECTION('',(0.,0.906325138296366,-0.422581049849698));
#10342=DIRECTION('',(0.,-0.845053052673796,0.534682464801959));
#10343=DIRECTION('',(-1.,0.,0.));
#10344=DIRECTION('',(0.,0.845053052673796,-0.534682464801959));
#10345=DIRECTION('',(0.,0.534682464801959,0.845053052673796));
#10346=DIRECTION('',(0.,0.845053052673796,-0.534682464801959));
#10347=DIRECTION('',(0.,-0.778837695123555,0.627225513395803));
#10348=DIRECTION('',(-1.,0.,0.));
#10349=DIRECTION('',(0.,0.778837695123555,-0.627225513395803));
#10350=DIRECTION('',(0.,0.627225513395803,0.778837695123555));
#10351=DIRECTION('',(0.,0.778837695123555,-0.627225513395803));
#10352=DIRECTION('',(0.,-0.689872185060276,0.723931190293774));
#10353=DIRECTION('',(-1.,0.,0.));
#10354=DIRECTION('',(0.,0.689872185060276,-0.723931190293774));
#10355=DIRECTION('',(0.,0.723931190293774,0.689872185060276));
#10356=DIRECTION('',(0.,0.689872185060276,-0.723931190293774));
#10357=DIRECTION('',(0.,-0.584783049319618,0.811189734420036));
#10358=DIRECTION('',(-1.,0.,0.));
#10359=DIRECTION('',(0.,0.584783049319618,-0.811189734420036));
#10360=DIRECTION('',(0.,0.811189734420037,0.584783049319618));
#10361=DIRECTION('',(0.,0.584783049319618,-0.811189734420037));
#10362=DIRECTION('',(0.,-0.466431206743271,0.884557476581379));
#10363=DIRECTION('',(-1.,0.,0.));
#10364=DIRECTION('',(0.,0.466431206743271,-0.884557476581379));
#10365=DIRECTION('',(0.,0.884557476581379,0.466431206743271));
#10366=DIRECTION('',(0.,0.466431206743271,-0.884557476581379));
#10367=DIRECTION('',(0.,-0.334318618102346,0.942460111405325));
#10368=DIRECTION('',(-1.,0.,0.));
#10369=DIRECTION('',(0.,0.334318618102346,-0.942460111405325));
#10370=DIRECTION('',(0.,0.942460111405325,0.334318618102346));
#10371=DIRECTION('',(0.,0.334318618102346,-0.942460111405325));
#10372=DIRECTION('',(0.,-0.182763178258422,0.983156966446803));
#10373=DIRECTION('',(-1.,0.,0.));
#10374=DIRECTION('',(0.,0.182763178258422,-0.983156966446803));
#10375=DIRECTION('',(0.,0.983156966446803,0.182763178258422));
#10376=DIRECTION('',(0.,0.182763178258422,-0.983156966446803));
#10377=DIRECTION('',(0.,-0.0840901012716269,0.996458155101421));
#10378=DIRECTION('',(-1.,0.,0.));
#10379=DIRECTION('',(0.,0.0840901012716269,-0.996458155101421));
#10380=DIRECTION('',(0.,0.996458155101421,0.0840901012716269));
#10381=DIRECTION('',(0.,0.0840901012716269,-0.996458155101421));
#10382=DIRECTION('',(-1.,0.,0.));
#10383=DIRECTION('',(0.,0.,1.));
#10384=DIRECTION('',(-1.,0.,0.));
#10385=DIRECTION('',(0.,-1.,0.));
#10386=DIRECTION('',(0.,0.,1.));
#10387=DIRECTION('',(-1.,0.,0.));
#10388=DIRECTION('',(0.,-0.0201227675288491,0.999797516613729));
#10389=DIRECTION('',(0.,-0.999797516613729,-0.020122767528849));
#10390=DIRECTION('',(0.,-0.020122767528849,0.999797516613729));
#10391=DIRECTION('',(-1.,0.,0.));
#10392=DIRECTION('',(0.,-0.0744281427934561,0.997226379294249));
#10393=DIRECTION('',(0.,-0.997226379294249,-0.0744281427934561));
#10394=DIRECTION('',(0.,-0.0744281427934561,0.997226379294249));
#10395=DIRECTION('',(-1.,0.,0.));
#10396=DIRECTION('',(0.,-0.159778584903078,0.987152877626546));
#10397=DIRECTION('',(0.,-0.987152877626546,-0.159778584903078));
#10398=DIRECTION('',(0.,-0.159778584903078,0.987152877626546));
#10399=DIRECTION('',(-1.,0.,0.));
#10400=DIRECTION('',(0.,-0.283551799690247,0.958956921291265));
#10401=DIRECTION('',(0.,-0.958956921291265,-0.283551799690247));
#10402=DIRECTION('',(0.,-0.283551799690247,0.958956921291265));
#10403=DIRECTION('',(-1.,0.,0.));
#10404=DIRECTION('',(0.,-0.399495668880762,0.916735081986891));
#10405=DIRECTION('',(0.,-0.916735081986891,-0.399495668880762));
#10406=DIRECTION('',(0.,-0.399495668880762,0.916735081986891));
#10407=DIRECTION('',(-1.,0.,0.));
#10408=DIRECTION('',(0.,-0.526603424523848,0.850111071142916));
#10409=DIRECTION('',(0.,-0.850111071142916,-0.526603424523848));
#10410=DIRECTION('',(0.,-0.526603424523848,0.850111071142916));
#10411=DIRECTION('',(-1.,0.,0.));
#10412=DIRECTION('',(0.,-0.645093352557527,0.764103766831502));
#10413=DIRECTION('',(0.,-0.764103766831502,-0.645093352557527));
#10414=DIRECTION('',(0.,-0.645093352557527,0.764103766831502));
#10415=DIRECTION('',(-1.,0.,0.));
#10416=DIRECTION('',(0.,-0.746072079802509,0.665865190364506));
#10417=DIRECTION('',(0.,-0.665865190364505,-0.746072079802508));
#10418=DIRECTION('',(0.,-0.746072079802508,0.665865190364505));
#10419=DIRECTION('',(-1.,0.,0.));
#10420=DIRECTION('',(0.,-0.824552088625467,0.565786048911936));
#10421=DIRECTION('',(0.,-0.565786048911936,-0.824552088625467));
#10422=DIRECTION('',(0.,-0.824552088625467,0.565786048911936));
#10423=DIRECTION('',(-1.,0.,0.));
#10424=DIRECTION('',(0.,-0.893523039073685,0.449017347821357));
#10425=DIRECTION('',(0.,-0.449017347821357,-0.893523039073685));
#10426=DIRECTION('',(0.,-0.893523039073685,0.449017347821357));
#10427=DIRECTION('',(-1.,0.,0.));
#10428=DIRECTION('',(0.,-0.950557624783966,0.310548228082313));
#10429=DIRECTION('',(0.,-0.310548228082313,-0.950557624783966));
#10430=DIRECTION('',(0.,-0.950557624783966,0.310548228082313));
#10431=DIRECTION('',(-1.,0.,0.));
#10432=DIRECTION('',(0.,-0.984584083426971,0.174911928301852));
#10433=DIRECTION('',(0.,-0.174911928301852,-0.984584083426971));
#10434=DIRECTION('',(0.,-0.984584083426971,0.174911928301852));
#10435=DIRECTION('',(-1.,0.,0.));
#10436=DIRECTION('',(0.,-0.997203323950812,0.0747364081385502));
#10437=DIRECTION('',(0.,-0.0747364081385502,-0.997203323950812));
#10438=DIRECTION('',(0.,-0.997203323950812,0.0747364081385502));
#10439=DIRECTION('',(-1.,0.,0.));
#10440=DIRECTION('',(0.,-0.99999244724523,-0.00388657336172556));
#10441=DIRECTION('',(0.,0.00388657336172556,-0.99999244724523));
#10442=DIRECTION('',(0.,-0.99999244724523,-0.00388657336172556));
#10443=DIRECTION('',(-1.,0.,0.));
#10444=DIRECTION('',(0.,-0.995931678300051,-0.090111553967535));
#10445=DIRECTION('',(0.,0.090111553967535,-0.995931678300051));
#10446=DIRECTION('',(0.,-0.995931678300051,-0.090111553967535));
#10447=DIRECTION('',(-1.,0.,0.));
#10448=DIRECTION('',(0.,-0.98345019333301,-0.181178688684034));
#10449=DIRECTION('',(0.,0.181178688684034,-0.98345019333301));
#10450=DIRECTION('',(0.,-0.98345019333301,-0.181178688684034));
#10451=DIRECTION('',(-1.,0.,0.));
#10452=DIRECTION('',(0.,-0.960434229820818,-0.278506894328476));
#10453=DIRECTION('',(0.,0.278506894328476,-0.960434229820818));
#10454=DIRECTION('',(0.,-0.960434229820818,-0.278506894328476));
#10455=DIRECTION('',(-1.,0.,0.));
#10456=DIRECTION('',(0.,-0.923622257460331,-0.383303959702848));
#10457=DIRECTION('',(0.,0.383303959702848,-0.923622257460331));
#10458=DIRECTION('',(0.,-0.923622257460331,-0.383303959702848));
#10459=DIRECTION('',(-1.,0.,0.));
#10460=DIRECTION('',(0.,-0.874255937772027,-0.485465297699386));
#10461=DIRECTION('',(0.,0.485465297699386,-0.874255937772027));
#10462=DIRECTION('',(0.,-0.874255937772027,-0.485465297699386));
#10463=DIRECTION('',(-1.,0.,0.));
#10464=DIRECTION('',(0.,-0.811660388865887,-0.584129620158127));
#10465=DIRECTION('',(0.,0.584129620158127,-0.811660388865887));
#10466=DIRECTION('',(0.,-0.811660388865887,-0.584129620158127));
#10467=DIRECTION('',(-1.,0.,0.));
#10468=DIRECTION('',(0.,-0.733531520416511,-0.679655433698166));
#10469=DIRECTION('',(0.,0.679655433698166,-0.733531520416511));
#10470=DIRECTION('',(0.,-0.733531520416511,-0.679655433698166));
#10471=DIRECTION('',(-1.,0.,0.));
#10472=DIRECTION('',(0.,-0.645799228425952,-0.763507273419478));
#10473=DIRECTION('',(0.,0.763507273419478,-0.645799228425952));
#10474=DIRECTION('',(0.,-0.645799228425952,-0.763507273419478));
#10475=DIRECTION('',(-1.,0.,0.));
#10476=DIRECTION('',(0.,-0.543291166633931,-0.839544345617039));
#10477=DIRECTION('',(0.,0.839544345617039,-0.543291166633931));
#10478=DIRECTION('',(0.,-0.543291166633931,-0.839544345617039));
#10479=DIRECTION('',(-1.,0.,0.));
#10480=DIRECTION('',(0.,-0.435818003867145,-0.900034814607333));
#10481=DIRECTION('',(0.,0.900034814607333,-0.435818003867145));
#10482=DIRECTION('',(0.,-0.435818003867145,-0.900034814607333));
#10483=DIRECTION('',(-1.,0.,0.));
#10484=DIRECTION('',(0.,-0.326616229116189,-0.945157044558163));
#10485=DIRECTION('',(0.,0.945157044558163,-0.326616229116189));
#10486=DIRECTION('',(0.,-0.326616229116189,-0.945157044558163));
#10487=DIRECTION('',(-1.,0.,0.));
#10488=DIRECTION('',(0.,-0.22675798475719,-0.9739511365304));
#10489=DIRECTION('',(0.,0.9739511365304,-0.226757984757191));
#10490=DIRECTION('',(0.,-0.226757984757191,-0.9739511365304));
#10491=DIRECTION('',(-1.,0.,0.));
#10492=DIRECTION('',(0.,-0.137405563066964,-0.990514871790551));
#10493=DIRECTION('',(0.,0.990514871790551,-0.137405563066964));
#10494=DIRECTION('',(0.,-0.137405563066964,-0.990514871790551));
#10495=DIRECTION('',(-1.,0.,0.));
#10496=DIRECTION('',(0.,-0.0649149341758847,-0.997890801300894));
#10497=DIRECTION('',(0.,0.997890801300894,-0.0649149341758847));
#10498=DIRECTION('',(0.,-0.0649149341758847,-0.997890801300894));
#10499=DIRECTION('',(-1.,0.,0.));
#10500=DIRECTION('',(0.,-0.0241369592257833,-0.999708661160507));
#10501=DIRECTION('',(0.,0.999708661160507,-0.0241369592257833));
#10502=DIRECTION('',(0.,-0.0241369592257833,-0.999708661160507));
#10503=DIRECTION('',(-1.,0.,0.));
#10504=DIRECTION('',(0.,-0.00588552207372449,-0.999982680164972));
#10505=DIRECTION('',(0.,0.999982680164971,-0.00588552207372449));
#10506=DIRECTION('',(0.,-0.00588552207372449,-0.999982680164971));
#10507=DIRECTION('',(-1.,0.,0.));
#10508=DIRECTION('',(0.,0.,-1.));
#10509=DIRECTION('',(0.,1.,0.));
#10510=DIRECTION('',(0.,0.,-1.));
#10511=DIRECTION('',(0.,0.952246843212386,-0.305329247849015));
#10512=DIRECTION('',(0.,0.305329247849015,0.952246843212386));
#10513=DIRECTION('',(0.,0.952246843212386,-0.305329247849015));
#10514=DIRECTION('',(0.,-0.0225322866650212,0.999746115800229));
#10515=DIRECTION('',(0.,0.0225322866650212,-0.999746115800229));
#10516=DIRECTION('',(0.,0.999746115800229,0.0225322866650212));
#10517=DIRECTION('',(0.,0.0225322866650212,-0.999746115800229));
#10518=DIRECTION('',(1.,0.,0.));
#10519=DIRECTION('',(0.,0.,1.));
#10520=DIRECTION('',(1.,0.,0.));
#10521=DIRECTION('',(0.,0.,-1.));
#10522=DIRECTION('',(-1.,0.,0.));
#10523=DIRECTION('',(0.,0.,1.));
#10524=DIRECTION('',(-1.,0.,0.));
#10525=DIRECTION('',(0.,-1.,0.));
#10526=DIRECTION('',(0.,0.,1.));
#10527=DIRECTION('',(-1.,0.,0.));
#10528=DIRECTION('',(0.,-0.951603934557164,0.307327108689299));
#10529=DIRECTION('',(0.,-0.307327108689299,-0.951603934557164));
#10530=DIRECTION('',(0.,-0.951603934557164,0.307327108689299));
#10531=DIRECTION('',(-1.,0.,0.));
#10532=DIRECTION('',(0.,0.,-1.));
#10533=DIRECTION('',(0.,1.,0.));
#10534=DIRECTION('',(0.,0.,-1.));
#10535=DIRECTION('',(-1.,0.,0.));
#10536=DIRECTION('',(0.,-0.946205466861272,0.323566398876402));
#10537=DIRECTION('',(0.,-0.323566398876402,-0.946205466861272));
#10538=DIRECTION('',(0.,-0.946205466861272,0.323566398876402));
#10539=DIRECTION('',(-1.,0.,0.));
#10540=DIRECTION('',(0.,0.,1.));
#10541=DIRECTION('',(0.,-1.,0.));
#10542=DIRECTION('',(0.,0.,1.));
#10543=DIRECTION('',(-1.,0.,0.));
#10544=DIRECTION('',(0.,-0.952727680311532,0.303825553843333));
#10545=DIRECTION('',(0.,-0.303825553843333,-0.952727680311532));
#10546=DIRECTION('',(0.,-0.952727680311532,0.303825553843333));
#10547=DIRECTION('',(-1.,0.,0.));
#10548=DIRECTION('',(0.,0.,-1.));
#10549=DIRECTION('',(0.,1.,0.));
#10550=DIRECTION('',(0.,0.,-1.));
#10551=DIRECTION('',(-1.,0.,0.));
#10552=DIRECTION('',(0.,-0.952004245667576,0.306084818687417));
#10553=DIRECTION('',(0.,-0.306084818687417,-0.952004245667576));
#10554=DIRECTION('',(0.,-0.952004245667576,0.306084818687417));
#10555=DIRECTION('',(-1.,0.,0.));
#10556=DIRECTION('',(0.,0.,1.));
#10557=DIRECTION('',(0.,-1.,0.));
#10558=DIRECTION('',(0.,0.,1.));
#10559=DIRECTION('',(-1.,0.,0.));
#10560=DIRECTION('',(0.,-0.952727679570608,0.3038255561667));
#10561=DIRECTION('',(0.,-0.3038255561667,-0.952727679570608));
#10562=DIRECTION('',(0.,-0.952727679570608,0.3038255561667));
#10563=DIRECTION('',(-1.,0.,0.));
#10564=DIRECTION('',(0.,1.55387679928859E-012,-1.));
#10565=DIRECTION('',(0.,1.,1.55387679928859E-012));
#10566=DIRECTION('',(0.,1.55387681888275E-012,-1.));
#10567=DIRECTION('',(0.,0.952377751806073,-0.304920674708702));
#10568=DIRECTION('',(0.,0.304920674708702,0.952377751806073));
#10569=DIRECTION('',(0.,0.952377751806073,-0.304920674708702));
#10570=DIRECTION('',(1.,0.,0.));
#10571=DIRECTION('',(0.,0.,1.));
#10572=DIRECTION('',(-1.,0.,0.));
#10573=DIRECTION('',(0.,0.,1.));
#10574=DIRECTION('',(-1.,0.,0.));
#10575=DIRECTION('',(0.,-1.,0.));
#10576=DIRECTION('',(0.,0.,1.));
#10577=DIRECTION('',(-1.,0.,0.));
#10578=DIRECTION('',(0.,-0.952447512637305,0.30470270046557));
#10579=DIRECTION('',(0.,-0.30470270046557,-0.952447512637305));
#10580=DIRECTION('',(0.,-0.952447512637305,0.30470270046557));
#10581=DIRECTION('',(-1.,0.,0.));
#10582=DIRECTION('',(0.,6.03322409524639E-012,-1.));
#10583=DIRECTION('',(0.,1.,6.03322409524639E-012));
#10584=DIRECTION('',(0.,6.03322426739883E-012,-1.));
#10585=DIRECTION('',(-1.,0.,0.));
#10586=DIRECTION('',(0.,0.952306731648552,-0.305142407503206));
#10587=DIRECTION('',(0.,0.305142407503206,0.952306731648552));
#10588=DIRECTION('',(0.,0.952306731648552,-0.305142407503206));
#10589=DIRECTION('',(-1.,0.,0.));
#10590=DIRECTION('',(0.,-0.959567380004137,-0.281479028050041));
#10591=DIRECTION('',(0.,0.281479028050041,-0.959567380004137));
#10592=DIRECTION('',(0.,-0.959567380004137,-0.281479028050041));
#10593=DIRECTION('',(-1.,0.,0.));
#10594=DIRECTION('',(0.,0.,-1.));
#10595=DIRECTION('',(0.,1.,0.));
#10596=DIRECTION('',(0.,0.,-1.));
#10597=DIRECTION('',(-1.,0.,0.));
#10598=DIRECTION('',(0.,0.952451871401928,-0.304689075391564));
#10599=DIRECTION('',(0.,0.304689075391564,0.952451871401928));
#10600=DIRECTION('',(0.,0.952451871401928,-0.304689075391564));
#10601=DIRECTION('',(-1.,0.,0.));
#10602=DIRECTION('',(0.,0.,1.));
#10603=DIRECTION('',(0.,-1.,0.));
#10604=DIRECTION('',(0.,0.,1.));
#10605=DIRECTION('',(-1.,0.,0.));
#10606=DIRECTION('',(0.,-0.95235898953866,0.304979269860925));
#10607=DIRECTION('',(0.,-0.304979269860925,-0.95235898953866));
#10608=DIRECTION('',(0.,-0.95235898953866,0.304979269860925));
#10609=DIRECTION('',(0.,0.960263915503136,0.279093555250897));
#10610=DIRECTION('',(0.,-0.279093555250897,0.960263915503136));
#10611=DIRECTION('',(0.,0.960263915503136,0.279093555250897));
#10612=DIRECTION('',(-1.,0.,0.));
#10613=DIRECTION('',(0.,0.,-1.));
#10614=DIRECTION('',(-1.,0.,0.));
#10615=DIRECTION('',(0.,-0.0495754459657358,0.998770381597942));
#10616=DIRECTION('',(-1.,0.,0.));
#10617=DIRECTION('',(0.,-0.998770381597942,-0.0495754459657358));
#10618=DIRECTION('',(0.,-0.0495754459657358,0.998770381597942));
#10619=DIRECTION('',(-1.,0.,0.));
#10620=DIRECTION('',(0.,-0.147196766991849,0.989107229670852));
#10621=DIRECTION('',(0.,-0.989107229670852,-0.147196766991849));
#10622=DIRECTION('',(0.,-0.147196766991849,0.989107229670852));
#10623=DIRECTION('',(-1.,0.,0.));
#10624=DIRECTION('',(0.,-0.240444730288711,0.97066283109862));
#10625=DIRECTION('',(0.,-0.97066283109862,-0.240444730288711));
#10626=DIRECTION('',(0.,-0.240444730288711,0.97066283109862));
#10627=DIRECTION('',(-1.,0.,0.));
#10628=DIRECTION('',(0.,-0.31949207366842,0.94758894825924));
#10629=DIRECTION('',(0.,-0.94758894825924,-0.31949207366842));
#10630=DIRECTION('',(0.,-0.31949207366842,0.94758894825924));
#10631=DIRECTION('',(-1.,0.,0.));
#10632=DIRECTION('',(0.,-0.391133104073828,0.92033412133723));
#10633=DIRECTION('',(0.,-0.920334121337231,-0.391133104073828));
#10634=DIRECTION('',(0.,-0.391133104073828,0.920334121337231));
#10635=DIRECTION('',(-1.,0.,0.));
#10636=DIRECTION('',(0.,-0.471364915090059,0.881938272682472));
#10637=DIRECTION('',(0.,-0.881938272682472,-0.471364915090058));
#10638=DIRECTION('',(0.,-0.471364915090058,0.881938272682472));
#10639=DIRECTION('',(-1.,0.,0.));
#10640=DIRECTION('',(0.,-0.952054040108798,0.305929901631917));
#10641=DIRECTION('',(0.,-0.305929901631917,-0.952054040108798));
#10642=DIRECTION('',(0.,-0.952054040108798,0.305929901631917));
#10643=DIRECTION('',(-1.,0.,0.));
#10644=DIRECTION('',(0.,0.,-1.));
#10645=DIRECTION('',(0.,1.,0.));
#10646=DIRECTION('',(0.,0.,-1.));
#10647=DIRECTION('',(-1.,0.,0.));
#10648=DIRECTION('',(0.,0.952389022080167,-0.304885471318629));
#10649=DIRECTION('',(0.,0.304885471318629,0.952389022080167));
#10650=DIRECTION('',(0.,0.952389022080167,-0.304885471318629));
#10651=DIRECTION('',(-1.,0.,0.));
#10652=DIRECTION('',(0.,0.,1.));
#10653=DIRECTION('',(0.,-1.,0.));
#10654=DIRECTION('',(0.,0.,1.));
#10655=DIRECTION('',(-1.,0.,0.));
#10656=DIRECTION('',(0.,0.952924008668797,-0.303209224303271));
#10657=DIRECTION('',(0.,0.303209224303271,0.952924008668797));
#10658=DIRECTION('',(0.,0.952924008668797,-0.303209224303271));
#10659=DIRECTION('',(-1.,0.,0.));
#10660=DIRECTION('',(0.,0.404569848694491,-0.914507100862162));
#10661=DIRECTION('',(0.,0.914507100862162,0.404569848694491));
#10662=DIRECTION('',(0.,0.404569848694491,-0.914507100862162));
#10663=DIRECTION('',(-1.,0.,0.));
#10664=DIRECTION('',(0.,0.336787891755509,-0.941580541412618));
#10665=DIRECTION('',(0.,0.941580541412618,0.336787891755509));
#10666=DIRECTION('',(0.,0.336787891755509,-0.941580541412618));
#10667=DIRECTION('',(-1.,0.,0.));
#10668=DIRECTION('',(0.,0.277245006416112,-0.960799253963766));
#10669=DIRECTION('',(0.,0.960799253963766,0.277245006416112));
#10670=DIRECTION('',(0.,0.277245006416112,-0.960799253963766));
#10671=DIRECTION('',(-1.,0.,0.));
#10672=DIRECTION('',(0.,0.216309538928995,-0.976324834964432));
#10673=DIRECTION('',(0.,0.976324834964432,0.216309538928995));
#10674=DIRECTION('',(0.,0.216309538928995,-0.976324834964432));
#10675=DIRECTION('',(-1.,0.,0.));
#10676=DIRECTION('',(0.,0.135639528795594,-0.990758254181165));
#10677=DIRECTION('',(0.,0.990758254181165,0.135639528795594));
#10678=DIRECTION('',(0.,0.135639528795594,-0.990758254181165));
#10679=DIRECTION('',(-1.,0.,0.));
#10680=DIRECTION('',(0.,0.0469281005666974,-0.998898269783866));
#10681=DIRECTION('',(0.,0.998898269783866,0.0469281005666974));
#10682=DIRECTION('',(0.,0.0469281005666974,-0.998898269783866));
#10683=DIRECTION('',(-1.,0.,0.));
#10684=DIRECTION('',(0.,-0.0990792077721939,-0.99507954987892));
#10685=DIRECTION('',(0.,0.99507954987892,-0.0990792077721939));
#10686=DIRECTION('',(0.,-0.0990792077721939,-0.99507954987892));
#10687=DIRECTION('',(-1.,0.,0.));
#10688=DIRECTION('',(0.,-0.350259361579755,-0.936652752959037));
#10689=DIRECTION('',(0.,0.936652752959037,-0.350259361579755));
#10690=DIRECTION('',(0.,-0.350259361579755,-0.936652752959037));
#10691=DIRECTION('',(-1.,0.,0.));
#10692=DIRECTION('',(0.,-0.639159181811039,-0.769074469935548));
#10693=DIRECTION('',(0.,0.769074469935547,-0.639159181811039));
#10694=DIRECTION('',(0.,-0.639159181811039,-0.769074469935547));
#10695=DIRECTION('',(-1.,0.,0.));
#10696=DIRECTION('',(0.,-0.873473588208155,-0.486871534085503));
#10697=DIRECTION('',(0.,0.486871534085503,-0.873473588208155));
#10698=DIRECTION('',(0.,-0.873473588208155,-0.486871534085503));
#10699=DIRECTION('',(-1.,0.,0.));
#10700=DIRECTION('',(0.,-0.981425923309925,-0.191841489400133));
#10701=DIRECTION('',(0.,0.191841489400133,-0.981425923309925));
#10702=DIRECTION('',(0.,-0.981425923309925,-0.191841489400133));
#10703=DIRECTION('',(-1.,0.,0.));
#10704=DIRECTION('',(0.,-0.999592309387895,0.0285519703798936));
#10705=DIRECTION('',(0.,-0.0285519703798936,-0.999592309387895));
#10706=DIRECTION('',(0.,-0.999592309387895,0.0285519703798936));
#10707=DIRECTION('',(-1.,0.,0.));
#10708=DIRECTION('',(0.,-0.985211298245178,0.17134380003388));
#10709=DIRECTION('',(0.,-0.17134380003388,-0.985211298245178));
#10710=DIRECTION('',(0.,-0.985211298245178,0.17134380003388));
#10711=DIRECTION('',(-1.,0.,0.));
#10712=DIRECTION('',(0.,-0.955203225177756,0.29595066921704));
#10713=DIRECTION('',(0.,-0.29595066921704,-0.955203225177756));
#10714=DIRECTION('',(0.,-0.955203225177756,0.29595066921704));
#10715=DIRECTION('',(-1.,0.,0.));
#10716=DIRECTION('',(0.,-0.907531158742339,0.419984756761227));
#10717=DIRECTION('',(0.,-0.419984756761227,-0.907531158742339));
#10718=DIRECTION('',(0.,-0.907531158742339,0.419984756761227));
#10719=DIRECTION('',(-1.,0.,0.));
#10720=DIRECTION('',(0.,-0.839546858557664,0.543287283383255));
#10721=DIRECTION('',(0.,-0.543287283383255,-0.839546858557664));
#10722=DIRECTION('',(0.,-0.839546858557664,0.543287283383255));
#10723=DIRECTION('',(-1.,0.,0.));
#10724=DIRECTION('',(0.,-0.734803444868105,0.678280102472398));
#10725=DIRECTION('',(0.,-0.678280102472397,-0.734803444868105));
#10726=DIRECTION('',(0.,-0.734803444868105,0.678280102472397));
#10727=DIRECTION('',(-1.,0.,0.));
#10728=DIRECTION('',(0.,-0.590360630299031,0.807139595233024));
#10729=DIRECTION('',(0.,-0.807139595233024,-0.590360630299031));
#10730=DIRECTION('',(0.,-0.590360630299031,0.807139595233024));
#10731=DIRECTION('',(-1.,0.,0.));
#10732=DIRECTION('',(0.,-0.428386376463422,0.90359565761492));
#10733=DIRECTION('',(0.,-0.90359565761492,-0.428386376463422));
#10734=DIRECTION('',(0.,-0.428386376463422,0.90359565761492));
#10735=DIRECTION('',(-1.,0.,0.));
#10736=DIRECTION('',(0.,-0.264236175462255,0.964458005087355));
#10737=DIRECTION('',(0.,-0.964458005087355,-0.264236175462255));
#10738=DIRECTION('',(0.,-0.264236175462255,0.964458005087355));
#10739=DIRECTION('',(-1.,0.,0.));
#10740=DIRECTION('',(0.,-0.0875358665117202,0.996161368491091));
#10741=DIRECTION('',(0.,-0.996161368491091,-0.0875358665117202));
#10742=DIRECTION('',(0.,-0.0875358665117202,0.996161368491091));
#10743=DIRECTION('',(-1.,0.,0.));
#10744=DIRECTION('',(0.,0.0890403673610169,0.99602801817028));
#10745=DIRECTION('',(0.,-0.99602801817028,0.0890403673610169));
#10746=DIRECTION('',(0.,0.0890403673610169,0.99602801817028));
#10747=DIRECTION('',(-1.,0.,0.));
#10748=DIRECTION('',(0.,0.298732646011996,0.954336841061201));
#10749=DIRECTION('',(0.,-0.954336841061201,0.298732646011996));
#10750=DIRECTION('',(0.,0.298732646011996,0.954336841061201));
#10751=DIRECTION('',(-1.,0.,0.));
#10752=DIRECTION('',(0.,0.529631465451982,0.848227864906115));
#10753=DIRECTION('',(0.,-0.848227864906115,0.529631465451982));
#10754=DIRECTION('',(0.,0.529631465451982,0.848227864906115));
#10755=DIRECTION('',(-1.,0.,0.));
#10756=DIRECTION('',(0.,0.739374555460245,0.673294338857802));
#10757=DIRECTION('',(0.,-0.673294338857802,0.739374555460245));
#10758=DIRECTION('',(0.,0.739374555460245,0.673294338857802));
#10759=DIRECTION('',(-1.,0.,0.));
#10760=DIRECTION('',(0.,0.884873158968327,0.465832043270333));
#10761=DIRECTION('',(0.,-0.465832043270333,0.884873158968327));
#10762=DIRECTION('',(0.,0.884873158968327,0.465832043270333));
#10763=DIRECTION('',(-1.,0.,0.));
#10764=DIRECTION('',(0.,0.962495508742601,0.271297614531203));
#10765=DIRECTION('',(0.,-0.271297614531203,0.962495508742601));
#10766=DIRECTION('',(0.,0.962495508742601,0.271297614531203));
#10767=DIRECTION('',(-1.,0.,0.));
#10768=DIRECTION('',(0.,-0.112029679984044,0.993704861013909));
#10769=DIRECTION('',(0.,-0.993704861013909,-0.112029679984044));
#10770=DIRECTION('',(0.,-0.112029679984044,0.993704861013909));
#10771=DIRECTION('',(-1.,0.,0.));
#10772=DIRECTION('',(0.,-0.978085666527184,-0.208202855249573));
#10773=DIRECTION('',(0.,0.208202855249573,-0.978085666527184));
#10774=DIRECTION('',(0.,-0.978085666527184,-0.208202855249573));
#10775=DIRECTION('',(-1.,0.,0.));
#10776=DIRECTION('',(0.,-0.901312041888728,-0.433170408899745));
#10777=DIRECTION('',(0.,0.433170408899745,-0.901312041888728));
#10778=DIRECTION('',(0.,-0.901312041888728,-0.433170408899745));
#10779=DIRECTION('',(-1.,0.,0.));
#10780=DIRECTION('',(0.,-0.747037444409295,-0.66478196173665));
#10781=DIRECTION('',(0.,0.66478196173665,-0.747037444409295));
#10782=DIRECTION('',(0.,-0.747037444409295,-0.66478196173665));
#10783=DIRECTION('',(-1.,0.,0.));
#10784=DIRECTION('',(0.,-0.525738497794954,-0.850646243709043));
#10785=DIRECTION('',(0.,0.850646243709043,-0.525738497794954));
#10786=DIRECTION('',(0.,-0.525738497794954,-0.850646243709043));
#10787=DIRECTION('',(-1.,0.,0.));
#10788=DIRECTION('',(0.,-0.286698752599462,-0.958020785399728));
#10789=DIRECTION('',(0.,0.958020785399728,-0.286698752599463));
#10790=DIRECTION('',(0.,-0.286698752599463,-0.958020785399728));
#10791=DIRECTION('',(-1.,0.,0.));
#10792=DIRECTION('',(0.,-0.0833050206411339,-0.996524095813032));
#10793=DIRECTION('',(0.,0.996524095813032,-0.0833050206411339));
#10794=DIRECTION('',(0.,-0.0833050206411339,-0.996524095813032));
#10795=DIRECTION('',(-1.,0.,0.));
#10796=DIRECTION('',(0.,0.0879759705724683,-0.996122597174581));
#10797=DIRECTION('',(0.,0.996122597174581,0.0879759705724683));
#10798=DIRECTION('',(0.,0.0879759705724683,-0.996122597174581));
#10799=DIRECTION('',(-1.,0.,0.));
#10800=DIRECTION('',(0.,0.273974953246315,-0.961736827304476));
#10801=DIRECTION('',(0.,0.961736827304476,0.273974953246315));
#10802=DIRECTION('',(0.,0.273974953246315,-0.961736827304476));
#10803=DIRECTION('',(-1.,0.,0.));
#10804=DIRECTION('',(0.,0.456873457952748,-0.889531698939559));
#10805=DIRECTION('',(0.,0.88953169893956,0.456873457952747));
#10806=DIRECTION('',(0.,0.456873457952747,-0.88953169893956));
#10807=DIRECTION('',(-1.,0.,0.));
#10808=DIRECTION('',(0.,0.613584732461971,-0.789628885040036));
#10809=DIRECTION('',(0.,0.789628885040036,0.613584732461971));
#10810=DIRECTION('',(0.,0.613584732461971,-0.789628885040036));
#10811=DIRECTION('',(-1.,0.,0.));
#10812=DIRECTION('',(0.,0.741697878604587,-0.670734117868963));
#10813=DIRECTION('',(0.,0.670734117868963,0.741697878604587));
#10814=DIRECTION('',(0.,0.741697878604587,-0.670734117868963));
#10815=DIRECTION('',(-1.,0.,0.));
#10816=DIRECTION('',(0.,0.840144954031057,-0.542361923641541));
#10817=DIRECTION('',(0.,0.542361923641541,0.840144954031057));
#10818=DIRECTION('',(0.,0.840144954031057,-0.542361923641541));
#10819=DIRECTION('',(-1.,0.,0.));
#10820=DIRECTION('',(0.,0.906054032173937,-0.423162014813889));
#10821=DIRECTION('',(0.,0.423162014813889,0.906054032173937));
#10822=DIRECTION('',(0.,0.906054032173937,-0.423162014813889));
#10823=DIRECTION('',(-1.,0.,0.));
#10824=DIRECTION('',(0.,0.952802183359436,-0.303591830235089));
#10825=DIRECTION('',(0.,0.30359183023509,0.952802183359436));
#10826=DIRECTION('',(0.,0.952802183359436,-0.30359183023509));
#10827=DIRECTION('',(-1.,0.,0.));
#10828=DIRECTION('',(0.,0.984428575815234,-0.175785036673748));
#10829=DIRECTION('',(0.,0.175785036673748,0.984428575815234));
#10830=DIRECTION('',(0.,0.984428575815234,-0.175785036673748));
#10831=DIRECTION('',(-1.,0.,0.));
#10832=DIRECTION('',(0.,0.999999207836611,0.00125870018315789));
#10833=DIRECTION('',(0.,-0.00125870018315789,0.999999207836611));
#10834=DIRECTION('',(0.,0.999999207836611,0.00125870018315789));
#10835=DIRECTION('',(-1.,0.,0.));
#10836=DIRECTION('',(0.,0.959035131229279,0.28328716361325));
#10837=DIRECTION('',(0.,-0.28328716361325,0.959035131229279));
#10838=DIRECTION('',(0.,0.959035131229279,0.28328716361325));
#10839=DIRECTION('',(-1.,0.,0.));
#10840=DIRECTION('',(0.,0.803149212620027,0.595777930329608));
#10841=DIRECTION('',(0.,-0.595777930329608,0.803149212620027));
#10842=DIRECTION('',(0.,0.803149212620027,0.595777930329608));
#10843=DIRECTION('',(-1.,0.,0.));
#10844=DIRECTION('',(0.,0.551019848715898,0.834492136764098));
#10845=DIRECTION('',(0.,-0.834492136764098,0.551019848715897));
#10846=DIRECTION('',(0.,0.551019848715897,0.834492136764098));
#10847=DIRECTION('',(-1.,0.,0.));
#10848=DIRECTION('',(0.,0.291384127481929,0.956606131201131));
#10849=DIRECTION('',(0.,-0.956606131201131,0.291384127481929));
#10850=DIRECTION('',(0.,0.291384127481929,0.956606131201131));
#10851=DIRECTION('',(0.,0.0821628662505896,0.996618915839694));
#10852=DIRECTION('',(0.,-0.996618915839694,0.0821628662505896));
#10853=DIRECTION('',(0.,0.0821628662505896,0.996618915839694));
#10854=DIRECTION('',(-1.,0.,0.));
#10855=DIRECTION('',(0.,0.,-1.));
#10856=DIRECTION('',(-1.,0.,0.));
#10857=DIRECTION('',(0.,0.0588615494035133,0.998266155893216));
#10858=DIRECTION('',(-1.,0.,0.));
#10859=DIRECTION('',(0.,-0.998266155893216,0.0588615494035133));
#10860=DIRECTION('',(0.,0.0588615494035133,0.998266155893216));
#10861=DIRECTION('',(-1.,0.,0.));
#10862=DIRECTION('',(0.,-0.0888048019082542,0.996049048570418));
#10863=DIRECTION('',(0.,-0.996049048570418,-0.0888048019082542));
#10864=DIRECTION('',(0.,-0.0888048019082542,0.996049048570418));
#10865=DIRECTION('',(-1.,0.,0.));
#10866=DIRECTION('',(0.,-0.296432146924139,0.95505391589687));
#10867=DIRECTION('',(0.,-0.95505391589687,-0.296432146924139));
#10868=DIRECTION('',(0.,-0.296432146924139,0.95505391589687));
#10869=DIRECTION('',(-1.,0.,0.));
#10870=DIRECTION('',(0.,-0.524194664685234,0.851598469653119));
#10871=DIRECTION('',(0.,-0.851598469653119,-0.524194664685234));
#10872=DIRECTION('',(0.,-0.524194664685234,0.851598469653119));
#10873=DIRECTION('',(-1.,0.,0.));
#10874=DIRECTION('',(0.,-0.712951147931449,0.701213705415994));
#10875=DIRECTION('',(0.,-0.701213705415994,-0.712951147931449));
#10876=DIRECTION('',(0.,-0.712951147931449,0.701213705415994));
#10877=DIRECTION('',(-1.,0.,0.));
#10878=DIRECTION('',(0.,-0.867008838541792,0.49829275921933));
#10879=DIRECTION('',(0.,-0.49829275921933,-0.867008838541792));
#10880=DIRECTION('',(0.,-0.867008838541792,0.49829275921933));
#10881=DIRECTION('',(-1.,0.,0.));
#10882=DIRECTION('',(0.,-0.970149645240995,0.242507042864267));
#10883=DIRECTION('',(0.,-0.242507042864267,-0.970149645240995));
#10884=DIRECTION('',(0.,-0.970149645240995,0.242507042864267));
#10885=DIRECTION('',(-1.,0.,0.));
#10886=DIRECTION('',(0.,-0.999984476109939,-0.00557203186741405));
#10887=DIRECTION('',(0.,0.00557203186741405,-0.999984476109939));
#10888=DIRECTION('',(0.,-0.999984476109939,-0.00557203186741405));
#10889=DIRECTION('',(-1.,0.,0.));
#10890=DIRECTION('',(0.,-0.960434220730734,-0.278506925675733));
#10891=DIRECTION('',(0.,0.278506925675733,-0.960434220730734));
#10892=DIRECTION('',(0.,-0.960434220730734,-0.278506925675733));
#10893=DIRECTION('',(-1.,0.,0.));
#10894=DIRECTION('',(0.,-0.830404976803856,-0.557160277208801));
#10895=DIRECTION('',(0.,0.557160277208801,-0.830404976803856));
#10896=DIRECTION('',(0.,-0.830404976803856,-0.557160277208801));
#10897=DIRECTION('',(-1.,0.,0.));
#10898=DIRECTION('',(0.,-0.633488271437108,-0.773752292372452));
#10899=DIRECTION('',(0.,0.773752292372452,-0.633488271437108));
#10900=DIRECTION('',(0.,-0.633488271437108,-0.773752292372452));
#10901=DIRECTION('',(-1.,0.,0.));
#10902=DIRECTION('',(0.,-0.504412722939686,-0.863462683001745));
#10903=DIRECTION('',(0.,0.863462683001745,-0.504412722939686));
#10904=DIRECTION('',(0.,-0.504412722939686,-0.863462683001745));
#10905=DIRECTION('',(-1.,0.,0.));
#10906=DIRECTION('',(0.,-0.435132050042005,-0.9003666469979));
#10907=DIRECTION('',(0.,0.9003666469979,-0.435132050042005));
#10908=DIRECTION('',(0.,-0.435132050042005,-0.9003666469979));
#10909=DIRECTION('',(-1.,0.,0.));
#10910=DIRECTION('',(0.,-0.435208672561373,-0.900329612601611));
#10911=DIRECTION('',(0.,0.900329612601611,-0.435208672561373));
#10912=DIRECTION('',(0.,-0.435208672561373,-0.900329612601611));
#10913=DIRECTION('',(-1.,0.,0.));
#10914=DIRECTION('',(0.,-0.490931332962294,-0.871198270381585));
#10915=DIRECTION('',(0.,0.871198270381585,-0.490931332962293));
#10916=DIRECTION('',(0.,-0.490931332962293,-0.871198270381585));
#10917=DIRECTION('',(-1.,0.,0.));
#10918=DIRECTION('',(0.,-0.596997622469535,-0.802243004809467));
#10919=DIRECTION('',(0.,0.802243004809467,-0.596997622469535));
#10920=DIRECTION('',(0.,-0.596997622469535,-0.802243004809467));
#10921=DIRECTION('',(-1.,0.,0.));
#10922=DIRECTION('',(0.,-0.778879656351338,-0.627173405783457));
#10923=DIRECTION('',(0.,0.627173405783458,-0.778879656351338));
#10924=DIRECTION('',(0.,-0.778879656351338,-0.627173405783458));
#10925=DIRECTION('',(-1.,0.,0.));
#10926=DIRECTION('',(0.,-0.940740910587515,-0.339126140465421));
#10927=DIRECTION('',(0.,0.339126140465421,-0.940740910587515));
#10928=DIRECTION('',(0.,-0.940740910587515,-0.339126140465421));
#10929=DIRECTION('',(-1.,0.,0.));
#10930=DIRECTION('',(0.,-0.999644564924228,-0.0266597790210375));
#10931=DIRECTION('',(0.,0.0266597790210375,-0.999644564924228));
#10932=DIRECTION('',(0.,-0.999644564924228,-0.0266597790210375));
#10933=DIRECTION('',(-1.,0.,0.));
#10934=DIRECTION('',(0.,-0.969692029649379,0.244330447620571));
#10935=DIRECTION('',(0.,-0.244330447620571,-0.969692029649379));
#10936=DIRECTION('',(0.,-0.969692029649379,0.244330447620571));
#10937=DIRECTION('',(-1.,0.,0.));
#10938=DIRECTION('',(0.,-0.85977847823867,0.510667179636206));
#10939=DIRECTION('',(0.,-0.510667179636206,-0.85977847823867));
#10940=DIRECTION('',(0.,-0.85977847823867,0.510667179636206));
#10941=DIRECTION('',(-1.,0.,0.));
#10942=DIRECTION('',(0.,-0.69080927170611,0.723037032332974));
#10943=DIRECTION('',(0.,-0.723037032332974,-0.69080927170611));
#10944=DIRECTION('',(0.,-0.69080927170611,0.723037032332974));
#10945=DIRECTION('',(-1.,0.,0.));
#10946=DIRECTION('',(0.,-0.467244849531147,0.884127960527556));
#10947=DIRECTION('',(0.,-0.884127960527556,-0.467244849531147));
#10948=DIRECTION('',(0.,-0.467244849531147,0.884127960527556));
#10949=DIRECTION('',(-1.,0.,0.));
#10950=DIRECTION('',(0.,-0.233275691574736,0.972410639452453));
#10951=DIRECTION('',(0.,-0.972410639452453,-0.233275691574736));
#10952=DIRECTION('',(0.,-0.233275691574736,0.972410639452453));
#10953=DIRECTION('',(-1.,0.,0.));
#10954=DIRECTION('',(0.,-0.0642814661272842,0.997931807846872));
#10955=DIRECTION('',(0.,-0.997931807846872,-0.0642814661272842));
#10956=DIRECTION('',(0.,-0.0642814661272842,0.997931807846872));
#10957=DIRECTION('',(-1.,0.,0.));
#10958=DIRECTION('',(0.,0.0808667413031717,0.996724922007575));
#10959=DIRECTION('',(0.,-0.996724922007575,0.0808667413031717));
#10960=DIRECTION('',(0.,0.0808667413031717,0.996724922007575));
#10961=DIRECTION('',(-1.,0.,0.));
#10962=DIRECTION('',(0.,0.289186123771266,0.957272889942126));
#10963=DIRECTION('',(0.,-0.957272889942126,0.289186123771266));
#10964=DIRECTION('',(0.,0.289186123771266,0.957272889942126));
#10965=DIRECTION('',(-1.,0.,0.));
#10966=DIRECTION('',(0.,0.553463255788673,0.832873594545896));
#10967=DIRECTION('',(0.,-0.832873594545896,0.553463255788673));
#10968=DIRECTION('',(0.,0.553463255788673,0.832873594545896));
#10969=DIRECTION('',(-1.,0.,0.));
#10970=DIRECTION('',(0.,0.795382347527613,0.606108011200532));
#10971=DIRECTION('',(0.,-0.606108011200531,0.795382347527613));
#10972=DIRECTION('',(0.,0.795382347527613,0.606108011200531));
#10973=DIRECTION('',(-1.,0.,0.));
#10974=DIRECTION('',(0.,0.94077389175506,0.339034636271928));
#10975=DIRECTION('',(0.,-0.339034636271928,0.94077389175506));
#10976=DIRECTION('',(0.,0.94077389175506,0.339034636271928));
#10977=DIRECTION('',(-1.,0.,0.));
#10978=DIRECTION('',(0.,0.995363226071787,0.0961875677203923));
#10979=DIRECTION('',(0.,-0.0961875677203923,0.995363226071787));
#10980=DIRECTION('',(0.,0.995363226071787,0.0961875677203923));
#10981=DIRECTION('',(-1.,0.,0.));
#10982=DIRECTION('',(0.,-0.044538703393109,0.999007659580276));
#10983=DIRECTION('',(0.,-0.999007659580276,-0.044538703393109));
#10984=DIRECTION('',(0.,-0.044538703393109,0.999007659580276));
#10985=DIRECTION('',(-1.,0.,0.));
#10986=DIRECTION('',(0.,-0.997000813421135,-0.0773910720793693));
#10987=DIRECTION('',(0.,0.0773910720793693,-0.997000813421135));
#10988=DIRECTION('',(0.,-0.997000813421135,-0.0773910720793693));
#10989=DIRECTION('',(-1.,0.,0.));
#10990=DIRECTION('',(0.,-0.937301604918251,-0.348519298486713));
#10991=DIRECTION('',(0.,0.348519298486713,-0.937301604918251));
#10992=DIRECTION('',(0.,-0.937301604918251,-0.348519298486713));
#10993=DIRECTION('',(-1.,0.,0.));
#10994=DIRECTION('',(0.,-0.787859118883105,-0.615855509671496));
#10995=DIRECTION('',(0.,0.615855509671496,-0.787859118883105));
#10996=DIRECTION('',(0.,-0.787859118883105,-0.615855509671496));
#10997=DIRECTION('',(-1.,0.,0.));
#10998=DIRECTION('',(0.,-0.558348373334605,-0.829606589893427));
#10999=DIRECTION('',(0.,0.829606589893427,-0.558348373334605));
#11000=DIRECTION('',(0.,-0.558348373334605,-0.829606589893427));
#11001=DIRECTION('',(-1.,0.,0.));
#11002=DIRECTION('',(0.,-0.298802250421085,-0.954315050255048));
#11003=DIRECTION('',(0.,0.954315050255048,-0.298802250421085));
#11004=DIRECTION('',(0.,-0.298802250421085,-0.954315050255048));
#11005=DIRECTION('',(-1.,0.,0.));
#11006=DIRECTION('',(0.,-0.0849408574989528,-0.996385994847048));
#11007=DIRECTION('',(0.,0.996385994847048,-0.0849408574989528));
#11008=DIRECTION('',(0.,-0.0849408574989529,-0.996385994847048));
#11009=DIRECTION('',(-1.,0.,0.));
#11010=DIRECTION('',(0.,0.0856555569815664,-0.996324809265622));
#11011=DIRECTION('',(0.,0.996324809265622,0.0856555569815664));
#11012=DIRECTION('',(0.,0.0856555569815664,-0.996324809265622));
#11013=DIRECTION('',(-1.,0.,0.));
#11014=DIRECTION('',(0.,0.290368134406897,-0.956915015307555));
#11015=DIRECTION('',(0.,0.956915015307555,0.290368134406897));
#11016=DIRECTION('',(0.,0.290368134406897,-0.956915015307555));
#11017=DIRECTION('',(-1.,0.,0.));
#11018=DIRECTION('',(0.,0.523200062066149,-0.85220988908483));
#11019=DIRECTION('',(0.,0.85220988908483,0.523200062066149));
#11020=DIRECTION('',(0.,0.523200062066149,-0.85220988908483));
#11021=DIRECTION('',(-1.,0.,0.));
#11022=DIRECTION('',(0.,0.723554460862122,-0.690267297622106));
#11023=DIRECTION('',(0.,0.690267297622106,0.723554460862121));
#11024=DIRECTION('',(0.,0.723554460862121,-0.690267297622106));
#11025=DIRECTION('',(-1.,0.,0.));
#11026=DIRECTION('',(0.,0.876813305447268,-0.480830975905916));
#11027=DIRECTION('',(0.,0.480830975905916,0.876813305447268));
#11028=DIRECTION('',(0.,0.876813305447268,-0.480830975905916));
#11029=DIRECTION('',(-1.,0.,0.));
#11030=DIRECTION('',(0.,0.972553566394177,-0.232679093375331));
#11031=DIRECTION('',(0.,0.232679093375331,0.972553566394177));
#11032=DIRECTION('',(0.,0.972553566394177,-0.232679093375331));
#11033=DIRECTION('',(-1.,0.,0.));
#11034=DIRECTION('',(0.,0.999306225685077,-0.0372433525215796));
#11035=DIRECTION('',(0.,0.0372433525215796,0.999306225685077));
#11036=DIRECTION('',(0.,0.999306225685077,-0.0372433525215796));
#11037=DIRECTION('',(-1.,0.,0.));
#11038=DIRECTION('',(0.,0.991359508515768,0.131172881630977));
#11039=DIRECTION('',(0.,-0.131172881630977,0.991359508515768));
#11040=DIRECTION('',(0.,0.991359508515768,0.131172881630977));
#11041=DIRECTION('',(-1.,0.,0.));
#11042=DIRECTION('',(0.,0.947524997200978,0.319681684929378));
#11043=DIRECTION('',(0.,-0.319681684929378,0.947524997200978));
#11044=DIRECTION('',(0.,0.947524997200978,0.319681684929378));
#11045=DIRECTION('',(-1.,0.,0.));
#11046=DIRECTION('',(0.,0.867172836711433,0.498007300418223));
#11047=DIRECTION('',(0.,-0.498007300418223,0.867172836711433));
#11048=DIRECTION('',(0.,0.867172836711433,0.498007300418223));
#11049=DIRECTION('',(-1.,0.,0.));
#11050=DIRECTION('',(0.,0.760841913451846,0.648937271802856));
#11051=DIRECTION('',(0.,-0.648937271802856,0.760841913451846));
#11052=DIRECTION('',(0.,0.760841913451846,0.648937271802856));
#11053=DIRECTION('',(-1.,0.,0.));
#11054=DIRECTION('',(0.,0.632061021485183,0.774918618384607));
#11055=DIRECTION('',(0.,-0.774918618384607,0.632061021485183));
#11056=DIRECTION('',(0.,0.632061021485183,0.774918618384607));
#11057=DIRECTION('',(-1.,0.,0.));
#11058=DIRECTION('',(0.,0.52137270842734,0.853329068359411));
#11059=DIRECTION('',(0.,-0.853329068359411,0.52137270842734));
#11060=DIRECTION('',(0.,0.52137270842734,0.853329068359411));
#11061=DIRECTION('',(-1.,0.,0.));
#11062=DIRECTION('',(0.,0.464888509103558,0.885369230379886));
#11063=DIRECTION('',(0.,-0.885369230379885,0.464888509103558));
#11064=DIRECTION('',(0.,0.464888509103558,0.885369230379885));
#11065=DIRECTION('',(-1.,0.,0.));
#11066=DIRECTION('',(0.,0.429185423052014,0.903216404102397));
#11067=DIRECTION('',(0.,-0.903216404102397,0.429185423052014));
#11068=DIRECTION('',(0.,0.429185423052014,0.903216404102397));
#11069=DIRECTION('',(-1.,0.,0.));
#11070=DIRECTION('',(0.,0.429355818348192,0.903135416895249));
#11071=DIRECTION('',(0.,-0.903135416895249,0.429355818348192));
#11072=DIRECTION('',(0.,0.429355818348192,0.903135416895249));
#11073=DIRECTION('',(-1.,0.,0.));
#11074=DIRECTION('',(0.,0.477716034393445,0.878514308638966));
#11075=DIRECTION('',(0.,-0.878514308638966,0.477716034393445));
#11076=DIRECTION('',(0.,0.477716034393445,0.878514308638966));
#11077=DIRECTION('',(-1.,0.,0.));
#11078=DIRECTION('',(0.,0.581110200988656,0.813824879385562));
#11079=DIRECTION('',(0.,-0.813824879385562,0.581110200988656));
#11080=DIRECTION('',(0.,0.581110200988656,0.813824879385562));
#11081=DIRECTION('',(-1.,0.,0.));
#11082=DIRECTION('',(0.,0.772403389210571,0.635132273102244));
#11083=DIRECTION('',(0.,-0.635132273102244,0.772403389210571));
#11084=DIRECTION('',(0.,0.772403389210571,0.635132273102244));
#11085=DIRECTION('',(-1.,0.,0.));
#11086=DIRECTION('',(0.,0.934676878301097,0.355498429207944));
#11087=DIRECTION('',(0.,-0.355498429207944,0.934676878301097));
#11088=DIRECTION('',(0.,0.934676878301097,0.355498429207944));
#11089=DIRECTION('',(-1.,0.,0.));
#11090=DIRECTION('',(0.,0.999388094545814,0.034977656869606));
#11091=DIRECTION('',(0.,-0.034977656869606,0.999388094545814));
#11092=DIRECTION('',(0.,0.999388094545814,0.034977656869606));
#11093=DIRECTION('',(-1.,0.,0.));
#11094=DIRECTION('',(0.,0.966201076594397,-0.257789603335409));
#11095=DIRECTION('',(0.,0.257789603335409,0.966201076594397));
#11096=DIRECTION('',(0.,0.966201076594397,-0.257789603335409));
#11097=DIRECTION('',(-1.,0.,0.));
#11098=DIRECTION('',(0.,0.846482981434947,-0.532415779387691));
#11099=DIRECTION('',(0.,0.532415779387691,0.846482981434947));
#11100=DIRECTION('',(0.,0.846482981434947,-0.532415779387691));
#11101=DIRECTION('',(-1.,0.,0.));
#11102=DIRECTION('',(0.,0.679295076658597,-0.733865245687102));
#11103=DIRECTION('',(0.,0.733865245687102,0.679295076658597));
#11104=DIRECTION('',(0.,0.679295076658597,-0.733865245687102));
#11105=DIRECTION('',(-1.,0.,0.));
#11106=DIRECTION('',(0.,0.461505361233328,-0.887137419768153));
#11107=DIRECTION('',(0.,0.887137419768153,0.461505361233328));
#11108=DIRECTION('',(0.,0.461505361233328,-0.887137419768153));
#11109=DIRECTION('',(-1.,0.,0.));
#11110=DIRECTION('',(0.,0.234230933220745,-0.972180986196778));
#11111=DIRECTION('',(0.,0.972180986196778,0.234230933220745));
#11112=DIRECTION('',(0.,0.234230933220745,-0.972180986196778));
#11113=DIRECTION('',(-1.,0.,0.));
#11114=DIRECTION('',(0.,0.0652968742327053,-0.997865881877639));
#11115=DIRECTION('',(0.,0.997865881877639,0.0652968742327053));
#11116=DIRECTION('',(0.,0.0652968742327053,-0.997865881877639));
#11117=DIRECTION('',(-1.,0.,0.));
#11118=DIRECTION('',(0.,-0.0820785053860501,-0.99662586709035));
#11119=DIRECTION('',(0.,0.99662586709035,-0.0820785053860501));
#11120=DIRECTION('',(0.,-0.0820785053860501,-0.99662586709035));
#11121=DIRECTION('',(-1.,0.,0.));
#11122=DIRECTION('',(0.,-0.31463412060549,-0.949213026749428));
#11123=DIRECTION('',(0.,0.949213026749428,-0.31463412060549));
#11124=DIRECTION('',(0.,-0.31463412060549,-0.949213026749428));
#11125=DIRECTION('',(-1.,0.,0.));
#11126=DIRECTION('',(0.,-0.64366828793237,-0.76530460282832));
#11127=DIRECTION('',(0.,0.76530460282832,-0.64366828793237));
#11128=DIRECTION('',(0.,-0.64366828793237,-0.76530460282832));
#11129=DIRECTION('',(-1.,0.,0.));
#11130=DIRECTION('',(0.,-0.912053752098852,-0.410070668644328));
#11131=DIRECTION('',(0.,0.410070668644328,-0.912053752098852));
#11132=DIRECTION('',(0.,-0.912053752098852,-0.410070668644328));
#11133=DIRECTION('',(-1.,0.,0.));
#11134=DIRECTION('',(0.,-0.990116987289655,-0.140243899975921));
#11135=DIRECTION('',(0.,0.140243899975921,-0.990116987289655));
#11136=DIRECTION('',(0.,-0.990116987289655,-0.140243899975921));
#11137=DIRECTION('',(-1.,0.,0.));
#11138=DIRECTION('',(0.,-0.999861769023234,0.0166265704740398));
#11139=DIRECTION('',(0.,-0.0166265704740398,-0.999861769023234));
#11140=DIRECTION('',(0.,-0.999861769023234,0.0166265704740398));
#11141=DIRECTION('',(-1.,0.,0.));
#11142=DIRECTION('',(0.,0.0519461064159613,-0.998649889615085));
#11143=DIRECTION('',(0.,0.998649889615085,0.0519461064159613));
#11144=DIRECTION('',(0.,0.0519461064159613,-0.998649889615085));
#11145=DIRECTION('',(-1.,0.,0.));
#11146=DIRECTION('',(0.,0.997694111960222,-0.0678708992124252));
#11147=DIRECTION('',(0.,0.0678708992124252,0.997694111960222));
#11148=DIRECTION('',(0.,0.997694111960223,-0.0678708992124252));
#11149=DIRECTION('',(-1.,0.,0.));
#11150=DIRECTION('',(0.,0.995739318864428,0.0922128454576954));
#11151=DIRECTION('',(0.,-0.0922128454576954,0.995739318864428));
#11152=DIRECTION('',(0.,0.995739318864428,0.0922128454576954));
#11153=DIRECTION('',(-1.,0.,0.));
#11154=DIRECTION('',(0.,0.962364849873835,0.271760732497009));
#11155=DIRECTION('',(0.,-0.271760732497009,0.962364849873835));
#11156=DIRECTION('',(0.,0.962364849873835,0.271760732497009));
#11157=DIRECTION('',(-1.,0.,0.));
#11158=DIRECTION('',(0.,0.872075964387021,0.489370526634418));
#11159=DIRECTION('',(0.,-0.489370526634418,0.872075964387021));
#11160=DIRECTION('',(0.,0.872075964387021,0.489370526634418));
#11161=DIRECTION('',(-1.,0.,0.));
#11162=DIRECTION('',(0.,0.707987621154041,0.706224842590971));
#11163=DIRECTION('',(0.,-0.706224842590971,0.707987621154041));
#11164=DIRECTION('',(0.,0.707987621154041,0.706224842590971));
#11165=DIRECTION('',(-1.,0.,0.));
#11166=DIRECTION('',(0.,0.522212592635108,0.852815342318206));
#11167=DIRECTION('',(0.,-0.852815342318206,0.522212592635108));
#11168=DIRECTION('',(0.,0.522212592635108,0.852815342318206));
#11169=DIRECTION('',(-1.,0.,0.));
#11170=DIRECTION('',(0.,0.351561116653581,0.936164932721413));
#11171=DIRECTION('',(0.,-0.936164932721413,0.351561116653581));
#11172=DIRECTION('',(0.,0.351561116653581,0.936164932721413));
#11173=DIRECTION('',(0.,0.194318825080669,0.980938425294508));
#11174=DIRECTION('',(0.,-0.980938425294508,0.194318825080669));
#11175=DIRECTION('',(0.,0.194318825080669,0.980938425294508));
#11176=DIRECTION('',(-1.,0.,0.));
#11177=DIRECTION('',(0.,0.,-1.));
#11178=DIRECTION('',(0.,-0.109862250406905,0.993946822488774));
#11179=DIRECTION('',(-1.,0.,0.));
#11180=DIRECTION('',(0.,0.109862250406905,-0.993946822488774));
#11181=DIRECTION('',(-1.,0.,0.));
#11182=DIRECTION('',(0.,0.993946822488774,0.109862250406905));
#11183=DIRECTION('',(0.,0.109862250406905,-0.993946822488774));
#11184=DIRECTION('',(0.,0.122249410259647,0.992499411431145));
#11185=DIRECTION('',(-1.,0.,0.));
#11186=DIRECTION('',(0.,-0.122249410259647,-0.992499411431145));
#11187=DIRECTION('',(0.,0.992499411431145,-0.122249410259647));
#11188=DIRECTION('',(0.,-0.122249410259647,-0.992499411431145));
#11189=DIRECTION('',(0.,0.404998417327603,0.914317385792339));
#11190=DIRECTION('',(-1.,0.,0.));
#11191=DIRECTION('',(0.,-0.404998417327603,-0.914317385792339));
#11192=DIRECTION('',(0.,0.914317385792339,-0.404998417327603));
#11193=DIRECTION('',(0.,-0.404998417327603,-0.914317385792339));
#11194=DIRECTION('',(0.,0.677391791647148,0.735622430740843));
#11195=DIRECTION('',(-1.,0.,0.));
#11196=DIRECTION('',(0.,-0.677391791647148,-0.735622430740843));
#11197=DIRECTION('',(0.,0.735622430740843,-0.677391791647148));
#11198=DIRECTION('',(0.,-0.677391791647148,-0.735622430740843));
#11199=DIRECTION('',(0.,0.862636640998648,0.505824105402826));
#11200=DIRECTION('',(-1.,0.,0.));
#11201=DIRECTION('',(0.,-0.862636640998648,-0.505824105402826));
#11202=DIRECTION('',(0.,0.505824105402826,-0.862636640998648));
#11203=DIRECTION('',(0.,-0.862636640998648,-0.505824105402826));
#11204=DIRECTION('',(0.,0.969455856551357,0.245265860237976));
#11205=DIRECTION('',(-1.,0.,0.));
#11206=DIRECTION('',(0.,-0.969455856551357,-0.245265860237976));
#11207=DIRECTION('',(0.,0.245265860237976,-0.969455856551357));
#11208=DIRECTION('',(0.,-0.969455856551357,-0.245265860237976));
#11209=DIRECTION('',(0.,0.999993370315713,-0.00364133555472028));
#11210=DIRECTION('',(-1.,0.,0.));
#11211=DIRECTION('',(0.,-0.999993370315713,0.00364133555472028));
#11212=DIRECTION('',(0.,-0.00364133555472029,-0.999993370315713));
#11213=DIRECTION('',(0.,-0.999993370315713,0.00364133555472029));
#11214=DIRECTION('',(0.,0.979009109226057,-0.203816496026212));
#11215=DIRECTION('',(-1.,0.,0.));
#11216=DIRECTION('',(0.,-0.979009109226057,0.203816496026212));
#11217=DIRECTION('',(0.,-0.203816496026212,-0.979009109226057));
#11218=DIRECTION('',(0.,-0.979009109226057,0.203816496026212));
#11219=DIRECTION('',(0.,0.922501967739657,-0.385992382718183));
#11220=DIRECTION('',(-1.,0.,0.));
#11221=DIRECTION('',(0.,-0.922501967739657,0.385992382718183));
#11222=DIRECTION('',(0.,-0.385992382718183,-0.922501967739657));
#11223=DIRECTION('',(0.,-0.922501967739657,0.385992382718183));
#11224=DIRECTION('',(0.,0.836955179392748,-0.547271438764762));
#11225=DIRECTION('',(-1.,0.,0.));
#11226=DIRECTION('',(0.,-0.836955179392748,0.547271438764762));
#11227=DIRECTION('',(0.,-0.547271438764762,-0.836955179392748));
#11228=DIRECTION('',(0.,-0.836955179392748,0.547271438764762));
#11229=DIRECTION('',(0.,0.70779662800208,-0.706416260705319));
#11230=DIRECTION('',(-1.,0.,0.));
#11231=DIRECTION('',(0.,-0.70779662800208,0.706416260705319));
#11232=DIRECTION('',(0.,-0.706416260705319,-0.70779662800208));
#11233=DIRECTION('',(0.,-0.70779662800208,0.706416260705319));
#11234=DIRECTION('',(0.,0.474483770064332,-0.88026425120275));
#11235=DIRECTION('',(-1.,0.,0.));
#11236=DIRECTION('',(0.,-0.474483770064332,0.88026425120275));
#11237=DIRECTION('',(0.,-0.88026425120275,-0.474483770064332));
#11238=DIRECTION('',(0.,-0.474483770064332,0.88026425120275));
#11239=DIRECTION('',(0.,0.160712380672386,-0.987001282014676));
#11240=DIRECTION('',(-1.,0.,0.));
#11241=DIRECTION('',(0.,-0.160712380672386,0.987001282014676));
#11242=DIRECTION('',(0.,-0.987001282014676,-0.160712380672386));
#11243=DIRECTION('',(0.,-0.160712380672386,0.987001282014676));
#11244=DIRECTION('',(0.,-0.121672126756627,-0.992570346912761));
#11245=DIRECTION('',(-1.,0.,0.));
#11246=DIRECTION('',(0.,0.121672126756627,0.992570346912761));
#11247=DIRECTION('',(0.,-0.992570346912761,0.121672126756627));
#11248=DIRECTION('',(0.,0.121672126756627,0.992570346912761));
#11249=DIRECTION('',(0.,-0.399736872559712,-0.916629932260659));
#11250=DIRECTION('',(-1.,0.,0.));
#11251=DIRECTION('',(0.,0.399736872559712,0.916629932260659));
#11252=DIRECTION('',(0.,-0.916629932260659,0.399736872559712));
#11253=DIRECTION('',(0.,0.399736872559712,0.916629932260659));
#11254=DIRECTION('',(0.,-0.664815897653944,-0.74700724375777));
#11255=DIRECTION('',(-1.,0.,0.));
#11256=DIRECTION('',(0.,0.664815897653944,0.74700724375777));
#11257=DIRECTION('',(0.,-0.74700724375777,0.664815897653944));
#11258=DIRECTION('',(0.,0.664815897653944,0.74700724375777));
#11259=DIRECTION('',(0.,-0.86268307464398,-0.505744908746306));
#11260=DIRECTION('',(-1.,0.,0.));
#11261=DIRECTION('',(0.,0.86268307464398,0.505744908746306));
#11262=DIRECTION('',(0.,-0.505744908746306,0.86268307464398));
#11263=DIRECTION('',(0.,0.86268307464398,0.505744908746306));
#11264=DIRECTION('',(0.,-0.974332404312645,-0.22511411751896));
#11265=DIRECTION('',(-1.,0.,0.));
#11266=DIRECTION('',(0.,0.974332404312645,0.22511411751896));
#11267=DIRECTION('',(0.,-0.22511411751896,0.974332404312645));
#11268=DIRECTION('',(0.,0.974332404312645,0.22511411751896));
#11269=DIRECTION('',(0.,-0.99989219706983,0.0146831276936361));
#11270=DIRECTION('',(-1.,0.,0.));
#11271=DIRECTION('',(0.,0.99989219706983,-0.0146831276936361));
#11272=DIRECTION('',(0.,0.0146831276936361,0.99989219706983));
#11273=DIRECTION('',(0.,0.99989219706983,-0.0146831276936361));
#11274=DIRECTION('',(0.,-0.982496372342891,0.186281717656507));
#11275=DIRECTION('',(-1.,0.,0.));
#11276=DIRECTION('',(0.,0.982496372342891,-0.186281717656507));
#11277=DIRECTION('',(0.,0.186281717656507,0.982496372342891));
#11278=DIRECTION('',(0.,0.982496372342891,-0.186281717656507));
#11279=DIRECTION('',(0.,-0.946202726927149,0.323574411157042));
#11280=DIRECTION('',(-1.,0.,0.));
#11281=DIRECTION('',(0.,0.946202726927149,-0.323574411157042));
#11282=DIRECTION('',(0.,0.323574411157042,0.946202726927149));
#11283=DIRECTION('',(0.,0.946202726927149,-0.323574411157042));
#11284=DIRECTION('',(0.,-0.898543991450644,0.438883464518708));
#11285=DIRECTION('',(-1.,0.,0.));
#11286=DIRECTION('',(0.,0.898543991450644,-0.438883464518708));
#11287=DIRECTION('',(0.,0.438883464518708,0.898543991450644));
#11288=DIRECTION('',(0.,0.898543991450644,-0.438883464518708));
#11289=DIRECTION('',(0.,-0.84009474031674,0.542439699222088));
#11290=DIRECTION('',(-1.,0.,0.));
#11291=DIRECTION('',(0.,0.84009474031674,-0.542439699222088));
#11292=DIRECTION('',(0.,0.542439699222088,0.84009474031674));
#11293=DIRECTION('',(0.,0.84009474031674,-0.542439699222088));
#11294=DIRECTION('',(0.,-0.753239488821522,0.657746358773572));
#11295=DIRECTION('',(-1.,0.,0.));
#11296=DIRECTION('',(0.,0.753239488821522,-0.657746358773572));
#11297=DIRECTION('',(0.,0.657746358773572,0.753239488821522));
#11298=DIRECTION('',(0.,0.753239488821522,-0.657746358773572));
#11299=DIRECTION('',(0.,-0.628834276022952,0.77753935803835));
#11300=DIRECTION('',(-1.,0.,0.));
#11301=DIRECTION('',(0.,0.628834276022952,-0.77753935803835));
#11302=DIRECTION('',(0.,0.77753935803835,0.628834276022952));
#11303=DIRECTION('',(0.,0.628834276022952,-0.77753935803835));
#11304=DIRECTION('',(0.,-0.482778058210915,0.875742739912868));
#11305=DIRECTION('',(-1.,0.,0.));
#11306=DIRECTION('',(0.,0.482778058210915,-0.875742739912868));
#11307=DIRECTION('',(0.,0.875742739912868,0.482778058210915));
#11308=DIRECTION('',(0.,0.482778058210915,-0.875742739912868));
#11309=DIRECTION('',(-1.,0.,0.));
#11310=DIRECTION('',(0.,0.0805196557443508,0.996753021083363));
#11311=DIRECTION('',(-1.,0.,0.));
#11312=DIRECTION('',(0.,-0.996753021083363,0.0805196557443508));
#11313=DIRECTION('',(0.,0.0805196557443508,0.996753021083363));
#11314=DIRECTION('',(-1.,0.,0.));
#11315=DIRECTION('',(0.,-0.0844253802806376,0.996429804434045));
#11316=DIRECTION('',(0.,-0.996429804434045,-0.0844253802806376));
#11317=DIRECTION('',(0.,-0.0844253802806376,0.996429804434045));
#11318=DIRECTION('',(-1.,0.,0.));
#11319=DIRECTION('',(0.,-0.259086634016834,0.965854086326619));
#11320=DIRECTION('',(0.,-0.965854086326619,-0.259086634016834));
#11321=DIRECTION('',(0.,-0.259086634016834,0.965854086326619));
#11322=DIRECTION('',(-1.,0.,0.));
#11323=DIRECTION('',(0.,-0.427722766399958,0.903909970684673));
#11324=DIRECTION('',(0.,-0.903909970684673,-0.427722766399958));
#11325=DIRECTION('',(0.,-0.427722766399958,0.903909970684673));
#11326=DIRECTION('',(-1.,0.,0.));
#11327=DIRECTION('',(0.,-0.577315142823209,0.816521417886278));
#11328=DIRECTION('',(0.,-0.816521417886278,-0.57731514282321));
#11329=DIRECTION('',(0.,-0.57731514282321,0.816521417886278));
#11330=DIRECTION('',(-1.,0.,0.));
#11331=DIRECTION('',(0.,-0.707866201190751,0.70634654470152));
#11332=DIRECTION('',(0.,-0.70634654470152,-0.70786620119075));
#11333=DIRECTION('',(0.,-0.70786620119075,0.70634654470152));
#11334=DIRECTION('',(-1.,0.,0.));
#11335=DIRECTION('',(0.,-0.81141800753921,0.584466266811951));
#11336=DIRECTION('',(0.,-0.584466266811951,-0.81141800753921));
#11337=DIRECTION('',(0.,-0.81141800753921,0.584466266811951));
#11338=DIRECTION('',(-1.,0.,0.));
#11339=DIRECTION('',(0.,-0.885404136628509,0.464822024909668));
#11340=DIRECTION('',(0.,-0.464822024909668,-0.885404136628509));
#11341=DIRECTION('',(0.,-0.885404136628509,0.464822024909668));
#11342=DIRECTION('',(-1.,0.,0.));
#11343=DIRECTION('',(0.,-0.942800210633316,0.333358309975579));
#11344=DIRECTION('',(0.,-0.333358309975579,-0.942800210633316));
#11345=DIRECTION('',(0.,-0.942800210633316,0.333358309975579));
#11346=DIRECTION('',(-1.,0.,0.));
#11347=DIRECTION('',(0.,-0.982399516148701,0.186791837805612));
#11348=DIRECTION('',(0.,-0.186791837805612,-0.982399516148701));
#11349=DIRECTION('',(0.,-0.982399516148701,0.186791837805612));
#11350=DIRECTION('',(-1.,0.,0.));
#11351=DIRECTION('',(0.,-0.99999073120872,0.00430551932410323));
#11352=DIRECTION('',(0.,-0.00430551932410324,-0.99999073120872));
#11353=DIRECTION('',(0.,-0.99999073120872,0.00430551932410324));
#11354=DIRECTION('',(-1.,0.,0.));
#11355=DIRECTION('',(0.,-0.967252107505918,-0.253817573318632));
#11356=DIRECTION('',(0.,0.253817573318632,-0.967252107505918));
#11357=DIRECTION('',(0.,-0.967252107505918,-0.253817573318632));
#11358=DIRECTION('',(-1.,0.,0.));
#11359=DIRECTION('',(0.,-0.844192985335625,-0.536039367500304));
#11360=DIRECTION('',(0.,0.536039367500304,-0.844192985335625));
#11361=DIRECTION('',(0.,-0.844192985335625,-0.536039367500304));
#11362=DIRECTION('',(-1.,0.,0.));
#11363=DIRECTION('',(0.,-0.639729735588205,-0.768599938462296));
#11364=DIRECTION('',(0.,0.768599938462296,-0.639729735588205));
#11365=DIRECTION('',(0.,-0.639729735588205,-0.768599938462296));
#11366=DIRECTION('',(-1.,0.,0.));
#11367=DIRECTION('',(0.,-0.372902978458815,-0.927870340433697));
#11368=DIRECTION('',(0.,0.927870340433697,-0.372902978458815));
#11369=DIRECTION('',(0.,-0.372902978458815,-0.927870340433697));
#11370=DIRECTION('',(-1.,0.,0.));
#11371=DIRECTION('',(0.,-0.111389661015501,-0.9937768076479));
#11372=DIRECTION('',(0.,0.9937768076479,-0.111389661015501));
#11373=DIRECTION('',(0.,-0.111389661015501,-0.9937768076479));
#11374=DIRECTION('',(-1.,0.,0.));
#11375=DIRECTION('',(0.,0.0692574000741966,-0.997598823443053));
#11376=DIRECTION('',(0.,0.997598823443053,0.0692574000741966));
#11377=DIRECTION('',(0.,0.0692574000741966,-0.997598823443053));
#11378=DIRECTION('',(-1.,0.,0.));
#11379=DIRECTION('',(0.,0.216814579211079,-0.976212803768483));
#11380=DIRECTION('',(0.,0.976212803768483,0.216814579211079));
#11381=DIRECTION('',(0.,0.216814579211079,-0.976212803768483));
#11382=DIRECTION('',(-1.,0.,0.));
#11383=DIRECTION('',(0.,0.36843078697182,-0.929655180812394));
#11384=DIRECTION('',(0.,0.929655180812394,0.36843078697182));
#11385=DIRECTION('',(0.,0.36843078697182,-0.929655180812394));
#11386=DIRECTION('',(-1.,0.,0.));
#11387=DIRECTION('',(0.,0.499489606890813,-0.866319878917748));
#11388=DIRECTION('',(0.,0.866319878917748,0.499489606890813));
#11389=DIRECTION('',(0.,0.499489606890813,-0.866319878917748));
#11390=DIRECTION('',(-1.,0.,0.));
#11391=DIRECTION('',(0.,0.613594623192058,-0.789621199303689));
#11392=DIRECTION('',(0.,0.789621199303689,0.613594623192058));
#11393=DIRECTION('',(0.,0.613594623192058,-0.789621199303689));
#11394=DIRECTION('',(-1.,0.,0.));
#11395=DIRECTION('',(0.,0.716866740553033,-0.697210209541477));
#11396=DIRECTION('',(0.,0.697210209541477,0.716866740553033));
#11397=DIRECTION('',(0.,0.716866740553033,-0.697210209541477));
#11398=DIRECTION('',(-1.,0.,0.));
#11399=DIRECTION('',(0.,0.801826213533082,-0.597557297078029));
#11400=DIRECTION('',(0.,0.597557297078029,0.801826213533082));
#11401=DIRECTION('',(0.,0.801826213533082,-0.597557297078029));
#11402=DIRECTION('',(-1.,0.,0.));
#11403=DIRECTION('',(0.,0.866896611851453,-0.498487978150398));
#11404=DIRECTION('',(0.,0.498487978150398,0.866896611851453));
#11405=DIRECTION('',(0.,0.866896611851453,-0.498487978150398));
#11406=DIRECTION('',(-1.,0.,0.));
#11407=DIRECTION('',(0.,0.91699788319925,-0.398892068369496));
#11408=DIRECTION('',(0.,0.398892068369495,0.91699788319925));
#11409=DIRECTION('',(0.,0.91699788319925,-0.398892068369495));
#11410=DIRECTION('',(-1.,0.,0.));
#11411=DIRECTION('',(0.,0.946419543783214,-0.322939695833717));
#11412=DIRECTION('',(0.,0.322939695833717,0.946419543783214));
#11413=DIRECTION('',(0.,0.946419543783214,-0.322939695833717));
#11414=DIRECTION('',(-1.,0.,0.));
#11415=DIRECTION('',(0.,0.968971912577387,-0.247170857173982));
#11416=DIRECTION('',(0.,0.247170857173982,0.968971912577387));
#11417=DIRECTION('',(0.,0.968971912577387,-0.247170857173982));
#11418=DIRECTION('',(-1.,0.,0.));
#11419=DIRECTION('',(0.,0.987208234080847,-0.159436202171824));
#11420=DIRECTION('',(0.,0.159436202171824,0.987208234080847));
#11421=DIRECTION('',(0.,0.987208234080847,-0.159436202171824));
#11422=DIRECTION('',(-1.,0.,0.));
#11423=DIRECTION('',(0.,0.999129202542092,-0.0417233343298834));
#11424=DIRECTION('',(0.,0.0417233343298834,0.999129202542092));
#11425=DIRECTION('',(0.,0.999129202542092,-0.0417233343298834));
#11426=DIRECTION('',(-1.,0.,0.));
#11427=DIRECTION('',(0.,0.995219364781138,0.0976648143633527));
#11428=DIRECTION('',(0.,-0.0976648143633527,0.995219364781138));
#11429=DIRECTION('',(0.,0.995219364781138,0.0976648143633527));
#11430=DIRECTION('',(-1.,0.,0.));
#11431=DIRECTION('',(0.,0.972541951013981,0.232727638062004));
#11432=DIRECTION('',(0.,-0.232727638062004,0.972541951013981));
#11433=DIRECTION('',(0.,0.972541951013981,0.232727638062004));
#11434=DIRECTION('',(-1.,0.,0.));
#11435=DIRECTION('',(0.,0.915595151437575,0.402101378590033));
#11436=DIRECTION('',(0.,-0.402101378590033,0.915595151437575));
#11437=DIRECTION('',(0.,0.915595151437575,0.402101378590033));
#11438=DIRECTION('',(-1.,0.,0.));
#11439=DIRECTION('',(0.,0.803022242332007,0.595949056816164));
#11440=DIRECTION('',(0.,-0.595949056816164,0.803022242332007));
#11441=DIRECTION('',(0.,0.803022242332007,0.595949056816164));
#11442=DIRECTION('',(-1.,0.,0.));
#11443=DIRECTION('',(0.,0.661158924680266,0.750245877240012));
#11444=DIRECTION('',(0.,-0.750245877240012,0.661158924680266));
#11445=DIRECTION('',(0.,0.661158924680266,0.750245877240012));
#11446=DIRECTION('',(-1.,0.,0.));
#11447=DIRECTION('',(0.,0.479083052422866,0.877769576187959));
#11448=DIRECTION('',(0.,-0.877769576187959,0.479083052422866));
#11449=DIRECTION('',(0.,0.479083052422866,0.877769576187959));
#11450=DIRECTION('',(0.,0.268201398971731,0.963362864962941));
#11451=DIRECTION('',(0.,-0.963362864962941,0.268201398971731));
#11452=DIRECTION('',(0.,0.268201398971731,0.963362864962941));
#11453=DIRECTION('',(0.,-0.31444223358609,0.949276609707303));
#11454=DIRECTION('',(0.,0.31444223358609,-0.949276609707303));
#11455=DIRECTION('',(0.,0.949276609707303,0.31444223358609));
#11456=DIRECTION('',(0.,0.31444223358609,-0.949276609707303));
#11457=DIRECTION('',(-1.,0.,0.));
#11458=DIRECTION('',(0.,0.,-1.));
#11459=DIRECTION('',(1.,0.,0.));
#11460=DIRECTION('',(0.,0.,-1.));
#11461=DIRECTION('',(0.,1.,0.));
#11462=DIRECTION('',(0.,0.,1.));
#11463=DIRECTION('',(0.,1.,0.));
#11464=DIRECTION('',(0.,0.,1.));
#11465=DIRECTION('',(0.,1.,0.));
#11466=DIRECTION('',(0.,0.,1.));
#11467=DIRECTION('',(0.,1.,0.));
#11468=DIRECTION('',(0.,0.,1.));
#11469=DIRECTION('',(0.,1.,0.));
#11470=DIRECTION('',(0.,0.,1.));
#11471=DIRECTION('',(0.,1.,0.));
#11472=DIRECTION('',(0.,0.,1.));
#11473=DIRECTION('',(0.,1.,0.));
#11474=DIRECTION('',(0.,0.,1.));
#11475=DIRECTION('',(0.,1.,0.));
#11476=DIRECTION('',(0.,0.,1.));
#11477=DIRECTION('',(0.,1.,0.));
#11478=DIRECTION('',(0.,0.,1.));
#11479=DIRECTION('',(0.,-1.1817803680092E-015,1.));
#11480=DIRECTION('',(0.,-1.,-1.1817803680092E-015));
#11481=DIRECTION('',(0.,1.,0.));
#11482=DIRECTION('',(0.,0.,1.));
#11483=DIRECTION('',(0.,-1.1817803680092E-015,1.));
#11484=DIRECTION('',(0.,-1.,-1.1817803680092E-015));
#11485=DIRECTION('',(0.,1.,0.));
#11486=DIRECTION('',(0.,0.,1.));
#11487=DIRECTION('',(0.,1.,0.));
#11488=DIRECTION('',(0.,0.,1.));
#11489=DIRECTION('',(0.,-1.1817803680092E-015,1.));
#11490=DIRECTION('',(0.,-1.,-1.1817803680092E-015));
#11491=DIRECTION('',(0.,0.,1.));
#11492=DIRECTION('',(0.,1.,0.));
#11493=DIRECTION('',(-0.287769784172709,0.,-0.957699614345329));
#11494=DIRECTION('',(0.,1.,0.));
#11495=DIRECTION('',(0.,0.,1.));
#11496=DIRECTION('',(0.,0.,-1.));
#11497=DIRECTION('',(0.,1.,0.));
#11498=DIRECTION('',(0.287769784172709,0.,0.957699614345329));
#11499=DIRECTION('',(0.,1.,0.));
#11500=DIRECTION('',(0.,0.,1.));
#11501=DIRECTION('',(0.,1.,0.));
#11502=DIRECTION('',(-0.244050143224392,0.,-0.969762614041268));
#11503=DIRECTION('',(0.,-1.,0.));
#11504=DIRECTION('',(0.,0.,-1.));
#11505=DIRECTION('',(0.,0.,-1.));
#11506=DIRECTION('',(1.,0.,0.));
#11507=DIRECTION('',(0.,0.,-1.));
#11508=DIRECTION('',(0.,1.,0.));
#11509=DIRECTION('',(0.244050143224392,0.,0.969762614041268));
#11510=DIRECTION('',(0.,-1.,0.));
#11511=DIRECTION('',(0.,0.,-1.));
#11512=DIRECTION('',(0.,0.,-1.));
#11513=DIRECTION('',(-1.,0.,0.));
#11514=DIRECTION('',(0.,0.,1.));
#11515=DIRECTION('',(0.,1.,0.));
#11516=DIRECTION('',(0.234302258320389,0.,-0.972163798825057));
#11517=DIRECTION('',(0.,1.,0.));
#11518=DIRECTION('',(0.,0.,-1.));
#11519=DIRECTION('',(0.,1.,0.));
#11520=DIRECTION('',(-0.234302258320389,0.,0.972163798825057));
#11521=DIRECTION('',(0.,1.,0.));
#11522=DIRECTION('',(0.,0.,1.));
#11523=DIRECTION('',(0.,1.,0.));
#11524=DIRECTION('',(0.,0.,1.));
#11525=DIRECTION('',(0.,-0.994004326870549,0.109340743378794));
#11526=DIRECTION('',(0.,-0.994004355935432,-0.109340479152904));
#11527=DIRECTION('',(0.,-1.,0.));
#11528=DIRECTION('',(0.,-2.64027841215607E-016,-1.));
#11529=DIRECTION('',(0.,-1.,0.));
#11530=DIRECTION('',(0.,-2.64027841215607E-016,-1.));
#11531=DIRECTION('',(0.,1.,0.));
#11532=DIRECTION('',(0.,0.,-1.));
#11533=DIRECTION('',(0.,-1.,0.));
#11534=DIRECTION('',(0.,-1.,0.));
#11535=DIRECTION('',(0.,0.,1.));
#11536=DIRECTION('',(0.,-1.,0.));
#11537=DIRECTION('',(0.,1.,0.));
#11538=DIRECTION('',(0.,0.,-1.));
#11539=DIRECTION('',(0.,1.,0.));
#11540=DIRECTION('',(0.,0.,1.));
#11541=DIRECTION('',(0.,1.,0.));
#11542=DIRECTION('',(0.,0.,1.));
#11543=DIRECTION('',(0.,-1.,0.));
#11544=DIRECTION('',(0.,0.,-1.));
#11545=DIRECTION('',(0.,1.,0.));
#11546=DIRECTION('',(0.,0.,1.));
#11547=DIRECTION('',(0.,1.,0.));
#11548=DIRECTION('',(0.,0.,1.));
#11549=DIRECTION('',(0.,0.707106781186498,0.707106781186598));
#11550=DIRECTION('',(0.,1.,0.));
#11551=DIRECTION('',(0.,1.0077033983725E-016,1.));
#11552=DIRECTION('',(0.,0.707106781186498,-0.707106781186598));
#11553=DIRECTION('',(0.,1.,0.));
#11554=DIRECTION('',(0.,1.0077033983725E-016,1.));
#11555=DIRECTION('',(0.,1.,0.));
#11556=DIRECTION('',(0.,1.0077033983725E-016,1.));
#11557=DIRECTION('',(0.,1.,0.));
#11558=DIRECTION('',(0.,1.0077033983725E-016,1.));
#11559=DIRECTION('',(1.,0.,0.));
#11560=DIRECTION('',(0.,0.,-1.));
#11561=DIRECTION('',(0.,-1.,0.));
#11562=DIRECTION('',(0.,0.,1.));
#11563=DIRECTION('',(-1.,0.,0.));
#11564=DIRECTION('',(0.,0.,1.));
#11565=DIRECTION('',(0.,-1.,0.));
#11566=DIRECTION('',(0.,0.,-1.));
#11567=DIRECTION('',(0.,-1.,0.));
#11568=DIRECTION('',(0.,0.,-1.));
#11569=DIRECTION('',(0.,-1.,0.));
#11570=DIRECTION('',(0.,0.,-1.));
#11571=DIRECTION('',(-1.,0.,0.));
#11572=DIRECTION('',(0.,-0.707106781186548,-0.707106781186548));
#11573=DIRECTION('',(1.,0.,0.));
#11574=DIRECTION('',(0.,-0.707106781186548,0.707106781186548));
#11575=DIRECTION('',(0.,-1.,0.));
#11576=DIRECTION('',(0.,0.,-1.));
#11577=DIRECTION('',(0.,-1.,0.));
#11578=DIRECTION('',(0.,0.,-1.));
#11579=DIRECTION('',(0.,-1.,0.));
#11580=DIRECTION('',(0.,0.,1.));
#11581=DIRECTION('',(0.,-1.,0.));
#11582=DIRECTION('',(0.,0.,-1.));
#11583=DIRECTION('',(0.,-1.,0.));
#11584=DIRECTION('',(0.,0.,-1.));
#11585=DIRECTION('',(0.,0.,1.));
#11586=DIRECTION('',(0.,1.,0.));
#11587=DIRECTION('',(-0.287769784172709,0.,-0.957699614345329));
#11588=DIRECTION('',(0.,1.,0.));
#11589=DIRECTION('',(0.,0.,1.));
#11590=DIRECTION('',(0.,0.,-1.));
#11591=DIRECTION('',(0.,1.,0.));
#11592=DIRECTION('',(0.287769784172709,0.,0.957699614345329));
#11593=DIRECTION('',(0.,1.,0.));
#11594=DIRECTION('',(0.,0.,1.));
#11595=DIRECTION('',(0.,1.,0.));
#11596=DIRECTION('',(-0.244050143224392,0.,-0.969762614041268));
#11597=DIRECTION('',(0.,-1.,0.));
#11598=DIRECTION('',(0.,0.,-1.));
#11599=DIRECTION('',(0.,0.,-1.));
#11600=DIRECTION('',(1.,0.,0.));
#11601=DIRECTION('',(0.,0.,-1.));
#11602=DIRECTION('',(0.,1.,0.));
#11603=DIRECTION('',(0.244050143224392,0.,0.969762614041268));
#11604=DIRECTION('',(0.,-1.,0.));
#11605=DIRECTION('',(0.,0.,-1.));
#11606=DIRECTION('',(0.,0.,-1.));
#11607=DIRECTION('',(-1.,0.,0.));
#11608=DIRECTION('',(0.,0.,1.));
#11609=DIRECTION('',(0.,1.,0.));
#11610=DIRECTION('',(0.234302258320389,0.,-0.972163798825057));
#11611=DIRECTION('',(0.,1.,0.));
#11612=DIRECTION('',(0.,0.,-1.));
#11613=DIRECTION('',(0.,1.,0.));
#11614=DIRECTION('',(-0.234302258320389,0.,0.972163798825057));
#11615=DIRECTION('',(0.,1.,0.));
#11616=DIRECTION('',(0.,0.,1.));
#11617=DIRECTION('',(0.,1.,0.));
#11618=DIRECTION('',(0.,0.,1.));
#11619=DIRECTION('',(0.,-0.994004326870549,0.109340743378794));
#11620=DIRECTION('',(0.,-0.994004355935432,-0.109340479152904));
#11621=DIRECTION('',(0.,-1.,0.));
#11622=DIRECTION('',(0.,-2.64027841215607E-016,-1.));
#11623=DIRECTION('',(0.,-1.,0.));
#11624=DIRECTION('',(0.,-2.64027841215607E-016,-1.));
#11625=DIRECTION('',(0.,1.,0.));
#11626=DIRECTION('',(0.,0.,-1.));
#11627=DIRECTION('',(0.,-1.,0.));
#11628=DIRECTION('',(0.,-1.,0.));
#11629=DIRECTION('',(0.,0.,1.));
#11630=DIRECTION('',(0.,-1.,0.));
#11631=DIRECTION('',(0.,1.,0.));
#11632=DIRECTION('',(0.,0.,-1.));
#11633=DIRECTION('',(0.,1.,0.));
#11634=DIRECTION('',(0.,0.,1.));
#11635=DIRECTION('',(0.,1.,0.));
#11636=DIRECTION('',(0.,0.,1.));
#11637=DIRECTION('',(0.,-1.,0.));
#11638=DIRECTION('',(0.,0.,-1.));
#11639=DIRECTION('',(0.,1.,0.));
#11640=DIRECTION('',(0.,0.,1.));
#11641=DIRECTION('',(0.,1.,0.));
#11642=DIRECTION('',(0.,0.,1.));
#11643=DIRECTION('',(0.,0.707106781186498,0.707106781186598));
#11644=DIRECTION('',(0.,1.,0.));
#11645=DIRECTION('',(0.,1.0077033983725E-016,1.));
#11646=DIRECTION('',(0.,0.707106781186498,-0.707106781186598));
#11647=DIRECTION('',(0.,1.,0.));
#11648=DIRECTION('',(0.,1.0077033983725E-016,1.));
#11649=DIRECTION('',(0.,1.,0.));
#11650=DIRECTION('',(0.,1.0077033983725E-016,1.));
#11651=DIRECTION('',(0.,1.,0.));
#11652=DIRECTION('',(0.,1.0077033983725E-016,1.));
#11653=DIRECTION('',(1.,0.,0.));
#11654=DIRECTION('',(0.,0.,-1.));
#11655=DIRECTION('',(0.,-1.,0.));
#11656=DIRECTION('',(0.,0.,1.));
#11657=DIRECTION('',(-1.,0.,0.));
#11658=DIRECTION('',(0.,0.,1.));
#11659=DIRECTION('',(0.,-1.,0.));
#11660=DIRECTION('',(0.,0.,-1.));
#11661=DIRECTION('',(0.,-1.,0.));
#11662=DIRECTION('',(0.,0.,-1.));
#11663=DIRECTION('',(0.,-1.,0.));
#11664=DIRECTION('',(0.,0.,-1.));
#11665=DIRECTION('',(-1.,0.,0.));
#11666=DIRECTION('',(0.,-0.707106781186548,-0.707106781186548));
#11667=DIRECTION('',(1.,0.,0.));
#11668=DIRECTION('',(0.,-0.707106781186548,0.707106781186548));
#11669=DIRECTION('',(0.,-1.,0.));
#11670=DIRECTION('',(0.,0.,-1.));
#11671=DIRECTION('',(0.,-1.,0.));
#11672=DIRECTION('',(0.,0.,-1.));
#11673=DIRECTION('',(0.,-1.,0.));
#11674=DIRECTION('',(0.,0.,1.));
#11675=DIRECTION('',(0.,-1.,0.));
#11676=DIRECTION('',(0.,0.,-1.));
#11677=DIRECTION('',(0.,-1.,0.));
#11678=DIRECTION('',(0.,0.,-1.));
#11679=DIRECTION('',(0.,0.,1.));
#11680=DIRECTION('',(0.,1.,0.));
#11681=DIRECTION('',(-0.287769784172709,0.,-0.957699614345329));
#11682=DIRECTION('',(0.,1.,0.));
#11683=DIRECTION('',(0.,0.,1.));
#11684=DIRECTION('',(0.,0.,-1.));
#11685=DIRECTION('',(0.,1.,0.));
#11686=DIRECTION('',(0.287769784172709,0.,0.957699614345329));
#11687=DIRECTION('',(0.,1.,0.));
#11688=DIRECTION('',(0.,0.,1.));
#11689=DIRECTION('',(0.,1.,0.));
#11690=DIRECTION('',(-0.244050143224392,0.,-0.969762614041268));
#11691=DIRECTION('',(0.,-1.,0.));
#11692=DIRECTION('',(0.,0.,-1.));
#11693=DIRECTION('',(0.,0.,-1.));
#11694=DIRECTION('',(1.,0.,0.));
#11695=DIRECTION('',(0.,0.,-1.));
#11696=DIRECTION('',(0.,1.,0.));
#11697=DIRECTION('',(0.244050143224392,0.,0.969762614041268));
#11698=DIRECTION('',(0.,-1.,0.));
#11699=DIRECTION('',(0.,0.,-1.));
#11700=DIRECTION('',(0.,0.,-1.));
#11701=DIRECTION('',(-1.,0.,0.));
#11702=DIRECTION('',(0.,0.,1.));
#11703=DIRECTION('',(0.,1.,0.));
#11704=DIRECTION('',(0.234302258320389,0.,-0.972163798825057));
#11705=DIRECTION('',(0.,1.,0.));
#11706=DIRECTION('',(0.,0.,-1.));
#11707=DIRECTION('',(0.,1.,0.));
#11708=DIRECTION('',(-0.234302258320389,0.,0.972163798825057));
#11709=DIRECTION('',(0.,1.,0.));
#11710=DIRECTION('',(0.,0.,1.));
#11711=DIRECTION('',(0.,1.,0.));
#11712=DIRECTION('',(0.,0.,1.));
#11713=DIRECTION('',(0.,-0.994004326870549,0.109340743378794));
#11714=DIRECTION('',(0.,-0.994004355935432,-0.109340479152904));
#11715=DIRECTION('',(0.,-1.,0.));
#11716=DIRECTION('',(0.,-2.64027841215607E-016,-1.));
#11717=DIRECTION('',(0.,-1.,0.));
#11718=DIRECTION('',(0.,-2.64027841215607E-016,-1.));
#11719=DIRECTION('',(0.,1.,0.));
#11720=DIRECTION('',(0.,0.,-1.));
#11721=DIRECTION('',(0.,-1.,0.));
#11722=DIRECTION('',(0.,-1.,0.));
#11723=DIRECTION('',(0.,0.,1.));
#11724=DIRECTION('',(0.,-1.,0.));
#11725=DIRECTION('',(0.,1.,0.));
#11726=DIRECTION('',(0.,0.,-1.));
#11727=DIRECTION('',(0.,1.,0.));
#11728=DIRECTION('',(0.,0.,1.));
#11729=DIRECTION('',(0.,1.,0.));
#11730=DIRECTION('',(0.,0.,1.));
#11731=DIRECTION('',(0.,-1.,0.));
#11732=DIRECTION('',(0.,0.,-1.));
#11733=DIRECTION('',(0.,1.,0.));
#11734=DIRECTION('',(0.,0.,1.));
#11735=DIRECTION('',(0.,1.,0.));
#11736=DIRECTION('',(0.,0.,1.));
#11737=DIRECTION('',(0.,0.707106781186498,0.707106781186598));
#11738=DIRECTION('',(0.,1.,0.));
#11739=DIRECTION('',(0.,1.0077033983725E-016,1.));
#11740=DIRECTION('',(0.,0.707106781186498,-0.707106781186598));
#11741=DIRECTION('',(0.,1.,0.));
#11742=DIRECTION('',(0.,1.0077033983725E-016,1.));
#11743=DIRECTION('',(0.,1.,0.));
#11744=DIRECTION('',(0.,1.0077033983725E-016,1.));
#11745=DIRECTION('',(0.,1.,0.));
#11746=DIRECTION('',(0.,1.0077033983725E-016,1.));
#11747=DIRECTION('',(1.,0.,0.));
#11748=DIRECTION('',(0.,0.,-1.));
#11749=DIRECTION('',(0.,-1.,0.));
#11750=DIRECTION('',(0.,0.,1.));
#11751=DIRECTION('',(-1.,0.,0.));
#11752=DIRECTION('',(0.,0.,1.));
#11753=DIRECTION('',(0.,-1.,0.));
#11754=DIRECTION('',(0.,0.,-1.));
#11755=DIRECTION('',(0.,-1.,0.));
#11756=DIRECTION('',(0.,0.,-1.));
#11757=DIRECTION('',(0.,-1.,0.));
#11758=DIRECTION('',(0.,0.,-1.));
#11759=DIRECTION('',(-1.,0.,0.));
#11760=DIRECTION('',(0.,-0.707106781186548,-0.707106781186548));
#11761=DIRECTION('',(1.,0.,0.));
#11762=DIRECTION('',(0.,-0.707106781186548,0.707106781186548));
#11763=DIRECTION('',(0.,-1.,0.));
#11764=DIRECTION('',(0.,0.,-1.));
#11765=DIRECTION('',(0.,-1.,0.));
#11766=DIRECTION('',(0.,0.,-1.));
#11767=DIRECTION('',(0.,-1.,0.));
#11768=DIRECTION('',(0.,0.,1.));
#11769=DIRECTION('',(0.,-1.,0.));
#11770=DIRECTION('',(0.,0.,-1.));
#11771=DIRECTION('',(0.,-1.,0.));
#11772=DIRECTION('',(0.,0.,-1.));
#11773=CARTESIAN_POINT('',(0.,0.,0.));
#11774=CARTESIAN_POINT('',(1.95,1.2,0.));
#11775=CARTESIAN_POINT('',(1.95000007693952,1.2,-0.458063100005839));
#11776=CARTESIAN_POINT('',(1.95,1.2,-2.45500849483104));
#11777=CARTESIAN_POINT('',(1.95,1.2,-2.45500849483106));
#11778=CARTESIAN_POINT('',(1.98529060686754,1.2,-2.62558010094304));
#11779=CARTESIAN_POINT('',(2.5,1.2,-3.1));
#11780=CARTESIAN_POINT('',(2.5,1.2,-2.4));
#11781=CARTESIAN_POINT('',(2.5,1.2,-3.1));
#11782=CARTESIAN_POINT('',(3.01470939313518,1.2,-2.62558010094599));
#11783=CARTESIAN_POINT('',(2.95103697502514,1.2,-2.933330734502));
#11784=CARTESIAN_POINT('',(3.05,1.2,-2.45500942403972));
#11785=CARTESIAN_POINT('',(3.049999800315,1.2,-2.550001930175));
#11786=CARTESIAN_POINT('',(3.04999990387682,1.2,-0.458063100005839));
#11787=CARTESIAN_POINT('',(14.4,1.2,-0.458063100005839));
#11788=CARTESIAN_POINT('',(14.4,1.2,-7.6));
#11789=CARTESIAN_POINT('',(2.5,1.2,-3.1));
#11790=CARTESIAN_POINT('',(3.02544623892459,1.2,-3.5625));
#11791=CARTESIAN_POINT('',(2.5,1.2,-3.8));
#11792=CARTESIAN_POINT('',(2.5,1.2,-3.1));
#11793=CARTESIAN_POINT('',(1.97455376107541,1.2,-3.5625));
#11794=CARTESIAN_POINT('',(2.5,1.2,-3.4));
#11795=CARTESIAN_POINT('',(14.4,1.2,-7.6));
#11796=CARTESIAN_POINT('',(6.95,1.2,0.));
#11797=CARTESIAN_POINT('',(6.95000007693953,1.2,-0.458063100005839));
#11798=CARTESIAN_POINT('',(6.95,1.2,-2.45500849483104));
#11799=CARTESIAN_POINT('',(6.95,1.2,-2.45500849483106));
#11800=CARTESIAN_POINT('',(6.98529060686754,1.2,-2.62558010094304));
#11801=CARTESIAN_POINT('',(7.5,1.2,-3.1));
#11802=CARTESIAN_POINT('',(7.5,1.2,-2.4));
#11803=CARTESIAN_POINT('',(7.5,1.2,-3.1));
#11804=CARTESIAN_POINT('',(8.01470939313518,1.2,-2.62558010094599));
#11805=CARTESIAN_POINT('',(7.95103697502514,1.2,-2.933330734502));
#11806=CARTESIAN_POINT('',(8.05,1.2,-2.45500942403972));
#11807=CARTESIAN_POINT('',(8.049999800315,1.2,-2.550001930175));
#11808=CARTESIAN_POINT('',(8.04999990387682,1.2,-0.458063100005839));
#11809=CARTESIAN_POINT('',(14.4,1.2,-0.458063100005839));
#11810=CARTESIAN_POINT('',(14.4,1.2,-7.6));
#11811=CARTESIAN_POINT('',(7.5,1.2,-3.1));
#11812=CARTESIAN_POINT('',(8.02544623892475,1.2,-3.56249999999982));
#11813=CARTESIAN_POINT('',(7.5,1.2,-3.8));
#11814=CARTESIAN_POINT('',(7.5,1.2,-3.1));
#11815=CARTESIAN_POINT('',(6.97455376107525,1.2,-3.56249999999982));
#11816=CARTESIAN_POINT('',(7.5,1.2,-3.4));
#11817=CARTESIAN_POINT('',(14.4,1.2,-7.6));
#11818=CARTESIAN_POINT('',(14.4,1.2,-0.458063100005839));
#11819=CARTESIAN_POINT('',(13.049999903877,1.2,-0.458063100005839));
#11820=CARTESIAN_POINT('',(11.950000076938,1.2,-0.458063100005839));
#11821=CARTESIAN_POINT('',(11.95000015983,1.2,-2.550001544988));
#11822=CARTESIAN_POINT('',(11.95,1.2,-2.45500923856614));
#11823=CARTESIAN_POINT('',(11.95,1.2,-2.45500849483106));
#11824=CARTESIAN_POINT('',(11.9852906068675,1.2,-2.62558010094304));
#11825=CARTESIAN_POINT('',(12.5,1.2,-3.1));
#11826=CARTESIAN_POINT('',(12.5,1.2,-2.4));
#11827=CARTESIAN_POINT('',(12.5,1.2,-3.1));
#11828=CARTESIAN_POINT('',(13.0147093931351,1.2,-2.62558010094596));
#11829=CARTESIAN_POINT('',(12.9510369750251,1.2,-2.933330734502));
#11830=CARTESIAN_POINT('',(13.05,1.2,-2.45500849484712));
#11831=CARTESIAN_POINT('',(13.05,1.2,0.));
#11832=CARTESIAN_POINT('',(14.4,1.2,-7.6));
#11833=CARTESIAN_POINT('',(12.5,1.2,-3.1));
#11834=CARTESIAN_POINT('',(13.0254462389244,1.2,-3.56250000000018));
#11835=CARTESIAN_POINT('',(12.5,1.2,-3.8));
#11836=CARTESIAN_POINT('',(12.5,1.2,-3.1));
#11837=CARTESIAN_POINT('',(11.9745537610756,1.2,-3.56250000000018));
#11838=CARTESIAN_POINT('',(12.5,1.2,-3.4));
#11839=CARTESIAN_POINT('',(14.4,1.2,-7.6));
#11840=CARTESIAN_POINT('',(14.4,6.2,-0.458063100005834));
#11841=CARTESIAN_POINT('',(9.550000000001,6.2,-0.458063100005834));
#11842=CARTESIAN_POINT('',(5.450000000001,6.2,-0.458063100005834));
#11843=CARTESIAN_POINT('',(9.550000000001,6.2,-5.4));
#11844=CARTESIAN_POINT('',(9.550000000001,6.2,0.));
#11845=CARTESIAN_POINT('',(5.450000000001,6.2,0.));
#11846=CARTESIAN_POINT('',(5.450000000001,6.2,0.));
#11847=CARTESIAN_POINT('',(5.450000000001,6.2,-5.4));
#11848=CARTESIAN_POINT('',(9.550000000001,6.2,-5.4));
#11849=CARTESIAN_POINT('',(14.4,6.2,-0.458063100005834));
#11850=CARTESIAN_POINT('',(4.550000000001,6.2,-0.458063100005834));
#11851=CARTESIAN_POINT('',(0.450000000001,6.2,-0.458063100005834));
#11852=CARTESIAN_POINT('',(4.550000000001,6.2,-5.4));
#11853=CARTESIAN_POINT('',(4.550000000001,6.2,0.));
#11854=CARTESIAN_POINT('',(0.450000000001,6.2,0.));
#11855=CARTESIAN_POINT('',(0.450000000001,6.2,0.));
#11856=CARTESIAN_POINT('',(0.450000000001,6.2,-5.4));
#11857=CARTESIAN_POINT('',(4.550000000001,6.2,-5.4));
#11858=CARTESIAN_POINT('',(14.4,6.2,-0.458063100005834));
#11859=CARTESIAN_POINT('',(14.55,6.2,-0.458063100005833));
#11860=CARTESIAN_POINT('',(10.45,6.2,-0.458063100005834));
#11861=CARTESIAN_POINT('',(14.55,6.2,-5.4));
#11862=CARTESIAN_POINT('',(14.55,6.2,0.));
#11863=CARTESIAN_POINT('',(10.45,6.2,0.));
#11864=CARTESIAN_POINT('',(10.45,6.2,0.));
#11865=CARTESIAN_POINT('',(10.45,6.2,-5.4));
#11866=CARTESIAN_POINT('',(14.55,6.2,-5.4));
#11867=CARTESIAN_POINT('',(4.550000000001,1.2,-5.4));
#11868=CARTESIAN_POINT('',(4.550000000001,1.2,-0.458063100005837));
#11869=CARTESIAN_POINT('',(4.550000000001,1.2,0.));
#11870=CARTESIAN_POINT('',(14.4,1.2,-0.458063100005839));
#11871=CARTESIAN_POINT('',(3.049999800315,1.2,-2.550001930175));
#11872=CARTESIAN_POINT('',(3.05,1.2,0.));
#11873=CARTESIAN_POINT('',(4.550000000001,1.2,0.));
#11874=CARTESIAN_POINT('',(0.450000000001,1.2,-5.4));
#11875=CARTESIAN_POINT('',(9.550000000001,1.2,-5.4));
#11876=CARTESIAN_POINT('',(9.550000000001,1.2,-0.458063100005837));
#11877=CARTESIAN_POINT('',(9.550000000001,1.2,0.));
#11878=CARTESIAN_POINT('',(14.4,1.2,-0.458063100005839));
#11879=CARTESIAN_POINT('',(8.049999800315,1.2,-2.550001930175));
#11880=CARTESIAN_POINT('',(8.05,1.2,0.));
#11881=CARTESIAN_POINT('',(9.550000000001,1.2,0.));
#11882=CARTESIAN_POINT('',(5.450000000001,1.2,-5.4));
#11883=CARTESIAN_POINT('',(14.55,1.2,-5.4));
#11884=CARTESIAN_POINT('',(14.55,1.2,-0.458063100005839));
#11885=CARTESIAN_POINT('',(14.55,1.2,0.));
#11886=CARTESIAN_POINT('',(14.4,1.2,-0.458063100005839));
#11887=CARTESIAN_POINT('',(13.05,1.2,0.));
#11888=CARTESIAN_POINT('',(13.05,1.2,0.));
#11889=CARTESIAN_POINT('',(14.55,1.2,0.));
#11890=CARTESIAN_POINT('',(10.45,1.2,-5.4));
#11891=CARTESIAN_POINT('',(15.,7.39160236984244,-3.77340048682163));
#11892=CARTESIAN_POINT('',(15.,7.39160236984244,-3.77340048682163));
#11893=CARTESIAN_POINT('',(15.,7.3878070230493,-3.83776790989941));
#11894=CARTESIAN_POINT('',(15.,7.40298841022232,-3.71592275909279));
#11895=CARTESIAN_POINT('',(15.,7.40298841022232,-3.71592275909279));
#11896=CARTESIAN_POINT('',(15.,7.42197344019805,-3.6653679096853));
#11897=CARTESIAN_POINT('',(15.,7.42197344019805,-3.6653679096853));
#11898=CARTESIAN_POINT('',(15.,7.44770298806398,-3.62334947987256));
#11899=CARTESIAN_POINT('',(15.,7.44770298806397,-3.62334947987256));
#11900=CARTESIAN_POINT('',(15.,7.47935576579393,-3.59177551261382));
#11901=CARTESIAN_POINT('',(15.,7.47935576579394,-3.59177551261382));
#11902=CARTESIAN_POINT('',(15.,7.51696495670685,-3.57067089522388));
#11903=CARTESIAN_POINT('',(15.,7.51696495670685,-3.57067089522388));
#11904=CARTESIAN_POINT('',(15.,7.5595475040026,-3.55864607506737));
#11905=CARTESIAN_POINT('',(15.,7.5595475040026,-3.55864607506737));
#11906=CARTESIAN_POINT('',(15.,7.60617427298566,-3.55432809046943));
#11907=CARTESIAN_POINT('',(15.,7.60617427298566,-3.55432809046943));
#11908=CARTESIAN_POINT('',(15.,7.65696555380637,-3.557783307715));
#11909=CARTESIAN_POINT('',(15.,7.65696555380637,-3.557783307715));
#11910=CARTESIAN_POINT('',(15.,7.66504985005886,-3.71320172339983));
#11911=CARTESIAN_POINT('',(15.,7.66504985005886,-3.71320172339983));
#11912=CARTESIAN_POINT('',(15.,7.62114826424013,-3.71247168967602));
#11913=CARTESIAN_POINT('',(15.,7.62114826424013,-3.71247168967602));
#11914=CARTESIAN_POINT('',(15.,7.5879400165767,-3.71717543097475));
#11915=CARTESIAN_POINT('',(15.,7.5879400165767,-3.71717543097475));
#11916=CARTESIAN_POINT('',(15.,7.56546658568768,-3.72727976398164));
#11917=CARTESIAN_POINT('',(15.,7.56546658568768,-3.72727976398164));
#11918=CARTESIAN_POINT('',(15.,7.54206816898513,-3.75509986377074));
#11919=CARTESIAN_POINT('',(15.,7.54206816898513,-3.75509986377074));
#11920=CARTESIAN_POINT('',(15.,7.5280606428677,-3.7973588731802));
#11921=CARTESIAN_POINT('',(15.,7.5280606428677,-3.7973588731802));
#11922=CARTESIAN_POINT('',(15.,7.52339838089383,-3.85396968572422));
#11923=CARTESIAN_POINT('',(15.,7.52339838089383,-3.85396968572422));
#11924=CARTESIAN_POINT('',(15.,7.52657568739951,-3.90252523751042));
#11925=CARTESIAN_POINT('',(15.,7.52657568739951,-3.90252523751042));
#11926=CARTESIAN_POINT('',(15.,7.53608272030979,-3.94198440075343));
#11927=CARTESIAN_POINT('',(15.,7.53608272030979,-3.94198440075343));
#11928=CARTESIAN_POINT('',(15.,7.55187799959176,-3.97234717545507));
#11929=CARTESIAN_POINT('',(15.,7.55187799959176,-3.97234717545507));
#11930=CARTESIAN_POINT('',(15.,7.57227332274479,-3.99438092684068));
#11931=CARTESIAN_POINT('',(15.,7.57227332274479,-3.99438092684068));
#11932=CARTESIAN_POINT('',(15.,7.59523620776681,-4.00882398428439));
#11933=CARTESIAN_POINT('',(15.,7.59523620776681,-4.00882398428439));
#11934=CARTESIAN_POINT('',(15.,7.62077909955124,-4.0156390169941));
#11935=CARTESIAN_POINT('',(15.,7.62077909955124,-4.0156390169941));
#11936=CARTESIAN_POINT('',(15.,7.64294143603174,-4.01486335576192));
#11937=CARTESIAN_POINT('',(15.,7.64294143603174,-4.01486335576192));
#11938=CARTESIAN_POINT('',(15.,7.66273531055404,-4.0073348809874));
#11939=CARTESIAN_POINT('',(15.,7.66273531055404,-4.0073348809874));
#11940=CARTESIAN_POINT('',(15.,7.68012339127008,-3.99303700065138));
#11941=CARTESIAN_POINT('',(15.,7.68012339127008,-3.99303700065138));
#11942=CARTESIAN_POINT('',(15.,7.69437564445243,-3.9730772095354));
#11943=CARTESIAN_POINT('',(15.,7.69437564445243,-3.9730772095354));
#11944=CARTESIAN_POINT('',(15.,7.7135680706996,-3.93778255777215));
#11945=CARTESIAN_POINT('',(15.,7.7135680706996,-3.93778255777215));
#11946=CARTESIAN_POINT('',(15.,7.73762185883461,-3.88718622939632));
#11947=CARTESIAN_POINT('',(15.,7.73762185883461,-3.88718622939632));
#11948=CARTESIAN_POINT('',(15.,7.76274995842769,-3.83430439665608));
#11949=CARTESIAN_POINT('',(15.,7.76274995842769,-3.83430439665608));
#11950=CARTESIAN_POINT('',(15.,7.78489570359889,-3.79212834589453));
#11951=CARTESIAN_POINT('',(15.,7.78489570359889,-3.79212834589453));
#11952=CARTESIAN_POINT('',(15.,7.8041337566473,-3.76064148511432));
#11953=CARTESIAN_POINT('',(15.,7.8041337566473,-3.76064148511432));
#11954=CARTESIAN_POINT('',(15.,7.82367875592254,-3.73667895092876));
#11955=CARTESIAN_POINT('',(15.,7.82367875592254,-3.73667895092876));
#11956=CARTESIAN_POINT('',(15.,7.84669141592522,-3.71705099335304));
#11957=CARTESIAN_POINT('',(15.,7.84669141592522,-3.71705099335304));
#11958=CARTESIAN_POINT('',(15.,7.87321321668142,-3.70181983084694));
#11959=CARTESIAN_POINT('',(15.,7.87321321668142,-3.70181983084694));
#11960=CARTESIAN_POINT('',(15.,7.90323586183231,-3.69169061017601));
#11961=CARTESIAN_POINT('',(15.,7.90323586183231,-3.69169061017601));
#11962=CARTESIAN_POINT('',(15.,7.93640263052512,-3.68730211076036));
#11963=CARTESIAN_POINT('',(15.,7.93640263052512,-3.68730211076036));
#11964=CARTESIAN_POINT('',(15.,7.97279648105259,-3.68865848077985));
#11965=CARTESIAN_POINT('',(15.,7.97279648105259,-3.68865848077985));
#11966=CARTESIAN_POINT('',(15.,8.03547155274364,-3.70365321151985));
#11967=CARTESIAN_POINT('',(15.,8.03547155274364,-3.70365321151985));
#11968=CARTESIAN_POINT('',(15.,8.09055178266945,-3.73385836527814));
#11969=CARTESIAN_POINT('',(15.,8.09055178266945,-3.73385836527814));
#11970=CARTESIAN_POINT('',(15.,8.13815746097671,-3.77927394170547));
#11971=CARTESIAN_POINT('',(15.,8.13815746097671,-3.77927394170547));
#11972=CARTESIAN_POINT('',(15.,8.17460108648438,-3.83863482543529));
#11973=CARTESIAN_POINT('',(15.,8.17460108648438,-3.83863482543529));
#11974=CARTESIAN_POINT('',(15.,8.19646892091978,-3.91070078806661));
#11975=CARTESIAN_POINT('',(15.,8.19646892091978,-3.91070078806661));
#11976=CARTESIAN_POINT('',(15.,8.20375681610303,-3.99547182959941));
#11977=CARTESIAN_POINT('',(15.,8.20375681610303,-3.99547182959941));
#11978=CARTESIAN_POINT('',(15.,8.19652699155122,-4.08028020263373));
#11979=CARTESIAN_POINT('',(15.,8.19652699155122,-4.08028020263373));
#11980=CARTESIAN_POINT('',(15.,8.1748458135502,-4.14952557961624));
#11981=CARTESIAN_POINT('',(15.,8.1748458135502,-4.14952557961624));
#11982=CARTESIAN_POINT('',(15.,8.13871328210089,-4.20321210872862));
#11983=CARTESIAN_POINT('',(15.,8.13871328210089,-4.20321210872862));
#11984=CARTESIAN_POINT('',(15.,8.09043564105368,-4.24094988509023));
#11985=CARTESIAN_POINT('',(15.,8.09043564105368,-4.24094988509023));
#11986=CARTESIAN_POINT('',(15.,8.03265096709438,-4.2624361110029));
#11987=CARTESIAN_POINT('',(15.,8.03265096709438,-4.2624361110029));
#11988=CARTESIAN_POINT('',(15.,7.96526800592474,-4.26766663793387));
#11989=CARTESIAN_POINT('',(15.,7.96526800592474,-4.26766663793387));
#11990=CARTESIAN_POINT('',(15.,7.95829535262456,-4.11126931327453));
#11991=CARTESIAN_POINT('',(15.,7.95829535262456,-4.11126931327453));
#11992=CARTESIAN_POINT('',(15.,7.99306321804843,-4.10790949816146));
#11993=CARTESIAN_POINT('',(15.,7.99306321804843,-4.10790949816146));
#11994=CARTESIAN_POINT('',(15.,8.0219991082653,-4.0974816269154));
#11995=CARTESIAN_POINT('',(15.,8.0219991082653,-4.0974816269154));
#11996=CARTESIAN_POINT('',(15.,8.04500762079342,-4.07994836908983));
#11997=CARTESIAN_POINT('',(15.,8.04500762079342,-4.07994836908983));
#11998=CARTESIAN_POINT('',(15.,8.0617195905892,-4.05479953001122));
#11999=CARTESIAN_POINT('',(15.,8.0617195905892,-4.05479953001122));
#12000=CARTESIAN_POINT('',(15.,8.0717741486159,-4.02151661970493));
#12001=CARTESIAN_POINT('',(15.,8.0717741486159,-4.02151661970493));
#12002=CARTESIAN_POINT('',(15.,8.07513811190884,-3.98005401101364));
#12003=CARTESIAN_POINT('',(15.,8.07513811190884,-3.98005401101364));
#12004=CARTESIAN_POINT('',(15.,8.07250418269396,-3.93916381510644));
#12005=CARTESIAN_POINT('',(15.,8.07250418269396,-3.93916381510644));
#12006=CARTESIAN_POINT('',(15.,8.06460239504886,-3.90622518217424));
#12007=CARTESIAN_POINT('',(15.,8.06460239504886,-3.90622518217424));
#12008=CARTESIAN_POINT('',(15.,8.05144104462889,-3.8813210705157));
#12009=CARTESIAN_POINT('',(15.,8.05144104462889,-3.8813210705157));
#12010=CARTESIAN_POINT('',(15.,8.03428109967345,-3.86336057666631));
#12011=CARTESIAN_POINT('',(15.,8.03428109967345,-3.86336057666631));
#12012=CARTESIAN_POINT('',(15.,8.01439182301911,-3.85154730025715));
#12013=CARTESIAN_POINT('',(15.,8.01439182301911,-3.85154730025715));
#12014=CARTESIAN_POINT('',(15.,7.99172344004173,-3.84583561449472));
#12015=CARTESIAN_POINT('',(15.,7.99172344004173,-3.84583561449472));
#12016=CARTESIAN_POINT('',(15.,7.97041557491039,-3.84640387945183));
#12017=CARTESIAN_POINT('',(15.,7.97041557491039,-3.84640387945183));
#12018=CARTESIAN_POINT('',(15.,7.95172919516053,-3.85314010169168));
#12019=CARTESIAN_POINT('',(15.,7.95172919516053,-3.85314010169168));
#12020=CARTESIAN_POINT('',(15.,7.93569333628548,-3.8660525768646));
#12021=CARTESIAN_POINT('',(15.,7.93569333628548,-3.8660525768646));
#12022=CARTESIAN_POINT('',(15.,7.91877811839586,-3.88878317865601));
#12023=CARTESIAN_POINT('',(15.,7.91877811839586,-3.88878317865601));
#12024=CARTESIAN_POINT('',(15.,7.89815051201085,-3.92538857293039));
#12025=CARTESIAN_POINT('',(15.,7.89815051201085,-3.92538857293039));
#12026=CARTESIAN_POINT('',(15.,7.87376903815757,-3.9758272803665));
#12027=CARTESIAN_POINT('',(15.,7.87376903815757,-3.9758272803665));
#12028=CARTESIAN_POINT('',(15.,7.83713460838853,-4.05163051915952));
#12029=CARTESIAN_POINT('',(15.,7.83713460838853,-4.05163051915952));
#12030=CARTESIAN_POINT('',(15.,7.80544035133507,-4.10588531287613));
#12031=CARTESIAN_POINT('',(15.,7.80544035133507,-4.10588531287613));
#12032=CARTESIAN_POINT('',(15.,7.77859501304047,-4.13867462087364));
#12033=CARTESIAN_POINT('',(15.,7.77859501304047,-4.13867462087364));
#12034=CARTESIAN_POINT('',(15.,7.73921466026732,-4.16509687131838));
#12035=CARTESIAN_POINT('',(15.,7.73921466026732,-4.16509687131838));
#12036=CARTESIAN_POINT('',(15.,7.69309808525568,-4.17846976584042));
#12037=CARTESIAN_POINT('',(15.,7.69309808525568,-4.17846976584042));
#12038=CARTESIAN_POINT('',(15.,7.6402452880051,-4.1787642678828));
#12039=CARTESIAN_POINT('',(15.,7.6402452880051,-4.1787642678828));
#12040=CARTESIAN_POINT('',(15.,7.57398641361933,-4.16220162337777));
#12041=CARTESIAN_POINT('',(15.,7.57398641361933,-4.16220162337777));
#12042=CARTESIAN_POINT('',(15.,7.51450938827329,-4.12801861421758));
#12043=CARTESIAN_POINT('',(15.,7.51450938827329,-4.12801861421758));
#12044=CARTESIAN_POINT('',(15.,7.46185154346167,-4.07622768494184));
#12045=CARTESIAN_POINT('',(15.,7.46185154346167,-4.07622768494184));
#12046=CARTESIAN_POINT('',(15.,7.42068343716883,-4.00934662208601));
#12047=CARTESIAN_POINT('',(15.,7.42068343716883,-4.00934662208601));
#12048=CARTESIAN_POINT('',(15.,7.3960199043976,-3.92988491795768));
#12049=CARTESIAN_POINT('',(15.,7.3960199043976,-3.92988491795768));
#12050=CARTESIAN_POINT('',(15.,7.3878070230493,-3.83776790989941));
#12051=CARTESIAN_POINT('',(15.,7.3878070230493,-2.96755502677115));
#12052=CARTESIAN_POINT('',(15.,7.3878070230493,-2.96755502677115));
#12053=CARTESIAN_POINT('',(15.,7.39092211074321,-3.03031305676268));
#12054=CARTESIAN_POINT('',(15.,7.39515713704386,-2.87839963364968));
#12055=CARTESIAN_POINT('',(15.,7.39515713704386,-2.87839963364968));
#12056=CARTESIAN_POINT('',(15.,7.41720333225967,-2.80602257696046));
#12057=CARTESIAN_POINT('',(15.,7.41720333225967,-2.80602257696046));
#12058=CARTESIAN_POINT('',(15.,7.45394560763807,-2.75037822955346));
#12059=CARTESIAN_POINT('',(15.,7.45394560763807,-2.75037822955346));
#12060=CARTESIAN_POINT('',(15.,7.52326564726527,-2.69895646496661));
#12061=CARTESIAN_POINT('',(15.,7.52326564726527,-2.69895646496661));
#12062=CARTESIAN_POINT('',(15.,7.61067891401845,-2.67313566279336));
#12063=CARTESIAN_POINT('',(15.,7.61067891401845,-2.67313566279336));
#12064=CARTESIAN_POINT('',(15.,7.71613148509632,-2.67300292951768));
#12065=CARTESIAN_POINT('',(15.,7.71613148509632,-2.67300292951768));
#12066=CARTESIAN_POINT('',(15.,7.79183517358106,-2.68652100079635));
#12067=CARTESIAN_POINT('',(15.,7.79183517358106,-2.68652100079635));
#12068=CARTESIAN_POINT('',(15.,7.86537364784808,-2.70995260116979));
#12069=CARTESIAN_POINT('',(15.,7.86537364784808,-2.70995260116979));
#12070=CARTESIAN_POINT('',(15.,7.93678838722544,-2.74330602594273));
#12071=CARTESIAN_POINT('',(15.,7.93678838722544,-2.74330602594273));
#12072=CARTESIAN_POINT('',(15.,8.01512600492415,-2.79387746700741));
#12073=CARTESIAN_POINT('',(15.,8.01512600492415,-2.79387746700741));
#12074=CARTESIAN_POINT('',(15.,8.08076269154835,-2.85323420291388));
#12075=CARTESIAN_POINT('',(15.,8.08076269154835,-2.85323420291388));
#12076=CARTESIAN_POINT('',(15.,8.13374822207416,-2.92142186010096));
#12077=CARTESIAN_POINT('',(15.,8.13374822207416,-2.92142186010096));
#12078=CARTESIAN_POINT('',(15.,8.17264326818977,-2.9971504362511));
#12079=CARTESIAN_POINT('',(15.,8.17264326818977,-2.9971504362511));
#12080=CARTESIAN_POINT('',(15.,8.19597946608055,-3.07906770881527));
#12081=CARTESIAN_POINT('',(15.,8.19597946608055,-3.07906770881527));
#12082=CARTESIAN_POINT('',(15.,8.20375681610303,-3.16712805135103));
#12083=CARTESIAN_POINT('',(15.,8.20375681610303,-3.16712805135103));
#12084=CARTESIAN_POINT('',(15.,8.19670535233299,-3.25148015286322));
#12085=CARTESIAN_POINT('',(15.,8.19670535233299,-3.25148015286322));
#12086=CARTESIAN_POINT('',(15.,8.17552607265034,-3.3222519646406));
#12087=CARTESIAN_POINT('',(15.,8.17552607265034,-3.3222519646406));
#12088=CARTESIAN_POINT('',(15.,8.14018164591098,-3.37943933815041));
#12089=CARTESIAN_POINT('',(15.,8.14018164591098,-3.37943933815041));
#12090=CARTESIAN_POINT('',(15.,8.09143528986388,-3.42281828580963));
#12091=CARTESIAN_POINT('',(15.,8.09143528986387,-3.42281828580963));
#12092=CARTESIAN_POINT('',(15.,8.02975157097526,-3.45246347026477));
#12093=CARTESIAN_POINT('',(15.,8.02975157097526,-3.45246347026477));
#12094=CARTESIAN_POINT('',(15.,7.95515952509086,-3.46834170819784));
#12095=CARTESIAN_POINT('',(15.,7.95515952509086,-3.46834170819784));
#12096=CARTESIAN_POINT('',(15.,7.93789588164591,-3.31521294435152));
#12097=CARTESIAN_POINT('',(15.,7.93789588164591,-3.31521294435152));
#12098=CARTESIAN_POINT('',(15.,7.97873215439622,-3.30370246634629));
#12099=CARTESIAN_POINT('',(15.,7.97873215439622,-3.30370246634629));
#12100=CARTESIAN_POINT('',(15.,8.0123054192758,-3.28602817888532));
#12101=CARTESIAN_POINT('',(15.,8.0123054192758,-3.28602817888532));
#12102=CARTESIAN_POINT('',(15.,8.03857419695842,-3.26210712402644));
#12103=CARTESIAN_POINT('',(15.,8.03857419695842,-3.26210712402644));
#12104=CARTESIAN_POINT('',(15.,8.057385013978,-3.2319807810909));
#12105=CARTESIAN_POINT('',(15.,8.057385013978,-3.2319807810909));
#12106=CARTESIAN_POINT('',(15.,8.0686383210822,-3.19603075789564));
#12107=CARTESIAN_POINT('',(15.,8.0686383210822,-3.19603075789564));
#12108=CARTESIAN_POINT('',(15.,8.07237974507088,-3.15417824502947));
#12109=CARTESIAN_POINT('',(15.,8.07237974507088,-3.15417824502947));
#12110=CARTESIAN_POINT('',(15.,8.0678502163727,-3.10263204246803));
#12111=CARTESIAN_POINT('',(15.,8.0678502163727,-3.10263204246803));
#12112=CARTESIAN_POINT('',(15.,8.05425748245116,-3.05301877123929));
#12113=CARTESIAN_POINT('',(15.,8.05425748245116,-3.05301877123929));
#12114=CARTESIAN_POINT('',(15.,8.03160154330626,-3.00523058432373));
#12115=CARTESIAN_POINT('',(15.,8.03160154330626,-3.00523058432373));
#12116=CARTESIAN_POINT('',(15.,7.99930583797677,-2.96107597578521));
#12117=CARTESIAN_POINT('',(15.,7.99930583797677,-2.96107597578521));
#12118=CARTESIAN_POINT('',(15.,7.95713808287192,-2.92215189417766));
#12119=CARTESIAN_POINT('',(15.,7.95713808287192,-2.92215189417766));
#12120=CARTESIAN_POINT('',(15.,7.90500702369254,-2.88841686053092));
#12121=CARTESIAN_POINT('',(15.,7.90500702369254,-2.88841686053092));
#12122=CARTESIAN_POINT('',(15.,7.84628077191146,-2.86123968833999));
#12123=CARTESIAN_POINT('',(15.,7.84628077191146,-2.86123968833999));
#12124=CARTESIAN_POINT('',(15.,7.78404123189912,-2.84195600814201));
#12125=CARTESIAN_POINT('',(15.,7.78404123189912,-2.84195600814201));
#12126=CARTESIAN_POINT('',(15.,7.718334030811,-2.83052848843727));
#12127=CARTESIAN_POINT('',(15.,7.718334030811,-2.83052848843727));
#12128=CARTESIAN_POINT('',(15.,7.65763336907266,-2.82879465807491));
#12129=CARTESIAN_POINT('',(15.,7.65763336907266,-2.82879465807491));
#12130=CARTESIAN_POINT('',(15.,7.60853029146383,-2.83839294493373));
#12131=CARTESIAN_POINT('',(15.,7.60853029146383,-2.83839294493373));
#12132=CARTESIAN_POINT('',(15.,7.57098746718921,-2.85931920154326));
#12133=CARTESIAN_POINT('',(15.,7.57098746718921,-2.85931920154326));
#12134=CARTESIAN_POINT('',(15.,7.54451958959035,-2.89116693136384));
#12135=CARTESIAN_POINT('',(15.,7.54451958959035,-2.89116693136384));
#12136=CARTESIAN_POINT('',(15.,7.52867038715058,-2.93355037839137));
#12137=CARTESIAN_POINT('',(15.,7.52867038715058,-2.93355037839137));
#12138=CARTESIAN_POINT('',(15.,7.52339838089383,-2.98649857742203));
#12139=CARTESIAN_POINT('',(15.,7.52339838089383,-2.98649857742203));
#12140=CARTESIAN_POINT('',(15.,7.52505340078633,-3.02172686254562));
#12141=CARTESIAN_POINT('',(15.,7.52505340078633,-3.02172686254562));
#12142=CARTESIAN_POINT('',(15.,7.5300143133376,-3.05796309177822));
#12143=CARTESIAN_POINT('',(15.,7.5300143133376,-3.05796309177822));
#12144=CARTESIAN_POINT('',(15.,7.53827697001761,-3.09525704080806));
#12145=CARTESIAN_POINT('',(15.,7.53827697001762,-3.09525704080806));
#12146=CARTESIAN_POINT('',(15.,7.54868410142663,-3.13132320561635));
#12147=CARTESIAN_POINT('',(15.,7.54868410142663,-3.13132320561635));
#12148=CARTESIAN_POINT('',(15.,7.56044345467662,-3.16419961973588));
#12149=CARTESIAN_POINT('',(15.,7.56044345467662,-3.16419961973588));
#12150=CARTESIAN_POINT('',(15.,7.57355088193881,-3.19382821253384));
#12151=CARTESIAN_POINT('',(15.,7.57355088193881,-3.19382821253385));
#12152=CARTESIAN_POINT('',(15.,7.69077110191793,-3.23112630939067));
#12153=CARTESIAN_POINT('',(15.,7.69077110191793,-3.23112630939067));
#12154=CARTESIAN_POINT('',(15.,7.69077110191793,-3.02975723563941));
#12155=CARTESIAN_POINT('',(15.,7.69077110191793,-3.02975723563941));
#12156=CARTESIAN_POINT('',(15.,7.82268740276768,-3.07198720955421));
#12157=CARTESIAN_POINT('',(15.,7.82268740276768,-3.07198720955421));
#12158=CARTESIAN_POINT('',(15.,7.82268740276768,-3.42513282531218));
#12159=CARTESIAN_POINT('',(15.,7.82268740276768,-3.42513282531218));
#12160=CARTESIAN_POINT('',(15.,7.48407609875212,-3.31632458695094));
#12161=CARTESIAN_POINT('',(15.,7.48407609875212,-3.31632458695094));
#12162=CARTESIAN_POINT('',(15.,7.45860372213783,-3.26866498583695));
#12163=CARTESIAN_POINT('',(15.,7.45860372213783,-3.26866498583695));
#12164=CARTESIAN_POINT('',(15.,7.43581919719136,-3.21505311936926));
#12165=CARTESIAN_POINT('',(15.,7.43581919719136,-3.21505311936926));
#12166=CARTESIAN_POINT('',(15.,7.41573496844867,-3.15548483971725));
#12167=CARTESIAN_POINT('',(15.,7.41573496844867,-3.15548483971725));
#12168=CARTESIAN_POINT('',(15.,7.4002424872182,-3.09294250130188));
#12169=CARTESIAN_POINT('',(15.,7.4002424872182,-3.09294250130188));
#12170=CARTESIAN_POINT('',(15.,7.39092211074321,-3.03031305676268));
#12171=CARTESIAN_POINT('',(15.,7.40121724836345,-5.6993212374291));
#12172=CARTESIAN_POINT('',(15.,7.40121724836345,-5.6993212374291));
#12173=CARTESIAN_POINT('',(15.,7.40121724836345,-5.85072031839081));
#12174=CARTESIAN_POINT('',(15.,7.9314624578109,-5.54520941642841));
#12175=CARTESIAN_POINT('',(15.,7.9314624578109,-5.54520941642841));
#12176=CARTESIAN_POINT('',(15.,7.40121724836345,-5.37540601392902));
#12177=CARTESIAN_POINT('',(15.,7.40121724836345,-5.37540601392902));
#12178=CARTESIAN_POINT('',(15.,7.40121724836345,-5.22420188505566));
#12179=CARTESIAN_POINT('',(15.,7.40121724836345,-5.22420188505566));
#12180=CARTESIAN_POINT('',(15.,8.19033414695596,-5.47664015036571));
#12181=CARTESIAN_POINT('',(15.,8.19033414695596,-5.47664015036571));
#12182=CARTESIAN_POINT('',(15.,8.19033414695596,-5.62841254419618));
#12183=CARTESIAN_POINT('',(15.,8.19033414695596,-5.62841254419618));
#12184=CARTESIAN_POINT('',(15.,7.66229148322091,-5.78330832207939));
#12185=CARTESIAN_POINT('',(15.,7.66229148322091,-5.78330832207939));
#12186=CARTESIAN_POINT('',(15.,8.19033414695505,-5.95250612812379));
#12187=CARTESIAN_POINT('',(15.,8.19033414695505,-5.95250612812379));
#12188=CARTESIAN_POINT('',(15.,8.19033414695596,-6.10317102753106));
#12189=CARTESIAN_POINT('',(15.,8.19033414695596,-6.10317102753106));
#12190=CARTESIAN_POINT('',(15.,7.40121724836345,-5.85072031839081));
#12191=CARTESIAN_POINT('',(15.,7.40121724836345,-1.78923464361287));
#12192=CARTESIAN_POINT('',(15.,7.40121724836345,-1.78923464361287));
#12193=CARTESIAN_POINT('',(15.,7.40121724836345,-2.40564459576126));
#12194=CARTESIAN_POINT('',(15.,8.19033414695505,-2.04188445266846));
#12195=CARTESIAN_POINT('',(15.,8.19033414695505,-2.04188445266846));
#12196=CARTESIAN_POINT('',(15.,8.19033414695596,-2.62686976284749));
#12197=CARTESIAN_POINT('',(15.,8.19033414695596,-2.62686976284749));
#12198=CARTESIAN_POINT('',(15.,8.05841784610757,-2.58480155770121));
#12199=CARTESIAN_POINT('',(15.,8.05841784610757,-2.58480155770121));
#12200=CARTESIAN_POINT('',(15.,8.05841784610757,-2.16223635235656));
#12201=CARTESIAN_POINT('',(15.,8.05841784610757,-2.16223635235656));
#12202=CARTESIAN_POINT('',(15.,7.87928577183256,-2.10464248265998));
#12203=CARTESIAN_POINT('',(15.,7.87928577183256,-2.10464248265998));
#12204=CARTESIAN_POINT('',(15.,7.87928577183256,-2.51306328078499));
#12205=CARTESIAN_POINT('',(15.,7.87928577183256,-2.51306328078499));
#12206=CARTESIAN_POINT('',(15.,7.74736947098509,-2.47099507599341));
#12207=CARTESIAN_POINT('',(15.,7.74736947098509,-2.47099507599341));
#12208=CARTESIAN_POINT('',(15.,7.74736947098509,-2.06237932542717));
#12209=CARTESIAN_POINT('',(15.,7.74736947098509,-2.06237932542717));
#12210=CARTESIAN_POINT('',(15.,7.53313354921047,-1.98911876189595));
#12211=CARTESIAN_POINT('',(15.,7.53313354921047,-1.98911876189595));
#12212=CARTESIAN_POINT('',(15.,7.53313354921047,-2.44824788254482));
#12213=CARTESIAN_POINT('',(15.,7.53313354921047,-2.44824788254482));
#12214=CARTESIAN_POINT('',(15.,7.40121724836345,-2.40564459576126));
#12215=CARTESIAN_POINT('',(15.,7.40121724836345,-0.934617939499731));
#12216=CARTESIAN_POINT('',(15.,7.40121724836345,-0.934617939499731));
#12217=CARTESIAN_POINT('',(15.,7.40121724836345,-1.21278990085557));
#12218=CARTESIAN_POINT('',(15.,8.19033414695596,-1.18764106142407));
#12219=CARTESIAN_POINT('',(15.,8.19033414695596,-1.18764106142407));
#12220=CARTESIAN_POINT('',(15.,8.19033414695596,-1.4002136673007));
#12221=CARTESIAN_POINT('',(15.,8.19033414695596,-1.4002136673007));
#12222=CARTESIAN_POINT('',(15.,8.19002720107746,-1.45236546596789));
#12223=CARTESIAN_POINT('',(15.,8.19002720107746,-1.45236546596789));
#12224=CARTESIAN_POINT('',(15.,8.18911465839201,-1.49016131331518));
#12225=CARTESIAN_POINT('',(15.,8.18911465839201,-1.49016131331518));
#12226=CARTESIAN_POINT('',(15.,8.18758822394957,-1.51362609700846));
#12227=CARTESIAN_POINT('',(15.,8.18758822394957,-1.51362609700846));
#12228=CARTESIAN_POINT('',(15.,8.1832951266646,-1.54457372832621));
#12229=CARTESIAN_POINT('',(15.,8.1832951266646,-1.54457372832621));
#12230=CARTESIAN_POINT('',(15.,8.17667504639612,-1.57300772022427));
#12231=CARTESIAN_POINT('',(15.,8.17667504639612,-1.57300772022427));
#12232=CARTESIAN_POINT('',(15.,8.16773213061597,-1.59888659302669));
#12233=CARTESIAN_POINT('',(15.,8.16773213061597,-1.59888659302669));
#12234=CARTESIAN_POINT('',(15.,8.15633779458212,-1.62241774371068));
#12235=CARTESIAN_POINT('',(15.,8.15633779458212,-1.62241774371068));
#12236=CARTESIAN_POINT('',(15.,8.14228049348676,-1.64414040068368));
#12237=CARTESIAN_POINT('',(15.,8.14228049348676,-1.64414040068368));
#12238=CARTESIAN_POINT('',(15.,8.12548556539414,-1.66399649401865));
#12239=CARTESIAN_POINT('',(15.,8.12548556539414,-1.66399649401865));
#12240=CARTESIAN_POINT('',(15.,8.10611477871853,-1.68194454403783));
#12241=CARTESIAN_POINT('',(15.,8.10611477871853,-1.68194454403783));
#12242=CARTESIAN_POINT('',(15.,8.08433405076075,-1.69761953387751));
#12243=CARTESIAN_POINT('',(15.,8.08433405076075,-1.69761953387751));
#12244=CARTESIAN_POINT('',(15.,8.06006457034519,-1.7110961258295));
#12245=CARTESIAN_POINT('',(15.,8.06006457034519,-1.7110961258295));
#12246=CARTESIAN_POINT('',(15.,8.03329804252271,-1.72220425582418));
#12247=CARTESIAN_POINT('',(15.,8.03329804252271,-1.72220425582418));
#12248=CARTESIAN_POINT('',(15.,8.00398883943572,-1.73070334391741));
#12249=CARTESIAN_POINT('',(15.,8.00398883943572,-1.73070334391741));
#12250=CARTESIAN_POINT('',(15.,7.972062299148,-1.73658509445522));
#12251=CARTESIAN_POINT('',(15.,7.972062299148,-1.73658509445522));
#12252=CARTESIAN_POINT('',(15.,7.93781707117514,-1.73968359084392));
#12253=CARTESIAN_POINT('',(15.,7.93781707117514,-1.73968359084392));
#12254=CARTESIAN_POINT('',(15.,7.90153106696371,-1.73982462012646));
#12255=CARTESIAN_POINT('',(15.,7.90153106696371,-1.73982462012646));
#12256=CARTESIAN_POINT('',(15.,7.86312132750836,-1.73694596349196));
#12257=CARTESIAN_POINT('',(15.,7.86312132750836,-1.73694596349196));
#12258=CARTESIAN_POINT('',(15.,7.78123723790932,-1.72239920791253));
#12259=CARTESIAN_POINT('',(15.,7.78123723790932,-1.72239920791253));
#12260=CARTESIAN_POINT('',(15.,7.7057699808378,-1.69774397150104));
#12261=CARTESIAN_POINT('',(15.,7.7057699808378,-1.69774397150104));
#12262=CARTESIAN_POINT('',(15.,7.63676518309503,-1.66306736002662));
#12263=CARTESIAN_POINT('',(15.,7.63676518309503,-1.66306736002662));
#12264=CARTESIAN_POINT('',(15.,7.57538426261081,-1.62094937990332));
#12265=CARTESIAN_POINT('',(15.,7.57538426261081,-1.62094937990332));
#12266=CARTESIAN_POINT('',(15.,7.52310387849584,-1.574289427248));
#12267=CARTESIAN_POINT('',(15.,7.52310387849584,-1.574289427248));
#12268=CARTESIAN_POINT('',(15.,7.47984522063134,-1.52305017126855));
#12269=CARTESIAN_POINT('',(15.,7.47984522063134,-1.52305017126855));
#12270=CARTESIAN_POINT('',(15.,7.4523445105523,-1.47865498313695));
#12271=CARTESIAN_POINT('',(15.,7.4523445105523,-1.47865498313695));
#12272=CARTESIAN_POINT('',(15.,7.43006603210315,-1.42753186877417));
#12273=CARTESIAN_POINT('',(15.,7.43006603210315,-1.42753186877417));
#12274=CARTESIAN_POINT('',(15.,7.4129724537851,-1.36972230715037));
#12275=CARTESIAN_POINT('',(15.,7.4129724537851,-1.36972230715037));
#12276=CARTESIAN_POINT('',(15.,7.40641044414806,-1.32918053679896));
#12277=CARTESIAN_POINT('',(15.,7.40641044414806,-1.32918053679896));
#12278=CARTESIAN_POINT('',(15.,7.40250725139131,-1.2768835610259));
#12279=CARTESIAN_POINT('',(15.,7.40250725139131,-1.2768835610259));
#12280=CARTESIAN_POINT('',(15.,7.40121724836345,-1.21278990085557));
#12281=CARTESIAN_POINT('',(15.,7.09982855725799,-7.60009091660545));
#12282=CARTESIAN_POINT('',(15.,7.0999999999997,-7.6));
#12283=CARTESIAN_POINT('',(15.,10.4,-5.85000000000005));
#12284=CARTESIAN_POINT('',(15.,10.4,-1.059999999999));
#12285=CARTESIAN_POINT('',(15.,10.4,-1.059999999999));
#12286=CARTESIAN_POINT('',(15.,10.4,-1.059999999999));
#12287=CARTESIAN_POINT('',(15.,7.1,0.));
#12288=CARTESIAN_POINT('',(15.,0.,0.));
#12289=CARTESIAN_POINT('',(15.,0.4,0.));
#12290=CARTESIAN_POINT('',(15.,0.4,0.));
#12291=CARTESIAN_POINT('',(15.,0.4,-6.0400000005));
#12292=CARTESIAN_POINT('',(15.,0.,-6.0400000005));
#12293=CARTESIAN_POINT('',(15.,7.1,-6.0400000005));
#12294=CARTESIAN_POINT('',(15.,7.1,-6.0600000005));
#12295=CARTESIAN_POINT('',(15.,7.1,-6.7600000005));
#12296=CARTESIAN_POINT('',(15.,0.,-6.7600000005));
#12297=CARTESIAN_POINT('',(15.,0.4,-6.76000000049992));
#12298=CARTESIAN_POINT('',(15.,0.4,-6.7400000005));
#12299=CARTESIAN_POINT('',(15.,0.4,-7.6));
#12300=CARTESIAN_POINT('',(15.,7.1,-7.6));
#12301=CARTESIAN_POINT('',(15.,8.56398958638456,-2.71360041423031));
#12302=CARTESIAN_POINT('',(15.,8.56398958638456,-2.71360041423031));
#12303=CARTESIAN_POINT('',(15.,8.56398958638456,-4.30573002723577));
#12304=CARTESIAN_POINT('',(15.,9.36005439288729,-2.71360041423031));
#12305=CARTESIAN_POINT('',(15.,9.36005439288729,-2.71360041423031));
#12306=CARTESIAN_POINT('',(15.,10.15611919939,-3.50922943683872));
#12307=CARTESIAN_POINT('',(15.,10.15611919939,-3.50922943683872));
#12308=CARTESIAN_POINT('',(15.,9.36005439288729,-4.30573002723577));
#12309=CARTESIAN_POINT('',(15.,9.36005439288729,-4.30573002723577));
#12310=CARTESIAN_POINT('',(15.,8.56398958638456,-4.30573002723577));
#12311=CARTESIAN_POINT('',(15.,7.3928218580535,-4.60407539658991));
#12312=CARTESIAN_POINT('',(15.,7.3928218580535,-4.60407539658991));
#12313=CARTESIAN_POINT('',(15.,7.38725120157315,-4.67303456717855));
#12314=CARTESIAN_POINT('',(15.,7.40949234887594,-4.54419602287817));
#12315=CARTESIAN_POINT('',(15.,7.40949234887594,-4.54419602287817));
#12316=CARTESIAN_POINT('',(15.,7.43722534218969,-4.49338400257329));
#12317=CARTESIAN_POINT('',(15.,7.43722534218969,-4.49338400257329));
#12318=CARTESIAN_POINT('',(15.,7.47330395047984,-4.45244403168908));
#12319=CARTESIAN_POINT('',(15.,7.47330395047984,-4.45244403168908));
#12320=CARTESIAN_POINT('',(15.,7.5146918965278,-4.42172868395573));
#12321=CARTESIAN_POINT('',(15.,7.5146918965278,-4.42172868395573));
#12322=CARTESIAN_POINT('',(15.,7.56143480748133,-4.40120062752794));
#12323=CARTESIAN_POINT('',(15.,7.56143480748133,-4.40120062752794));
#12324=CARTESIAN_POINT('',(15.,7.61085312662171,-4.38937490764147));
#12325=CARTESIAN_POINT('',(15.,7.61085312662171,-4.38937490764147));
#12326=CARTESIAN_POINT('',(15.,7.66064475898238,-4.38448865773171));
#12327=CARTESIAN_POINT('',(15.,7.66064475898238,-4.38448865773171));
#12328=CARTESIAN_POINT('',(15.,7.71080555568178,-4.38658335748187));
#12329=CARTESIAN_POINT('',(15.,7.71080555568178,-4.38658335748187));
#12330=CARTESIAN_POINT('',(15.,7.7581913942362,-4.39423626988173));
#12331=CARTESIAN_POINT('',(15.,7.7581913942362,-4.39423626988173));
#12332=CARTESIAN_POINT('',(15.,7.80733180299139,-4.40677128436073));
#12333=CARTESIAN_POINT('',(15.,7.80733180299139,-4.40677128436073));
#12334=CARTESIAN_POINT('',(15.,7.85815626713147,-4.42411373792493));
#12335=CARTESIAN_POINT('',(15.,7.85815626713147,-4.42411373792493));
#12336=CARTESIAN_POINT('',(15.,7.92436121870915,-4.45291274668489));
#12337=CARTESIAN_POINT('',(15.,7.92436121870915,-4.45291274668489));
#12338=CARTESIAN_POINT('',(15.,7.98448531948443,-4.48748566002178));
#12339=CARTESIAN_POINT('',(15.,7.98448531948443,-4.48748566002177));
#12340=CARTESIAN_POINT('',(15.,8.03857419695842,-4.52779514713984));
#12341=CARTESIAN_POINT('',(15.,8.03857419695842,-4.52779514713984));
#12342=CARTESIAN_POINT('',(15.,8.08592270401359,-4.5738453551603));
#12343=CARTESIAN_POINT('',(15.,8.08592270401359,-4.5738453551603));
#12344=CARTESIAN_POINT('',(15.,8.12616167631486,-4.62562798878571));
#12345=CARTESIAN_POINT('',(15.,8.12616167631486,-4.62562798878571));
#12346=CARTESIAN_POINT('',(15.,8.15928696568144,-4.68308082919975));
#12347=CARTESIAN_POINT('',(15.,8.15928696568144,-4.68308082919975));
#12348=CARTESIAN_POINT('',(15.,8.18405004805609,-4.74556509662943));
#12349=CARTESIAN_POINT('',(15.,8.18405004805609,-4.74556509662943));
#12350=CARTESIAN_POINT('',(15.,8.19884153105513,-4.81216410091656));
#12351=CARTESIAN_POINT('',(15.,8.19884153105513,-4.81216410091656));
#12352=CARTESIAN_POINT('',(15.,8.20375681610303,-4.88296494783572));
#12353=CARTESIAN_POINT('',(15.,8.20375681610303,-4.88296494783572));
#12354=CARTESIAN_POINT('',(15.,8.19364833526915,-4.97314902525977));
#12355=CARTESIAN_POINT('',(15.,8.19364833526915,-4.97314902525977));
#12356=CARTESIAN_POINT('',(15.,8.1633270395404,-5.04859554249197));
#12357=CARTESIAN_POINT('',(15.,8.1633270395404,-5.04859554249197));
#12358=CARTESIAN_POINT('',(15.,8.11279707779968,-5.10930450023443));
#12359=CARTESIAN_POINT('',(15.,8.11279707779968,-5.10930450023443));
#12360=CARTESIAN_POINT('',(15.,8.04557173792355,-5.15199074531483));
#12361=CARTESIAN_POINT('',(15.,8.04557173792355,-5.15199074531483));
#12362=CARTESIAN_POINT('',(15.,7.96519334363247,-5.17308291852169));
#12363=CARTESIAN_POINT('',(15.,7.96519334363247,-5.17308291852169));
#12364=CARTESIAN_POINT('',(15.,7.87174485322466,-5.17268057051115));
#12365=CARTESIAN_POINT('',(15.,7.87174485322466,-5.17268057051115));
#12366=CARTESIAN_POINT('',(15.,7.78930494250235,-5.15700558067329));
#12367=CARTESIAN_POINT('',(15.,7.78930494250235,-5.15700558067329));
#12368=CARTESIAN_POINT('',(15.,7.70873574359657,-5.12851766596941));
#12369=CARTESIAN_POINT('',(15.,7.70873574359657,-5.12851766596941));
#12370=CARTESIAN_POINT('',(15.,7.62995429856519,-5.08715875506096));
#12371=CARTESIAN_POINT('',(15.,7.62995429856519,-5.08715875506096));
#12372=CARTESIAN_POINT('',(15.,7.55805840070743,-5.0353719736122));
#12373=CARTESIAN_POINT('',(15.,7.55805840070743,-5.0353719736122));
#12374=CARTESIAN_POINT('',(15.,7.49816243533942,-4.97560459369197));
#12375=CARTESIAN_POINT('',(15.,7.49816243533942,-4.97560459369197));
#12376=CARTESIAN_POINT('',(15.,7.45027055064056,-4.90786905949426));
#12377=CARTESIAN_POINT('',(15.,7.45027055064056,-4.90786905949426));
#12378=CARTESIAN_POINT('',(15.,7.4152372179582,-4.83383283508556));
#12379=CARTESIAN_POINT('',(15.,7.4152372179582,-4.83383283508556));
#12380=CARTESIAN_POINT('',(15.,7.39424459471038,-4.75557402785853));
#12381=CARTESIAN_POINT('',(15.,7.39424459471038,-4.75557402785853));
#12382=CARTESIAN_POINT('',(15.,7.38725120157315,-4.67303456717855));
#12383=CARTESIAN_POINT('',(15.,33.98893407222,-3.455));
#12384=CARTESIAN_POINT('',(0.,29.8025885716889,4.43925151528824));
#12385=CARTESIAN_POINT('',(0.,10.4,-5.85000000000005));
#12386=CARTESIAN_POINT('',(0.,7.0999999999997,-7.6));
#12387=CARTESIAN_POINT('',(0.,0.,-7.6));
#12388=CARTESIAN_POINT('',(0.,0.4,-7.6));
#12389=CARTESIAN_POINT('',(0.,0.4,-7.6));
#12390=CARTESIAN_POINT('',(0.,0.4,-6.7400000005));
#12391=CARTESIAN_POINT('',(0.,0.,-6.7400000005));
#12392=CARTESIAN_POINT('',(0.,7.1,-6.7400000005));
#12393=CARTESIAN_POINT('',(0.,7.1,-6.0600000005));
#12394=CARTESIAN_POINT('',(0.,7.1,-6.0600000005));
#12395=CARTESIAN_POINT('',(0.,0.,-6.0600000005));
#12396=CARTESIAN_POINT('',(0.,0.4,-6.0600000005));
#12397=CARTESIAN_POINT('',(0.,0.4,-6.0600000005));
#12398=CARTESIAN_POINT('',(0.,0.4,0.));
#12399=CARTESIAN_POINT('',(0.,7.1,0.));
#12400=CARTESIAN_POINT('',(0.,7.1,0.));
#12401=CARTESIAN_POINT('',(0.,7.1,0.));
#12402=CARTESIAN_POINT('',(0.,10.4,-1.059999999999));
#12403=CARTESIAN_POINT('',(0.,10.4,-1.059999999999));
#12404=CARTESIAN_POINT('',(0.,33.98893407222,-3.455));
#12405=CARTESIAN_POINT('',(12.9954683775545,-3.9,-3.16716462494155));
#12406=CARTESIAN_POINT('',(12.9954683775545,0.8,-3.16716462494156));
#12407=CARTESIAN_POINT('',(12.9954683775545,1.,-3.16716462494155));
#12408=CARTESIAN_POINT('',(12.9954683775545,1.,-3.16716462494155));
#12409=CARTESIAN_POINT('',(13.0139358263258,1.02119422152033,-3.18870980413542));
#12410=CARTESIAN_POINT('',(13.0320781513799,1.04306310037249,-3.20987567545431));
#12411=CARTESIAN_POINT('',(13.0499999999937,1.06533577634894,-3.2307843263812));
#12412=CARTESIAN_POINT('',(13.0499999999937,1.06533577634894,-3.2307843263812));
#12413=CARTESIAN_POINT('',(13.0499999999937,1.2,-3.2307843263812));
#12414=CARTESIAN_POINT('',(13.0499999999937,0.8,-3.2307843263812));
#12415=CARTESIAN_POINT('',(12.9594390631807,0.8,-3.12513077153679));
#12416=CARTESIAN_POINT('',(13.0499999999937,1.2,-3.2307843263812));
#12417=CARTESIAN_POINT('',(13.0147093931351,1.2,-2.62558010094596));
#12418=CARTESIAN_POINT('',(12.9966872832261,1.12771219797266,-2.71268713892485));
#12419=CARTESIAN_POINT('',(12.9781405831143,1.05738059818496,-2.80232970126503));
#12420=CARTESIAN_POINT('',(12.9580372589362,1.,-2.89949596157125));
#12421=CARTESIAN_POINT('',(12.9580372589362,1.,-2.89949596157125));
#12422=CARTESIAN_POINT('',(12.9580372589362,-3.9,-2.89949596157125));
#12423=CARTESIAN_POINT('',(12.9580372589362,0.8,-2.89949596157132));
#12424=CARTESIAN_POINT('',(13.05,0.8,-2.45500849484716));
#12425=CARTESIAN_POINT('',(13.0499999999937,0.8,-2.45500849484716));
#12426=CARTESIAN_POINT('',(13.05,1.2,-2.45500849484715));
#12427=CARTESIAN_POINT('',(12.9510369750251,1.2,-2.933330734502));
#12428=CARTESIAN_POINT('',(12.0419627410661,-3.9,-2.89949596156615));
#12429=CARTESIAN_POINT('',(12.0419627410661,0.8,-2.89949596156614));
#12430=CARTESIAN_POINT('',(12.0419627410661,1.,-2.89949596156615));
#12431=CARTESIAN_POINT('',(12.0419627410661,1.,-2.89949596156615));
#12432=CARTESIAN_POINT('',(12.0218594168881,1.05738059818534,-2.80232970126082));
#12433=CARTESIAN_POINT('',(12.0033127167764,1.12771219797287,-2.71268713892134));
#12434=CARTESIAN_POINT('',(11.9852906068675,1.2,-2.62558010094304));
#12435=CARTESIAN_POINT('',(11.95,1.2,-2.45500849483106));
#12436=CARTESIAN_POINT('',(11.95,0.8,-2.45500849483106));
#12437=CARTESIAN_POINT('',(12.0489630249782,0.8,-2.933330734502));
#12438=CARTESIAN_POINT('',(11.95,1.2,-2.45500849483106));
#12439=CARTESIAN_POINT('',(11.95,1.2,-3.23078432638855));
#12440=CARTESIAN_POINT('',(11.95,1.06533577635677,-3.23078432638855));
#12441=CARTESIAN_POINT('',(11.95,0.8,-3.23078432638855));
#12442=CARTESIAN_POINT('',(11.95,1.06533577635677,-3.23078432638855));
#12443=CARTESIAN_POINT('',(11.9679218486159,1.04306310037762,-3.20987567545927));
#12444=CARTESIAN_POINT('',(11.986064173672,1.02119422152282,-3.18870980413795));
#12445=CARTESIAN_POINT('',(12.0045316224455,1.,-3.16716462494156));
#12446=CARTESIAN_POINT('',(12.0045316224455,1.,-3.16716462494156));
#12447=CARTESIAN_POINT('',(12.0045316224455,-3.9,-3.16716462494156));
#12448=CARTESIAN_POINT('',(12.0045316224455,0.8,-3.16716462494155));
#12449=CARTESIAN_POINT('',(11.95,0.8,-3.23078432638855));
#12450=CARTESIAN_POINT('',(12.0405609368193,1.2,-3.12513077153679));
#12451=CARTESIAN_POINT('',(7.99546837755447,-3.9,-3.16716462494155));
#12452=CARTESIAN_POINT('',(7.99546837755447,0.8,-3.16716462494155));
#12453=CARTESIAN_POINT('',(7.99546837755447,1.,-3.16716462494155));
#12454=CARTESIAN_POINT('',(7.99546837755447,1.,-3.16716462494155));
#12455=CARTESIAN_POINT('',(8.01393582632583,1.02119422152033,-3.18870980413542));
#12456=CARTESIAN_POINT('',(8.03207815137986,1.04306310037249,-3.20987567545431));
#12457=CARTESIAN_POINT('',(8.0499999999937,1.06533577634894,-3.2307843263812));
#12458=CARTESIAN_POINT('',(8.0499999999937,1.06533577634894,-3.2307843263812));
#12459=CARTESIAN_POINT('',(8.0499999999937,1.2,-3.2307843263812));
#12460=CARTESIAN_POINT('',(8.0499999999937,0.8,-3.2307843263812));
#12461=CARTESIAN_POINT('',(7.95943906318071,0.8,-3.12513077153679));
#12462=CARTESIAN_POINT('',(8.0499999999937,1.2,-3.2307843263812));
#12463=CARTESIAN_POINT('',(8.01470939313518,1.2,-2.62558010094599));
#12464=CARTESIAN_POINT('',(7.99668728322615,1.12771219797266,-2.7126871389249));
#12465=CARTESIAN_POINT('',(7.97814058311435,1.05738059818496,-2.80232970126508));
#12466=CARTESIAN_POINT('',(7.9580372589362,1.,-2.89949596157132));
#12467=CARTESIAN_POINT('',(7.9580372589362,1.,-2.89949596157132));
#12468=CARTESIAN_POINT('',(7.9580372589362,-3.9,-2.89949596157132));
#12469=CARTESIAN_POINT('',(7.9580372589362,0.8,-2.89949596157132));
#12470=CARTESIAN_POINT('',(8.05,0.8,-2.45500849484716));
#12471=CARTESIAN_POINT('',(8.0499999999937,0.8,-2.45500849484716));
#12472=CARTESIAN_POINT('',(8.05,1.2,-2.45500849484715));
#12473=CARTESIAN_POINT('',(7.95103697502514,1.2,-2.933330734502));
#12474=CARTESIAN_POINT('',(7.04196274106606,-3.9,-2.89949596156615));
#12475=CARTESIAN_POINT('',(7.04196274106606,0.8,-2.89949596156615));
#12476=CARTESIAN_POINT('',(7.04196274106606,1.,-2.89949596156615));
#12477=CARTESIAN_POINT('',(7.04196274106606,1.,-2.89949596156615));
#12478=CARTESIAN_POINT('',(7.0218594168881,1.05738059818534,-2.80232970126082));
#12479=CARTESIAN_POINT('',(7.00331271677645,1.12771219797287,-2.71268713892134));
#12480=CARTESIAN_POINT('',(6.98529060686754,1.2,-2.62558010094304));
#12481=CARTESIAN_POINT('',(6.95,1.2,-2.45500849483106));
#12482=CARTESIAN_POINT('',(6.95,0.8,-2.45500849483106));
#12483=CARTESIAN_POINT('',(7.04896302497819,0.8,-2.933330734502));
#12484=CARTESIAN_POINT('',(6.95,1.2,-2.45500849483106));
#12485=CARTESIAN_POINT('',(6.95,1.2,-3.23078432638855));
#12486=CARTESIAN_POINT('',(6.95,1.06533577635676,-3.23078432638855));
#12487=CARTESIAN_POINT('',(6.95,0.8,-3.23078432638855));
#12488=CARTESIAN_POINT('',(6.95,1.06533577635676,-3.23078432638855));
#12489=CARTESIAN_POINT('',(6.96792184861588,1.04306310037762,-3.20987567545927));
#12490=CARTESIAN_POINT('',(6.98606417367201,1.02119422152282,-3.18870980413795));
#12491=CARTESIAN_POINT('',(7.00453162244553,1.,-3.16716462494156));
#12492=CARTESIAN_POINT('',(7.00453162244553,1.,-3.16716462494156));
#12493=CARTESIAN_POINT('',(7.00453162244553,-3.9,-3.16716462494156));
#12494=CARTESIAN_POINT('',(7.00453162244553,0.8,-3.16716462494155));
#12495=CARTESIAN_POINT('',(6.95,0.8,-3.23078432638855));
#12496=CARTESIAN_POINT('',(7.0405609368193,1.2,-3.12513077153679));
#12497=CARTESIAN_POINT('',(2.99546837755447,-3.9,-3.16716462494155));
#12498=CARTESIAN_POINT('',(2.99546837755447,0.8,-3.16716462494155));
#12499=CARTESIAN_POINT('',(2.99546837755447,1.,-3.16716462494155));
#12500=CARTESIAN_POINT('',(2.99546837755447,1.,-3.16716462494155));
#12501=CARTESIAN_POINT('',(3.01393582632583,1.02119422152033,-3.18870980413542));
#12502=CARTESIAN_POINT('',(3.03207815137986,1.04306310037249,-3.20987567545431));
#12503=CARTESIAN_POINT('',(3.0499999999937,1.06533577634894,-3.2307843263812));
#12504=CARTESIAN_POINT('',(3.0499999999937,1.06533577634894,-3.2307843263812));
#12505=CARTESIAN_POINT('',(3.0499999999937,1.2,-3.2307843263812));
#12506=CARTESIAN_POINT('',(3.0499999999937,0.8,-3.2307843263812));
#12507=CARTESIAN_POINT('',(2.95943906318071,0.8,-3.12513077153679));
#12508=CARTESIAN_POINT('',(3.0499999999937,1.2,-3.2307843263812));
#12509=CARTESIAN_POINT('',(3.01470939313518,1.2,-2.62558010094599));
#12510=CARTESIAN_POINT('',(2.99668728322615,1.12771219797266,-2.71268713892489));
#12511=CARTESIAN_POINT('',(2.97814058311435,1.05738059818496,-2.80232970126507));
#12512=CARTESIAN_POINT('',(2.9580372589362,1.,-2.89949596157131));
#12513=CARTESIAN_POINT('',(2.9580372589362,1.,-2.89949596157131));
#12514=CARTESIAN_POINT('',(2.9580372589362,-3.9,-2.89949596157131));
#12515=CARTESIAN_POINT('',(2.9580372589362,0.8,-2.89949596157132));
#12516=CARTESIAN_POINT('',(3.05,0.8,-2.45500849484716));
#12517=CARTESIAN_POINT('',(3.0499999999937,0.8,-2.45500849484716));
#12518=CARTESIAN_POINT('',(3.05,1.2,-2.45500849484715));
#12519=CARTESIAN_POINT('',(2.95103697502514,1.2,-2.933330734502));
#12520=CARTESIAN_POINT('',(2.04196274106606,-3.9,-2.89949596156615));
#12521=CARTESIAN_POINT('',(2.04196274106606,0.8,-2.89949596156615));
#12522=CARTESIAN_POINT('',(2.04196274106606,1.,-2.89949596156615));
#12523=CARTESIAN_POINT('',(2.04196274106606,1.,-2.89949596156615));
#12524=CARTESIAN_POINT('',(2.0218594168881,1.05738059818534,-2.80232970126082));
#12525=CARTESIAN_POINT('',(2.00331271677645,1.12771219797287,-2.71268713892134));
#12526=CARTESIAN_POINT('',(1.98529060686754,1.2,-2.62558010094304));
#12527=CARTESIAN_POINT('',(1.95,1.2,-2.45500849483106));
#12528=CARTESIAN_POINT('',(1.95,0.8,-2.45500849483106));
#12529=CARTESIAN_POINT('',(2.04896302497819,0.8,-2.933330734502));
#12530=CARTESIAN_POINT('',(1.95,1.2,-2.45500849483106));
#12531=CARTESIAN_POINT('',(1.95,1.2,-3.23078432638855));
#12532=CARTESIAN_POINT('',(1.95,1.06533577635677,-3.23078432638855));
#12533=CARTESIAN_POINT('',(1.95,0.8,-3.23078432638855));
#12534=CARTESIAN_POINT('',(1.95,1.06533577635677,-3.23078432638855));
#12535=CARTESIAN_POINT('',(1.96792184861588,1.04306310037762,-3.20987567545927));
#12536=CARTESIAN_POINT('',(1.98606417367201,1.02119422152282,-3.18870980413795));
#12537=CARTESIAN_POINT('',(2.00453162244553,1.,-3.16716462494156));
#12538=CARTESIAN_POINT('',(2.00453162244553,1.,-3.16716462494156));
#12539=CARTESIAN_POINT('',(2.00453162244553,-3.9,-3.16716462494156));
#12540=CARTESIAN_POINT('',(2.00453162244553,0.8,-3.16716462494155));
#12541=CARTESIAN_POINT('',(1.95,0.8,-3.23078432638855));
#12542=CARTESIAN_POINT('',(2.0405609368193,1.2,-3.12513077153679));
#12543=CARTESIAN_POINT('',(8.05,1.12649820430707,-3.39999999999996));
#12544=CARTESIAN_POINT('',(8.05,1.10810300511157,-3.3615848024538));
#12545=CARTESIAN_POINT('',(8.05,1.09184774440664,-3.32197727696249));
#12546=CARTESIAN_POINT('',(8.05,1.07912076857348,-3.2813308153441));
#12547=CARTESIAN_POINT('',(8.05,1.07390232312175,-3.26466453534621));
#12548=CARTESIAN_POINT('',(8.0499999999937,1.0692719668922,-3.24779912775847));
#12549=CARTESIAN_POINT('',(8.0499999999937,1.06533577634894,-3.2307843263812));
#12550=CARTESIAN_POINT('',(8.05,1.12649820430707,-3.39999999999996));
#12551=CARTESIAN_POINT('',(8.05,0.,-3.4));
#12552=CARTESIAN_POINT('',(8.05,0.4,-3.4));
#12553=CARTESIAN_POINT('',(8.05,0.4,-3.4));
#12554=CARTESIAN_POINT('',(8.0499999999937,0.4,-3.2307843263812));
#12555=CARTESIAN_POINT('',(8.05,0.4,0.));
#12556=CARTESIAN_POINT('',(8.05,0.4,0.));
#12557=CARTESIAN_POINT('',(8.05,0.,0.));
#12558=CARTESIAN_POINT('',(8.0499999999937,0.8,-3.2307843263812));
#12559=CARTESIAN_POINT('',(8.05,1.2,0.));
#12560=CARTESIAN_POINT('',(6.95,1.06533577635676,-3.23078432638855));
#12561=CARTESIAN_POINT('',(6.95,1.06927196688522,-3.24779912770107));
#12562=CARTESIAN_POINT('',(6.95,1.07390232308904,-3.26466453522671));
#12563=CARTESIAN_POINT('',(6.95,1.07912076851664,-3.28133081516255));
#12564=CARTESIAN_POINT('',(6.95,1.09184774435843,-3.32197727684524));
#12565=CARTESIAN_POINT('',(6.95,1.10810300508481,-3.3615848023981));
#12566=CARTESIAN_POINT('',(6.95,1.12649820430799,-3.4000000000019));
#12567=CARTESIAN_POINT('',(6.95,1.12649820430799,-3.4000000000019));
#12568=CARTESIAN_POINT('',(6.95,0.8,-2.45500849483106));
#12569=CARTESIAN_POINT('',(6.95,1.2,0.));
#12570=CARTESIAN_POINT('',(6.95,1.2,0.));
#12571=CARTESIAN_POINT('',(6.95,0.,0.));
#12572=CARTESIAN_POINT('',(6.95,0.4,0.));
#12573=CARTESIAN_POINT('',(6.95,0.4,-3.4));
#12574=CARTESIAN_POINT('',(6.95,0.4,-3.40000000000095));
#12575=CARTESIAN_POINT('',(6.95,1.2,-3.400000000002));
#12576=CARTESIAN_POINT('',(6.95,1.2,-3.4));
#12577=CARTESIAN_POINT('',(3.05,1.12649820430707,-3.39999999999998));
#12578=CARTESIAN_POINT('',(3.05,1.10810300511157,-3.36158480245381));
#12579=CARTESIAN_POINT('',(3.05,1.09184774440664,-3.3219772769625));
#12580=CARTESIAN_POINT('',(3.05,1.07912076857348,-3.28133081534411));
#12581=CARTESIAN_POINT('',(3.05,1.07390232312174,-3.26466453534621));
#12582=CARTESIAN_POINT('',(3.0499999999937,1.06927196689221,-3.24779912775847));
#12583=CARTESIAN_POINT('',(3.0499999999937,1.06533577634894,-3.2307843263812));
#12584=CARTESIAN_POINT('',(3.05,1.12649820430707,-3.39999999999998));
#12585=CARTESIAN_POINT('',(3.05,0.,-3.4));
#12586=CARTESIAN_POINT('',(3.05,0.4,-3.4));
#12587=CARTESIAN_POINT('',(3.05,0.4,-3.4));
#12588=CARTESIAN_POINT('',(3.0499999999937,0.4,-3.2307843263812));
#12589=CARTESIAN_POINT('',(3.05,0.4,0.));
#12590=CARTESIAN_POINT('',(3.05,0.4,0.));
#12591=CARTESIAN_POINT('',(3.05,0.,0.));
#12592=CARTESIAN_POINT('',(3.0499999999937,0.8,-3.2307843263812));
#12593=CARTESIAN_POINT('',(3.05,1.2,0.));
#12594=CARTESIAN_POINT('',(1.95,1.06533577635677,-3.23078432638855));
#12595=CARTESIAN_POINT('',(1.95,1.06927196688516,-3.24779912770079));
#12596=CARTESIAN_POINT('',(1.95,1.07390232308888,-3.26466453522615));
#12597=CARTESIAN_POINT('',(1.95,1.07912076851638,-3.28133081516173));
#12598=CARTESIAN_POINT('',(1.95,1.09184774435811,-3.32197727684437));
#12599=CARTESIAN_POINT('',(1.95,1.10810300508442,-3.36158480239719));
#12600=CARTESIAN_POINT('',(1.95,1.12649820430754,-3.40000000000095));
#12601=CARTESIAN_POINT('',(1.95,1.12649820430754,-3.40000000000095));
#12602=CARTESIAN_POINT('',(1.95,0.8,-2.45500849483106));
#12603=CARTESIAN_POINT('',(1.95,1.2,0.));
#12604=CARTESIAN_POINT('',(1.95,1.2,0.));
#12605=CARTESIAN_POINT('',(1.95,0.,0.));
#12606=CARTESIAN_POINT('',(1.95,0.4,0.));
#12607=CARTESIAN_POINT('',(1.95,0.4,-3.4));
#12608=CARTESIAN_POINT('',(1.95,0.4,-3.40000000000048));
#12609=CARTESIAN_POINT('',(1.95,1.2,-3.400000000001));
#12610=CARTESIAN_POINT('',(1.95,1.2,-3.4));
#12611=CARTESIAN_POINT('',(13.05,0.4,-3.4));
#12612=CARTESIAN_POINT('',(13.05,0.4,0.));
#12613=CARTESIAN_POINT('',(13.0499999999937,0.4,-3.2307843263812));
#12614=CARTESIAN_POINT('',(13.04999999999,0.4,-3.200000000054));
#12615=CARTESIAN_POINT('',(13.05,0.4,-3.4));
#12616=CARTESIAN_POINT('',(12.5,0.4,-3.4));
#12617=CARTESIAN_POINT('',(11.95,0.4,-3.39999999999989));
#12618=CARTESIAN_POINT('',(11.95,0.4,0.));
#12619=CARTESIAN_POINT('',(11.95,0.4,0.));
#12620=CARTESIAN_POINT('',(8.05,0.4,0.));
#12621=CARTESIAN_POINT('',(7.5,0.4,-3.4));
#12622=CARTESIAN_POINT('',(3.05,0.4,0.));
#12623=CARTESIAN_POINT('',(2.5,0.4,-3.4));
#12624=CARTESIAN_POINT('',(0.,0.4,0.));
#12625=CARTESIAN_POINT('',(0.,0.4,-6.0600000005));
#12626=CARTESIAN_POINT('',(-0.462249005650281,0.4,-5.87323954390545));
#12627=CARTESIAN_POINT('',(-0.5,0.4,-5.96584036185));
#12628=CARTESIAN_POINT('',(-0.5,0.4,-5.86584036185));
#12629=CARTESIAN_POINT('',(-0.5,0.4,-5.96584036185));
#12630=CARTESIAN_POINT('',(-0.6,0.4,-5.96584036185));
#12631=CARTESIAN_POINT('',(-0.6,0.4,-6.83415963915));
#12632=CARTESIAN_POINT('',(-0.6,0.4,-6.83415963915));
#12633=CARTESIAN_POINT('',(-0.5,0.4,-6.83415963915));
#12634=CARTESIAN_POINT('',(-0.5,0.4,-6.93415963915));
#12635=CARTESIAN_POINT('',(-0.5,0.4,-6.83415963915));
#12636=CARTESIAN_POINT('',(-0.4622489130505,0.4,-6.926760684236));
#12637=CARTESIAN_POINT('',(-0.4622489130505,0.4,-6.926760684236));
#12638=CARTESIAN_POINT('',(0.,0.4,-7.6));
#12639=CARTESIAN_POINT('',(15.,0.4,-6.7600000005));
#12640=CARTESIAN_POINT('',(14.5374606593416,0.4,-6.94687802460648));
#12641=CARTESIAN_POINT('',(14.5,0.4,-6.85415963914973));
#12642=CARTESIAN_POINT('',(14.4,0.4,-6.85415963914973));
#12643=CARTESIAN_POINT('',(14.4,0.4,-6.982415736001));
#12644=CARTESIAN_POINT('',(14.4,0.4,-5.94584036185019));
#12645=CARTESIAN_POINT('',(14.5,0.4,-5.94584036185019));
#12646=CARTESIAN_POINT('',(14.5374606593416,0.4,-5.85312197639358));
#12647=CARTESIAN_POINT('',(14.4,0.4,-5.797584264999));
#12648=CARTESIAN_POINT('',(13.05,0.4,0.));
#12649=CARTESIAN_POINT('',(-5.917705863751,0.4,0.));
#12650=CARTESIAN_POINT('',(14.4,7.1,-7.002415736001));
#12651=CARTESIAN_POINT('',(14.5374606593416,7.1,-6.94687802460641));
#12652=CARTESIAN_POINT('',(14.5374606593416,0.4,-6.94687802460641));
#12653=CARTESIAN_POINT('',(14.4,6.7,-7.002415736001));
#12654=CARTESIAN_POINT('',(14.4,7.1,-6.85415963914973));
#12655=CARTESIAN_POINT('',(14.4,7.1,-6.85415963914973));
#12656=CARTESIAN_POINT('',(14.4,7.1,-5.817584264999));
#12657=CARTESIAN_POINT('',(14.4,7.1,-5.94584036185019));
#12658=CARTESIAN_POINT('',(14.4,0.4,-5.94584036185019));
#12659=CARTESIAN_POINT('',(14.4,6.7,-5.817584264999));
#12660=CARTESIAN_POINT('',(14.5374606593416,7.1,-5.85312197639351));
#12661=CARTESIAN_POINT('',(14.5374606593416,7.1,-5.85312197639351));
#12662=CARTESIAN_POINT('',(15.,7.1,-6.0400000005));
#12663=CARTESIAN_POINT('',(15.,6.7,-6.0400000005));
#12664=CARTESIAN_POINT('',(14.5,7.1,-6.85415963914973));
#12665=CARTESIAN_POINT('',(14.5,7.1,-5.94584036185019));
#12666=CARTESIAN_POINT('',(0.,7.1,0.));
#12667=CARTESIAN_POINT('',(0.450000000001,1.2,0.));
#12668=CARTESIAN_POINT('',(0.450000000001,1.2,0.));
#12669=CARTESIAN_POINT('',(4.550000000001,6.2,0.));
#12670=CARTESIAN_POINT('',(6.95,1.2,0.));
#12671=CARTESIAN_POINT('',(5.450000000001,1.2,0.));
#12672=CARTESIAN_POINT('',(5.450000000001,1.2,0.));
#12673=CARTESIAN_POINT('',(9.550000000001,6.2,0.));
#12674=CARTESIAN_POINT('',(11.95,0.,0.));
#12675=CARTESIAN_POINT('',(11.95,1.2,0.));
#12676=CARTESIAN_POINT('',(11.95,1.2,0.));
#12677=CARTESIAN_POINT('',(10.45,1.2,0.));
#12678=CARTESIAN_POINT('',(10.45,1.2,0.));
#12679=CARTESIAN_POINT('',(14.55,6.2,0.));
#12680=CARTESIAN_POINT('',(13.05,0.,0.));
#12681=CARTESIAN_POINT('',(0.,7.1,0.));
#12682=CARTESIAN_POINT('',(1.95,1.2,0.));
#12683=CARTESIAN_POINT('',(15.,7.1,0.));
#12684=CARTESIAN_POINT('',(14.4,1.2,-0.458063100005839));
#12685=CARTESIAN_POINT('',(0.450000000001,1.2,-0.458063100005839));
#12686=CARTESIAN_POINT('',(0.450000000001,1.2,-5.4));
#12687=CARTESIAN_POINT('',(0.450000000001,1.2,-5.4));
#12688=CARTESIAN_POINT('',(3.05,1.12649820430707,-3.39999999999998));
#12689=CARTESIAN_POINT('',(3.05,1.15241623018382,-3.45412532223654));
#12690=CARTESIAN_POINT('',(3.04185461188091,1.17726140345467,-3.50944327472756));
#12691=CARTESIAN_POINT('',(3.02544623892459,1.2,-3.5625));
#12692=CARTESIAN_POINT('',(1.97455376107541,1.2,-3.5625));
#12693=CARTESIAN_POINT('',(1.95814538811918,1.1772614034548,-3.50944327472788));
#12694=CARTESIAN_POINT('',(1.95000000000009,1.15241623018412,-3.4541253222372));
#12695=CARTESIAN_POINT('',(1.95,1.12649820430754,-3.40000000000095));
#12696=CARTESIAN_POINT('',(2.5,1.2,-3.4));
#12697=CARTESIAN_POINT('',(0.450000000001,6.19999999999999,-0.458063100005833));
#12698=CARTESIAN_POINT('',(0.450000000001,6.2,-5.4));
#12699=CARTESIAN_POINT('',(12.5,10.4,-3.4));
#12700=CARTESIAN_POINT('',(12.5,10.4,-5.165));
#12701=CARTESIAN_POINT('',(7.5,10.4,-3.4));
#12702=CARTESIAN_POINT('',(7.5,10.4,-5.165));
#12703=CARTESIAN_POINT('',(2.5,10.4,-3.4));
#12704=CARTESIAN_POINT('',(2.5,10.4,-5.165));
#12705=CARTESIAN_POINT('',(14.99,10.4,-5.85000000000005));
#12706=CARTESIAN_POINT('',(0.,10.4,-1.059999999999));
#12707=CARTESIAN_POINT('',(15.,10.4,-5.85));
#12708=CARTESIAN_POINT('',(14.4,1.2,-0.458063100005839));
#12709=CARTESIAN_POINT('',(5.450000000001,1.2,-0.458063100005839));
#12710=CARTESIAN_POINT('',(5.450000000001,1.2,-5.4));
#12711=CARTESIAN_POINT('',(5.450000000001,1.2,-5.4));
#12712=CARTESIAN_POINT('',(8.05,1.12649820430707,-3.39999999999996));
#12713=CARTESIAN_POINT('',(8.05,1.15241623018379,-3.45412532223648));
#12714=CARTESIAN_POINT('',(8.04185461188104,1.17726140345469,-3.50944327472742));
#12715=CARTESIAN_POINT('',(8.02544623892475,1.2,-3.56249999999982));
#12716=CARTESIAN_POINT('',(6.97455376107525,1.2,-3.56249999999982));
#12717=CARTESIAN_POINT('',(6.95814538811916,1.17726140345496,-3.50944327472805));
#12718=CARTESIAN_POINT('',(6.95000000000019,1.15241623018438,-3.45412532223779));
#12719=CARTESIAN_POINT('',(6.95,1.12649820430799,-3.4000000000019));
#12720=CARTESIAN_POINT('',(7.5,1.2,-3.4));
#12721=CARTESIAN_POINT('',(5.450000000001,6.19999999999999,-0.458063100005833));
#12722=CARTESIAN_POINT('',(5.450000000001,6.2,-5.4));
#12723=CARTESIAN_POINT('',(9.550000000001,1.19999999999999,-0.458063100005839));
#12724=CARTESIAN_POINT('',(9.550000000001,1.2,-5.4));
#12725=CARTESIAN_POINT('',(7.5,6.2,-6.999999999999));
#12726=CARTESIAN_POINT('',(7.49999999999998,7.98591850529009,-6.99999999999927));
#12727=CARTESIAN_POINT('',(7.49999999999997,8.23142857142972,-6.9999999999993));
#12728=CARTESIAN_POINT('',(7.5,7.98591850529009,-6.449999999999));
#12729=CARTESIAN_POINT('',(7.5,7.98591850529009,-5.899999999999));
#12730=CARTESIAN_POINT('',(7.5,6.2,-5.9));
#12731=CARTESIAN_POINT('',(7.5,10.3057142857149,-5.8999999999997));
#12732=CARTESIAN_POINT('',(7.5,9.26857142857328,-6.449999999999));
#12733=CARTESIAN_POINT('',(7.5,6.2,-6.449999999999));
#12734=CARTESIAN_POINT('',(7.5,7.98591850529009,-6.449999999999));
#12735=CARTESIAN_POINT('',(7.5,9.26857142857328,-6.449999999999));
#12736=CARTESIAN_POINT('',(7.5,6.2,-6.449999999999));
#12737=CARTESIAN_POINT('',(15.,7.0999999999997,-7.6));
#12738=CARTESIAN_POINT('',(12.5,9.26857142857328,-6.449999999999));
#12739=CARTESIAN_POINT('',(12.5,10.3057142857149,-5.89999999999973));
#12740=CARTESIAN_POINT('',(12.5,8.23142857142974,-6.99999999999929));
#12741=CARTESIAN_POINT('',(12.5,9.26857142857328,-6.449999999999));
#12742=CARTESIAN_POINT('',(2.49,9.26839998583157,-6.45009091660445));
#12743=CARTESIAN_POINT('',(2.49867885017578,10.3054461008508,-5.90016018554065));
#12744=CARTESIAN_POINT('',(2.49999999999998,8.23142857143001,-6.99999999999915));
#12745=CARTESIAN_POINT('',(2.49,9.26839998583157,-6.45009091660445));
#12746=CARTESIAN_POINT('',(14.99,7.09982855725799,-7.60009091660545));
#12747=CARTESIAN_POINT('',(2.49999669558022,6.2,-5.90018177312939));
#12748=CARTESIAN_POINT('',(2.49999669558022,7.98591850529009,-5.90018177312939));
#12749=CARTESIAN_POINT('',(2.49,7.98591850529009,-6.45009091660445));
#12750=CARTESIAN_POINT('',(2.49999999999999,7.98591850529009,-6.99999999999915));
#12751=CARTESIAN_POINT('',(2.5,6.2,-6.999999999999));
#12752=CARTESIAN_POINT('',(2.49,6.19982855725799,-6.45009091660445));
#12753=CARTESIAN_POINT('',(2.49,7.98591850529009,-6.45009091660445));
#12754=CARTESIAN_POINT('',(2.49,6.2,-6.45009091660445));
#12755=CARTESIAN_POINT('',(4.550000000001,1.19999999999999,-0.458063100005839));
#12756=CARTESIAN_POINT('',(4.550000000001,1.2,-5.4));
#12757=CARTESIAN_POINT('',(12.5,6.2,-5.9));
#12758=CARTESIAN_POINT('',(12.5,7.98591850529009,-5.89999999999988));
#12759=CARTESIAN_POINT('',(12.5,7.98591850529009,-6.449999999999));
#12760=CARTESIAN_POINT('',(12.5,7.98591850529009,-6.999999999999));
#12761=CARTESIAN_POINT('',(12.5,6.2,-6.999999999999));
#12762=CARTESIAN_POINT('',(12.5,6.2,-6.449999999999));
#12763=CARTESIAN_POINT('',(12.5,7.98591850529009,-6.449999999999));
#12764=CARTESIAN_POINT('',(12.5,6.2,-6.449999999999));
#12765=CARTESIAN_POINT('',(11.95000015983,1.2,-2.550001544988));
#12766=CARTESIAN_POINT('',(14.4,1.2,-0.458063100005839));
#12767=CARTESIAN_POINT('',(10.45,1.2,-0.458063100005839));
#12768=CARTESIAN_POINT('',(10.45,1.2,-5.4));
#12769=CARTESIAN_POINT('',(10.45,1.2,-5.4));
#12770=CARTESIAN_POINT('',(10.45,6.19999999999999,-0.458063100005833));
#12771=CARTESIAN_POINT('',(10.45,6.2,-5.4));
#12772=CARTESIAN_POINT('',(14.55,1.19999999999999,-0.458063100005839));
#12773=CARTESIAN_POINT('',(14.55,1.2,-5.4));
#12774=CARTESIAN_POINT('',(13.0499999999937,1.06533577634894,-3.2307843263812));
#12775=CARTESIAN_POINT('',(13.0499999999937,1.0692719668922,-3.24779912775847));
#12776=CARTESIAN_POINT('',(13.05,1.07390232312174,-3.26466453534621));
#12777=CARTESIAN_POINT('',(13.05,1.07912076857348,-3.2813308153441));
#12778=CARTESIAN_POINT('',(13.05,1.09184774440661,-3.32197727696239));
#12779=CARTESIAN_POINT('',(13.05,1.10810300511149,-3.3615848024536));
#12780=CARTESIAN_POINT('',(13.05,1.12649820430693,-3.39999999999968));
#12781=CARTESIAN_POINT('',(13.05,1.12649820430693,-3.39999999999968));
#12782=CARTESIAN_POINT('',(13.05,0.,-3.4));
#12783=CARTESIAN_POINT('',(13.0499999999937,0.8,-3.2307843263812));
#12784=CARTESIAN_POINT('',(13.05,1.2,-3.4));
#12785=CARTESIAN_POINT('',(13.05,1.12649820430693,-3.39999999999968));
#12786=CARTESIAN_POINT('',(13.05,1.15241623018376,-3.4541253222364));
#12787=CARTESIAN_POINT('',(13.0418546118808,1.17726140345461,-3.5094432747276));
#12788=CARTESIAN_POINT('',(13.0254462389244,1.2,-3.56250000000018));
#12789=CARTESIAN_POINT('',(11.9745537610756,1.2,-3.56250000000018));
#12790=CARTESIAN_POINT('',(11.9581453881192,1.17726140345465,-3.5094432747277));
#12791=CARTESIAN_POINT('',(11.95,1.15241623018386,-3.45412532223661));
#12792=CARTESIAN_POINT('',(11.95,1.12649820430708,-3.39999999999999));
#12793=CARTESIAN_POINT('',(11.95,1.12649820430708,-3.39999999999999));
#12794=CARTESIAN_POINT('',(11.95,1.2,-3.4));
#12795=CARTESIAN_POINT('',(12.5,1.2,-3.4));
#12796=CARTESIAN_POINT('',(11.95,1.12649820430708,-3.39999999999999));
#12797=CARTESIAN_POINT('',(11.95,1.10810300508402,-3.36158480239626));
#12798=CARTESIAN_POINT('',(11.95,1.09184774435778,-3.32197727684349));
#12799=CARTESIAN_POINT('',(11.95,1.07912076851612,-3.28133081516089));
#12800=CARTESIAN_POINT('',(11.95,1.07390232308873,-3.26466453522558));
#12801=CARTESIAN_POINT('',(11.95,1.06927196688509,-3.24779912770051));
#12802=CARTESIAN_POINT('',(11.95,1.06533577635677,-3.23078432638855));
#12803=CARTESIAN_POINT('',(11.95,0.8,-2.45500849483106));
#12804=CARTESIAN_POINT('',(11.95,1.2,0.));
#12805=CARTESIAN_POINT('',(-0.4622489130505,6.7,-6.926760684236));
#12806=CARTESIAN_POINT('',(-0.4622489130505,7.1,-6.926760684236));
#12807=CARTESIAN_POINT('',(0.,7.1,-6.7400000005));
#12808=CARTESIAN_POINT('',(-0.4625393406584,6.7,-6.926878024607));
#12809=CARTESIAN_POINT('',(-0.5,7.1,-5.96584036185));
#12810=CARTESIAN_POINT('',(-0.6,7.1,-5.96584036185));
#12811=CARTESIAN_POINT('',(-0.5,7.1,-5.86584036185));
#12812=CARTESIAN_POINT('',(-0.5,7.1,-5.96584036185));
#12813=CARTESIAN_POINT('',(-0.4622489130505,7.1,-5.873239316764));
#12814=CARTESIAN_POINT('',(-0.4622489130505,7.1,-5.873239316764));
#12815=CARTESIAN_POINT('',(-0.5,7.1,-6.83415963915));
#12816=CARTESIAN_POINT('',(-0.5,7.1,-6.93415963915));
#12817=CARTESIAN_POINT('',(-0.5,7.1,-6.83415963915));
#12818=CARTESIAN_POINT('',(-0.6,7.1,-6.83415963915));
#12819=CARTESIAN_POINT('',(-0.6,7.1,-6.83415963915));
#12820=CARTESIAN_POINT('',(-0.5,7.1,-6.83415963915));
#12821=CARTESIAN_POINT('',(-0.6,6.7,-5.96584036185));
#12822=CARTESIAN_POINT('',(-0.6,0.,-6.83415963915));
#12823=CARTESIAN_POINT('',(-0.6,6.7,-5.96584036185));
#12824=CARTESIAN_POINT('',(-0.5,6.7,-6.83415963915));
#12825=CARTESIAN_POINT('',(-0.4622489130505,0.,-5.873239316764));
#12826=CARTESIAN_POINT('',(-0.5,6.7,-5.96584036185));
#12827=CARTESIAN_POINT('',(-1.42108547152E-014,6.7,-6.0600000005));
#12828=CARTESIAN_POINT('',(15.,0.4000000000001,-7.6));
#12829=CARTESIAN_POINT('',(15.,10.4,-1.059999999999));
#12830=CARTESIAN_POINT('',(2.5,10.05,-3.4));
#12831=CARTESIAN_POINT('',(2.5,10.05,-5.165));
#12832=CARTESIAN_POINT('',(2.5,10.4,-3.4));
#12833=CARTESIAN_POINT('',(2.49009220519,9.04852056278966,-5.16509091420123));
#12834=CARTESIAN_POINT('',(2.3536632271237,9.03890319758319,-5.16509804137396));
#12835=CARTESIAN_POINT('',(2.21630687235279,9.02952111539022,-5.1490747223962));
#12836=CARTESIAN_POINT('',(2.083494230151,9.02068489555916,-5.11764093307643));
#12837=CARTESIAN_POINT('',(1.89078712144736,9.00786380904748,-5.07203145979896));
#12838=CARTESIAN_POINT('',(1.70323742109149,8.99590222890472,-4.99241729547373));
#12839=CARTESIAN_POINT('',(1.5364707081927,8.98555903566696,-4.88535415578747));
#12840=CARTESIAN_POINT('',(1.36998911924946,8.97523352636694,-4.77847406381709));
#12841=CARTESIAN_POINT('',(1.21961784371791,8.96622678051338,-4.64127948828474));
#12842=CARTESIAN_POINT('',(1.09791074416454,8.95907162909841,-4.48513124018216));
#12843=CARTESIAN_POINT('',(0.976437140041034,8.95193020486255,-4.32928256295466));
#12844=CARTESIAN_POINT('',(0.880161806673917,8.94642992936046,-4.15024360563307));
#12845=CARTESIAN_POINT('',(0.817126177366428,8.94288294674573,-3.96286811368022));
#12846=CARTESIAN_POINT('',(0.754189461278351,8.93934152992725,-3.77578664454196));
#12847=CARTESIAN_POINT('',(0.722650366230262,8.93764650569949,-3.57522874692988));
#12848=CARTESIAN_POINT('',(0.725140404246933,8.93789219491053,-3.37782867776208));
#12849=CARTESIAN_POINT('',(0.727628309638898,8.93813767369793,-3.18059767439227));
#12850=CARTESIAN_POINT('',(0.764153855328403,8.94032743043221,-2.98107981252642));
#12851=CARTESIAN_POINT('',(0.831673001746544,8.94433968715311,-2.79579250781747));
#12852=CARTESIAN_POINT('',(0.899194300202078,8.94835207175666,-2.61049929744725));
#12853=CARTESIAN_POINT('',(0.999567717811851,8.95430078785081,-2.43433295492273));
#12854=CARTESIAN_POINT('',(1.12445057575029,8.96184866453854,-2.2818334462833));
#12855=CARTESIAN_POINT('',(1.24944739456067,8.96940342898191,-2.12919477541407));
#12856=CARTESIAN_POINT('',(1.40243430618286,8.97877427169593,-1.99606361977757));
#12857=CARTESIAN_POINT('',(1.5707302422539,8.98940697678322,-1.89338321021598));
#12858=CARTESIAN_POINT('',(1.73929609524969,9.00005673484949,-1.79053811943255));
#12859=CARTESIAN_POINT('',(1.92785373664936,9.01227398426737,-1.71540923319574));
#12860=CARTESIAN_POINT('',(2.12081028715692,9.02528094494479,-1.67413496237868));
#12861=CARTESIAN_POINT('',(2.24182299880278,9.03343826107479,-1.64824980108387));
#12862=CARTESIAN_POINT('',(2.36622390054588,9.04201569055461,-1.63509562554737));
#12863=CARTESIAN_POINT('',(2.48993283405967,9.05077694093937,-1.63509091788343));
#12864=CARTESIAN_POINT('',(2.68801273739154,9.06480525385087,-1.63508338008004));
#12865=CARTESIAN_POINT('',(2.88878042516919,9.07964465153667,-1.66936216882547));
#12866=CARTESIAN_POINT('',(3.07560921992144,9.09412276721975,-1.73507234567508));
#12867=CARTESIAN_POINT('',(3.26243875827846,9.10860094052776,-1.8007827840604));
#12868=CARTESIAN_POINT('',(3.44048952330044,9.12312280577313,-1.89973961050426));
#12869=CARTESIAN_POINT('',(3.59499411527961,9.13629018950638,-2.02378680588085));
#12870=CARTESIAN_POINT('',(3.7494389091141,9.14945247704729,-2.14778599108478));
#12871=CARTESIAN_POINT('',(3.88462828107492,9.16161391748481,-2.30029756702012));
#12872=CARTESIAN_POINT('',(3.98925097205804,9.17129812736626,-2.46870940359211));
#12873=CARTESIAN_POINT('',(4.09359886046884,9.18095690064538,-2.63667888864871));
#12874=CARTESIAN_POINT('',(4.1704249369188,9.18838195742677,-2.82513366609779));
#12875=CARTESIAN_POINT('',(4.2132313450424,9.19247012294906,-3.01838588459333));
#12876=CARTESIAN_POINT('',(4.25585599198014,9.19654092962613,-3.21081753079746));
#12877=CARTESIAN_POINT('',(4.26592419206632,9.19738555517488,-3.41333064690246));
#12878=CARTESIAN_POINT('',(4.24258507132366,9.19486681944755,-3.60906595763534));
#12879=CARTESIAN_POINT('',(4.21931030722958,9.19235502902857,-3.80426153644147));
#12880=CARTESIAN_POINT('',(4.16218505751768,9.18645045121889,-3.99808834411466));
#12881=CARTESIAN_POINT('',(4.0759970842422,9.17805117582418,-4.1745831688425));
#12882=CARTESIAN_POINT('',(3.98967141084026,9.1696384811409,-4.35135997444033));
#12883=CARTESIAN_POINT('',(3.87183484773137,9.15853225074474,-4.51560729323173));
#12884=CARTESIAN_POINT('',(3.73223150808117,9.14613864790608,-4.65391940580578));
#12885=CARTESIAN_POINT('',(3.59204133674453,9.1336929477546,-4.79281292230957));
#12886=CARTESIAN_POINT('',(3.42605308127695,9.11962513139913,-4.90937077339827));
#12887=CARTESIAN_POINT('',(3.24794285985186,9.10535868720976,-4.99406319403049));
#12888=CARTESIAN_POINT('',(3.06924760983527,9.09104538283639,-5.0790337990766));
#12889=CARTESIAN_POINT('',(2.87342775179664,9.07613594209665,-5.13426543816017));
#12890=CARTESIAN_POINT('',(2.67666601941154,9.06186167416019,-5.15519228040101));
#12891=CARTESIAN_POINT('',(2.6147398030003,9.05736917760291,-5.16177852126046));
#12892=CARTESIAN_POINT('',(2.55237495226127,9.05291109574781,-5.16508766049442));
#12893=CARTESIAN_POINT('',(2.49009220519,9.04852056278966,-5.16509091420123));
#12894=CARTESIAN_POINT('',(2.49009220519,9.04852056278966,-5.16509091420123));
#12895=CARTESIAN_POINT('',(2.5,9.55,-3.4));
#12896=CARTESIAN_POINT('',(2.49,8.48591850529009,-3.40009091660545));
#12897=CARTESIAN_POINT('',(2.49,8.48591850529009,-1.63509091660545));
#12898=CARTESIAN_POINT('',(2.49,10.399828557258,-3.40009091660545));
#12899=CARTESIAN_POINT('',(7.5,10.05,-3.4));
#12900=CARTESIAN_POINT('',(7.5,10.05,-5.165));
#12901=CARTESIAN_POINT('',(7.5,10.4,-3.4));
#12902=CARTESIAN_POINT('',(7.5,9.05,-3.4));
#12903=CARTESIAN_POINT('',(7.5,9.05,-5.165));
#12904=CARTESIAN_POINT('',(7.5,9.55,-3.4));
#12905=CARTESIAN_POINT('',(7.5,8.48591850529009,-3.4));
#12906=CARTESIAN_POINT('',(7.5,8.48591850529009,-1.635));
#12907=CARTESIAN_POINT('',(7.5,10.4,-3.4));
#12908=CARTESIAN_POINT('',(12.5,10.05,-3.4));
#12909=CARTESIAN_POINT('',(12.5,10.05,-5.165));
#12910=CARTESIAN_POINT('',(12.5,10.4,-3.4));
#12911=CARTESIAN_POINT('',(12.5,9.05,-3.4));
#12912=CARTESIAN_POINT('',(12.5,9.05,-5.165));
#12913=CARTESIAN_POINT('',(12.5,9.55,-3.4));
#12914=CARTESIAN_POINT('',(12.5,8.48591850529009,-3.4));
#12915=CARTESIAN_POINT('',(12.5,8.48591850529009,-1.635));
#12916=CARTESIAN_POINT('',(12.5,10.4,-3.4));
#12917=CARTESIAN_POINT('',(14.5,6.7,-6.85415963914973));
#12918=CARTESIAN_POINT('',(14.5,6.7,-5.94584036185019));
#12919=CARTESIAN_POINT('',(2.5,0.8,-3.1));
#12920=CARTESIAN_POINT('',(2.010000000025,0.8,-3.099268908667));
#12921=CARTESIAN_POINT('',(2.5,0.8,-3.1));
#12922=CARTESIAN_POINT('',(2.98999999997501,0.8,-3.099268908667));
#12923=CARTESIAN_POINT('',(7.5,0.8,-3.1));
#12924=CARTESIAN_POINT('',(7.010000000025,0.8,-3.099268908667));
#12925=CARTESIAN_POINT('',(7.5,0.8,-3.1));
#12926=CARTESIAN_POINT('',(7.98999999997501,0.8,-3.099268908667));
#12927=CARTESIAN_POINT('',(12.5,0.8,-3.1));
#12928=CARTESIAN_POINT('',(12.010000000025,0.8,-3.099268908667));
#12929=CARTESIAN_POINT('',(12.5,0.8,-3.1));
#12930=CARTESIAN_POINT('',(12.989999999975,0.8,-3.099268908667));
#12931=CARTESIAN_POINT('',(15.,9.36005439288729,-4.26027457333294));
#12932=CARTESIAN_POINT('',(15.,9.36005439288729,-4.26027457333294));
#12933=CARTESIAN_POINT('',(15.,8.60902797429153,-3.50965905866178));
#12934=CARTESIAN_POINT('',(14.99,8.60902797429153,-3.50965905866178));
#12935=CARTESIAN_POINT('',(14.99,8.60902797429153,-3.50965905866178));
#12936=CARTESIAN_POINT('',(14.99,9.36005439288729,-4.26027457333294));
#12937=CARTESIAN_POINT('',(14.99,9.36005439288729,-4.26027457333294));
#12938=CARTESIAN_POINT('',(14.99,9.36005439288729,-4.26027457333294));
#12939=CARTESIAN_POINT('',(14.99,9.36005439288729,-4.26027457333294));
#12940=CARTESIAN_POINT('',(15.,8.60902797429153,-3.50965905866178));
#12941=CARTESIAN_POINT('',(15.,9.36005439288729,-2.75863264006603));
#12942=CARTESIAN_POINT('',(14.99,9.36005439288729,-2.75863264006603));
#12943=CARTESIAN_POINT('',(14.99,9.36005439288729,-2.75863264006603));
#12944=CARTESIAN_POINT('',(14.99,8.60902797429153,-3.50965905866178));
#12945=CARTESIAN_POINT('',(14.99,8.60902797429153,-3.50965905866178));
#12946=CARTESIAN_POINT('',(14.99,8.56398958638456,-4.30573002723577));
#12947=CARTESIAN_POINT('',(14.99,8.56398958638456,-4.30573002723577));
#12948=CARTESIAN_POINT('',(14.99,8.56398958638456,-2.71360041423031));
#12949=CARTESIAN_POINT('',(14.99,8.56398958638456,-2.71360041423031));
#12950=CARTESIAN_POINT('',(14.99,8.56398958638456,-2.71360041423031));
#12951=CARTESIAN_POINT('',(14.99,8.56398958638456,-2.71360041423031));
#12952=CARTESIAN_POINT('',(14.99,9.36005439288729,-4.30573002723577));
#12953=CARTESIAN_POINT('',(14.99,9.36005439288729,-4.30573002723577));
#12954=CARTESIAN_POINT('',(14.99,8.56398958638456,-4.30573002723577));
#12955=CARTESIAN_POINT('',(14.99,8.56398958638456,-4.30573002723577));
#12956=CARTESIAN_POINT('',(14.99,10.15611919939,-3.50922943683872));
#12957=CARTESIAN_POINT('',(14.99,10.15611919939,-3.50922943683872));
#12958=CARTESIAN_POINT('',(14.99,9.36005439288729,-4.30573002723577));
#12959=CARTESIAN_POINT('',(14.99,9.36005439288729,-4.30573002723577));
#12960=CARTESIAN_POINT('',(14.99,9.36005439288729,-2.71360041423031));
#12961=CARTESIAN_POINT('',(14.99,9.36005439288729,-2.71360041423031));
#12962=CARTESIAN_POINT('',(14.99,10.15611919939,-3.50922943683872));
#12963=CARTESIAN_POINT('',(14.99,10.15611919939,-3.50922943683872));
#12964=CARTESIAN_POINT('',(14.99,9.36005439288729,-2.71360041423031));
#12965=CARTESIAN_POINT('',(14.99,9.36005439288729,-2.71360041423031));
#12966=CARTESIAN_POINT('',(15.,9.36005439288775,-2.75863264006603));
#12967=CARTESIAN_POINT('',(14.99,9.36005439288775,-2.75863264006603));
#12968=CARTESIAN_POINT('',(14.99,9.36005439288775,-2.75863264006603));
#12969=CARTESIAN_POINT('',(14.99,0.,0.));
#12970=CARTESIAN_POINT('',(15.,33.98893407222,-3.455));
#12971=CARTESIAN_POINT('',(15.,7.52816848883222,-1.21994091493616));
#12972=CARTESIAN_POINT('',(15.,7.52816848883222,-1.21994091493616));
#12973=CARTESIAN_POINT('',(15.,7.52816848883222,-1.13762129400857));
#12974=CARTESIAN_POINT('',(14.99,7.52816848883222,-1.13762129400857));
#12975=CARTESIAN_POINT('',(14.99,7.52816848883222,-1.13762129400857));
#12976=CARTESIAN_POINT('',(14.99,7.52816848883222,-1.21994091493616));
#12977=CARTESIAN_POINT('',(14.99,7.52816848883222,-1.21994091493616));
#12978=CARTESIAN_POINT('',(14.99,7.52816848883222,-1.21994091493616));
#12979=CARTESIAN_POINT('',(14.99,7.52816848883222,-1.21994091493616));
#12980=CARTESIAN_POINT('',(15.,7.52816848883222,-1.13762129400857));
#12981=CARTESIAN_POINT('',(15.,8.06006457034519,-1.30781460068283));
#12982=CARTESIAN_POINT('',(14.99,8.06006457034519,-1.30781460068283));
#12983=CARTESIAN_POINT('',(14.99,8.06006457034519,-1.30781460068283));
#12984=CARTESIAN_POINT('',(14.99,7.52816848883222,-1.13762129400857));
#12985=CARTESIAN_POINT('',(14.99,7.52816848883222,-1.13762129400857));
#12986=CARTESIAN_POINT('',(15.,8.06006457034519,-1.30781460068283));
#12987=CARTESIAN_POINT('',(15.,8.06006457034519,-1.40187698320005));
#12988=CARTESIAN_POINT('',(14.99,8.06006457034519,-1.40187698320005));
#12989=CARTESIAN_POINT('',(14.99,8.06006457034519,-1.40187698320005));
#12990=CARTESIAN_POINT('',(14.99,8.06006457034519,-1.30781460068283));
#12991=CARTESIAN_POINT('',(14.99,8.06006457034519,-1.30781460068283));
#12992=CARTESIAN_POINT('',(15.,8.06006457034519,-1.40187698320005));
#12993=CARTESIAN_POINT('',(15.,8.05897366758372,-1.4446793702482));
#12994=CARTESIAN_POINT('',(14.99,8.05897366758372,-1.4446793702482));
#12995=CARTESIAN_POINT('',(14.99,8.05897366758372,-1.4446793702482));
#12996=CARTESIAN_POINT('',(14.99,8.06006457034519,-1.40187698320005));
#12997=CARTESIAN_POINT('',(14.99,8.06006457034519,-1.40187698320005));
#12998=CARTESIAN_POINT('',(15.,8.05897366758372,-1.4446793702482));
#12999=CARTESIAN_POINT('',(15.,8.05571340242741,-1.4775267488767));
#13000=CARTESIAN_POINT('',(14.99,8.05571340242741,-1.4775267488767));
#13001=CARTESIAN_POINT('',(14.99,8.05571340242741,-1.4775267488767));
#13002=CARTESIAN_POINT('',(14.99,8.05897366758372,-1.4446793702482));
#13003=CARTESIAN_POINT('',(14.99,8.05897366758372,-1.4446793702482));
#13004=CARTESIAN_POINT('',(15.,8.05571340242741,-1.4775267488767));
#13005=CARTESIAN_POINT('',(15.,8.05033355020796,-1.50038178828981));
#13006=CARTESIAN_POINT('',(14.99,8.05033355020796,-1.50038178828981));
#13007=CARTESIAN_POINT('',(14.99,8.05033355020796,-1.50038178828981));
#13008=CARTESIAN_POINT('',(14.99,8.05571340242741,-1.4775267488767));
#13009=CARTESIAN_POINT('',(14.99,8.05571340242741,-1.4775267488767));
#13010=CARTESIAN_POINT('',(15.,8.05033355020796,-1.50038178828981));
#13011=CARTESIAN_POINT('',(15.,8.03784001505337,-1.52418255335215));
#13012=CARTESIAN_POINT('',(14.99,8.03784001505337,-1.52418255335215));
#13013=CARTESIAN_POINT('',(14.99,8.03784001505337,-1.52418255335215));
#13014=CARTESIAN_POINT('',(14.99,8.05033355020796,-1.50038178828981));
#13015=CARTESIAN_POINT('',(14.99,8.05033355020796,-1.50038178828981));
#13016=CARTESIAN_POINT('',(15.,8.03784001505337,-1.52418255335215));
#13017=CARTESIAN_POINT('',(15.,8.01909971214618,-1.54441610738286));
#13018=CARTESIAN_POINT('',(14.99,8.01909971214618,-1.54441610738286));
#13019=CARTESIAN_POINT('',(14.99,8.01909971214618,-1.54441610738286));
#13020=CARTESIAN_POINT('',(14.99,8.03784001505337,-1.52418255335215));
#13021=CARTESIAN_POINT('',(14.99,8.03784001505337,-1.52418255335215));
#13022=CARTESIAN_POINT('',(15.,8.01909971214618,-1.54441610738286));
#13023=CARTESIAN_POINT('',(15.,7.99410849400956,-1.56118199998309));
#13024=CARTESIAN_POINT('',(14.99,7.99410849400956,-1.56118199998309));
#13025=CARTESIAN_POINT('',(14.99,7.99410849400956,-1.56118199998309));
#13026=CARTESIAN_POINT('',(14.99,8.01909971214618,-1.54441610738286));
#13027=CARTESIAN_POINT('',(14.99,8.01909971214618,-1.54441610738286));
#13028=CARTESIAN_POINT('',(15.,7.99410849400956,-1.56118199998309));
#13029=CARTESIAN_POINT('',(15.,7.96134822150716,-1.57267588668037));
#13030=CARTESIAN_POINT('',(14.99,7.96134822150716,-1.57267588668037));
#13031=CARTESIAN_POINT('',(14.99,7.96134822150716,-1.57267588668037));
#13032=CARTESIAN_POINT('',(14.99,7.99410849400956,-1.56118199998309));
#13033=CARTESIAN_POINT('',(14.99,7.99410849400956,-1.56118199998309));
#13034=CARTESIAN_POINT('',(15.,7.96134822150716,-1.57267588668037));
#13035=CARTESIAN_POINT('',(15.,7.91927586888769,-1.57704364625897));
#13036=CARTESIAN_POINT('',(14.99,7.91927586888769,-1.57704364625897));
#13037=CARTESIAN_POINT('',(14.99,7.91927586888769,-1.57704364625897));
#13038=CARTESIAN_POINT('',(14.99,7.96134822150716,-1.57267588668037));
#13039=CARTESIAN_POINT('',(14.99,7.96134822150716,-1.57267588668037));
#13040=CARTESIAN_POINT('',(15.,7.91927586888769,-1.57704364625897));
#13041=CARTESIAN_POINT('',(15.,7.86788728761885,-1.57432675874588));
#13042=CARTESIAN_POINT('',(14.99,7.86788728761885,-1.57432675874588));
#13043=CARTESIAN_POINT('',(14.99,7.86788728761885,-1.57432675874588));
#13044=CARTESIAN_POINT('',(14.99,7.91927586888769,-1.57704364625897));
#13045=CARTESIAN_POINT('',(14.99,7.91927586888769,-1.57704364625897));
#13046=CARTESIAN_POINT('',(15.,7.86788728761885,-1.57432675874588));
#13047=CARTESIAN_POINT('',(15.,7.80512925727808,-1.56367075208982));
#13048=CARTESIAN_POINT('',(14.99,7.80512925727808,-1.56367075208982));
#13049=CARTESIAN_POINT('',(14.99,7.80512925727808,-1.56367075208982));
#13050=CARTESIAN_POINT('',(14.99,7.86788728761885,-1.57432675874588));
#13051=CARTESIAN_POINT('',(14.99,7.86788728761885,-1.57432675874588));
#13052=CARTESIAN_POINT('',(15.,7.80512925727808,-1.56367075208982));
#13053=CARTESIAN_POINT('',(15.,7.74803313807197,-1.54634074235946));
#13054=CARTESIAN_POINT('',(14.99,7.74803313807197,-1.54634074235946));
#13055=CARTESIAN_POINT('',(14.99,7.74803313807197,-1.54634074235946));
#13056=CARTESIAN_POINT('',(14.99,7.80512925727808,-1.56367075208982));
#13057=CARTESIAN_POINT('',(14.99,7.80512925727808,-1.56367075208982));
#13058=CARTESIAN_POINT('',(15.,7.74803313807197,-1.54634074235946));
#13059=CARTESIAN_POINT('',(15.,7.69664870463012,-1.52238235600089));
#13060=CARTESIAN_POINT('',(14.99,7.69664870463012,-1.52238235600089));
#13061=CARTESIAN_POINT('',(14.99,7.69664870463012,-1.52238235600089));
#13062=CARTESIAN_POINT('',(14.99,7.74803313807197,-1.54634074235946));
#13063=CARTESIAN_POINT('',(14.99,7.74803313807197,-1.54634074235946));
#13064=CARTESIAN_POINT('',(15.,7.69664870463012,-1.52238235600089));
#13065=CARTESIAN_POINT('',(15.,7.65151933494863,-1.49382807465736));
#13066=CARTESIAN_POINT('',(14.99,7.65151933494863,-1.49382807465736));
#13067=CARTESIAN_POINT('',(14.99,7.65151933494863,-1.49382807465736));
#13068=CARTESIAN_POINT('',(14.99,7.69664870463012,-1.52238235600089));
#13069=CARTESIAN_POINT('',(14.99,7.69664870463012,-1.52238235600089));
#13070=CARTESIAN_POINT('',(15.,7.65151933494863,-1.49382807465736));
#13071=CARTESIAN_POINT('',(15.,7.61280264926236,-1.46264815975519));
#13072=CARTESIAN_POINT('',(14.99,7.61280264926236,-1.46264815975519));
#13073=CARTESIAN_POINT('',(14.99,7.61280264926236,-1.46264815975519));
#13074=CARTESIAN_POINT('',(14.99,7.65151933494863,-1.49382807465736));
#13075=CARTESIAN_POINT('',(14.99,7.65151933494863,-1.49382807465736));
#13076=CARTESIAN_POINT('',(15.,7.61280264926236,-1.46264815975519));
#13077=CARTESIAN_POINT('',(15.,7.58054012725179,-1.42879283631009));
#13078=CARTESIAN_POINT('',(14.99,7.58054012725179,-1.42879283631009));
#13079=CARTESIAN_POINT('',(14.99,7.58054012725179,-1.42879283631009));
#13080=CARTESIAN_POINT('',(14.99,7.61280264926236,-1.46264815975519));
#13081=CARTESIAN_POINT('',(14.99,7.61280264926236,-1.46264815975519));
#13082=CARTESIAN_POINT('',(15.,7.58054012725179,-1.42879283631009));
#13083=CARTESIAN_POINT('',(15.,7.56250911893576,-1.40378087868885));
#13084=CARTESIAN_POINT('',(14.99,7.56250911893576,-1.40378087868885));
#13085=CARTESIAN_POINT('',(14.99,7.56250911893576,-1.40378087868885));
#13086=CARTESIAN_POINT('',(14.99,7.58054012725179,-1.42879283631009));
#13087=CARTESIAN_POINT('',(14.99,7.58054012725179,-1.42879283631009));
#13088=CARTESIAN_POINT('',(15.,7.56250911893576,-1.40378087868885));
#13089=CARTESIAN_POINT('',(15.,7.54877120755045,-1.377727792933));
#13090=CARTESIAN_POINT('',(14.99,7.54877120755045,-1.377727792933));
#13091=CARTESIAN_POINT('',(14.99,7.54877120755045,-1.377727792933));
#13092=CARTESIAN_POINT('',(14.99,7.56250911893576,-1.40378087868885));
#13093=CARTESIAN_POINT('',(14.99,7.56250911893576,-1.40378087868885));
#13094=CARTESIAN_POINT('',(15.,7.54877120755045,-1.377727792933));
#13095=CARTESIAN_POINT('',(15.,7.53918951235019,-1.35071653769046));
#13096=CARTESIAN_POINT('',(14.99,7.53918951235019,-1.35071653769046));
#13097=CARTESIAN_POINT('',(14.99,7.53918951235019,-1.35071653769046));
#13098=CARTESIAN_POINT('',(14.99,7.54877120755045,-1.377727792933));
#13099=CARTESIAN_POINT('',(14.99,7.54877120755045,-1.377727792933));
#13100=CARTESIAN_POINT('',(15.,7.53918951235019,-1.35071653769046));
#13101=CARTESIAN_POINT('',(15.,7.53306718257218,-1.31778205258524));
#13102=CARTESIAN_POINT('',(14.99,7.53306718257218,-1.31778205258524));
#13103=CARTESIAN_POINT('',(14.99,7.53306718257218,-1.31778205258524));
#13104=CARTESIAN_POINT('',(14.99,7.53918951235019,-1.35071653769046));
#13105=CARTESIAN_POINT('',(14.99,7.53918951235019,-1.35071653769046));
#13106=CARTESIAN_POINT('',(15.,7.53306718257218,-1.31778205258524));
#13107=CARTESIAN_POINT('',(15.,7.52939212522315,-1.27423304015065));
#13108=CARTESIAN_POINT('',(14.99,7.52939212522315,-1.27423304015065));
#13109=CARTESIAN_POINT('',(14.99,7.52939212522315,-1.27423304015065));
#13110=CARTESIAN_POINT('',(14.99,7.53306718257218,-1.31778205258524));
#13111=CARTESIAN_POINT('',(14.99,7.53306718257218,-1.31778205258524));
#13112=CARTESIAN_POINT('',(14.99,7.40121724836345,-1.21278990085557));
#13113=CARTESIAN_POINT('',(14.99,7.40121724836345,-1.21278990085557));
#13114=CARTESIAN_POINT('',(14.99,7.40121724836345,-0.934617939499731));
#13115=CARTESIAN_POINT('',(14.99,7.40121724836345,-0.934617939499731));
#13116=CARTESIAN_POINT('',(14.99,7.40121724836345,-0.934617939499731));
#13117=CARTESIAN_POINT('',(14.99,7.40121724836345,-0.934617939499731));
#13118=CARTESIAN_POINT('',(14.99,7.40250725139131,-1.2768835610259));
#13119=CARTESIAN_POINT('',(14.99,7.40250725139131,-1.2768835610259));
#13120=CARTESIAN_POINT('',(14.99,7.40121724836345,-1.21278990085557));
#13121=CARTESIAN_POINT('',(14.99,7.40121724836345,-1.21278990085557));
#13122=CARTESIAN_POINT('',(14.99,7.40641044414806,-1.32918053679896));
#13123=CARTESIAN_POINT('',(14.99,7.40641044414806,-1.32918053679896));
#13124=CARTESIAN_POINT('',(14.99,7.40250725139131,-1.2768835610259));
#13125=CARTESIAN_POINT('',(14.99,7.40250725139131,-1.2768835610259));
#13126=CARTESIAN_POINT('',(14.99,7.4129724537851,-1.36972230715037));
#13127=CARTESIAN_POINT('',(14.99,7.4129724537851,-1.36972230715037));
#13128=CARTESIAN_POINT('',(14.99,7.40641044414806,-1.32918053679896));
#13129=CARTESIAN_POINT('',(14.99,7.40641044414806,-1.32918053679896));
#13130=CARTESIAN_POINT('',(14.99,7.43006603210315,-1.42753186877417));
#13131=CARTESIAN_POINT('',(14.99,7.43006603210315,-1.42753186877417));
#13132=CARTESIAN_POINT('',(14.99,7.4129724537851,-1.36972230715037));
#13133=CARTESIAN_POINT('',(14.99,7.4129724537851,-1.36972230715037));
#13134=CARTESIAN_POINT('',(14.99,7.4523445105523,-1.47865498313695));
#13135=CARTESIAN_POINT('',(14.99,7.4523445105523,-1.47865498313695));
#13136=CARTESIAN_POINT('',(14.99,7.43006603210315,-1.42753186877417));
#13137=CARTESIAN_POINT('',(14.99,7.43006603210315,-1.42753186877417));
#13138=CARTESIAN_POINT('',(14.99,7.47984522063134,-1.52305017126855));
#13139=CARTESIAN_POINT('',(14.99,7.47984522063134,-1.52305017126855));
#13140=CARTESIAN_POINT('',(14.99,7.4523445105523,-1.47865498313695));
#13141=CARTESIAN_POINT('',(14.99,7.4523445105523,-1.47865498313695));
#13142=CARTESIAN_POINT('',(14.99,7.52310387849584,-1.574289427248));
#13143=CARTESIAN_POINT('',(14.99,7.52310387849584,-1.574289427248));
#13144=CARTESIAN_POINT('',(14.99,7.47984522063134,-1.52305017126855));
#13145=CARTESIAN_POINT('',(14.99,7.47984522063134,-1.52305017126855));
#13146=CARTESIAN_POINT('',(14.99,7.57538426261081,-1.62094937990332));
#13147=CARTESIAN_POINT('',(14.99,7.57538426261081,-1.62094937990332));
#13148=CARTESIAN_POINT('',(14.99,7.52310387849584,-1.574289427248));
#13149=CARTESIAN_POINT('',(14.99,7.52310387849584,-1.574289427248));
#13150=CARTESIAN_POINT('',(14.99,7.63676518309503,-1.66306736002662));
#13151=CARTESIAN_POINT('',(14.99,7.63676518309503,-1.66306736002662));
#13152=CARTESIAN_POINT('',(14.99,7.57538426261081,-1.62094937990332));
#13153=CARTESIAN_POINT('',(14.99,7.57538426261081,-1.62094937990332));
#13154=CARTESIAN_POINT('',(14.99,7.7057699808378,-1.69774397150104));
#13155=CARTESIAN_POINT('',(14.99,7.7057699808378,-1.69774397150104));
#13156=CARTESIAN_POINT('',(14.99,7.63676518309503,-1.66306736002662));
#13157=CARTESIAN_POINT('',(14.99,7.63676518309503,-1.66306736002662));
#13158=CARTESIAN_POINT('',(14.99,7.78123723790932,-1.72239920791253));
#13159=CARTESIAN_POINT('',(14.99,7.78123723790932,-1.72239920791253));
#13160=CARTESIAN_POINT('',(14.99,7.7057699808378,-1.69774397150104));
#13161=CARTESIAN_POINT('',(14.99,7.7057699808378,-1.69774397150104));
#13162=CARTESIAN_POINT('',(14.99,7.86312132750836,-1.73694596349196));
#13163=CARTESIAN_POINT('',(14.99,7.86312132750836,-1.73694596349196));
#13164=CARTESIAN_POINT('',(14.99,7.78123723790932,-1.72239920791253));
#13165=CARTESIAN_POINT('',(14.99,7.78123723790932,-1.72239920791253));
#13166=CARTESIAN_POINT('',(14.99,7.90153106696371,-1.73982462012646));
#13167=CARTESIAN_POINT('',(14.99,7.90153106696371,-1.73982462012646));
#13168=CARTESIAN_POINT('',(14.99,7.86312132750836,-1.73694596349196));
#13169=CARTESIAN_POINT('',(14.99,7.86312132750836,-1.73694596349196));
#13170=CARTESIAN_POINT('',(14.99,7.93781707117514,-1.73968359084392));
#13171=CARTESIAN_POINT('',(14.99,7.93781707117514,-1.73968359084392));
#13172=CARTESIAN_POINT('',(14.99,7.90153106696371,-1.73982462012646));
#13173=CARTESIAN_POINT('',(14.99,7.90153106696371,-1.73982462012646));
#13174=CARTESIAN_POINT('',(14.99,7.972062299148,-1.73658509445522));
#13175=CARTESIAN_POINT('',(14.99,7.972062299148,-1.73658509445522));
#13176=CARTESIAN_POINT('',(14.99,7.93781707117514,-1.73968359084392));
#13177=CARTESIAN_POINT('',(14.99,7.93781707117514,-1.73968359084392));
#13178=CARTESIAN_POINT('',(14.99,8.00398883943572,-1.73070334391741));
#13179=CARTESIAN_POINT('',(14.99,8.00398883943572,-1.73070334391741));
#13180=CARTESIAN_POINT('',(14.99,7.972062299148,-1.73658509445522));
#13181=CARTESIAN_POINT('',(14.99,7.972062299148,-1.73658509445522));
#13182=CARTESIAN_POINT('',(14.99,8.03329804252271,-1.72220425582418));
#13183=CARTESIAN_POINT('',(14.99,8.03329804252271,-1.72220425582418));
#13184=CARTESIAN_POINT('',(14.99,8.00398883943572,-1.73070334391741));
#13185=CARTESIAN_POINT('',(14.99,8.00398883943572,-1.73070334391741));
#13186=CARTESIAN_POINT('',(14.99,8.06006457034519,-1.7110961258295));
#13187=CARTESIAN_POINT('',(14.99,8.06006457034519,-1.7110961258295));
#13188=CARTESIAN_POINT('',(14.99,8.03329804252271,-1.72220425582418));
#13189=CARTESIAN_POINT('',(14.99,8.03329804252271,-1.72220425582418));
#13190=CARTESIAN_POINT('',(14.99,8.08433405076075,-1.69761953387751));
#13191=CARTESIAN_POINT('',(14.99,8.08433405076075,-1.69761953387751));
#13192=CARTESIAN_POINT('',(14.99,8.06006457034519,-1.7110961258295));
#13193=CARTESIAN_POINT('',(14.99,8.06006457034519,-1.7110961258295));
#13194=CARTESIAN_POINT('',(14.99,8.10611477871853,-1.68194454403783));
#13195=CARTESIAN_POINT('',(14.99,8.10611477871853,-1.68194454403783));
#13196=CARTESIAN_POINT('',(14.99,8.08433405076075,-1.69761953387751));
#13197=CARTESIAN_POINT('',(14.99,8.08433405076075,-1.69761953387751));
#13198=CARTESIAN_POINT('',(14.99,8.12548556539414,-1.66399649401865));
#13199=CARTESIAN_POINT('',(14.99,8.12548556539414,-1.66399649401865));
#13200=CARTESIAN_POINT('',(14.99,8.10611477871853,-1.68194454403783));
#13201=CARTESIAN_POINT('',(14.99,8.10611477871853,-1.68194454403783));
#13202=CARTESIAN_POINT('',(14.99,8.14228049348676,-1.64414040068368));
#13203=CARTESIAN_POINT('',(14.99,8.14228049348676,-1.64414040068368));
#13204=CARTESIAN_POINT('',(14.99,8.12548556539414,-1.66399649401865));
#13205=CARTESIAN_POINT('',(14.99,8.12548556539414,-1.66399649401865));
#13206=CARTESIAN_POINT('',(14.99,8.15633779458212,-1.62241774371068));
#13207=CARTESIAN_POINT('',(14.99,8.15633779458212,-1.62241774371068));
#13208=CARTESIAN_POINT('',(14.99,8.14228049348676,-1.64414040068368));
#13209=CARTESIAN_POINT('',(14.99,8.14228049348676,-1.64414040068368));
#13210=CARTESIAN_POINT('',(14.99,8.16773213061597,-1.59888659302669));
#13211=CARTESIAN_POINT('',(14.99,8.16773213061597,-1.59888659302669));
#13212=CARTESIAN_POINT('',(14.99,8.15633779458212,-1.62241774371068));
#13213=CARTESIAN_POINT('',(14.99,8.15633779458212,-1.62241774371068));
#13214=CARTESIAN_POINT('',(14.99,8.17667504639612,-1.57300772022427));
#13215=CARTESIAN_POINT('',(14.99,8.17667504639612,-1.57300772022427));
#13216=CARTESIAN_POINT('',(14.99,8.16773213061597,-1.59888659302669));
#13217=CARTESIAN_POINT('',(14.99,8.16773213061597,-1.59888659302669));
#13218=CARTESIAN_POINT('',(14.99,8.1832951266646,-1.54457372832621));
#13219=CARTESIAN_POINT('',(14.99,8.1832951266646,-1.54457372832621));
#13220=CARTESIAN_POINT('',(14.99,8.17667504639612,-1.57300772022427));
#13221=CARTESIAN_POINT('',(14.99,8.17667504639612,-1.57300772022427));
#13222=CARTESIAN_POINT('',(14.99,8.18758822394957,-1.51362609700846));
#13223=CARTESIAN_POINT('',(14.99,8.18758822394957,-1.51362609700846));
#13224=CARTESIAN_POINT('',(14.99,8.1832951266646,-1.54457372832621));
#13225=CARTESIAN_POINT('',(14.99,8.1832951266646,-1.54457372832621));
#13226=CARTESIAN_POINT('',(14.99,8.18911465839201,-1.49016131331518));
#13227=CARTESIAN_POINT('',(14.99,8.18911465839201,-1.49016131331518));
#13228=CARTESIAN_POINT('',(14.99,8.18758822394957,-1.51362609700846));
#13229=CARTESIAN_POINT('',(14.99,8.18758822394957,-1.51362609700846));
#13230=CARTESIAN_POINT('',(14.99,8.19002720107746,-1.45236546596789));
#13231=CARTESIAN_POINT('',(14.99,8.19002720107746,-1.45236546596789));
#13232=CARTESIAN_POINT('',(14.99,8.18911465839201,-1.49016131331518));
#13233=CARTESIAN_POINT('',(14.99,8.18911465839201,-1.49016131331518));
#13234=CARTESIAN_POINT('',(14.99,8.19033414695596,-1.4002136673007));
#13235=CARTESIAN_POINT('',(14.99,8.19033414695596,-1.4002136673007));
#13236=CARTESIAN_POINT('',(14.99,8.19002720107746,-1.45236546596789));
#13237=CARTESIAN_POINT('',(14.99,8.19002720107746,-1.45236546596789));
#13238=CARTESIAN_POINT('',(14.99,8.19033414695596,-1.18764106142407));
#13239=CARTESIAN_POINT('',(14.99,8.19033414695596,-1.18764106142407));
#13240=CARTESIAN_POINT('',(14.99,8.19033414695596,-1.4002136673007));
#13241=CARTESIAN_POINT('',(14.99,8.19033414695596,-1.4002136673007));
#13242=CARTESIAN_POINT('',(14.99,8.19033414695596,-1.18764106142407));
#13243=CARTESIAN_POINT('',(14.99,8.19033414695596,-1.18764106142407));
#13244=CARTESIAN_POINT('',(15.,7.52939212522315,-1.27423304015065));
#13245=CARTESIAN_POINT('',(14.99,7.52939212522315,-1.27423304015065));
#13246=CARTESIAN_POINT('',(14.99,7.52939212522315,-1.27423304015065));
#13247=CARTESIAN_POINT('',(14.99,0.,0.));
#13248=CARTESIAN_POINT('',(15.,33.98893407222,-3.455));
#13249=CARTESIAN_POINT('',(14.99,7.40121724836345,-2.40564459576126));
#13250=CARTESIAN_POINT('',(14.99,7.40121724836345,-2.40564459576126));
#13251=CARTESIAN_POINT('',(14.99,7.40121724836345,-1.78923464361287));
#13252=CARTESIAN_POINT('',(14.99,7.40121724836345,-1.78923464361287));
#13253=CARTESIAN_POINT('',(14.99,7.40121724836345,-1.78923464361287));
#13254=CARTESIAN_POINT('',(14.99,7.40121724836345,-1.78923464361287));
#13255=CARTESIAN_POINT('',(14.99,7.53313354921047,-2.44824788254482));
#13256=CARTESIAN_POINT('',(14.99,7.53313354921047,-2.44824788254482));
#13257=CARTESIAN_POINT('',(14.99,7.40121724836345,-2.40564459576126));
#13258=CARTESIAN_POINT('',(14.99,7.40121724836345,-2.40564459576126));
#13259=CARTESIAN_POINT('',(14.99,7.53313354921047,-1.98911876189595));
#13260=CARTESIAN_POINT('',(14.99,7.53313354921047,-1.98911876189595));
#13261=CARTESIAN_POINT('',(14.99,7.53313354921047,-2.44824788254482));
#13262=CARTESIAN_POINT('',(14.99,7.53313354921047,-2.44824788254482));
#13263=CARTESIAN_POINT('',(14.99,7.74736947098509,-2.06237932542717));
#13264=CARTESIAN_POINT('',(14.99,7.74736947098509,-2.06237932542717));
#13265=CARTESIAN_POINT('',(14.99,7.53313354921047,-1.98911876189595));
#13266=CARTESIAN_POINT('',(14.99,7.53313354921047,-1.98911876189595));
#13267=CARTESIAN_POINT('',(14.99,7.74736947098509,-2.47099507599341));
#13268=CARTESIAN_POINT('',(14.99,7.74736947098509,-2.47099507599341));
#13269=CARTESIAN_POINT('',(14.99,7.74736947098509,-2.06237932542717));
#13270=CARTESIAN_POINT('',(14.99,7.74736947098509,-2.06237932542717));
#13271=CARTESIAN_POINT('',(14.99,7.87928577183256,-2.51306328078499));
#13272=CARTESIAN_POINT('',(14.99,7.87928577183256,-2.51306328078499));
#13273=CARTESIAN_POINT('',(14.99,7.74736947098509,-2.47099507599341));
#13274=CARTESIAN_POINT('',(14.99,7.74736947098509,-2.47099507599341));
#13275=CARTESIAN_POINT('',(14.99,7.87928577183256,-2.10464248265998));
#13276=CARTESIAN_POINT('',(14.99,7.87928577183256,-2.10464248265998));
#13277=CARTESIAN_POINT('',(14.99,7.87928577183256,-2.51306328078499));
#13278=CARTESIAN_POINT('',(14.99,7.87928577183256,-2.51306328078499));
#13279=CARTESIAN_POINT('',(14.99,8.05841784610757,-2.16223635235656));
#13280=CARTESIAN_POINT('',(14.99,8.05841784610757,-2.16223635235656));
#13281=CARTESIAN_POINT('',(14.99,7.87928577183256,-2.10464248265998));
#13282=CARTESIAN_POINT('',(14.99,7.87928577183256,-2.10464248265998));
#13283=CARTESIAN_POINT('',(14.99,8.05841784610757,-2.58480155770121));
#13284=CARTESIAN_POINT('',(14.99,8.05841784610757,-2.58480155770121));
#13285=CARTESIAN_POINT('',(14.99,8.05841784610757,-2.16223635235656));
#13286=CARTESIAN_POINT('',(14.99,8.05841784610757,-2.16223635235656));
#13287=CARTESIAN_POINT('',(14.99,8.19033414695596,-2.62686976284749));
#13288=CARTESIAN_POINT('',(14.99,8.19033414695596,-2.62686976284749));
#13289=CARTESIAN_POINT('',(14.99,8.05841784610757,-2.58480155770121));
#13290=CARTESIAN_POINT('',(14.99,8.05841784610757,-2.58480155770121));
#13291=CARTESIAN_POINT('',(14.99,8.19033414695505,-2.04188445266846));
#13292=CARTESIAN_POINT('',(14.99,8.19033414695505,-2.04188445266846));
#13293=CARTESIAN_POINT('',(14.99,8.19033414695596,-2.62686976284749));
#13294=CARTESIAN_POINT('',(14.99,8.19033414695596,-2.62686976284749));
#13295=CARTESIAN_POINT('',(14.99,8.19033414695505,-2.04188445266846));
#13296=CARTESIAN_POINT('',(14.99,8.19033414695505,-2.04188445266846));
#13297=CARTESIAN_POINT('',(14.99,0.,0.));
#13298=CARTESIAN_POINT('',(14.99,7.40121724836345,-5.85072031839081));
#13299=CARTESIAN_POINT('',(14.99,7.40121724836345,-5.85072031839081));
#13300=CARTESIAN_POINT('',(14.99,7.40121724836345,-5.6993212374291));
#13301=CARTESIAN_POINT('',(14.99,7.40121724836345,-5.6993212374291));
#13302=CARTESIAN_POINT('',(14.99,7.40121724836345,-5.6993212374291));
#13303=CARTESIAN_POINT('',(14.99,7.40121724836345,-5.6993212374291));
#13304=CARTESIAN_POINT('',(14.99,8.19033414695596,-6.10317102753106));
#13305=CARTESIAN_POINT('',(14.99,8.19033414695596,-6.10317102753106));
#13306=CARTESIAN_POINT('',(14.99,7.40121724836345,-5.85072031839081));
#13307=CARTESIAN_POINT('',(14.99,7.40121724836345,-5.85072031839081));
#13308=CARTESIAN_POINT('',(14.99,8.19033414695505,-5.95250612812379));
#13309=CARTESIAN_POINT('',(14.99,8.19033414695505,-5.95250612812379));
#13310=CARTESIAN_POINT('',(14.99,8.19033414695596,-6.10317102753106));
#13311=CARTESIAN_POINT('',(14.99,8.19033414695596,-6.10317102753106));
#13312=CARTESIAN_POINT('',(14.99,7.66229148322091,-5.78330832207939));
#13313=CARTESIAN_POINT('',(14.99,7.66229148322091,-5.78330832207939));
#13314=CARTESIAN_POINT('',(14.99,8.19033414695505,-5.95250612812379));
#13315=CARTESIAN_POINT('',(14.99,8.19033414695505,-5.95250612812379));
#13316=CARTESIAN_POINT('',(14.99,8.19033414695596,-5.62841254419618));
#13317=CARTESIAN_POINT('',(14.99,8.19033414695596,-5.62841254419618));
#13318=CARTESIAN_POINT('',(14.99,7.66229148322091,-5.78330832207939));
#13319=CARTESIAN_POINT('',(14.99,7.66229148322091,-5.78330832207939));
#13320=CARTESIAN_POINT('',(14.99,8.19033414695596,-5.47664015036571));
#13321=CARTESIAN_POINT('',(14.99,8.19033414695596,-5.47664015036571));
#13322=CARTESIAN_POINT('',(14.99,8.19033414695596,-5.62841254419618));
#13323=CARTESIAN_POINT('',(14.99,8.19033414695596,-5.62841254419618));
#13324=CARTESIAN_POINT('',(14.99,7.40121724836345,-5.22420188505566));
#13325=CARTESIAN_POINT('',(14.99,7.40121724836345,-5.22420188505566));
#13326=CARTESIAN_POINT('',(14.99,8.19033414695596,-5.47664015036571));
#13327=CARTESIAN_POINT('',(14.99,8.19033414695596,-5.47664015036571));
#13328=CARTESIAN_POINT('',(14.99,7.40121724836345,-5.37540601392902));
#13329=CARTESIAN_POINT('',(14.99,7.40121724836345,-5.37540601392902));
#13330=CARTESIAN_POINT('',(14.99,7.40121724836345,-5.22420188505566));
#13331=CARTESIAN_POINT('',(14.99,7.40121724836345,-5.22420188505566));
#13332=CARTESIAN_POINT('',(14.99,7.9314624578109,-5.54520941642841));
#13333=CARTESIAN_POINT('',(14.99,7.9314624578109,-5.54520941642841));
#13334=CARTESIAN_POINT('',(14.99,7.40121724836345,-5.37540601392902));
#13335=CARTESIAN_POINT('',(14.99,7.40121724836345,-5.37540601392902));
#13336=CARTESIAN_POINT('',(14.99,7.9314624578109,-5.54520941642841));
#13337=CARTESIAN_POINT('',(14.99,7.9314624578109,-5.54520941642841));
#13338=CARTESIAN_POINT('',(14.99,0.,0.));
#13339=CARTESIAN_POINT('',(14.99,7.39092211074321,-3.03031305676268));
#13340=CARTESIAN_POINT('',(14.99,7.39092211074321,-3.03031305676268));
#13341=CARTESIAN_POINT('',(14.99,7.3878070230493,-2.96755502677115));
#13342=CARTESIAN_POINT('',(14.99,7.3878070230493,-2.96755502677115));
#13343=CARTESIAN_POINT('',(14.99,7.3878070230493,-2.96755502677115));
#13344=CARTESIAN_POINT('',(14.99,7.3878070230493,-2.96755502677115));
#13345=CARTESIAN_POINT('',(14.99,7.4002424872182,-3.09294250130188));
#13346=CARTESIAN_POINT('',(14.99,7.4002424872182,-3.09294250130188));
#13347=CARTESIAN_POINT('',(14.99,7.39092211074321,-3.03031305676268));
#13348=CARTESIAN_POINT('',(14.99,7.39092211074321,-3.03031305676268));
#13349=CARTESIAN_POINT('',(14.99,7.41573496844867,-3.15548483971725));
#13350=CARTESIAN_POINT('',(14.99,7.41573496844867,-3.15548483971725));
#13351=CARTESIAN_POINT('',(14.99,7.4002424872182,-3.09294250130188));
#13352=CARTESIAN_POINT('',(14.99,7.4002424872182,-3.09294250130188));
#13353=CARTESIAN_POINT('',(14.99,7.43581919719136,-3.21505311936926));
#13354=CARTESIAN_POINT('',(14.99,7.43581919719136,-3.21505311936926));
#13355=CARTESIAN_POINT('',(14.99,7.41573496844867,-3.15548483971725));
#13356=CARTESIAN_POINT('',(14.99,7.41573496844867,-3.15548483971725));
#13357=CARTESIAN_POINT('',(14.99,7.45860372213783,-3.26866498583695));
#13358=CARTESIAN_POINT('',(14.99,7.45860372213783,-3.26866498583695));
#13359=CARTESIAN_POINT('',(14.99,7.43581919719136,-3.21505311936926));
#13360=CARTESIAN_POINT('',(14.99,7.43581919719136,-3.21505311936926));
#13361=CARTESIAN_POINT('',(14.99,7.48407609875212,-3.31632458695094));
#13362=CARTESIAN_POINT('',(14.99,7.48407609875212,-3.31632458695094));
#13363=CARTESIAN_POINT('',(14.99,7.45860372213783,-3.26866498583695));
#13364=CARTESIAN_POINT('',(14.99,7.45860372213783,-3.26866498583695));
#13365=CARTESIAN_POINT('',(14.99,7.82268740276768,-3.42513282531218));
#13366=CARTESIAN_POINT('',(14.99,7.82268740276768,-3.42513282531218));
#13367=CARTESIAN_POINT('',(14.99,7.48407609875212,-3.31632458695094));
#13368=CARTESIAN_POINT('',(14.99,7.48407609875212,-3.31632458695094));
#13369=CARTESIAN_POINT('',(14.99,7.82268740276768,-3.07198720955421));
#13370=CARTESIAN_POINT('',(14.99,7.82268740276768,-3.07198720955421));
#13371=CARTESIAN_POINT('',(14.99,7.82268740276768,-3.42513282531218));
#13372=CARTESIAN_POINT('',(14.99,7.82268740276768,-3.42513282531218));
#13373=CARTESIAN_POINT('',(14.99,7.69077110191793,-3.02975723563941));
#13374=CARTESIAN_POINT('',(14.99,7.69077110191793,-3.02975723563941));
#13375=CARTESIAN_POINT('',(14.99,7.82268740276768,-3.07198720955421));
#13376=CARTESIAN_POINT('',(14.99,7.82268740276768,-3.07198720955421));
#13377=CARTESIAN_POINT('',(14.99,7.69077110191793,-3.23112630939067));
#13378=CARTESIAN_POINT('',(14.99,7.69077110191793,-3.23112630939067));
#13379=CARTESIAN_POINT('',(14.99,7.69077110191793,-3.02975723563941));
#13380=CARTESIAN_POINT('',(14.99,7.69077110191793,-3.02975723563941));
#13381=CARTESIAN_POINT('',(14.99,7.57355088193881,-3.19382821253385));
#13382=CARTESIAN_POINT('',(14.99,7.57355088193881,-3.19382821253385));
#13383=CARTESIAN_POINT('',(14.99,7.69077110191793,-3.23112630939067));
#13384=CARTESIAN_POINT('',(14.99,7.69077110191793,-3.23112630939067));
#13385=CARTESIAN_POINT('',(14.99,7.56044345467662,-3.16419961973588));
#13386=CARTESIAN_POINT('',(14.99,7.56044345467662,-3.16419961973588));
#13387=CARTESIAN_POINT('',(14.99,7.57355088193881,-3.19382821253384));
#13388=CARTESIAN_POINT('',(14.99,7.57355088193881,-3.19382821253384));
#13389=CARTESIAN_POINT('',(14.99,7.54868410142663,-3.13132320561635));
#13390=CARTESIAN_POINT('',(14.99,7.54868410142663,-3.13132320561635));
#13391=CARTESIAN_POINT('',(14.99,7.56044345467662,-3.16419961973588));
#13392=CARTESIAN_POINT('',(14.99,7.56044345467662,-3.16419961973588));
#13393=CARTESIAN_POINT('',(14.99,7.53827697001762,-3.09525704080806));
#13394=CARTESIAN_POINT('',(14.99,7.53827697001762,-3.09525704080806));
#13395=CARTESIAN_POINT('',(14.99,7.54868410142663,-3.13132320561635));
#13396=CARTESIAN_POINT('',(14.99,7.54868410142663,-3.13132320561635));
#13397=CARTESIAN_POINT('',(14.99,7.5300143133376,-3.05796309177822));
#13398=CARTESIAN_POINT('',(14.99,7.5300143133376,-3.05796309177822));
#13399=CARTESIAN_POINT('',(14.99,7.53827697001761,-3.09525704080806));
#13400=CARTESIAN_POINT('',(14.99,7.53827697001761,-3.09525704080806));
#13401=CARTESIAN_POINT('',(14.99,7.52505340078633,-3.02172686254562));
#13402=CARTESIAN_POINT('',(14.99,7.52505340078633,-3.02172686254562));
#13403=CARTESIAN_POINT('',(14.99,7.5300143133376,-3.05796309177822));
#13404=CARTESIAN_POINT('',(14.99,7.5300143133376,-3.05796309177822));
#13405=CARTESIAN_POINT('',(14.99,7.52339838089383,-2.98649857742203));
#13406=CARTESIAN_POINT('',(14.99,7.52339838089383,-2.98649857742203));
#13407=CARTESIAN_POINT('',(14.99,7.52505340078633,-3.02172686254562));
#13408=CARTESIAN_POINT('',(14.99,7.52505340078633,-3.02172686254562));
#13409=CARTESIAN_POINT('',(14.99,7.52867038715058,-2.93355037839137));
#13410=CARTESIAN_POINT('',(14.99,7.52867038715058,-2.93355037839137));
#13411=CARTESIAN_POINT('',(14.99,7.52339838089383,-2.98649857742203));
#13412=CARTESIAN_POINT('',(14.99,7.52339838089383,-2.98649857742203));
#13413=CARTESIAN_POINT('',(14.99,7.54451958959035,-2.89116693136384));
#13414=CARTESIAN_POINT('',(14.99,7.54451958959035,-2.89116693136384));
#13415=CARTESIAN_POINT('',(14.99,7.52867038715058,-2.93355037839137));
#13416=CARTESIAN_POINT('',(14.99,7.52867038715058,-2.93355037839137));
#13417=CARTESIAN_POINT('',(14.99,7.57098746718921,-2.85931920154326));
#13418=CARTESIAN_POINT('',(14.99,7.57098746718921,-2.85931920154326));
#13419=CARTESIAN_POINT('',(14.99,7.54451958959035,-2.89116693136384));
#13420=CARTESIAN_POINT('',(14.99,7.54451958959035,-2.89116693136384));
#13421=CARTESIAN_POINT('',(14.99,7.60853029146383,-2.83839294493373));
#13422=CARTESIAN_POINT('',(14.99,7.60853029146383,-2.83839294493373));
#13423=CARTESIAN_POINT('',(14.99,7.57098746718921,-2.85931920154326));
#13424=CARTESIAN_POINT('',(14.99,7.57098746718921,-2.85931920154326));
#13425=CARTESIAN_POINT('',(14.99,7.65763336907266,-2.82879465807491));
#13426=CARTESIAN_POINT('',(14.99,7.65763336907266,-2.82879465807491));
#13427=CARTESIAN_POINT('',(14.99,7.60853029146383,-2.83839294493373));
#13428=CARTESIAN_POINT('',(14.99,7.60853029146383,-2.83839294493373));
#13429=CARTESIAN_POINT('',(14.99,7.718334030811,-2.83052848843727));
#13430=CARTESIAN_POINT('',(14.99,7.718334030811,-2.83052848843727));
#13431=CARTESIAN_POINT('',(14.99,7.65763336907266,-2.82879465807491));
#13432=CARTESIAN_POINT('',(14.99,7.65763336907266,-2.82879465807491));
#13433=CARTESIAN_POINT('',(14.99,7.78404123189912,-2.84195600814201));
#13434=CARTESIAN_POINT('',(14.99,7.78404123189912,-2.84195600814201));
#13435=CARTESIAN_POINT('',(14.99,7.718334030811,-2.83052848843727));
#13436=CARTESIAN_POINT('',(14.99,7.718334030811,-2.83052848843727));
#13437=CARTESIAN_POINT('',(14.99,7.84628077191146,-2.86123968833999));
#13438=CARTESIAN_POINT('',(14.99,7.84628077191146,-2.86123968833999));
#13439=CARTESIAN_POINT('',(14.99,7.78404123189912,-2.84195600814201));
#13440=CARTESIAN_POINT('',(14.99,7.78404123189912,-2.84195600814201));
#13441=CARTESIAN_POINT('',(14.99,7.90500702369254,-2.88841686053092));
#13442=CARTESIAN_POINT('',(14.99,7.90500702369254,-2.88841686053092));
#13443=CARTESIAN_POINT('',(14.99,7.84628077191146,-2.86123968833999));
#13444=CARTESIAN_POINT('',(14.99,7.84628077191146,-2.86123968833999));
#13445=CARTESIAN_POINT('',(14.99,7.95713808287192,-2.92215189417766));
#13446=CARTESIAN_POINT('',(14.99,7.95713808287192,-2.92215189417766));
#13447=CARTESIAN_POINT('',(14.99,7.90500702369254,-2.88841686053092));
#13448=CARTESIAN_POINT('',(14.99,7.90500702369254,-2.88841686053092));
#13449=CARTESIAN_POINT('',(14.99,7.99930583797677,-2.96107597578521));
#13450=CARTESIAN_POINT('',(14.99,7.99930583797677,-2.96107597578521));
#13451=CARTESIAN_POINT('',(14.99,7.95713808287192,-2.92215189417766));
#13452=CARTESIAN_POINT('',(14.99,7.95713808287192,-2.92215189417766));
#13453=CARTESIAN_POINT('',(14.99,8.03160154330626,-3.00523058432373));
#13454=CARTESIAN_POINT('',(14.99,8.03160154330626,-3.00523058432373));
#13455=CARTESIAN_POINT('',(14.99,7.99930583797677,-2.96107597578521));
#13456=CARTESIAN_POINT('',(14.99,7.99930583797677,-2.96107597578521));
#13457=CARTESIAN_POINT('',(14.99,8.05425748245116,-3.05301877123929));
#13458=CARTESIAN_POINT('',(14.99,8.05425748245116,-3.05301877123929));
#13459=CARTESIAN_POINT('',(14.99,8.03160154330626,-3.00523058432373));
#13460=CARTESIAN_POINT('',(14.99,8.03160154330626,-3.00523058432373));
#13461=CARTESIAN_POINT('',(14.99,8.0678502163727,-3.10263204246803));
#13462=CARTESIAN_POINT('',(14.99,8.0678502163727,-3.10263204246803));
#13463=CARTESIAN_POINT('',(14.99,8.05425748245116,-3.05301877123929));
#13464=CARTESIAN_POINT('',(14.99,8.05425748245116,-3.05301877123929));
#13465=CARTESIAN_POINT('',(14.99,8.07237974507088,-3.15417824502947));
#13466=CARTESIAN_POINT('',(14.99,8.07237974507088,-3.15417824502947));
#13467=CARTESIAN_POINT('',(14.99,8.0678502163727,-3.10263204246803));
#13468=CARTESIAN_POINT('',(14.99,8.0678502163727,-3.10263204246803));
#13469=CARTESIAN_POINT('',(14.99,8.0686383210822,-3.19603075789564));
#13470=CARTESIAN_POINT('',(14.99,8.0686383210822,-3.19603075789564));
#13471=CARTESIAN_POINT('',(14.99,8.07237974507088,-3.15417824502947));
#13472=CARTESIAN_POINT('',(14.99,8.07237974507088,-3.15417824502947));
#13473=CARTESIAN_POINT('',(14.99,8.057385013978,-3.2319807810909));
#13474=CARTESIAN_POINT('',(14.99,8.057385013978,-3.2319807810909));
#13475=CARTESIAN_POINT('',(14.99,8.0686383210822,-3.19603075789564));
#13476=CARTESIAN_POINT('',(14.99,8.0686383210822,-3.19603075789564));
#13477=CARTESIAN_POINT('',(14.99,8.03857419695842,-3.26210712402644));
#13478=CARTESIAN_POINT('',(14.99,8.03857419695842,-3.26210712402644));
#13479=CARTESIAN_POINT('',(14.99,8.057385013978,-3.2319807810909));
#13480=CARTESIAN_POINT('',(14.99,8.057385013978,-3.2319807810909));
#13481=CARTESIAN_POINT('',(14.99,8.0123054192758,-3.28602817888532));
#13482=CARTESIAN_POINT('',(14.99,8.0123054192758,-3.28602817888532));
#13483=CARTESIAN_POINT('',(14.99,8.03857419695842,-3.26210712402644));
#13484=CARTESIAN_POINT('',(14.99,8.03857419695842,-3.26210712402644));
#13485=CARTESIAN_POINT('',(14.99,7.97873215439622,-3.30370246634629));
#13486=CARTESIAN_POINT('',(14.99,7.97873215439622,-3.30370246634629));
#13487=CARTESIAN_POINT('',(14.99,8.0123054192758,-3.28602817888532));
#13488=CARTESIAN_POINT('',(14.99,8.0123054192758,-3.28602817888532));
#13489=CARTESIAN_POINT('',(14.99,7.93789588164591,-3.31521294435152));
#13490=CARTESIAN_POINT('',(14.99,7.93789588164591,-3.31521294435152));
#13491=CARTESIAN_POINT('',(14.99,7.97873215439622,-3.30370246634629));
#13492=CARTESIAN_POINT('',(14.99,7.97873215439622,-3.30370246634629));
#13493=CARTESIAN_POINT('',(14.99,7.95515952509086,-3.46834170819784));
#13494=CARTESIAN_POINT('',(14.99,7.95515952509086,-3.46834170819784));
#13495=CARTESIAN_POINT('',(14.99,7.93789588164591,-3.31521294435152));
#13496=CARTESIAN_POINT('',(14.99,7.93789588164591,-3.31521294435152));
#13497=CARTESIAN_POINT('',(14.99,8.02975157097526,-3.45246347026477));
#13498=CARTESIAN_POINT('',(14.99,8.02975157097526,-3.45246347026477));
#13499=CARTESIAN_POINT('',(14.99,7.95515952509086,-3.46834170819784));
#13500=CARTESIAN_POINT('',(14.99,7.95515952509086,-3.46834170819784));
#13501=CARTESIAN_POINT('',(14.99,8.09143528986387,-3.42281828580963));
#13502=CARTESIAN_POINT('',(14.99,8.09143528986387,-3.42281828580963));
#13503=CARTESIAN_POINT('',(14.99,8.02975157097526,-3.45246347026477));
#13504=CARTESIAN_POINT('',(14.99,8.02975157097526,-3.45246347026477));
#13505=CARTESIAN_POINT('',(14.99,8.14018164591098,-3.37943933815041));
#13506=CARTESIAN_POINT('',(14.99,8.14018164591098,-3.37943933815041));
#13507=CARTESIAN_POINT('',(14.99,8.09143528986388,-3.42281828580963));
#13508=CARTESIAN_POINT('',(14.99,8.09143528986388,-3.42281828580963));
#13509=CARTESIAN_POINT('',(14.99,8.17552607265034,-3.3222519646406));
#13510=CARTESIAN_POINT('',(14.99,8.17552607265034,-3.3222519646406));
#13511=CARTESIAN_POINT('',(14.99,8.14018164591098,-3.37943933815041));
#13512=CARTESIAN_POINT('',(14.99,8.14018164591098,-3.37943933815041));
#13513=CARTESIAN_POINT('',(14.99,8.19670535233299,-3.25148015286322));
#13514=CARTESIAN_POINT('',(14.99,8.19670535233299,-3.25148015286322));
#13515=CARTESIAN_POINT('',(14.99,8.17552607265034,-3.3222519646406));
#13516=CARTESIAN_POINT('',(14.99,8.17552607265034,-3.3222519646406));
#13517=CARTESIAN_POINT('',(14.99,8.20375681610303,-3.16712805135103));
#13518=CARTESIAN_POINT('',(14.99,8.20375681610303,-3.16712805135103));
#13519=CARTESIAN_POINT('',(14.99,8.19670535233299,-3.25148015286322));
#13520=CARTESIAN_POINT('',(14.99,8.19670535233299,-3.25148015286322));
#13521=CARTESIAN_POINT('',(14.99,8.19597946608055,-3.07906770881527));
#13522=CARTESIAN_POINT('',(14.99,8.19597946608055,-3.07906770881527));
#13523=CARTESIAN_POINT('',(14.99,8.20375681610303,-3.16712805135103));
#13524=CARTESIAN_POINT('',(14.99,8.20375681610303,-3.16712805135103));
#13525=CARTESIAN_POINT('',(14.99,8.17264326818977,-2.9971504362511));
#13526=CARTESIAN_POINT('',(14.99,8.17264326818977,-2.9971504362511));
#13527=CARTESIAN_POINT('',(14.99,8.19597946608055,-3.07906770881527));
#13528=CARTESIAN_POINT('',(14.99,8.19597946608055,-3.07906770881527));
#13529=CARTESIAN_POINT('',(14.99,8.13374822207416,-2.92142186010096));
#13530=CARTESIAN_POINT('',(14.99,8.13374822207416,-2.92142186010096));
#13531=CARTESIAN_POINT('',(14.99,8.17264326818977,-2.9971504362511));
#13532=CARTESIAN_POINT('',(14.99,8.17264326818977,-2.9971504362511));
#13533=CARTESIAN_POINT('',(14.99,8.08076269154835,-2.85323420291388));
#13534=CARTESIAN_POINT('',(14.99,8.08076269154835,-2.85323420291388));
#13535=CARTESIAN_POINT('',(14.99,8.13374822207416,-2.92142186010096));
#13536=CARTESIAN_POINT('',(14.99,8.13374822207416,-2.92142186010096));
#13537=CARTESIAN_POINT('',(14.99,8.01512600492415,-2.79387746700741));
#13538=CARTESIAN_POINT('',(14.99,8.01512600492415,-2.79387746700741));
#13539=CARTESIAN_POINT('',(14.99,8.08076269154835,-2.85323420291388));
#13540=CARTESIAN_POINT('',(14.99,8.08076269154835,-2.85323420291388));
#13541=CARTESIAN_POINT('',(14.99,7.93678838722544,-2.74330602594273));
#13542=CARTESIAN_POINT('',(14.99,7.93678838722544,-2.74330602594273));
#13543=CARTESIAN_POINT('',(14.99,8.01512600492415,-2.79387746700741));
#13544=CARTESIAN_POINT('',(14.99,8.01512600492415,-2.79387746700741));
#13545=CARTESIAN_POINT('',(14.99,7.86537364784808,-2.70995260116979));
#13546=CARTESIAN_POINT('',(14.99,7.86537364784808,-2.70995260116979));
#13547=CARTESIAN_POINT('',(14.99,7.93678838722544,-2.74330602594273));
#13548=CARTESIAN_POINT('',(14.99,7.93678838722544,-2.74330602594273));
#13549=CARTESIAN_POINT('',(14.99,7.79183517358106,-2.68652100079635));
#13550=CARTESIAN_POINT('',(14.99,7.79183517358106,-2.68652100079635));
#13551=CARTESIAN_POINT('',(14.99,7.86537364784808,-2.70995260116979));
#13552=CARTESIAN_POINT('',(14.99,7.86537364784808,-2.70995260116979));
#13553=CARTESIAN_POINT('',(14.99,7.71613148509632,-2.67300292951768));
#13554=CARTESIAN_POINT('',(14.99,7.71613148509632,-2.67300292951768));
#13555=CARTESIAN_POINT('',(14.99,7.79183517358106,-2.68652100079635));
#13556=CARTESIAN_POINT('',(14.99,7.79183517358106,-2.68652100079635));
#13557=CARTESIAN_POINT('',(14.99,7.61067891401845,-2.67313566279336));
#13558=CARTESIAN_POINT('',(14.99,7.61067891401845,-2.67313566279336));
#13559=CARTESIAN_POINT('',(14.99,7.71613148509632,-2.67300292951768));
#13560=CARTESIAN_POINT('',(14.99,7.71613148509632,-2.67300292951768));
#13561=CARTESIAN_POINT('',(14.99,7.52326564726527,-2.69895646496661));
#13562=CARTESIAN_POINT('',(14.99,7.52326564726527,-2.69895646496661));
#13563=CARTESIAN_POINT('',(14.99,7.61067891401845,-2.67313566279336));
#13564=CARTESIAN_POINT('',(14.99,7.61067891401845,-2.67313566279336));
#13565=CARTESIAN_POINT('',(14.99,7.45394560763807,-2.75037822955346));
#13566=CARTESIAN_POINT('',(14.99,7.45394560763807,-2.75037822955346));
#13567=CARTESIAN_POINT('',(14.99,7.52326564726527,-2.69895646496661));
#13568=CARTESIAN_POINT('',(14.99,7.52326564726527,-2.69895646496661));
#13569=CARTESIAN_POINT('',(14.99,7.41720333225967,-2.80602257696046));
#13570=CARTESIAN_POINT('',(14.99,7.41720333225967,-2.80602257696046));
#13571=CARTESIAN_POINT('',(14.99,7.45394560763807,-2.75037822955346));
#13572=CARTESIAN_POINT('',(14.99,7.45394560763807,-2.75037822955346));
#13573=CARTESIAN_POINT('',(14.99,7.39515713704386,-2.87839963364968));
#13574=CARTESIAN_POINT('',(14.99,7.39515713704386,-2.87839963364968));
#13575=CARTESIAN_POINT('',(14.99,7.41720333225967,-2.80602257696046));
#13576=CARTESIAN_POINT('',(14.99,7.41720333225967,-2.80602257696046));
#13577=CARTESIAN_POINT('',(14.99,7.39515713704386,-2.87839963364968));
#13578=CARTESIAN_POINT('',(14.99,7.39515713704386,-2.87839963364968));
#13579=CARTESIAN_POINT('',(14.99,0.,0.));
#13580=CARTESIAN_POINT('',(14.99,7.3878070230493,-3.83776790989941));
#13581=CARTESIAN_POINT('',(14.99,7.3878070230493,-3.83776790989941));
#13582=CARTESIAN_POINT('',(14.99,7.39160236984244,-3.77340048682163));
#13583=CARTESIAN_POINT('',(14.99,7.39160236984244,-3.77340048682163));
#13584=CARTESIAN_POINT('',(14.99,7.39160236984244,-3.77340048682163));
#13585=CARTESIAN_POINT('',(14.99,7.39160236984244,-3.77340048682163));
#13586=CARTESIAN_POINT('',(14.99,7.3960199043976,-3.92988491795768));
#13587=CARTESIAN_POINT('',(14.99,7.3960199043976,-3.92988491795768));
#13588=CARTESIAN_POINT('',(14.99,7.3878070230493,-3.83776790989941));
#13589=CARTESIAN_POINT('',(14.99,7.3878070230493,-3.83776790989941));
#13590=CARTESIAN_POINT('',(14.99,7.42068343716883,-4.00934662208601));
#13591=CARTESIAN_POINT('',(14.99,7.42068343716883,-4.00934662208601));
#13592=CARTESIAN_POINT('',(14.99,7.3960199043976,-3.92988491795768));
#13593=CARTESIAN_POINT('',(14.99,7.3960199043976,-3.92988491795768));
#13594=CARTESIAN_POINT('',(14.99,7.46185154346167,-4.07622768494184));
#13595=CARTESIAN_POINT('',(14.99,7.46185154346167,-4.07622768494184));
#13596=CARTESIAN_POINT('',(14.99,7.42068343716883,-4.00934662208601));
#13597=CARTESIAN_POINT('',(14.99,7.42068343716883,-4.00934662208601));
#13598=CARTESIAN_POINT('',(14.99,7.51450938827329,-4.12801861421758));
#13599=CARTESIAN_POINT('',(14.99,7.51450938827329,-4.12801861421758));
#13600=CARTESIAN_POINT('',(14.99,7.46185154346167,-4.07622768494184));
#13601=CARTESIAN_POINT('',(14.99,7.46185154346167,-4.07622768494184));
#13602=CARTESIAN_POINT('',(14.99,7.57398641361933,-4.16220162337777));
#13603=CARTESIAN_POINT('',(14.99,7.57398641361933,-4.16220162337777));
#13604=CARTESIAN_POINT('',(14.99,7.51450938827329,-4.12801861421758));
#13605=CARTESIAN_POINT('',(14.99,7.51450938827329,-4.12801861421758));
#13606=CARTESIAN_POINT('',(14.99,7.6402452880051,-4.1787642678828));
#13607=CARTESIAN_POINT('',(14.99,7.6402452880051,-4.1787642678828));
#13608=CARTESIAN_POINT('',(14.99,7.57398641361933,-4.16220162337777));
#13609=CARTESIAN_POINT('',(14.99,7.57398641361933,-4.16220162337777));
#13610=CARTESIAN_POINT('',(14.99,7.69309808525568,-4.17846976584042));
#13611=CARTESIAN_POINT('',(14.99,7.69309808525568,-4.17846976584042));
#13612=CARTESIAN_POINT('',(14.99,7.6402452880051,-4.1787642678828));
#13613=CARTESIAN_POINT('',(14.99,7.6402452880051,-4.1787642678828));
#13614=CARTESIAN_POINT('',(14.99,7.73921466026732,-4.16509687131838));
#13615=CARTESIAN_POINT('',(14.99,7.73921466026732,-4.16509687131838));
#13616=CARTESIAN_POINT('',(14.99,7.69309808525568,-4.17846976584042));
#13617=CARTESIAN_POINT('',(14.99,7.69309808525568,-4.17846976584042));
#13618=CARTESIAN_POINT('',(14.99,7.77859501304047,-4.13867462087364));
#13619=CARTESIAN_POINT('',(14.99,7.77859501304047,-4.13867462087364));
#13620=CARTESIAN_POINT('',(14.99,7.73921466026732,-4.16509687131838));
#13621=CARTESIAN_POINT('',(14.99,7.73921466026732,-4.16509687131838));
#13622=CARTESIAN_POINT('',(14.99,7.80544035133507,-4.10588531287613));
#13623=CARTESIAN_POINT('',(14.99,7.80544035133507,-4.10588531287613));
#13624=CARTESIAN_POINT('',(14.99,7.77859501304047,-4.13867462087364));
#13625=CARTESIAN_POINT('',(14.99,7.77859501304047,-4.13867462087364));
#13626=CARTESIAN_POINT('',(14.99,7.83713460838853,-4.05163051915952));
#13627=CARTESIAN_POINT('',(14.99,7.83713460838853,-4.05163051915952));
#13628=CARTESIAN_POINT('',(14.99,7.80544035133507,-4.10588531287613));
#13629=CARTESIAN_POINT('',(14.99,7.80544035133507,-4.10588531287613));
#13630=CARTESIAN_POINT('',(14.99,7.87376903815757,-3.9758272803665));
#13631=CARTESIAN_POINT('',(14.99,7.87376903815757,-3.9758272803665));
#13632=CARTESIAN_POINT('',(14.99,7.83713460838853,-4.05163051915952));
#13633=CARTESIAN_POINT('',(14.99,7.83713460838853,-4.05163051915952));
#13634=CARTESIAN_POINT('',(14.99,7.89815051201085,-3.92538857293039));
#13635=CARTESIAN_POINT('',(14.99,7.89815051201085,-3.92538857293039));
#13636=CARTESIAN_POINT('',(14.99,7.87376903815757,-3.9758272803665));
#13637=CARTESIAN_POINT('',(14.99,7.87376903815757,-3.9758272803665));
#13638=CARTESIAN_POINT('',(14.99,7.91877811839586,-3.88878317865601));
#13639=CARTESIAN_POINT('',(14.99,7.91877811839586,-3.88878317865601));
#13640=CARTESIAN_POINT('',(14.99,7.89815051201085,-3.92538857293039));
#13641=CARTESIAN_POINT('',(14.99,7.89815051201085,-3.92538857293039));
#13642=CARTESIAN_POINT('',(14.99,7.93569333628548,-3.8660525768646));
#13643=CARTESIAN_POINT('',(14.99,7.93569333628548,-3.8660525768646));
#13644=CARTESIAN_POINT('',(14.99,7.91877811839586,-3.88878317865601));
#13645=CARTESIAN_POINT('',(14.99,7.91877811839586,-3.88878317865601));
#13646=CARTESIAN_POINT('',(14.99,7.95172919516053,-3.85314010169168));
#13647=CARTESIAN_POINT('',(14.99,7.95172919516053,-3.85314010169168));
#13648=CARTESIAN_POINT('',(14.99,7.93569333628548,-3.8660525768646));
#13649=CARTESIAN_POINT('',(14.99,7.93569333628548,-3.8660525768646));
#13650=CARTESIAN_POINT('',(14.99,7.97041557491039,-3.84640387945183));
#13651=CARTESIAN_POINT('',(14.99,7.97041557491039,-3.84640387945183));
#13652=CARTESIAN_POINT('',(14.99,7.95172919516053,-3.85314010169168));
#13653=CARTESIAN_POINT('',(14.99,7.95172919516053,-3.85314010169168));
#13654=CARTESIAN_POINT('',(14.99,7.99172344004173,-3.84583561449472));
#13655=CARTESIAN_POINT('',(14.99,7.99172344004173,-3.84583561449472));
#13656=CARTESIAN_POINT('',(14.99,7.97041557491039,-3.84640387945183));
#13657=CARTESIAN_POINT('',(14.99,7.97041557491039,-3.84640387945183));
#13658=CARTESIAN_POINT('',(14.99,8.01439182301911,-3.85154730025715));
#13659=CARTESIAN_POINT('',(14.99,8.01439182301911,-3.85154730025715));
#13660=CARTESIAN_POINT('',(14.99,7.99172344004173,-3.84583561449472));
#13661=CARTESIAN_POINT('',(14.99,7.99172344004173,-3.84583561449472));
#13662=CARTESIAN_POINT('',(14.99,8.03428109967345,-3.86336057666631));
#13663=CARTESIAN_POINT('',(14.99,8.03428109967345,-3.86336057666631));
#13664=CARTESIAN_POINT('',(14.99,8.01439182301911,-3.85154730025715));
#13665=CARTESIAN_POINT('',(14.99,8.01439182301911,-3.85154730025715));
#13666=CARTESIAN_POINT('',(14.99,8.05144104462889,-3.8813210705157));
#13667=CARTESIAN_POINT('',(14.99,8.05144104462889,-3.8813210705157));
#13668=CARTESIAN_POINT('',(14.99,8.03428109967345,-3.86336057666631));
#13669=CARTESIAN_POINT('',(14.99,8.03428109967345,-3.86336057666631));
#13670=CARTESIAN_POINT('',(14.99,8.06460239504886,-3.90622518217424));
#13671=CARTESIAN_POINT('',(14.99,8.06460239504886,-3.90622518217424));
#13672=CARTESIAN_POINT('',(14.99,8.05144104462889,-3.8813210705157));
#13673=CARTESIAN_POINT('',(14.99,8.05144104462889,-3.8813210705157));
#13674=CARTESIAN_POINT('',(14.99,8.07250418269396,-3.93916381510644));
#13675=CARTESIAN_POINT('',(14.99,8.07250418269396,-3.93916381510644));
#13676=CARTESIAN_POINT('',(14.99,8.06460239504886,-3.90622518217424));
#13677=CARTESIAN_POINT('',(14.99,8.06460239504886,-3.90622518217424));
#13678=CARTESIAN_POINT('',(14.99,8.07513811190884,-3.98005401101364));
#13679=CARTESIAN_POINT('',(14.99,8.07513811190884,-3.98005401101364));
#13680=CARTESIAN_POINT('',(14.99,8.07250418269396,-3.93916381510644));
#13681=CARTESIAN_POINT('',(14.99,8.07250418269396,-3.93916381510644));
#13682=CARTESIAN_POINT('',(14.99,8.0717741486159,-4.02151661970493));
#13683=CARTESIAN_POINT('',(14.99,8.0717741486159,-4.02151661970493));
#13684=CARTESIAN_POINT('',(14.99,8.07513811190884,-3.98005401101364));
#13685=CARTESIAN_POINT('',(14.99,8.07513811190884,-3.98005401101364));
#13686=CARTESIAN_POINT('',(14.99,8.0617195905892,-4.05479953001122));
#13687=CARTESIAN_POINT('',(14.99,8.0617195905892,-4.05479953001122));
#13688=CARTESIAN_POINT('',(14.99,8.0717741486159,-4.02151661970493));
#13689=CARTESIAN_POINT('',(14.99,8.0717741486159,-4.02151661970493));
#13690=CARTESIAN_POINT('',(14.99,8.04500762079342,-4.07994836908983));
#13691=CARTESIAN_POINT('',(14.99,8.04500762079342,-4.07994836908983));
#13692=CARTESIAN_POINT('',(14.99,8.0617195905892,-4.05479953001122));
#13693=CARTESIAN_POINT('',(14.99,8.0617195905892,-4.05479953001122));
#13694=CARTESIAN_POINT('',(14.99,8.0219991082653,-4.0974816269154));
#13695=CARTESIAN_POINT('',(14.99,8.0219991082653,-4.0974816269154));
#13696=CARTESIAN_POINT('',(14.99,8.04500762079342,-4.07994836908983));
#13697=CARTESIAN_POINT('',(14.99,8.04500762079342,-4.07994836908983));
#13698=CARTESIAN_POINT('',(14.99,7.99306321804843,-4.10790949816146));
#13699=CARTESIAN_POINT('',(14.99,7.99306321804843,-4.10790949816146));
#13700=CARTESIAN_POINT('',(14.99,8.0219991082653,-4.0974816269154));
#13701=CARTESIAN_POINT('',(14.99,8.0219991082653,-4.0974816269154));
#13702=CARTESIAN_POINT('',(14.99,7.95829535262456,-4.11126931327453));
#13703=CARTESIAN_POINT('',(14.99,7.95829535262456,-4.11126931327453));
#13704=CARTESIAN_POINT('',(14.99,7.99306321804843,-4.10790949816146));
#13705=CARTESIAN_POINT('',(14.99,7.99306321804843,-4.10790949816146));
#13706=CARTESIAN_POINT('',(14.99,7.96526800592474,-4.26766663793387));
#13707=CARTESIAN_POINT('',(14.99,7.96526800592474,-4.26766663793387));
#13708=CARTESIAN_POINT('',(14.99,7.95829535262456,-4.11126931327453));
#13709=CARTESIAN_POINT('',(14.99,7.95829535262456,-4.11126931327453));
#13710=CARTESIAN_POINT('',(14.99,8.03265096709438,-4.2624361110029));
#13711=CARTESIAN_POINT('',(14.99,8.03265096709438,-4.2624361110029));
#13712=CARTESIAN_POINT('',(14.99,7.96526800592474,-4.26766663793387));
#13713=CARTESIAN_POINT('',(14.99,7.96526800592474,-4.26766663793387));
#13714=CARTESIAN_POINT('',(14.99,8.09043564105368,-4.24094988509023));
#13715=CARTESIAN_POINT('',(14.99,8.09043564105368,-4.24094988509023));
#13716=CARTESIAN_POINT('',(14.99,8.03265096709438,-4.2624361110029));
#13717=CARTESIAN_POINT('',(14.99,8.03265096709438,-4.2624361110029));
#13718=CARTESIAN_POINT('',(14.99,8.13871328210089,-4.20321210872862));
#13719=CARTESIAN_POINT('',(14.99,8.13871328210089,-4.20321210872862));
#13720=CARTESIAN_POINT('',(14.99,8.09043564105368,-4.24094988509023));
#13721=CARTESIAN_POINT('',(14.99,8.09043564105368,-4.24094988509023));
#13722=CARTESIAN_POINT('',(14.99,8.1748458135502,-4.14952557961624));
#13723=CARTESIAN_POINT('',(14.99,8.1748458135502,-4.14952557961624));
#13724=CARTESIAN_POINT('',(14.99,8.13871328210089,-4.20321210872862));
#13725=CARTESIAN_POINT('',(14.99,8.13871328210089,-4.20321210872862));
#13726=CARTESIAN_POINT('',(14.99,8.19652699155122,-4.08028020263373));
#13727=CARTESIAN_POINT('',(14.99,8.19652699155122,-4.08028020263373));
#13728=CARTESIAN_POINT('',(14.99,8.1748458135502,-4.14952557961624));
#13729=CARTESIAN_POINT('',(14.99,8.1748458135502,-4.14952557961624));
#13730=CARTESIAN_POINT('',(14.99,8.20375681610303,-3.99547182959941));
#13731=CARTESIAN_POINT('',(14.99,8.20375681610303,-3.99547182959941));
#13732=CARTESIAN_POINT('',(14.99,8.19652699155122,-4.08028020263373));
#13733=CARTESIAN_POINT('',(14.99,8.19652699155122,-4.08028020263373));
#13734=CARTESIAN_POINT('',(14.99,8.19646892091978,-3.91070078806661));
#13735=CARTESIAN_POINT('',(14.99,8.19646892091978,-3.91070078806661));
#13736=CARTESIAN_POINT('',(14.99,8.20375681610303,-3.99547182959941));
#13737=CARTESIAN_POINT('',(14.99,8.20375681610303,-3.99547182959941));
#13738=CARTESIAN_POINT('',(14.99,8.17460108648438,-3.83863482543529));
#13739=CARTESIAN_POINT('',(14.99,8.17460108648438,-3.83863482543529));
#13740=CARTESIAN_POINT('',(14.99,8.19646892091978,-3.91070078806661));
#13741=CARTESIAN_POINT('',(14.99,8.19646892091978,-3.91070078806661));
#13742=CARTESIAN_POINT('',(14.99,8.13815746097671,-3.77927394170547));
#13743=CARTESIAN_POINT('',(14.99,8.13815746097671,-3.77927394170547));
#13744=CARTESIAN_POINT('',(14.99,8.17460108648438,-3.83863482543529));
#13745=CARTESIAN_POINT('',(14.99,8.17460108648438,-3.83863482543529));
#13746=CARTESIAN_POINT('',(14.99,8.09055178266945,-3.73385836527814));
#13747=CARTESIAN_POINT('',(14.99,8.09055178266945,-3.73385836527814));
#13748=CARTESIAN_POINT('',(14.99,8.13815746097671,-3.77927394170547));
#13749=CARTESIAN_POINT('',(14.99,8.13815746097671,-3.77927394170547));
#13750=CARTESIAN_POINT('',(14.99,8.03547155274364,-3.70365321151985));
#13751=CARTESIAN_POINT('',(14.99,8.03547155274364,-3.70365321151985));
#13752=CARTESIAN_POINT('',(14.99,8.09055178266945,-3.73385836527814));
#13753=CARTESIAN_POINT('',(14.99,8.09055178266945,-3.73385836527814));
#13754=CARTESIAN_POINT('',(14.99,7.97279648105259,-3.68865848077985));
#13755=CARTESIAN_POINT('',(14.99,7.97279648105259,-3.68865848077985));
#13756=CARTESIAN_POINT('',(14.99,8.03547155274364,-3.70365321151985));
#13757=CARTESIAN_POINT('',(14.99,8.03547155274364,-3.70365321151985));
#13758=CARTESIAN_POINT('',(14.99,7.93640263052512,-3.68730211076036));
#13759=CARTESIAN_POINT('',(14.99,7.93640263052512,-3.68730211076036));
#13760=CARTESIAN_POINT('',(14.99,7.97279648105259,-3.68865848077985));
#13761=CARTESIAN_POINT('',(14.99,7.97279648105259,-3.68865848077985));
#13762=CARTESIAN_POINT('',(14.99,7.90323586183231,-3.69169061017601));
#13763=CARTESIAN_POINT('',(14.99,7.90323586183231,-3.69169061017601));
#13764=CARTESIAN_POINT('',(14.99,7.93640263052512,-3.68730211076036));
#13765=CARTESIAN_POINT('',(14.99,7.93640263052512,-3.68730211076036));
#13766=CARTESIAN_POINT('',(14.99,7.87321321668142,-3.70181983084694));
#13767=CARTESIAN_POINT('',(14.99,7.87321321668142,-3.70181983084694));
#13768=CARTESIAN_POINT('',(14.99,7.90323586183231,-3.69169061017601));
#13769=CARTESIAN_POINT('',(14.99,7.90323586183231,-3.69169061017601));
#13770=CARTESIAN_POINT('',(14.99,7.84669141592522,-3.71705099335304));
#13771=CARTESIAN_POINT('',(14.99,7.84669141592522,-3.71705099335304));
#13772=CARTESIAN_POINT('',(14.99,7.87321321668142,-3.70181983084694));
#13773=CARTESIAN_POINT('',(14.99,7.87321321668142,-3.70181983084694));
#13774=CARTESIAN_POINT('',(14.99,7.82367875592254,-3.73667895092876));
#13775=CARTESIAN_POINT('',(14.99,7.82367875592254,-3.73667895092876));
#13776=CARTESIAN_POINT('',(14.99,7.84669141592522,-3.71705099335304));
#13777=CARTESIAN_POINT('',(14.99,7.84669141592522,-3.71705099335304));
#13778=CARTESIAN_POINT('',(14.99,7.8041337566473,-3.76064148511432));
#13779=CARTESIAN_POINT('',(14.99,7.8041337566473,-3.76064148511432));
#13780=CARTESIAN_POINT('',(14.99,7.82367875592254,-3.73667895092876));
#13781=CARTESIAN_POINT('',(14.99,7.82367875592254,-3.73667895092876));
#13782=CARTESIAN_POINT('',(14.99,7.78489570359889,-3.79212834589453));
#13783=CARTESIAN_POINT('',(14.99,7.78489570359889,-3.79212834589453));
#13784=CARTESIAN_POINT('',(14.99,7.8041337566473,-3.76064148511432));
#13785=CARTESIAN_POINT('',(14.99,7.8041337566473,-3.76064148511432));
#13786=CARTESIAN_POINT('',(14.99,7.76274995842769,-3.83430439665608));
#13787=CARTESIAN_POINT('',(14.99,7.76274995842769,-3.83430439665608));
#13788=CARTESIAN_POINT('',(14.99,7.78489570359889,-3.79212834589453));
#13789=CARTESIAN_POINT('',(14.99,7.78489570359889,-3.79212834589453));
#13790=CARTESIAN_POINT('',(14.99,7.73762185883461,-3.88718622939632));
#13791=CARTESIAN_POINT('',(14.99,7.73762185883461,-3.88718622939632));
#13792=CARTESIAN_POINT('',(14.99,7.76274995842769,-3.83430439665608));
#13793=CARTESIAN_POINT('',(14.99,7.76274995842769,-3.83430439665608));
#13794=CARTESIAN_POINT('',(14.99,7.7135680706996,-3.93778255777215));
#13795=CARTESIAN_POINT('',(14.99,7.7135680706996,-3.93778255777215));
#13796=CARTESIAN_POINT('',(14.99,7.73762185883461,-3.88718622939632));
#13797=CARTESIAN_POINT('',(14.99,7.73762185883461,-3.88718622939632));
#13798=CARTESIAN_POINT('',(14.99,7.69437564445243,-3.9730772095354));
#13799=CARTESIAN_POINT('',(14.99,7.69437564445243,-3.9730772095354));
#13800=CARTESIAN_POINT('',(14.99,7.7135680706996,-3.93778255777215));
#13801=CARTESIAN_POINT('',(14.99,7.7135680706996,-3.93778255777215));
#13802=CARTESIAN_POINT('',(14.99,7.68012339127008,-3.99303700065138));
#13803=CARTESIAN_POINT('',(14.99,7.68012339127008,-3.99303700065138));
#13804=CARTESIAN_POINT('',(14.99,7.69437564445243,-3.9730772095354));
#13805=CARTESIAN_POINT('',(14.99,7.69437564445243,-3.9730772095354));
#13806=CARTESIAN_POINT('',(14.99,7.66273531055404,-4.0073348809874));
#13807=CARTESIAN_POINT('',(14.99,7.66273531055404,-4.0073348809874));
#13808=CARTESIAN_POINT('',(14.99,7.68012339127008,-3.99303700065138));
#13809=CARTESIAN_POINT('',(14.99,7.68012339127008,-3.99303700065138));
#13810=CARTESIAN_POINT('',(14.99,7.64294143603174,-4.01486335576192));
#13811=CARTESIAN_POINT('',(14.99,7.64294143603174,-4.01486335576192));
#13812=CARTESIAN_POINT('',(14.99,7.66273531055404,-4.0073348809874));
#13813=CARTESIAN_POINT('',(14.99,7.66273531055404,-4.0073348809874));
#13814=CARTESIAN_POINT('',(14.99,7.62077909955124,-4.0156390169941));
#13815=CARTESIAN_POINT('',(14.99,7.62077909955124,-4.0156390169941));
#13816=CARTESIAN_POINT('',(14.99,7.64294143603174,-4.01486335576192));
#13817=CARTESIAN_POINT('',(14.99,7.64294143603174,-4.01486335576192));
#13818=CARTESIAN_POINT('',(14.99,7.59523620776681,-4.00882398428439));
#13819=CARTESIAN_POINT('',(14.99,7.59523620776681,-4.00882398428439));
#13820=CARTESIAN_POINT('',(14.99,7.62077909955124,-4.0156390169941));
#13821=CARTESIAN_POINT('',(14.99,7.62077909955124,-4.0156390169941));
#13822=CARTESIAN_POINT('',(14.99,7.57227332274479,-3.99438092684068));
#13823=CARTESIAN_POINT('',(14.99,7.57227332274479,-3.99438092684068));
#13824=CARTESIAN_POINT('',(14.99,7.59523620776681,-4.00882398428439));
#13825=CARTESIAN_POINT('',(14.99,7.59523620776681,-4.00882398428439));
#13826=CARTESIAN_POINT('',(14.99,7.55187799959176,-3.97234717545507));
#13827=CARTESIAN_POINT('',(14.99,7.55187799959176,-3.97234717545507));
#13828=CARTESIAN_POINT('',(14.99,7.57227332274479,-3.99438092684068));
#13829=CARTESIAN_POINT('',(14.99,7.57227332274479,-3.99438092684068));
#13830=CARTESIAN_POINT('',(14.99,7.53608272030979,-3.94198440075343));
#13831=CARTESIAN_POINT('',(14.99,7.53608272030979,-3.94198440075343));
#13832=CARTESIAN_POINT('',(14.99,7.55187799959176,-3.97234717545507));
#13833=CARTESIAN_POINT('',(14.99,7.55187799959176,-3.97234717545507));
#13834=CARTESIAN_POINT('',(14.99,7.52657568739951,-3.90252523751042));
#13835=CARTESIAN_POINT('',(14.99,7.52657568739951,-3.90252523751042));
#13836=CARTESIAN_POINT('',(14.99,7.53608272030979,-3.94198440075343));
#13837=CARTESIAN_POINT('',(14.99,7.53608272030979,-3.94198440075343));
#13838=CARTESIAN_POINT('',(14.99,7.52339838089383,-3.85396968572422));
#13839=CARTESIAN_POINT('',(14.99,7.52339838089383,-3.85396968572422));
#13840=CARTESIAN_POINT('',(14.99,7.52657568739951,-3.90252523751042));
#13841=CARTESIAN_POINT('',(14.99,7.52657568739951,-3.90252523751042));
#13842=CARTESIAN_POINT('',(14.99,7.5280606428677,-3.7973588731802));
#13843=CARTESIAN_POINT('',(14.99,7.5280606428677,-3.7973588731802));
#13844=CARTESIAN_POINT('',(14.99,7.52339838089383,-3.85396968572422));
#13845=CARTESIAN_POINT('',(14.99,7.52339838089383,-3.85396968572422));
#13846=CARTESIAN_POINT('',(14.99,7.54206816898513,-3.75509986377074));
#13847=CARTESIAN_POINT('',(14.99,7.54206816898513,-3.75509986377074));
#13848=CARTESIAN_POINT('',(14.99,7.5280606428677,-3.7973588731802));
#13849=CARTESIAN_POINT('',(14.99,7.5280606428677,-3.7973588731802));
#13850=CARTESIAN_POINT('',(14.99,7.56546658568768,-3.72727976398164));
#13851=CARTESIAN_POINT('',(14.99,7.56546658568768,-3.72727976398164));
#13852=CARTESIAN_POINT('',(14.99,7.54206816898513,-3.75509986377074));
#13853=CARTESIAN_POINT('',(14.99,7.54206816898513,-3.75509986377074));
#13854=CARTESIAN_POINT('',(14.99,7.5879400165767,-3.71717543097475));
#13855=CARTESIAN_POINT('',(14.99,7.5879400165767,-3.71717543097475));
#13856=CARTESIAN_POINT('',(14.99,7.56546658568768,-3.72727976398164));
#13857=CARTESIAN_POINT('',(14.99,7.56546658568768,-3.72727976398164));
#13858=CARTESIAN_POINT('',(14.99,7.62114826424013,-3.71247168967602));
#13859=CARTESIAN_POINT('',(14.99,7.62114826424013,-3.71247168967602));
#13860=CARTESIAN_POINT('',(14.99,7.5879400165767,-3.71717543097475));
#13861=CARTESIAN_POINT('',(14.99,7.5879400165767,-3.71717543097475));
#13862=CARTESIAN_POINT('',(14.99,7.66504985005886,-3.71320172339983));
#13863=CARTESIAN_POINT('',(14.99,7.66504985005886,-3.71320172339983));
#13864=CARTESIAN_POINT('',(14.99,7.62114826424013,-3.71247168967602));
#13865=CARTESIAN_POINT('',(14.99,7.62114826424013,-3.71247168967602));
#13866=CARTESIAN_POINT('',(14.99,7.65696555380637,-3.557783307715));
#13867=CARTESIAN_POINT('',(14.99,7.65696555380637,-3.557783307715));
#13868=CARTESIAN_POINT('',(14.99,7.66504985005886,-3.71320172339983));
#13869=CARTESIAN_POINT('',(14.99,7.66504985005886,-3.71320172339983));
#13870=CARTESIAN_POINT('',(14.99,7.60617427298566,-3.55432809046943));
#13871=CARTESIAN_POINT('',(14.99,7.60617427298566,-3.55432809046943));
#13872=CARTESIAN_POINT('',(14.99,7.65696555380637,-3.557783307715));
#13873=CARTESIAN_POINT('',(14.99,7.65696555380637,-3.557783307715));
#13874=CARTESIAN_POINT('',(14.99,7.5595475040026,-3.55864607506737));
#13875=CARTESIAN_POINT('',(14.99,7.5595475040026,-3.55864607506737));
#13876=CARTESIAN_POINT('',(14.99,7.60617427298566,-3.55432809046943));
#13877=CARTESIAN_POINT('',(14.99,7.60617427298566,-3.55432809046943));
#13878=CARTESIAN_POINT('',(14.99,7.51696495670685,-3.57067089522388));
#13879=CARTESIAN_POINT('',(14.99,7.51696495670685,-3.57067089522388));
#13880=CARTESIAN_POINT('',(14.99,7.5595475040026,-3.55864607506737));
#13881=CARTESIAN_POINT('',(14.99,7.5595475040026,-3.55864607506737));
#13882=CARTESIAN_POINT('',(14.99,7.47935576579394,-3.59177551261382));
#13883=CARTESIAN_POINT('',(14.99,7.47935576579394,-3.59177551261382));
#13884=CARTESIAN_POINT('',(14.99,7.51696495670685,-3.57067089522388));
#13885=CARTESIAN_POINT('',(14.99,7.51696495670685,-3.57067089522388));
#13886=CARTESIAN_POINT('',(14.99,7.44770298806397,-3.62334947987256));
#13887=CARTESIAN_POINT('',(14.99,7.44770298806397,-3.62334947987256));
#13888=CARTESIAN_POINT('',(14.99,7.47935576579393,-3.59177551261382));
#13889=CARTESIAN_POINT('',(14.99,7.47935576579393,-3.59177551261382));
#13890=CARTESIAN_POINT('',(14.99,7.42197344019805,-3.6653679096853));
#13891=CARTESIAN_POINT('',(14.99,7.42197344019805,-3.6653679096853));
#13892=CARTESIAN_POINT('',(14.99,7.44770298806398,-3.62334947987256));
#13893=CARTESIAN_POINT('',(14.99,7.44770298806398,-3.62334947987256));
#13894=CARTESIAN_POINT('',(14.99,7.40298841022232,-3.71592275909279));
#13895=CARTESIAN_POINT('',(14.99,7.40298841022232,-3.71592275909279));
#13896=CARTESIAN_POINT('',(14.99,7.42197344019805,-3.6653679096853));
#13897=CARTESIAN_POINT('',(14.99,7.42197344019805,-3.6653679096853));
#13898=CARTESIAN_POINT('',(14.99,7.40298841022232,-3.71592275909279));
#13899=CARTESIAN_POINT('',(14.99,7.40298841022232,-3.71592275909279));
#13900=CARTESIAN_POINT('',(14.99,0.,0.));
#13901=CARTESIAN_POINT('',(15.,7.52767488652025,-4.74965909364619));
#13902=CARTESIAN_POINT('',(15.,7.52767488652025,-4.74965909364619));
#13903=CARTESIAN_POINT('',(15.,7.52284255941768,-4.70594001679274));
#13904=CARTESIAN_POINT('',(14.99,7.52284255941768,-4.70594001679274));
#13905=CARTESIAN_POINT('',(14.99,7.52284255941768,-4.70594001679274));
#13906=CARTESIAN_POINT('',(14.99,7.52767488652025,-4.74965909364619));
#13907=CARTESIAN_POINT('',(14.99,7.52767488652025,-4.74965909364619));
#13908=CARTESIAN_POINT('',(14.99,7.52767488652025,-4.74965909364619));
#13909=CARTESIAN_POINT('',(14.99,7.52767488652025,-4.74965909364619));
#13910=CARTESIAN_POINT('',(15.,7.52284255941768,-4.70594001679274));
#13911=CARTESIAN_POINT('',(15.,7.52896074172159,-4.65626867422543));
#13912=CARTESIAN_POINT('',(14.99,7.52896074172159,-4.65626867422543));
#13913=CARTESIAN_POINT('',(14.99,7.52896074172159,-4.65626867422543));
#13914=CARTESIAN_POINT('',(14.99,7.52284255941768,-4.70594001679274));
#13915=CARTESIAN_POINT('',(14.99,7.52284255941768,-4.70594001679274));
#13916=CARTESIAN_POINT('',(15.,7.52896074172159,-4.65626867422543));
#13917=CARTESIAN_POINT('',(15.,7.54728625243515,-4.61489731983966));
#13918=CARTESIAN_POINT('',(14.99,7.54728625243515,-4.61489731983966));
#13919=CARTESIAN_POINT('',(14.99,7.54728625243515,-4.61489731983966));
#13920=CARTESIAN_POINT('',(14.99,7.52896074172159,-4.65626867422543));
#13921=CARTESIAN_POINT('',(14.99,7.52896074172159,-4.65626867422543));
#13922=CARTESIAN_POINT('',(15.,7.54728625243515,-4.61489731983966));
#13923=CARTESIAN_POINT('',(15.,7.57778176041247,-4.58178032612705));
#13924=CARTESIAN_POINT('',(14.99,7.57778176041247,-4.58178032612705));
#13925=CARTESIAN_POINT('',(14.99,7.57778176041247,-4.58178032612705));
#13926=CARTESIAN_POINT('',(14.99,7.54728625243515,-4.61489731983966));
#13927=CARTESIAN_POINT('',(14.99,7.54728625243515,-4.61489731983966));
#13928=CARTESIAN_POINT('',(15.,7.57778176041247,-4.58178032612705));
#13929=CARTESIAN_POINT('',(15.,7.61728240298171,-4.55861834083589));
#13930=CARTESIAN_POINT('',(14.99,7.61728240298171,-4.55861834083589));
#13931=CARTESIAN_POINT('',(14.99,7.61728240298171,-4.55861834083589));
#13932=CARTESIAN_POINT('',(14.99,7.57778176041247,-4.58178032612705));
#13933=CARTESIAN_POINT('',(14.99,7.57778176041247,-4.58178032612705));
#13934=CARTESIAN_POINT('',(15.,7.61728240298171,-4.55861834083589));
#13935=CARTESIAN_POINT('',(15.,7.66266479608967,-4.54713689832352));
#13936=CARTESIAN_POINT('',(14.99,7.66266479608967,-4.54713689832352));
#13937=CARTESIAN_POINT('',(14.99,7.66266479608967,-4.54713689832352));
#13938=CARTESIAN_POINT('',(14.99,7.61728240298171,-4.55861834083589));
#13939=CARTESIAN_POINT('',(14.99,7.61728240298171,-4.55861834083589));
#13940=CARTESIAN_POINT('',(15.,7.66266479608967,-4.54713689832352));
#13941=CARTESIAN_POINT('',(15.,7.71392479155556,-4.54732355440501));
#13942=CARTESIAN_POINT('',(14.99,7.71392479155556,-4.54732355440501));
#13943=CARTESIAN_POINT('',(14.99,7.71392479155556,-4.54732355440501));
#13944=CARTESIAN_POINT('',(14.99,7.66266479608967,-4.54713689832352));
#13945=CARTESIAN_POINT('',(14.99,7.66266479608967,-4.54713689832352));
#13946=CARTESIAN_POINT('',(15.,7.71392479155556,-4.54732355440501));
#13947=CARTESIAN_POINT('',(15.,7.79985725102088,-4.56521353379139));
#13948=CARTESIAN_POINT('',(14.99,7.79985725102088,-4.56521353379139));
#13949=CARTESIAN_POINT('',(14.99,7.79985725102088,-4.56521353379139));
#13950=CARTESIAN_POINT('',(14.99,7.71392479155556,-4.54732355440501));
#13951=CARTESIAN_POINT('',(14.99,7.71392479155556,-4.54732355440501));
#13952=CARTESIAN_POINT('',(15.,7.79985725102088,-4.56521353379139));
#13953=CARTESIAN_POINT('',(15.,7.88092834789122,-4.59913522387433));
#13954=CARTESIAN_POINT('',(14.99,7.88092834789122,-4.59913522387433));
#13955=CARTESIAN_POINT('',(14.99,7.88092834789122,-4.59913522387433));
#13956=CARTESIAN_POINT('',(14.99,7.79985725102088,-4.56521353379139));
#13957=CARTESIAN_POINT('',(14.99,7.79985725102088,-4.56521353379139));
#13958=CARTESIAN_POINT('',(15.,7.88092834789122,-4.59913522387433));
#13959=CARTESIAN_POINT('',(15.,7.95718371002513,-4.64899737035012));
#13960=CARTESIAN_POINT('',(14.99,7.95718371002513,-4.64899737035012));
#13961=CARTESIAN_POINT('',(14.99,7.95718371002513,-4.64899737035012));
#13962=CARTESIAN_POINT('',(14.99,7.88092834789122,-4.59913522387433));
#13963=CARTESIAN_POINT('',(14.99,7.88092834789122,-4.59913522387433));
#13964=CARTESIAN_POINT('',(15.,7.95718371002513,-4.64899737035012));
#13965=CARTESIAN_POINT('',(15.,8.01886328073297,-4.71055665161475));
#13966=CARTESIAN_POINT('',(14.99,8.01886328073297,-4.71055665161475));
#13967=CARTESIAN_POINT('',(14.99,8.01886328073297,-4.71055665161475));
#13968=CARTESIAN_POINT('',(14.99,7.95718371002513,-4.64899737035012));
#13969=CARTESIAN_POINT('',(14.99,7.95718371002513,-4.64899737035012));
#13970=CARTESIAN_POINT('',(15.,8.01886328073297,-4.71055665161475));
#13971=CARTESIAN_POINT('',(15.,8.055846135704,-4.77916739700231));
#13972=CARTESIAN_POINT('',(14.99,8.055846135704,-4.77916739700231));
#13973=CARTESIAN_POINT('',(14.99,8.055846135704,-4.77916739700231));
#13974=CARTESIAN_POINT('',(14.99,8.01886328073297,-4.71055665161475));
#13975=CARTESIAN_POINT('',(14.99,8.01886328073297,-4.71055665161475));
#13976=CARTESIAN_POINT('',(15.,8.055846135704,-4.77916739700231));
#13977=CARTESIAN_POINT('',(15.,8.06816545825714,-4.85482545833293));
#13978=CARTESIAN_POINT('',(14.99,8.06816545825714,-4.85482545833293));
#13979=CARTESIAN_POINT('',(14.99,8.06816545825714,-4.85482545833293));
#13980=CARTESIAN_POINT('',(14.99,8.055846135704,-4.77916739700231));
#13981=CARTESIAN_POINT('',(14.99,8.055846135704,-4.77916739700231));
#13982=CARTESIAN_POINT('',(15.,8.06816545825714,-4.85482545833293));
#13983=CARTESIAN_POINT('',(15.,8.06227541171384,-4.90287496397286));
#13984=CARTESIAN_POINT('',(14.99,8.06227541171384,-4.90287496397286));
#13985=CARTESIAN_POINT('',(14.99,8.06227541171384,-4.90287496397286));
#13986=CARTESIAN_POINT('',(14.99,8.06816545825714,-4.85482545833293));
#13987=CARTESIAN_POINT('',(14.99,8.06816545825714,-4.85482545833293));
#13988=CARTESIAN_POINT('',(15.,8.06227541171384,-4.90287496397286));
#13989=CARTESIAN_POINT('',(15.,8.04458453294583,-4.94344162199195));
#13990=CARTESIAN_POINT('',(14.99,8.04458453294583,-4.94344162199195));
#13991=CARTESIAN_POINT('',(14.99,8.04458453294583,-4.94344162199195));
#13992=CARTESIAN_POINT('',(14.99,8.06227541171384,-4.90287496397286));
#13993=CARTESIAN_POINT('',(14.99,8.06227541171384,-4.90287496397286));
#13994=CARTESIAN_POINT('',(15.,8.04458453294583,-4.94344162199195));
#13995=CARTESIAN_POINT('',(15.,8.0150596382854,-4.97661668633737));
#13996=CARTESIAN_POINT('',(14.99,8.0150596382854,-4.97661668633737));
#13997=CARTESIAN_POINT('',(14.99,8.0150596382854,-4.97661668633737));
#13998=CARTESIAN_POINT('',(14.99,8.04458453294583,-4.94344162199195));
#13999=CARTESIAN_POINT('',(14.99,8.04458453294583,-4.94344162199195));
#14000=CARTESIAN_POINT('',(15.,8.0150596382854,-4.97661668633737));
#14001=CARTESIAN_POINT('',(15.,7.97531012047184,-4.99991970090923));
#14002=CARTESIAN_POINT('',(14.99,7.97531012047184,-4.99991970090923));
#14003=CARTESIAN_POINT('',(14.99,7.97531012047184,-4.99991970090923));
#14004=CARTESIAN_POINT('',(14.99,8.0150596382854,-4.97661668633737));
#14005=CARTESIAN_POINT('',(14.99,8.0150596382854,-4.97661668633737));
#14006=CARTESIAN_POINT('',(15.,7.97531012047184,-4.99991970090923));
#14007=CARTESIAN_POINT('',(15.,7.92662183505527,-5.01116886018644));
#14008=CARTESIAN_POINT('',(14.99,7.92662183505527,-5.01116886018644));
#14009=CARTESIAN_POINT('',(14.99,7.92662183505527,-5.01116886018644));
#14010=CARTESIAN_POINT('',(14.99,7.97531012047184,-4.99991970090923));
#14011=CARTESIAN_POINT('',(14.99,7.97531012047184,-4.99991970090923));
#14012=CARTESIAN_POINT('',(15.,7.92662183505527,-5.01116886018644));
#14013=CARTESIAN_POINT('',(15.,7.8689989298663,-5.01032268449126));
#14014=CARTESIAN_POINT('',(14.99,7.8689989298663,-5.01032268449126));
#14015=CARTESIAN_POINT('',(14.99,7.8689989298663,-5.01032268449126));
#14016=CARTESIAN_POINT('',(14.99,7.92662183505527,-5.01116886018644));
#14017=CARTESIAN_POINT('',(14.99,7.92662183505527,-5.01116886018644));
#14018=CARTESIAN_POINT('',(15.,7.8689989298663,-5.01032268449126));
#14019=CARTESIAN_POINT('',(15.,7.81284024066044,-4.99967497384205));
#14020=CARTESIAN_POINT('',(14.99,7.81284024066044,-4.99967497384205));
#14021=CARTESIAN_POINT('',(14.99,7.81284024066044,-4.99967497384205));
#14022=CARTESIAN_POINT('',(14.99,7.8689989298663,-5.01032268449126));
#14023=CARTESIAN_POINT('',(14.99,7.8689989298663,-5.01032268449126));
#14024=CARTESIAN_POINT('',(15.,7.81284024066044,-4.99967497384205));
#14025=CARTESIAN_POINT('',(15.,7.75569849430249,-4.98013412239015));
#14026=CARTESIAN_POINT('',(14.99,7.75569849430249,-4.98013412239015));
#14027=CARTESIAN_POINT('',(14.99,7.75569849430249,-4.98013412239015));
#14028=CARTESIAN_POINT('',(14.99,7.81284024066044,-4.99967497384205));
#14029=CARTESIAN_POINT('',(14.99,7.81284024066044,-4.99967497384205));
#14030=CARTESIAN_POINT('',(15.,7.75569849430249,-4.98013412239015));
#14031=CARTESIAN_POINT('',(15.,7.69757783897594,-4.95174575764395));
#14032=CARTESIAN_POINT('',(14.99,7.69757783897594,-4.95174575764395));
#14033=CARTESIAN_POINT('',(14.99,7.69757783897594,-4.95174575764395));
#14034=CARTESIAN_POINT('',(14.99,7.75569849430249,-4.98013412239015));
#14035=CARTESIAN_POINT('',(14.99,7.75569849430249,-4.98013412239015));
#14036=CARTESIAN_POINT('',(15.,7.69757783897594,-4.95174575764395));
#14037=CARTESIAN_POINT('',(15.,7.64379590773105,-4.91701937119251));
#14038=CARTESIAN_POINT('',(14.99,7.64379590773105,-4.91701937119251));
#14039=CARTESIAN_POINT('',(14.99,7.64379590773105,-4.91701937119251));
#14040=CARTESIAN_POINT('',(14.99,7.69757783897594,-4.95174575764395));
#14041=CARTESIAN_POINT('',(14.99,7.69757783897594,-4.95174575764395));
#14042=CARTESIAN_POINT('',(15.,7.64379590773106,-4.91701937119251));
#14043=CARTESIAN_POINT('',(15.,7.60001875953676,-4.87879214034547));
#14044=CARTESIAN_POINT('',(14.99,7.60001875953676,-4.87879214034547));
#14045=CARTESIAN_POINT('',(14.99,7.60001875953676,-4.87879214034547));
#14046=CARTESIAN_POINT('',(14.99,7.64379590773106,-4.91701937119251));
#14047=CARTESIAN_POINT('',(14.99,7.64379590773106,-4.91701937119251));
#14048=CARTESIAN_POINT('',(15.,7.60001875953676,-4.87879214034547));
#14049=CARTESIAN_POINT('',(15.,7.56620076759273,-4.83697695827141));
#14050=CARTESIAN_POINT('',(14.99,7.56620076759273,-4.83697695827141));
#14051=CARTESIAN_POINT('',(14.99,7.56620076759273,-4.83697695827141));
#14052=CARTESIAN_POINT('',(14.99,7.60001875953676,-4.87879214034547));
#14053=CARTESIAN_POINT('',(14.99,7.60001875953676,-4.87879214034547));
#14054=CARTESIAN_POINT('',(15.,7.56620076759273,-4.83697695827141));
#14055=CARTESIAN_POINT('',(15.,7.54214283127649,-4.79333669188418));
#14056=CARTESIAN_POINT('',(14.99,7.54214283127649,-4.79333669188418));
#14057=CARTESIAN_POINT('',(14.99,7.54214283127649,-4.79333669188418));
#14058=CARTESIAN_POINT('',(14.99,7.56620076759273,-4.83697695827141));
#14059=CARTESIAN_POINT('',(14.99,7.56620076759273,-4.83697695827141));
#14060=CARTESIAN_POINT('',(14.99,7.38725120157315,-4.67303456717855));
#14061=CARTESIAN_POINT('',(14.99,7.38725120157315,-4.67303456717855));
#14062=CARTESIAN_POINT('',(14.99,7.3928218580535,-4.60407539658991));
#14063=CARTESIAN_POINT('',(14.99,7.3928218580535,-4.60407539658991));
#14064=CARTESIAN_POINT('',(14.99,7.3928218580535,-4.60407539658991));
#14065=CARTESIAN_POINT('',(14.99,7.3928218580535,-4.60407539658991));
#14066=CARTESIAN_POINT('',(14.99,7.39424459471038,-4.75557402785853));
#14067=CARTESIAN_POINT('',(14.99,7.39424459471038,-4.75557402785853));
#14068=CARTESIAN_POINT('',(14.99,7.38725120157315,-4.67303456717855));
#14069=CARTESIAN_POINT('',(14.99,7.38725120157315,-4.67303456717855));
#14070=CARTESIAN_POINT('',(14.99,7.4152372179582,-4.83383283508556));
#14071=CARTESIAN_POINT('',(14.99,7.4152372179582,-4.83383283508556));
#14072=CARTESIAN_POINT('',(14.99,7.39424459471038,-4.75557402785853));
#14073=CARTESIAN_POINT('',(14.99,7.39424459471038,-4.75557402785853));
#14074=CARTESIAN_POINT('',(14.99,7.45027055064056,-4.90786905949426));
#14075=CARTESIAN_POINT('',(14.99,7.45027055064056,-4.90786905949426));
#14076=CARTESIAN_POINT('',(14.99,7.4152372179582,-4.83383283508556));
#14077=CARTESIAN_POINT('',(14.99,7.4152372179582,-4.83383283508556));
#14078=CARTESIAN_POINT('',(14.99,7.49816243533942,-4.97560459369197));
#14079=CARTESIAN_POINT('',(14.99,7.49816243533942,-4.97560459369197));
#14080=CARTESIAN_POINT('',(14.99,7.45027055064056,-4.90786905949426));
#14081=CARTESIAN_POINT('',(14.99,7.45027055064056,-4.90786905949426));
#14082=CARTESIAN_POINT('',(14.99,7.55805840070743,-5.0353719736122));
#14083=CARTESIAN_POINT('',(14.99,7.55805840070743,-5.0353719736122));
#14084=CARTESIAN_POINT('',(14.99,7.49816243533942,-4.97560459369197));
#14085=CARTESIAN_POINT('',(14.99,7.49816243533942,-4.97560459369197));
#14086=CARTESIAN_POINT('',(14.99,7.62995429856519,-5.08715875506096));
#14087=CARTESIAN_POINT('',(14.99,7.62995429856519,-5.08715875506096));
#14088=CARTESIAN_POINT('',(14.99,7.55805840070743,-5.0353719736122));
#14089=CARTESIAN_POINT('',(14.99,7.55805840070743,-5.0353719736122));
#14090=CARTESIAN_POINT('',(14.99,7.70873574359657,-5.12851766596941));
#14091=CARTESIAN_POINT('',(14.99,7.70873574359657,-5.12851766596941));
#14092=CARTESIAN_POINT('',(14.99,7.62995429856519,-5.08715875506096));
#14093=CARTESIAN_POINT('',(14.99,7.62995429856519,-5.08715875506096));
#14094=CARTESIAN_POINT('',(14.99,7.78930494250235,-5.15700558067329));
#14095=CARTESIAN_POINT('',(14.99,7.78930494250235,-5.15700558067329));
#14096=CARTESIAN_POINT('',(14.99,7.70873574359657,-5.12851766596941));
#14097=CARTESIAN_POINT('',(14.99,7.70873574359657,-5.12851766596941));
#14098=CARTESIAN_POINT('',(14.99,7.87174485322466,-5.17268057051115));
#14099=CARTESIAN_POINT('',(14.99,7.87174485322466,-5.17268057051115));
#14100=CARTESIAN_POINT('',(14.99,7.78930494250235,-5.15700558067329));
#14101=CARTESIAN_POINT('',(14.99,7.78930494250235,-5.15700558067329));
#14102=CARTESIAN_POINT('',(14.99,7.96519334363247,-5.17308291852169));
#14103=CARTESIAN_POINT('',(14.99,7.96519334363247,-5.17308291852169));
#14104=CARTESIAN_POINT('',(14.99,7.87174485322466,-5.17268057051115));
#14105=CARTESIAN_POINT('',(14.99,7.87174485322466,-5.17268057051115));
#14106=CARTESIAN_POINT('',(14.99,8.04557173792355,-5.15199074531483));
#14107=CARTESIAN_POINT('',(14.99,8.04557173792355,-5.15199074531483));
#14108=CARTESIAN_POINT('',(14.99,7.96519334363247,-5.17308291852169));
#14109=CARTESIAN_POINT('',(14.99,7.96519334363247,-5.17308291852169));
#14110=CARTESIAN_POINT('',(14.99,8.11279707779968,-5.10930450023443));
#14111=CARTESIAN_POINT('',(14.99,8.11279707779968,-5.10930450023443));
#14112=CARTESIAN_POINT('',(14.99,8.04557173792355,-5.15199074531483));
#14113=CARTESIAN_POINT('',(14.99,8.04557173792355,-5.15199074531483));
#14114=CARTESIAN_POINT('',(14.99,8.1633270395404,-5.04859554249197));
#14115=CARTESIAN_POINT('',(14.99,8.1633270395404,-5.04859554249197));
#14116=CARTESIAN_POINT('',(14.99,8.11279707779968,-5.10930450023443));
#14117=CARTESIAN_POINT('',(14.99,8.11279707779968,-5.10930450023443));
#14118=CARTESIAN_POINT('',(14.99,8.19364833526915,-4.97314902525977));
#14119=CARTESIAN_POINT('',(14.99,8.19364833526915,-4.97314902525977));
#14120=CARTESIAN_POINT('',(14.99,8.1633270395404,-5.04859554249197));
#14121=CARTESIAN_POINT('',(14.99,8.1633270395404,-5.04859554249197));
#14122=CARTESIAN_POINT('',(14.99,8.20375681610303,-4.88296494783572));
#14123=CARTESIAN_POINT('',(14.99,8.20375681610303,-4.88296494783572));
#14124=CARTESIAN_POINT('',(14.99,8.19364833526915,-4.97314902525977));
#14125=CARTESIAN_POINT('',(14.99,8.19364833526915,-4.97314902525977));
#14126=CARTESIAN_POINT('',(14.99,8.19884153105513,-4.81216410091656));
#14127=CARTESIAN_POINT('',(14.99,8.19884153105513,-4.81216410091656));
#14128=CARTESIAN_POINT('',(14.99,8.20375681610303,-4.88296494783572));
#14129=CARTESIAN_POINT('',(14.99,8.20375681610303,-4.88296494783572));
#14130=CARTESIAN_POINT('',(14.99,8.18405004805609,-4.74556509662943));
#14131=CARTESIAN_POINT('',(14.99,8.18405004805609,-4.74556509662943));
#14132=CARTESIAN_POINT('',(14.99,8.19884153105513,-4.81216410091656));
#14133=CARTESIAN_POINT('',(14.99,8.19884153105513,-4.81216410091656));
#14134=CARTESIAN_POINT('',(14.99,8.15928696568144,-4.68308082919975));
#14135=CARTESIAN_POINT('',(14.99,8.15928696568144,-4.68308082919975));
#14136=CARTESIAN_POINT('',(14.99,8.18405004805609,-4.74556509662943));
#14137=CARTESIAN_POINT('',(14.99,8.18405004805609,-4.74556509662943));
#14138=CARTESIAN_POINT('',(14.99,8.12616167631486,-4.62562798878571));
#14139=CARTESIAN_POINT('',(14.99,8.12616167631486,-4.62562798878571));
#14140=CARTESIAN_POINT('',(14.99,8.15928696568144,-4.68308082919975));
#14141=CARTESIAN_POINT('',(14.99,8.15928696568144,-4.68308082919975));
#14142=CARTESIAN_POINT('',(14.99,8.08592270401359,-4.5738453551603));
#14143=CARTESIAN_POINT('',(14.99,8.08592270401359,-4.5738453551603));
#14144=CARTESIAN_POINT('',(14.99,8.12616167631486,-4.62562798878571));
#14145=CARTESIAN_POINT('',(14.99,8.12616167631486,-4.62562798878571));
#14146=CARTESIAN_POINT('',(14.99,8.03857419695842,-4.52779514713984));
#14147=CARTESIAN_POINT('',(14.99,8.03857419695842,-4.52779514713984));
#14148=CARTESIAN_POINT('',(14.99,8.08592270401359,-4.5738453551603));
#14149=CARTESIAN_POINT('',(14.99,8.08592270401359,-4.5738453551603));
#14150=CARTESIAN_POINT('',(14.99,7.98448531948443,-4.48748566002177));
#14151=CARTESIAN_POINT('',(14.99,7.98448531948443,-4.48748566002177));
#14152=CARTESIAN_POINT('',(14.99,8.03857419695842,-4.52779514713984));
#14153=CARTESIAN_POINT('',(14.99,8.03857419695842,-4.52779514713984));
#14154=CARTESIAN_POINT('',(14.99,7.92436121870915,-4.45291274668489));
#14155=CARTESIAN_POINT('',(14.99,7.92436121870915,-4.45291274668489));
#14156=CARTESIAN_POINT('',(14.99,7.98448531948443,-4.48748566002178));
#14157=CARTESIAN_POINT('',(14.99,7.98448531948443,-4.48748566002178));
#14158=CARTESIAN_POINT('',(14.99,7.85815626713147,-4.42411373792493));
#14159=CARTESIAN_POINT('',(14.99,7.85815626713147,-4.42411373792493));
#14160=CARTESIAN_POINT('',(14.99,7.92436121870915,-4.45291274668489));
#14161=CARTESIAN_POINT('',(14.99,7.92436121870915,-4.45291274668489));
#14162=CARTESIAN_POINT('',(14.99,7.80733180299139,-4.40677128436073));
#14163=CARTESIAN_POINT('',(14.99,7.80733180299139,-4.40677128436073));
#14164=CARTESIAN_POINT('',(14.99,7.85815626713147,-4.42411373792493));
#14165=CARTESIAN_POINT('',(14.99,7.85815626713147,-4.42411373792493));
#14166=CARTESIAN_POINT('',(14.99,7.7581913942362,-4.39423626988173));
#14167=CARTESIAN_POINT('',(14.99,7.7581913942362,-4.39423626988173));
#14168=CARTESIAN_POINT('',(14.99,7.80733180299139,-4.40677128436073));
#14169=CARTESIAN_POINT('',(14.99,7.80733180299139,-4.40677128436073));
#14170=CARTESIAN_POINT('',(14.99,7.71080555568178,-4.38658335748187));
#14171=CARTESIAN_POINT('',(14.99,7.71080555568178,-4.38658335748187));
#14172=CARTESIAN_POINT('',(14.99,7.7581913942362,-4.39423626988173));
#14173=CARTESIAN_POINT('',(14.99,7.7581913942362,-4.39423626988173));
#14174=CARTESIAN_POINT('',(14.99,7.66064475898238,-4.38448865773171));
#14175=CARTESIAN_POINT('',(14.99,7.66064475898238,-4.38448865773171));
#14176=CARTESIAN_POINT('',(14.99,7.71080555568178,-4.38658335748187));
#14177=CARTESIAN_POINT('',(14.99,7.71080555568178,-4.38658335748187));
#14178=CARTESIAN_POINT('',(14.99,7.61085312662171,-4.38937490764147));
#14179=CARTESIAN_POINT('',(14.99,7.61085312662171,-4.38937490764147));
#14180=CARTESIAN_POINT('',(14.99,7.66064475898238,-4.38448865773171));
#14181=CARTESIAN_POINT('',(14.99,7.66064475898238,-4.38448865773171));
#14182=CARTESIAN_POINT('',(14.99,7.56143480748133,-4.40120062752794));
#14183=CARTESIAN_POINT('',(14.99,7.56143480748133,-4.40120062752794));
#14184=CARTESIAN_POINT('',(14.99,7.61085312662171,-4.38937490764147));
#14185=CARTESIAN_POINT('',(14.99,7.61085312662171,-4.38937490764147));
#14186=CARTESIAN_POINT('',(14.99,7.5146918965278,-4.42172868395573));
#14187=CARTESIAN_POINT('',(14.99,7.5146918965278,-4.42172868395573));
#14188=CARTESIAN_POINT('',(14.99,7.56143480748133,-4.40120062752794));
#14189=CARTESIAN_POINT('',(14.99,7.56143480748133,-4.40120062752794));
#14190=CARTESIAN_POINT('',(14.99,7.47330395047984,-4.45244403168908));
#14191=CARTESIAN_POINT('',(14.99,7.47330395047984,-4.45244403168908));
#14192=CARTESIAN_POINT('',(14.99,7.5146918965278,-4.42172868395573));
#14193=CARTESIAN_POINT('',(14.99,7.5146918965278,-4.42172868395573));
#14194=CARTESIAN_POINT('',(14.99,7.43722534218969,-4.49338400257329));
#14195=CARTESIAN_POINT('',(14.99,7.43722534218969,-4.49338400257329));
#14196=CARTESIAN_POINT('',(14.99,7.47330395047984,-4.45244403168908));
#14197=CARTESIAN_POINT('',(14.99,7.47330395047984,-4.45244403168908));
#14198=CARTESIAN_POINT('',(14.99,7.40949234887594,-4.54419602287817));
#14199=CARTESIAN_POINT('',(14.99,7.40949234887594,-4.54419602287817));
#14200=CARTESIAN_POINT('',(14.99,7.43722534218969,-4.49338400257329));
#14201=CARTESIAN_POINT('',(14.99,7.43722534218969,-4.49338400257329));
#14202=CARTESIAN_POINT('',(14.99,7.40949234887594,-4.54419602287817));
#14203=CARTESIAN_POINT('',(14.99,7.40949234887594,-4.54419602287817));
#14204=CARTESIAN_POINT('',(15.,7.54214283127649,-4.79333669188418));
#14205=CARTESIAN_POINT('',(14.99,7.54214283127649,-4.79333669188418));
#14206=CARTESIAN_POINT('',(14.99,7.54214283127649,-4.79333669188418));
#14207=CARTESIAN_POINT('',(14.99,0.,0.));
#14208=CARTESIAN_POINT('',(15.,33.98893407222,-3.455));
#14209=CARTESIAN_POINT('',(12.5,8.48591850529009,-3.399999999999));
#14210=CARTESIAN_POINT('',(12.5,8.48591850529009,-5.14724548427709));
#14211=CARTESIAN_POINT('',(12.5,8.48591850529009,-1.65275451949985));
#14212=CARTESIAN_POINT('',(12.5,8.48591850529009,-3.399999999999));
#14213=CARTESIAN_POINT('',(14.4,8.48591850529009,-0.284567762305117));
#14214=CARTESIAN_POINT('',(7.5,8.48591850529009,-3.399999999999));
#14215=CARTESIAN_POINT('',(7.5,8.48591850529009,-5.14724548427709));
#14216=CARTESIAN_POINT('',(7.5,8.48591850529009,-1.65275451949985));
#14217=CARTESIAN_POINT('',(7.5,8.48591850529009,-3.399999999999));
#14218=CARTESIAN_POINT('',(14.4,8.48591850529009,-0.284567762305117));
#14219=CARTESIAN_POINT('',(2.5,8.48591850529009,-3.399999999999));
#14220=CARTESIAN_POINT('',(2.5,8.48591850529009,-5.14724548427709));
#14221=CARTESIAN_POINT('',(2.5,8.48591850529009,-1.65275451949985));
#14222=CARTESIAN_POINT('',(2.5,8.48591850529009,-3.399999999999));
#14223=CARTESIAN_POINT('',(14.4,8.48591850529009,-0.284567762305117));
#14224=CARTESIAN_POINT('',(14.4,1.2,-0.45806310000584));
#14225=CARTESIAN_POINT('',(14.4,7.98591850529009,-0.284567762305117));
#14226=CARTESIAN_POINT('',(14.4,1.2,-0.45806310000584));
#14227=CARTESIAN_POINT('',(14.4,7.98591850529009,-0.284567762305117));
#14228=CARTESIAN_POINT('',(14.4,7.98591850529009,-0.284567762305117));
#14229=CARTESIAN_POINT('',(14.4,1.2,-0.45806310000584));
#14230=CARTESIAN_POINT('',(12.1,9.65,-4.731202463939));
#14231=CARTESIAN_POINT('',(12.1,9.65000000000029,-4.73120246393902));
#14232=CARTESIAN_POINT('',(12.1,9.65000000000029,-2.06879753605898));
#14233=CARTESIAN_POINT('',(12.5,9.65,-3.399999999999));
#14234=CARTESIAN_POINT('',(12.9,9.65,-3.399999999999));
#14235=CARTESIAN_POINT('',(12.9,9.65,-2.068797536059));
#14236=CARTESIAN_POINT('',(12.9,9.65000000000029,-2.06879753605898));
#14237=CARTESIAN_POINT('',(12.9,9.65000000000029,-4.73120246393902));
#14238=CARTESIAN_POINT('',(12.5,9.65,-3.399999999999));
#14239=CARTESIAN_POINT('',(12.9,9.65,-3.399999999999));
#14240=CARTESIAN_POINT('',(12.1,9.4699007438,-4.98944813754785));
#14241=CARTESIAN_POINT('',(12.1,9.49687660690583,-4.98098401451773));
#14242=CARTESIAN_POINT('',(12.1,9.52273242248309,-4.96765975097283));
#14243=CARTESIAN_POINT('',(12.1,9.54534358309585,-4.9506870085687));
#14244=CARTESIAN_POINT('',(12.1,9.56793704540875,-4.93372755113872));
#14245=CARTESIAN_POINT('',(12.1,9.58791178841176,-4.91267798243868));
#14246=CARTESIAN_POINT('',(12.1,9.60378736228511,-4.88931018644086));
#14247=CARTESIAN_POINT('',(12.1,9.61999162026139,-4.86545858915646));
#14248=CARTESIAN_POINT('',(12.1,9.63236282416876,-4.8385696828688));
#14249=CARTESIAN_POINT('',(12.1,9.64008408140455,-4.81078733494286));
#14250=CARTESIAN_POINT('',(12.1,9.64724250435225,-4.78503015695213));
#14251=CARTESIAN_POINT('',(12.1,9.65059070682146,-4.75792934745721));
#14252=CARTESIAN_POINT('',(12.1,9.65000000000029,-4.73120246393902));
#14253=CARTESIAN_POINT('',(12.1,9.4699007438,-4.98944813754785));
#14254=CARTESIAN_POINT('',(12.5,9.4699007438,-3.399999999999));
#14255=CARTESIAN_POINT('',(12.1,9.4699007438,-1.81055186244966));
#14256=CARTESIAN_POINT('',(12.1,9.65000000000029,-2.06879753605898));
#14257=CARTESIAN_POINT('',(12.1,9.65067328437961,-2.03833438152017));
#14258=CARTESIAN_POINT('',(12.1,9.64619867375107,-2.00733151735264));
#14259=CARTESIAN_POINT('',(12.1,9.63681591019521,-1.97834150451432));
#14260=CARTESIAN_POINT('',(12.1,9.62742448993596,-1.9493247449781));
#14261=CARTESIAN_POINT('',(12.1,9.61282975025469,-1.92150886769027));
#14262=CARTESIAN_POINT('',(12.1,9.59414080826915,-1.89740711348171));
#14263=CARTESIAN_POINT('',(12.1,9.57592220554657,-1.87391192123472));
#14264=CARTESIAN_POINT('',(12.1,9.55327462432557,-1.85327515858973));
#14265=CARTESIAN_POINT('',(12.1,9.52810339699529,-1.8374526790567));
#14266=CARTESIAN_POINT('',(12.1,9.51000851258226,-1.82607834539704));
#14267=CARTESIAN_POINT('',(12.1,9.4902933700081,-1.81695038606519));
#14268=CARTESIAN_POINT('',(12.1,9.4699007438,-1.81055186244966));
#14269=CARTESIAN_POINT('',(12.5,9.39591718884,-3.399999999999));
#14270=CARTESIAN_POINT('',(12.1,8.85,-1.74032534591));
#14271=CARTESIAN_POINT('',(12.1,8.918864738412,-1.748117367414));
#14272=CARTESIAN_POINT('',(12.1,9.056602993415,-1.763708427343));
#14273=CARTESIAN_POINT('',(12.1,9.26323662504,-1.787116851431));
#14274=CARTESIAN_POINT('',(12.1,9.4010098099,-1.802737576128));
#14275=CARTESIAN_POINT('',(12.1,9.4699007438,-1.810551862449));
#14276=CARTESIAN_POINT('',(12.1,8.85,-1.74032534591));
#14277=CARTESIAN_POINT('',(12.1,8.85,-1.74032534591));
#14278=CARTESIAN_POINT('',(12.1,8.85,-5.059674654087));
#14279=CARTESIAN_POINT('',(12.1,9.4699007438,-4.989448137548));
#14280=CARTESIAN_POINT('',(12.1,9.4010098099,-4.997262423869));
#14281=CARTESIAN_POINT('',(12.1,9.26323662504,-5.012883148567));
#14282=CARTESIAN_POINT('',(12.1,9.056602993414,-5.036291572654));
#14283=CARTESIAN_POINT('',(12.1,8.918864738411,-5.051882632584));
#14284=CARTESIAN_POINT('',(12.1,8.85,-5.059674654087));
#14285=CARTESIAN_POINT('',(12.1,9.89,4.850000000001));
#14286=CARTESIAN_POINT('',(12.9,9.65000000000029,-4.73120246393902));
#14287=CARTESIAN_POINT('',(12.9,9.65067328437961,-4.76166561847783));
#14288=CARTESIAN_POINT('',(12.9,9.64619867375107,-4.79266848264537));
#14289=CARTESIAN_POINT('',(12.9,9.63681591019521,-4.82165849548368));
#14290=CARTESIAN_POINT('',(12.9,9.62742448993596,-4.8506752550199));
#14291=CARTESIAN_POINT('',(12.9,9.61282975025469,-4.87849113230773));
#14292=CARTESIAN_POINT('',(12.9,9.59414080826915,-4.90259288651629));
#14293=CARTESIAN_POINT('',(12.9,9.57592220554657,-4.92608807876328));
#14294=CARTESIAN_POINT('',(12.9,9.55327462432557,-4.94672484140827));
#14295=CARTESIAN_POINT('',(12.9,9.52810339699529,-4.9625473209413));
#14296=CARTESIAN_POINT('',(12.9,9.51000851258232,-4.97392165460092));
#14297=CARTESIAN_POINT('',(12.9,9.49029337000803,-4.98304961393232));
#14298=CARTESIAN_POINT('',(12.9,9.4699007438,-4.98944813754785));
#14299=CARTESIAN_POINT('',(12.9,9.4699007438,-4.98944813754785));
#14300=CARTESIAN_POINT('',(12.9,9.4699007438,-1.81055186245015));
#14301=CARTESIAN_POINT('',(12.9,9.49687660690582,-1.81901598548027));
#14302=CARTESIAN_POINT('',(12.9,9.52273242248309,-1.83234024902517));
#14303=CARTESIAN_POINT('',(12.9,9.54534358309585,-1.8493129914293));
#14304=CARTESIAN_POINT('',(12.9,9.56793704540875,-1.86627244885928));
#14305=CARTESIAN_POINT('',(12.9,9.58791178841176,-1.88732201755932));
#14306=CARTESIAN_POINT('',(12.9,9.60378736228511,-1.91068981355714));
#14307=CARTESIAN_POINT('',(12.9,9.61999162026139,-1.93454141084154));
#14308=CARTESIAN_POINT('',(12.9,9.63236282416876,-1.9614303171292));
#14309=CARTESIAN_POINT('',(12.9,9.64008408140455,-1.98921266505514));
#14310=CARTESIAN_POINT('',(12.9,9.64724250435225,-2.01496984304586));
#14311=CARTESIAN_POINT('',(12.9,9.65059070682147,-2.04207065254078));
#14312=CARTESIAN_POINT('',(12.9,9.65000000000029,-2.06879753605898));
#14313=CARTESIAN_POINT('',(12.9,9.4699007438,-1.81055186245015));
#14314=CARTESIAN_POINT('',(12.5,9.4699007438,-3.399999999999));
#14315=CARTESIAN_POINT('',(12.5,9.39591718884,-3.399999999999));
#14316=CARTESIAN_POINT('',(12.9,9.4699007438,-1.81055186245));
#14317=CARTESIAN_POINT('',(12.9,9.4010098099,-1.802737576129));
#14318=CARTESIAN_POINT('',(12.9,9.26323662504,-1.787116851431));
#14319=CARTESIAN_POINT('',(12.9,9.056602993414,-1.763708427343));
#14320=CARTESIAN_POINT('',(12.9,8.918864738412,-1.748117367414));
#14321=CARTESIAN_POINT('',(12.9,8.85,-1.74032534591));
#14322=CARTESIAN_POINT('',(12.9,8.85,-1.74032534591));
#14323=CARTESIAN_POINT('',(12.9,8.85,-5.059674654087));
#14324=CARTESIAN_POINT('',(12.9,8.918864738412,-5.051882632584));
#14325=CARTESIAN_POINT('',(12.9,9.056602993415,-5.036291572654));
#14326=CARTESIAN_POINT('',(12.9,9.26323662504,-5.012883148566));
#14327=CARTESIAN_POINT('',(12.9,9.4010098099,-4.997262423869));
#14328=CARTESIAN_POINT('',(12.9,9.4699007438,-4.989448137548));
#14329=CARTESIAN_POINT('',(12.9,8.85,-5.059674654087));
#14330=CARTESIAN_POINT('',(12.9,8.85,-1.74032534591));
#14331=CARTESIAN_POINT('',(12.9,8.85,4.850000000001));
#14332=CARTESIAN_POINT('',(12.5,8.85,-3.399999999999));
#14333=CARTESIAN_POINT('',(12.5,8.85,-5.107196519859));
#14334=CARTESIAN_POINT('',(12.5,8.85,-3.399999999999));
#14335=CARTESIAN_POINT('',(12.5,8.85,-3.399999999999));
#14336=CARTESIAN_POINT('',(12.5,8.85,-1.692803581869));
#14337=CARTESIAN_POINT('',(12.5,8.85,-3.399999999999));
#14338=CARTESIAN_POINT('',(12.1,8.85,4.850000000001));
#14339=CARTESIAN_POINT('',(12.5,8.85,-1.692803581869));
#14340=CARTESIAN_POINT('',(12.5,8.85,-5.107196519859));
#14341=CARTESIAN_POINT('',(12.5,8.970884419817,-3.399999999999));
#14342=CARTESIAN_POINT('',(12.5,8.970884419817,-3.399999999999));
#14343=CARTESIAN_POINT('',(12.5,1.,-3.1));
#14344=CARTESIAN_POINT('',(12.5,1.,-3.6));
#14345=CARTESIAN_POINT('',(12.5,-3.7,-3.6));
#14346=CARTESIAN_POINT('',(12.5,-3.7,-3.6));
#14347=CARTESIAN_POINT('',(12.5,-3.7,-3.1));
#14348=CARTESIAN_POINT('',(12.5,-3.7,-2.6));
#14349=CARTESIAN_POINT('',(12.5,-3.7,-2.6));
#14350=CARTESIAN_POINT('',(12.5,1.,-2.6));
#14351=CARTESIAN_POINT('',(12.5,1.,-3.1));
#14352=CARTESIAN_POINT('',(12.5,-3.9,-3.1));
#14353=CARTESIAN_POINT('',(12.5,1.,-3.1));
#14354=CARTESIAN_POINT('',(12.5,-3.7,-3.1));
#14355=CARTESIAN_POINT('',(12.5,1.,-3.1));
#14356=CARTESIAN_POINT('',(12.5,-3.9,-3.1));
#14357=CARTESIAN_POINT('',(12.5,1.,-2.6));
#14358=CARTESIAN_POINT('',(12.5,1.1,-3.1));
#14359=CARTESIAN_POINT('',(12.5,1.,-3.6));
#14360=CARTESIAN_POINT('',(12.5,1.1,-3.1));
#14361=CARTESIAN_POINT('',(12.5,1.1,-3.1));
#14362=CARTESIAN_POINT('',(12.5,1.1,-3.1));
#14363=CARTESIAN_POINT('',(12.5,-3.7,-3.4));
#14364=CARTESIAN_POINT('',(12.5,-3.841421356237,-3.541421356237));
#14365=CARTESIAN_POINT('',(12.5,-3.841421356237,-3.1));
#14366=CARTESIAN_POINT('',(12.5,-3.841421356237,-2.658578643763));
#14367=CARTESIAN_POINT('',(12.5,-3.7,-2.8));
#14368=CARTESIAN_POINT('',(12.5,-3.7,-3.1));
#14369=CARTESIAN_POINT('',(12.5,-3.841421356237,-3.1));
#14370=CARTESIAN_POINT('',(12.5,-3.7,-3.1));
#14371=CARTESIAN_POINT('',(12.5,-3.7,-3.4));
#14372=CARTESIAN_POINT('',(12.5,-3.9,-3.4));
#14373=CARTESIAN_POINT('',(12.5,-3.7,-2.8));
#14374=CARTESIAN_POINT('',(12.5,-3.9,-2.8));
#14375=CARTESIAN_POINT('',(12.5,-3.9,-3.1));
#14376=CARTESIAN_POINT('',(12.5,-3.7,-3.1));
#14377=CARTESIAN_POINT('',(12.5,-3.9,-3.1));
#14378=CARTESIAN_POINT('',(12.5,-3.9,-3.1));
#14379=CARTESIAN_POINT('',(12.5,-3.7,-3.1));
#14380=CARTESIAN_POINT('',(7.1,9.65,-4.731202463939));
#14381=CARTESIAN_POINT('',(7.1,9.65000000000029,-4.73120246393902));
#14382=CARTESIAN_POINT('',(7.1,9.65000000000029,-2.06879753605898));
#14383=CARTESIAN_POINT('',(7.5,9.65,-3.399999999999));
#14384=CARTESIAN_POINT('',(7.9,9.65,-3.399999999999));
#14385=CARTESIAN_POINT('',(7.9,9.65,-2.068797536059));
#14386=CARTESIAN_POINT('',(7.9,9.65000000000029,-2.06879753605898));
#14387=CARTESIAN_POINT('',(7.9,9.65000000000029,-4.73120246393902));
#14388=CARTESIAN_POINT('',(7.5,9.65,-3.399999999999));
#14389=CARTESIAN_POINT('',(7.9,9.65,-3.399999999999));
#14390=CARTESIAN_POINT('',(7.1,9.4699007438,-4.98944813754785));
#14391=CARTESIAN_POINT('',(7.1,9.49687660690582,-4.98098401451773));
#14392=CARTESIAN_POINT('',(7.1,9.52273242248309,-4.96765975097283));
#14393=CARTESIAN_POINT('',(7.1,9.54534358309585,-4.9506870085687));
#14394=CARTESIAN_POINT('',(7.1,9.56793704540875,-4.93372755113872));
#14395=CARTESIAN_POINT('',(7.1,9.58791178841176,-4.91267798243868));
#14396=CARTESIAN_POINT('',(7.1,9.60378736228511,-4.88931018644086));
#14397=CARTESIAN_POINT('',(7.1,9.61999162026139,-4.86545858915646));
#14398=CARTESIAN_POINT('',(7.1,9.63236282416876,-4.8385696828688));
#14399=CARTESIAN_POINT('',(7.1,9.64008408140455,-4.81078733494286));
#14400=CARTESIAN_POINT('',(7.1,9.64724250435225,-4.78503015695214));
#14401=CARTESIAN_POINT('',(7.1,9.65059070682146,-4.75792934745722));
#14402=CARTESIAN_POINT('',(7.1,9.65000000000029,-4.73120246393902));
#14403=CARTESIAN_POINT('',(7.1,9.4699007438,-4.98944813754785));
#14404=CARTESIAN_POINT('',(7.5,9.4699007438,-3.399999999999));
#14405=CARTESIAN_POINT('',(7.1,9.4699007438,-1.81055186244965));
#14406=CARTESIAN_POINT('',(7.1,9.65000000000029,-2.06879753605898));
#14407=CARTESIAN_POINT('',(7.1,9.65067328437961,-2.03833438152017));
#14408=CARTESIAN_POINT('',(7.1,9.64619867375107,-2.00733151735263));
#14409=CARTESIAN_POINT('',(7.1,9.63681591019521,-1.97834150451432));
#14410=CARTESIAN_POINT('',(7.1,9.62742448993596,-1.9493247449781));
#14411=CARTESIAN_POINT('',(7.1,9.61282975025469,-1.92150886769027));
#14412=CARTESIAN_POINT('',(7.1,9.59414080826915,-1.89740711348171));
#14413=CARTESIAN_POINT('',(7.1,9.57592220554657,-1.87391192123472));
#14414=CARTESIAN_POINT('',(7.1,9.55327462432557,-1.85327515858973));
#14415=CARTESIAN_POINT('',(7.1,9.52810339699528,-1.8374526790567));
#14416=CARTESIAN_POINT('',(7.1,9.51000851258226,-1.82607834539704));
#14417=CARTESIAN_POINT('',(7.1,9.4902933700081,-1.81695038606519));
#14418=CARTESIAN_POINT('',(7.1,9.4699007438,-1.81055186244965));
#14419=CARTESIAN_POINT('',(7.5,9.39591718884,-3.399999999999));
#14420=CARTESIAN_POINT('',(7.1,8.85,-1.74032534591));
#14421=CARTESIAN_POINT('',(7.1,8.918864738412,-1.748117367414));
#14422=CARTESIAN_POINT('',(7.1,9.056602993415,-1.763708427343));
#14423=CARTESIAN_POINT('',(7.1,9.26323662504,-1.787116851431));
#14424=CARTESIAN_POINT('',(7.1,9.4010098099,-1.802737576128));
#14425=CARTESIAN_POINT('',(7.1,9.4699007438,-1.810551862449));
#14426=CARTESIAN_POINT('',(7.1,8.85,-1.74032534591));
#14427=CARTESIAN_POINT('',(7.1,8.85,-1.74032534591));
#14428=CARTESIAN_POINT('',(7.1,8.85,-5.059674654087));
#14429=CARTESIAN_POINT('',(7.1,9.4699007438,-4.989448137548));
#14430=CARTESIAN_POINT('',(7.1,9.4010098099,-4.997262423869));
#14431=CARTESIAN_POINT('',(7.1,9.26323662504,-5.012883148567));
#14432=CARTESIAN_POINT('',(7.1,9.056602993414,-5.036291572654));
#14433=CARTESIAN_POINT('',(7.1,8.918864738411,-5.051882632584));
#14434=CARTESIAN_POINT('',(7.1,8.85,-5.059674654087));
#14435=CARTESIAN_POINT('',(7.1,9.89,4.850000000001));
#14436=CARTESIAN_POINT('',(7.9,9.65000000000029,-4.73120246393902));
#14437=CARTESIAN_POINT('',(7.9,9.65067328437961,-4.76166561847783));
#14438=CARTESIAN_POINT('',(7.9,9.64619867375107,-4.79266848264537));
#14439=CARTESIAN_POINT('',(7.9,9.63681591019521,-4.82165849548368));
#14440=CARTESIAN_POINT('',(7.9,9.62742448993596,-4.8506752550199));
#14441=CARTESIAN_POINT('',(7.9,9.61282975025469,-4.87849113230773));
#14442=CARTESIAN_POINT('',(7.9,9.59414080826915,-4.90259288651629));
#14443=CARTESIAN_POINT('',(7.9,9.57592220554657,-4.92608807876328));
#14444=CARTESIAN_POINT('',(7.9,9.55327462432557,-4.94672484140827));
#14445=CARTESIAN_POINT('',(7.9,9.52810339699528,-4.9625473209413));
#14446=CARTESIAN_POINT('',(7.9,9.51000851258232,-4.97392165460092));
#14447=CARTESIAN_POINT('',(7.9,9.49029337000803,-4.98304961393232));
#14448=CARTESIAN_POINT('',(7.9,9.4699007438,-4.98944813754785));
#14449=CARTESIAN_POINT('',(7.9,9.4699007438,-4.98944813754785));
#14450=CARTESIAN_POINT('',(7.9,9.4699007438,-1.81055186245015));
#14451=CARTESIAN_POINT('',(7.9,9.49687660690583,-1.81901598548027));
#14452=CARTESIAN_POINT('',(7.9,9.52273242248309,-1.83234024902517));
#14453=CARTESIAN_POINT('',(7.9,9.54534358309585,-1.8493129914293));
#14454=CARTESIAN_POINT('',(7.9,9.56793704540875,-1.86627244885928));
#14455=CARTESIAN_POINT('',(7.9,9.58791178841176,-1.88732201755932));
#14456=CARTESIAN_POINT('',(7.9,9.60378736228511,-1.91068981355714));
#14457=CARTESIAN_POINT('',(7.9,9.61999162026139,-1.93454141084155));
#14458=CARTESIAN_POINT('',(7.9,9.63236282416877,-1.9614303171292));
#14459=CARTESIAN_POINT('',(7.9,9.64008408140455,-1.98921266505514));
#14460=CARTESIAN_POINT('',(7.9,9.64724250435225,-2.01496984304586));
#14461=CARTESIAN_POINT('',(7.9,9.65059070682147,-2.04207065254078));
#14462=CARTESIAN_POINT('',(7.9,9.65000000000029,-2.06879753605898));
#14463=CARTESIAN_POINT('',(7.9,9.4699007438,-1.81055186245015));
#14464=CARTESIAN_POINT('',(7.5,9.4699007438,-3.399999999999));
#14465=CARTESIAN_POINT('',(7.5,9.39591718884,-3.399999999999));
#14466=CARTESIAN_POINT('',(7.9,9.4699007438,-1.81055186245));
#14467=CARTESIAN_POINT('',(7.9,9.4010098099,-1.802737576129));
#14468=CARTESIAN_POINT('',(7.9,9.26323662504,-1.787116851431));
#14469=CARTESIAN_POINT('',(7.9,9.056602993414,-1.763708427343));
#14470=CARTESIAN_POINT('',(7.9,8.918864738412,-1.748117367414));
#14471=CARTESIAN_POINT('',(7.9,8.85,-1.74032534591));
#14472=CARTESIAN_POINT('',(7.9,8.85,-1.74032534591));
#14473=CARTESIAN_POINT('',(7.9,8.85,-5.059674654087));
#14474=CARTESIAN_POINT('',(7.9,8.918864738412,-5.051882632584));
#14475=CARTESIAN_POINT('',(7.9,9.056602993415,-5.036291572654));
#14476=CARTESIAN_POINT('',(7.9,9.26323662504,-5.012883148566));
#14477=CARTESIAN_POINT('',(7.9,9.4010098099,-4.997262423869));
#14478=CARTESIAN_POINT('',(7.9,9.4699007438,-4.989448137548));
#14479=CARTESIAN_POINT('',(7.9,8.85,-5.059674654087));
#14480=CARTESIAN_POINT('',(7.9,8.85,-1.74032534591));
#14481=CARTESIAN_POINT('',(7.9,8.85,4.850000000001));
#14482=CARTESIAN_POINT('',(7.5,8.85,-3.399999999999));
#14483=CARTESIAN_POINT('',(7.5,8.85,-5.107196519859));
#14484=CARTESIAN_POINT('',(7.5,8.85,-3.399999999999));
#14485=CARTESIAN_POINT('',(7.5,8.85,-3.399999999999));
#14486=CARTESIAN_POINT('',(7.5,8.85,-1.692803581869));
#14487=CARTESIAN_POINT('',(7.5,8.85,-3.399999999999));
#14488=CARTESIAN_POINT('',(7.1,8.85,4.850000000001));
#14489=CARTESIAN_POINT('',(7.5,8.85,-1.692803581869));
#14490=CARTESIAN_POINT('',(7.5,8.85,-5.107196519859));
#14491=CARTESIAN_POINT('',(7.5,8.970884419817,-3.399999999999));
#14492=CARTESIAN_POINT('',(7.5,8.970884419817,-3.399999999999));
#14493=CARTESIAN_POINT('',(7.5,1.,-3.1));
#14494=CARTESIAN_POINT('',(7.5,1.,-3.6));
#14495=CARTESIAN_POINT('',(7.5,-3.7,-3.6));
#14496=CARTESIAN_POINT('',(7.5,-3.7,-3.6));
#14497=CARTESIAN_POINT('',(7.5,-3.7,-3.1));
#14498=CARTESIAN_POINT('',(7.5,-3.7,-2.6));
#14499=CARTESIAN_POINT('',(7.5,-3.7,-2.6));
#14500=CARTESIAN_POINT('',(7.5,1.,-2.6));
#14501=CARTESIAN_POINT('',(7.5,1.,-3.1));
#14502=CARTESIAN_POINT('',(7.5,-3.9,-3.1));
#14503=CARTESIAN_POINT('',(7.5,1.,-3.1));
#14504=CARTESIAN_POINT('',(7.5,-3.7,-3.1));
#14505=CARTESIAN_POINT('',(7.5,1.,-3.1));
#14506=CARTESIAN_POINT('',(7.5,-3.9,-3.1));
#14507=CARTESIAN_POINT('',(7.5,1.,-2.6));
#14508=CARTESIAN_POINT('',(7.5,1.1,-3.1));
#14509=CARTESIAN_POINT('',(7.5,1.,-3.6));
#14510=CARTESIAN_POINT('',(7.5,1.1,-3.1));
#14511=CARTESIAN_POINT('',(7.5,1.1,-3.1));
#14512=CARTESIAN_POINT('',(7.5,1.1,-3.1));
#14513=CARTESIAN_POINT('',(7.5,-3.7,-3.4));
#14514=CARTESIAN_POINT('',(7.5,-3.841421356237,-3.541421356237));
#14515=CARTESIAN_POINT('',(7.5,-3.841421356237,-3.1));
#14516=CARTESIAN_POINT('',(7.5,-3.841421356237,-2.658578643763));
#14517=CARTESIAN_POINT('',(7.5,-3.7,-2.8));
#14518=CARTESIAN_POINT('',(7.5,-3.7,-3.1));
#14519=CARTESIAN_POINT('',(7.5,-3.841421356237,-3.1));
#14520=CARTESIAN_POINT('',(7.5,-3.7,-3.1));
#14521=CARTESIAN_POINT('',(7.5,-3.7,-3.4));
#14522=CARTESIAN_POINT('',(7.5,-3.9,-3.4));
#14523=CARTESIAN_POINT('',(7.5,-3.7,-2.8));
#14524=CARTESIAN_POINT('',(7.5,-3.9,-2.8));
#14525=CARTESIAN_POINT('',(7.5,-3.9,-3.1));
#14526=CARTESIAN_POINT('',(7.5,-3.7,-3.1));
#14527=CARTESIAN_POINT('',(7.5,-3.9,-3.1));
#14528=CARTESIAN_POINT('',(7.5,-3.9,-3.1));
#14529=CARTESIAN_POINT('',(7.5,-3.7,-3.1));
#14530=CARTESIAN_POINT('',(2.1,9.65,-4.731202463939));
#14531=CARTESIAN_POINT('',(2.1,9.65000000000029,-4.73120246393902));
#14532=CARTESIAN_POINT('',(2.1,9.65000000000029,-2.06879753605898));
#14533=CARTESIAN_POINT('',(2.5,9.65,-3.399999999999));
#14534=CARTESIAN_POINT('',(2.9,9.65,-3.399999999999));
#14535=CARTESIAN_POINT('',(2.9,9.65,-2.068797536059));
#14536=CARTESIAN_POINT('',(2.9,9.65000000000029,-2.06879753605898));
#14537=CARTESIAN_POINT('',(2.9,9.65000000000029,-4.73120246393902));
#14538=CARTESIAN_POINT('',(2.5,9.65,-3.399999999999));
#14539=CARTESIAN_POINT('',(2.9,9.65,-3.399999999999));
#14540=CARTESIAN_POINT('',(2.1,9.4699007438,-4.98944813754785));
#14541=CARTESIAN_POINT('',(2.1,9.49687660690583,-4.98098401451773));
#14542=CARTESIAN_POINT('',(2.1,9.52273242248309,-4.96765975097283));
#14543=CARTESIAN_POINT('',(2.1,9.54534358309585,-4.95068700856869));
#14544=CARTESIAN_POINT('',(2.1,9.56793704540875,-4.93372755113872));
#14545=CARTESIAN_POINT('',(2.1,9.58791178841176,-4.91267798243868));
#14546=CARTESIAN_POINT('',(2.1,9.60378736228511,-4.88931018644086));
#14547=CARTESIAN_POINT('',(2.1,9.61999162026139,-4.86545858915645));
#14548=CARTESIAN_POINT('',(2.1,9.63236282416877,-4.8385696828688));
#14549=CARTESIAN_POINT('',(2.1,9.64008408140455,-4.81078733494286));
#14550=CARTESIAN_POINT('',(2.1,9.64724250435225,-4.78503015695213));
#14551=CARTESIAN_POINT('',(2.1,9.65059070682146,-4.75792934745721));
#14552=CARTESIAN_POINT('',(2.1,9.65000000000029,-4.73120246393902));
#14553=CARTESIAN_POINT('',(2.1,9.4699007438,-4.98944813754785));
#14554=CARTESIAN_POINT('',(2.5,9.4699007438,-3.399999999999));
#14555=CARTESIAN_POINT('',(2.1,9.4699007438,-1.81055186244965));
#14556=CARTESIAN_POINT('',(2.1,9.65000000000029,-2.06879753605898));
#14557=CARTESIAN_POINT('',(2.1,9.65067328437961,-2.03833438152017));
#14558=CARTESIAN_POINT('',(2.1,9.64619867375107,-2.00733151735263));
#14559=CARTESIAN_POINT('',(2.1,9.63681591019521,-1.97834150451432));
#14560=CARTESIAN_POINT('',(2.1,9.62742448993596,-1.9493247449781));
#14561=CARTESIAN_POINT('',(2.1,9.61282975025469,-1.92150886769027));
#14562=CARTESIAN_POINT('',(2.1,9.59414080826915,-1.89740711348171));
#14563=CARTESIAN_POINT('',(2.1,9.57592220554657,-1.87391192123472));
#14564=CARTESIAN_POINT('',(2.1,9.55327462432557,-1.85327515858973));
#14565=CARTESIAN_POINT('',(2.1,9.52810339699529,-1.8374526790567));
#14566=CARTESIAN_POINT('',(2.1,9.51000851258226,-1.82607834539704));
#14567=CARTESIAN_POINT('',(2.1,9.4902933700081,-1.81695038606519));
#14568=CARTESIAN_POINT('',(2.1,9.4699007438,-1.81055186244965));
#14569=CARTESIAN_POINT('',(2.5,9.39591718884,-3.399999999999));
#14570=CARTESIAN_POINT('',(2.1,8.85,-1.74032534591));
#14571=CARTESIAN_POINT('',(2.1,8.918864738412,-1.748117367414));
#14572=CARTESIAN_POINT('',(2.1,9.056602993415,-1.763708427343));
#14573=CARTESIAN_POINT('',(2.1,9.26323662504,-1.787116851431));
#14574=CARTESIAN_POINT('',(2.1,9.4010098099,-1.802737576128));
#14575=CARTESIAN_POINT('',(2.1,9.4699007438,-1.810551862449));
#14576=CARTESIAN_POINT('',(2.1,8.85,-1.74032534591));
#14577=CARTESIAN_POINT('',(2.1,8.85,-1.74032534591));
#14578=CARTESIAN_POINT('',(2.1,8.85,-5.059674654087));
#14579=CARTESIAN_POINT('',(2.1,9.4699007438,-4.989448137548));
#14580=CARTESIAN_POINT('',(2.1,9.4010098099,-4.997262423869));
#14581=CARTESIAN_POINT('',(2.1,9.26323662504,-5.012883148567));
#14582=CARTESIAN_POINT('',(2.1,9.056602993414,-5.036291572654));
#14583=CARTESIAN_POINT('',(2.1,8.918864738411,-5.051882632584));
#14584=CARTESIAN_POINT('',(2.1,8.85,-5.059674654087));
#14585=CARTESIAN_POINT('',(2.1,9.89,4.850000000001));
#14586=CARTESIAN_POINT('',(2.9,9.65000000000029,-4.73120246393902));
#14587=CARTESIAN_POINT('',(2.9,9.65067328437961,-4.76166561847783));
#14588=CARTESIAN_POINT('',(2.9,9.64619867375107,-4.79266848264537));
#14589=CARTESIAN_POINT('',(2.9,9.63681591019521,-4.82165849548368));
#14590=CARTESIAN_POINT('',(2.9,9.62742448993596,-4.8506752550199));
#14591=CARTESIAN_POINT('',(2.9,9.61282975025469,-4.87849113230773));
#14592=CARTESIAN_POINT('',(2.9,9.59414080826915,-4.90259288651629));
#14593=CARTESIAN_POINT('',(2.9,9.57592220554657,-4.92608807876328));
#14594=CARTESIAN_POINT('',(2.9,9.55327462432557,-4.94672484140827));
#14595=CARTESIAN_POINT('',(2.9,9.52810339699528,-4.9625473209413));
#14596=CARTESIAN_POINT('',(2.9,9.51000851258232,-4.97392165460092));
#14597=CARTESIAN_POINT('',(2.9,9.49029337000803,-4.98304961393232));
#14598=CARTESIAN_POINT('',(2.9,9.4699007438,-4.98944813754785));
#14599=CARTESIAN_POINT('',(2.9,9.4699007438,-4.98944813754785));
#14600=CARTESIAN_POINT('',(2.9,9.4699007438,-1.81055186245015));
#14601=CARTESIAN_POINT('',(2.9,9.49687660690583,-1.81901598548027));
#14602=CARTESIAN_POINT('',(2.9,9.52273242248309,-1.83234024902517));
#14603=CARTESIAN_POINT('',(2.9,9.54534358309585,-1.8493129914293));
#14604=CARTESIAN_POINT('',(2.9,9.56793704540875,-1.86627244885928));
#14605=CARTESIAN_POINT('',(2.9,9.58791178841176,-1.88732201755932));
#14606=CARTESIAN_POINT('',(2.9,9.60378736228511,-1.91068981355714));
#14607=CARTESIAN_POINT('',(2.9,9.61999162026139,-1.93454141084154));
#14608=CARTESIAN_POINT('',(2.9,9.63236282416877,-1.9614303171292));
#14609=CARTESIAN_POINT('',(2.9,9.64008408140455,-1.98921266505514));
#14610=CARTESIAN_POINT('',(2.9,9.64724250435225,-2.01496984304586));
#14611=CARTESIAN_POINT('',(2.9,9.65059070682147,-2.04207065254078));
#14612=CARTESIAN_POINT('',(2.9,9.65000000000029,-2.06879753605898));
#14613=CARTESIAN_POINT('',(2.9,9.4699007438,-1.81055186245015));
#14614=CARTESIAN_POINT('',(2.5,9.4699007438,-3.399999999999));
#14615=CARTESIAN_POINT('',(2.5,9.39591718884,-3.399999999999));
#14616=CARTESIAN_POINT('',(2.9,9.4699007438,-1.81055186245));
#14617=CARTESIAN_POINT('',(2.9,9.4010098099,-1.802737576129));
#14618=CARTESIAN_POINT('',(2.9,9.26323662504,-1.787116851431));
#14619=CARTESIAN_POINT('',(2.9,9.056602993414,-1.763708427343));
#14620=CARTESIAN_POINT('',(2.9,8.918864738412,-1.748117367414));
#14621=CARTESIAN_POINT('',(2.9,8.85,-1.74032534591));
#14622=CARTESIAN_POINT('',(2.9,8.85,-1.74032534591));
#14623=CARTESIAN_POINT('',(2.9,8.85,-5.059674654087));
#14624=CARTESIAN_POINT('',(2.9,8.918864738412,-5.051882632584));
#14625=CARTESIAN_POINT('',(2.9,9.056602993415,-5.036291572654));
#14626=CARTESIAN_POINT('',(2.9,9.26323662504,-5.012883148566));
#14627=CARTESIAN_POINT('',(2.9,9.4010098099,-4.997262423869));
#14628=CARTESIAN_POINT('',(2.9,9.4699007438,-4.989448137548));
#14629=CARTESIAN_POINT('',(2.9,8.85,-5.059674654087));
#14630=CARTESIAN_POINT('',(2.9,8.85,-1.74032534591));
#14631=CARTESIAN_POINT('',(2.9,8.85,4.850000000001));
#14632=CARTESIAN_POINT('',(2.5,8.85,-3.399999999999));
#14633=CARTESIAN_POINT('',(2.5,8.85,-5.107196519859));
#14634=CARTESIAN_POINT('',(2.5,8.85,-3.399999999999));
#14635=CARTESIAN_POINT('',(2.5,8.85,-3.399999999999));
#14636=CARTESIAN_POINT('',(2.5,8.85,-1.692803581869));
#14637=CARTESIAN_POINT('',(2.5,8.85,-3.399999999999));
#14638=CARTESIAN_POINT('',(2.1,8.85,4.850000000001));
#14639=CARTESIAN_POINT('',(2.5,8.85,-1.692803581869));
#14640=CARTESIAN_POINT('',(2.5,8.85,-5.107196519859));
#14641=CARTESIAN_POINT('',(2.5,8.970884419817,-3.399999999999));
#14642=CARTESIAN_POINT('',(2.5,8.970884419817,-3.399999999999));
#14643=CARTESIAN_POINT('',(2.5,1.,-3.1));
#14644=CARTESIAN_POINT('',(2.5,1.,-3.6));
#14645=CARTESIAN_POINT('',(2.5,-3.7,-3.6));
#14646=CARTESIAN_POINT('',(2.5,-3.7,-3.6));
#14647=CARTESIAN_POINT('',(2.5,-3.7,-3.1));
#14648=CARTESIAN_POINT('',(2.5,-3.7,-2.6));
#14649=CARTESIAN_POINT('',(2.5,-3.7,-2.6));
#14650=CARTESIAN_POINT('',(2.5,1.,-2.6));
#14651=CARTESIAN_POINT('',(2.5,1.,-3.1));
#14652=CARTESIAN_POINT('',(2.5,-3.9,-3.1));
#14653=CARTESIAN_POINT('',(2.5,1.,-3.1));
#14654=CARTESIAN_POINT('',(2.5,-3.7,-3.1));
#14655=CARTESIAN_POINT('',(2.5,1.,-3.1));
#14656=CARTESIAN_POINT('',(2.5,-3.9,-3.1));
#14657=CARTESIAN_POINT('',(2.5,1.,-2.6));
#14658=CARTESIAN_POINT('',(2.5,1.1,-3.1));
#14659=CARTESIAN_POINT('',(2.5,1.,-3.6));
#14660=CARTESIAN_POINT('',(2.5,1.1,-3.1));
#14661=CARTESIAN_POINT('',(2.5,1.1,-3.1));
#14662=CARTESIAN_POINT('',(2.5,1.1,-3.1));
#14663=CARTESIAN_POINT('',(2.5,-3.7,-3.4));
#14664=CARTESIAN_POINT('',(2.5,-3.841421356237,-3.541421356237));
#14665=CARTESIAN_POINT('',(2.5,-3.841421356237,-3.1));
#14666=CARTESIAN_POINT('',(2.5,-3.841421356237,-2.658578643763));
#14667=CARTESIAN_POINT('',(2.5,-3.7,-2.8));
#14668=CARTESIAN_POINT('',(2.5,-3.7,-3.1));
#14669=CARTESIAN_POINT('',(2.5,-3.841421356237,-3.1));
#14670=CARTESIAN_POINT('',(2.5,-3.7,-3.1));
#14671=CARTESIAN_POINT('',(2.5,-3.7,-3.4));
#14672=CARTESIAN_POINT('',(2.5,-3.9,-3.4));
#14673=CARTESIAN_POINT('',(2.5,-3.7,-2.8));
#14674=CARTESIAN_POINT('',(2.5,-3.9,-2.8));
#14675=CARTESIAN_POINT('',(2.5,-3.9,-3.1));
#14676=CARTESIAN_POINT('',(2.5,-3.7,-3.1));
#14677=CARTESIAN_POINT('',(2.5,-3.9,-3.1));
#14678=CARTESIAN_POINT('',(2.5,-3.9,-3.1));
#14679=CARTESIAN_POINT('',(2.5,-3.7,-3.1));
#14680=MECHANICAL_DESIGN_GEOMETRIC_PRESENTATION_REPRESENTATION('',(#102),
#14681);
#14681=(
GEOMETRIC_REPRESENTATION_CONTEXT(3)
GLOBAL_UNCERTAINTY_ASSIGNED_CONTEXT((#14682))
GLOBAL_UNIT_ASSIGNED_CONTEXT((#14688,#14684,#14683))
REPRESENTATION_CONTEXT('DG301-5','TOP_LEVEL_ASSEMBLY_PART')
);
#14682=UNCERTAINTY_MEASURE_WITH_UNIT(LENGTH_MEASURE(0.0508),#14688,
'DISTANCE_ACCURACY_VALUE','Maximum Tolerance applied to model');
#14683=(
NAMED_UNIT(*)
SI_UNIT($,.STERADIAN.)
SOLID_ANGLE_UNIT()
);
#14684=(
CONVERSION_BASED_UNIT('DEGREE',#14686)
NAMED_UNIT(#14685)
PLANE_ANGLE_UNIT()
);
#14685=DIMENSIONAL_EXPONENTS(0.,0.,0.,0.,0.,0.,0.);
#14686=PLANE_ANGLE_MEASURE_WITH_UNIT(PLANE_ANGLE_MEASURE(0.0174532925),
#14687);
#14687=(
NAMED_UNIT(*)
PLANE_ANGLE_UNIT()
SI_UNIT($,.RADIAN.)
);
#14688=(
LENGTH_UNIT()
NAMED_UNIT(*)
SI_UNIT(.MILLI.,.METRE.)
);
ENDSEC;
END-ISO-10303-21;
